signal_id,first_seen,ticker,name,market,index,sector,kind,grade,status_at_signal,confirmed,stage,trend_score,stage2_readiness,stage4_readiness,mansfield_rs,sector_rs,rs_vs_sector,group_factor,regime,close_at_signal,trigger,stop,t1,t2,risk_pct,t1_r,signal_age_weeks,event_status,days_to_event,event_near_signal,rebalance_status,liquidity_status,adv_gbp,last_seen,weeks_tracked,last_close,high_since,low_since,triggered,triggered_on,stopped,stopped_on,hit_t1,hit_t1_on,r_peak,r_now,outcome,exc_4w,exc_13w,exc_26w
A@2026-08-17,2026-08-17,A,Agilent Technologies,US,SP500,Health Care,stage2_breakout,D,late,False,Stage 2,65.8,31.8,4.9,10.2455,-6.1583,21.001,0.88,Bull,159.0,152.5579,134.251,192.338,226.0164,12.0,2.17,0,event_ahead,9.0,False,,ok,202815921.3459651,2026-09-21,5.0,172.79,174.77,141.25,True,2026-08-17,False,,False,,1.21,1.11,open,-1.6,,
AMP@2026-08-10,2026-08-17,AMP,Ameriprise Financial,US,SP500,Financials,stage2_breakout,D,late,False,Stage 2,56.7,51.8,5.4,5.573,-0.5291,6.2017,1.0,Bull,555.5900268554688,579.1848,509.6827,916.096,1190.9248,12.0,4.85,1,clear,73.0,False,,ok,210839430.8760489,2026-09-21,5.0,493.0,571.18,477.91,False,,False,,False,,,,watching,-2.05,,
AME@2026-08-03,2026-08-17,AME,Ametek,US,SP500,Industrials,stage2_breakout,D,live,False,Stage 2 to 3,15.0,31.0,25.2,1.2656,46.2778,-31.2764,0.88,Bull,239.5500030517578,264.0955,232.404,315.3104,358.6306,12.0,1.62,2,event_driven,73.0,True,,ok,198989991.5219914,2026-09-21,5.0,250.74,256.7059,229.2659,False,,False,,False,,,,watching,-0.65,,
AMGN@2026-08-17,2026-08-17,AMGN,Amgen,US,SP500,Health Care,stage2_breakout,D,late,False,Stage 2,79.6,26.9,5.7,19.4161,-6.1583,30.7164,0.88,Bull,439.3299865722656,424.7837,373.8097,523.4196,606.6837,12.0,1.94,0,clear,78.0,False,,ok,651679164.3251858,2026-09-21,5.0,414.61,447.03,374.46,True,2026-08-17,False,,False,,0.44,-0.2,open,-13.03,,
APTV@2026-08-03,2026-08-17,APTV,Aptiv,US,SP500,Consumer Discretionary,stage4_breakdown,C,late,True,Stage 4,-82.1,2.0,65.6,-38.4683,-2.7296,-31.9812,0.88,Bull,48.27999877929688,44.7116,50.077,18.464,1.154,12.0,4.89,2,event_driven,73.0,True,,ok,125442166.74187748,2026-09-21,5.0,44.79,50.51,42.99,True,2026-08-31,False,,False,,0.32,-0.01,open,10.22,,
ADP@2026-08-17,2026-08-17,ADP,Automatic Data Processing,US,SP500,Industrials,stage2_breakout,D,late,False,Stage 2,59.2,33.3,3.2,5.1237,46.2778,-29.3068,0.88,Bull,280.8099975585937,284.255,250.1444,374.4368,449.5142,12.0,2.64,0,clear,72.0,False,,ok,459888138.3303366,2026-09-21,5.0,263.67,286.1685,261.31,True,2026-08-24,False,,False,,0.06,-0.6,open,-2.84,,
BDX@2026-08-17,2026-08-17,BDX,Becton Dickinson,US,SP500,Health Care,stage2_breakout,D,late,False,Stage 2,72.4,33.5,3.6,13.2758,-6.1583,24.2839,0.88,Bull,192.0,187.8277,165.2883,230.53,266.698,12.0,1.89,0,clear,80.0,False,,ok,274855573.59610975,2026-09-21,5.0,183.82,191.9381,175.2,True,2026-08-17,False,,False,,0.18,-0.18,open,-5.34,,
BMY@2026-07-27,2026-08-17,BMY,Bristol Myers Squibb,US,SP500,Health Care,stage2_breakout,D,late,False,Stage 2,70.1,45.7,5.8,13.5584,-6.1583,24.2134,0.88,Bull,67.01000213623047,68.9317,60.6599,83.7882,96.3387,12.0,1.8,3,event_driven,73.0,True,,ok,440765538.5755711,2026-09-21,5.0,62.86,68.64,60.6,False,,False,,False,,,,watching,-6.08,,
CHRW@2026-07-27,2026-08-17,CHRW,C.H. Robinson,US,SP500,Industrials,stage4_breakdown,D,late,False,Stage 4,-68.7,2.3,52.7,-21.053,46.2778,-46.6268,0.88,Bull,141.6300048828125,139.3467,156.0683,75.99,22.254,12.0,3.79,3,event_driven,72.0,True,,ok,200250322.3781867,2026-09-21,5.0,147.1,158.07,140.6334,False,,False,,False,,,,watching,-8.15,,
SCHW@2026-08-17,2026-08-17,SCHW,Charles Schwab Corporation,US,SP500,Financials,stage2_breakout,D,late,False,Stage 2,63.7,48.4,8.6,7.2254,-0.5291,7.8531,1.0,Bull,112.3000030517578,112.3937,98.9064,138.6441,160.6154,12.0,1.95,0,clear,59.0,False,,ok,628907827.9091318,2026-09-21,5.0,99.03,114.53,98.06,True,2026-08-17,True,2026-09-21,False,,0.16,-0.99,stopped out,-6.48,,
CMS@2026-08-17,2026-08-17,CMS,CMS Energy,US,SP500,Utilities,stage4_breakdown,D,live,False,Stage 3 to 4,-55.5,13.8,49.5,-14.0353,1.0772,-14.9296,0.88,Bull,68.2699966430664,67.4771,75.5744,57.4755,48.8247,12.0,1.24,0,clear,73.0,False,,ok,159657893.94497463,2026-09-21,5.0,62.95,72.44,62.38,True,2026-08-31,False,,False,,0.63,0.56,open,4.39,,
COP@2026-08-17,2026-08-17,COP,ConocoPhillips,US,SP500,Energy,stage2_breakout,D,late,False,Stage 2,78.7,41.0,6.5,17.0228,-2.178,,1.0,Bull,134.8699951171875,135.945,119.6316,175.0167,207.8508,12.0,2.4,0,clear,80.0,False,,ok,638820130.7836596,2026-09-21,5.0,127.3,141.62,124.47,True,2026-08-31,False,,False,,0.35,-0.53,open,-2.28,,
CPAY@2026-08-10,2026-08-17,CPAY,Corpay,US,SP500,Financials,stage2_breakout,D,late,False,Stage 2,77.3,55.0,3.7,17.6295,-0.5291,18.2184,1.0,Bull,417.1300048828125,432.2571,380.3863,570.74,686.572,12.0,2.67,1,event_driven,79.0,True,,ok,133076443.97978844,2026-09-21,5.0,398.11,427.46,388.19,False,,False,,False,,,,watching,-4.75,,
CTVA@2026-07-20,2026-08-17,CTVA,Corteva,US,SP500,Materials,stage2_breakout,D,live,False,Stage 1 to 2,4.4,26.0,27.8,0.448,-6.1583,10.0424,0.88,Bull,81.79000091552734,92.125,81.07,113.8307,132.1192,12.0,1.96,4,clear,78.0,False,,ok,225559235.1156684,2026-09-21,5.0,78.52,90.87,75.3045,False,,False,,False,,,,watching,-1.34,,
CRH@2026-07-27,2026-08-17,CRH,CRH plc,US,SP500,Materials,stage4_breakdown,C,late,True,Stage 4,-74.2,4.5,87.1,-22.9249,-6.1583,-15.1906,0.7,Bull,95.06999969482422,91.9161,102.946,59.0779,31.3448,12.0,2.98,3,event_driven,73.0,True,,ok,374320228.79583466,2026-09-21,5.0,85.04,98.19,83.48,True,2026-08-31,False,,False,,0.76,0.62,open,9.85,,
DRI@2026-08-10,2026-08-17,DRI,Darden Restaurants,US,SP500,Consumer Discretionary,stage2_breakout,D,live,False,Stage 2,50.9,57.0,11.9,3.2326,-2.7296,13.1959,1.0,Bull,221.6000061035156,232.8837,204.9376,330.3994,410.9109,12.0,3.49,1,clear,38.0,False,,ok,169928255.59690952,2026-09-21,5.0,199.75,227.64,198.06,False,,False,,False,,,,watching,-5.72,,
DELL@2026-08-10,2026-08-17,DELL,Dell Technologies,US,SP500,Information Technology,stage2_breakout,D,late,False,Stage 2,59.6,13.3,11.2,88.511,15.886,67.1875,1.15,Bull,442.0799865722656,528.2453,464.8559,822.4,1069.12,12.0,4.64,1,event_ahead,15.0,False,,ok,1551808394.536613,2026-08-31,2.0,524.14,534.99,421.89,True,2026-08-31,True,2026-08-31,False,,0.11,-0.06,stopped out,,,
DXCM@2026-08-17,2026-08-17,DXCM,Dexcom,US,SP500,Health Care,stage2_breakout,D,late,False,Stage 2,76.2,20.8,1.2,21.3796,-6.1583,32.9755,0.88,Bull,92.33999633789062,93.4663,82.2503,142.1092,182.2286,12.0,4.34,0,clear,73.0,False,,ok,261036675.76183453,2026-09-21,5.0,86.62,92.59,82.29,False,,False,,False,,,,watching,-3.29,,
ETN@2026-08-03,2026-08-17,ETN,Eaton Corporation,US,SP500,Industrials,stage2_breakout,D,live,False,Stage 2,38.6,28.3,13.3,2.3857,46.2778,-30.5687,0.88,Bull,419.2000122070313,486.5724,428.1838,631.2169,753.7904,12.0,2.48,2,event_driven,78.0,True,,ok,666701986.1970767,2026-09-21,5.0,439.98,458.96,384.77,False,,False,,False,,,,watching,1.32,,
ECHO@2026-07-27,2026-08-17,ECHO,EchoStar,US,SP500,Communication Services,stage4_breakdown,C,late,True,Stage 4,-73.2,5.9,85.2,-20.7781,-6.1583,-13.2806,0.7,Bull,86.80999755859375,79.5389,89.0835,32.992,2.062,12.0,4.88,3,clear,80.0,False,,ok,434434414.36900365,2026-09-21,5.0,90.11,96.46,84.26,False,,False,,False,,,,watching,-7.38,,
EOG@2026-08-17,2026-08-17,EOG,EOG Resources,US,SP500,Energy,stage2_breakout,D,late,False,Stage 2,68.7,38.8,5.7,14.4369,-2.178,,1.0,Bull,153.0500030517578,151.9123,133.6828,195.7659,232.7068,12.0,2.41,0,clear,80.0,False,,ok,357486260.8261911,2026-09-21,5.0,140.35,154.16,138.06,True,2026-08-17,False,,False,,0.12,-0.63,open,-5.94,,
EXPE@2026-08-10,2026-08-17,EXPE,Expedia Group,US,SP500,Consumer Discretionary,stage2_breakout,D,late,False,Stage 2,68.4,37.7,10.9,18.5191,-2.7296,29.786,1.0,Bull,321.1670227050781,339.0922,298.4011,504.0822,641.1397,12.0,4.05,1,event_driven,80.0,True,,ok,285817806.3105501,2026-08-31,2.0,298.04,342.0,295.71,True,2026-08-24,True,2026-08-31,False,,0.07,-1.01,stopped out,,,
FAST@2026-08-03,2026-08-17,FAST,Fastenal,US,SP500,Industrials,stage2_breakout,D,live,False,Stage 2,62.9,50.5,5.1,4.454,46.2778,-29.2652,0.88,Bull,51.2599983215332,53.5746,47.1457,65.2473,75.1091,12.0,1.82,2,clear,58.0,False,,ok,233605607.4641865,2026-09-21,5.0,50.43,52.15,47.65,False,,False,,False,,,,watching,-4.49,,
FCX@2026-08-17,2026-08-17,FCX,Freeport-McMoRan,US,SP500,Materials,stage2_breakout,D,late,False,Stage 2,72.5,26.4,6.6,26.6673,-6.1583,38.1978,0.88,Bull,76.66000366210938,73.8014,64.9453,93.6543,110.8937,12.0,2.24,0,clear,66.0,False,,ok,689388305.1051264,2026-09-21,5.0,72.31,80.24,65.71,True,2026-08-17,False,,False,,0.73,-0.17,open,-6.91,,
GRMN@2026-08-03,2026-08-17,GRMN,Garmin,US,SP500,Consumer Discretionary,stage2_breakout,D,late,False,Stage 2,84.2,37.9,4.4,15.1632,-2.7296,26.1397,1.0,Bull,294.8500061035156,318.6162,280.3822,432.5726,527.2066,12.0,2.98,2,event_driven,72.0,True,,ok,138004372.18980083,2026-09-21,5.0,294.14,309.1529,266.9762,False,,False,,False,,,,watching,-6.93,,
GEN@2026-08-03,2026-08-17,GEN,Gen Digital,US,SP500,Information Technology,stage2_breakout,D,late,False,Stage 2,60.7,50.7,2.3,5.7786,15.886,-9.2899,0.88,Bull,28.93000030517578,30.2432,26.614,41.8702,51.5752,12.0,3.2,2,event_driven,80.0,True,,ok,101476538.532676,2026-09-21,5.0,21.62,31.65,21.36,True,2026-08-24,True,2026-09-21,False,,0.39,-2.38,stopped out,0.28,,
GD@2026-07-20,2026-08-17,GD,General Dynamics,US,SP500,Industrials,stage2_breakout,D,live,False,Stage 2,20.2,42.2,27.4,1.1126,46.2778,-31.6046,0.88,Bull,384.2900085449219,404.1471,355.6495,494.5742,570.2336,12.0,1.86,4,clear,72.0,False,,ok,298492871.8402089,2026-09-21,5.0,336.72,396.92,335.0,False,,False,,False,,,,watching,-8.48,,
GM@2026-07-27,2026-08-17,GM,General Motors,US,SP500,Consumer Discretionary,stage2_breakout,D,live,False,Stage 2,48.4,53.4,17.7,6.7694,-2.7296,16.8043,1.0,Bull,87.93000030517578,93.1643,81.9846,116.7412,136.6541,12.0,2.11,3,event_driven,64.0,True,,ok,399461947.3737546,2026-09-21,5.0,82.63,88.1776,80.04,False,,False,,False,,,,watching,-6.53,,
GPN@2026-08-10,2026-08-17,GPN,Global Payments,US,SP500,Financials,stage2_breakout,D,late,False,Stage 2,70.5,49.9,0.7,11.3013,-0.5291,12.0046,1.0,Bull,93.48999786376952,97.3058,85.6291,130.0,157.536,12.0,2.8,1,event_driven,78.0,True,,ok,182255584.2025407,2026-09-21,5.0,86.49,95.6093,83.14,False,,False,,False,,,,watching,-9.17,,
HPQ@2026-08-10,2026-08-17,HPQ,HP Inc.,US,SP500,Information Technology,stage2_breakout,D,late,False,Stage 2,78.7,38.9,1.0,16.9265,15.886,0.6396,1.15,Bull,29.709999084472656,32.7934,28.8582,47.8897,60.4494,12.0,3.84,1,event_ahead,9.0,False,,ok,271306549.7135762,2026-09-21,5.0,31.3,36.23,26.4727,True,2026-09-07,False,,False,,0.87,-0.38,open,15.62,,
ISRG@2026-07-20,2026-08-17,ISRG,Intuitive Surgical,US,SP500,Health Care,stage4_breakdown,C,late,True,Stage 4,-55.6,7.9,43.9,-27.0747,-6.1583,-19.5621,0.7,Bull,378.80999755859375,320.4941,358.9534,131.428,8.2143,12.0,4.92,4,event_driven,64.0,True,,ok,683293235.0408398,2026-09-21,5.0,405.18,406.39,345.25,False,,False,,False,,,,watching,-3.76,,
IVZ@2026-08-10,2026-08-17,IVZ,Invesco,US,SP500,Financials,stage2_breakout,D,late,False,Stage 2,63.4,44.2,6.2,14.3876,-0.5291,14.922,1.0,Bull,32.02000045776367,33.1618,29.1824,44.671,54.2797,12.0,2.89,1,clear,71.0,False,,ok,96632094.0217607,2026-09-21,5.0,30.92,33.66,29.56,True,2026-08-24,False,,False,,0.13,-0.56,open,-4.77,,
IQV@2026-08-17,2026-08-17,IQV,IQVIA,US,SP500,Health Care,stage2_breakout,D,late,False,Stage 2,65.4,7.0,14.3,18.8753,-6.1583,30.4405,0.88,Bull,259.82000732421875,255.9103,225.2011,366.8469,459.2365,12.0,3.61,0,clear,78.0,False,,ok,193146975.482821,2026-09-21,5.0,270.37,277.4,233.76,True,2026-08-17,False,,False,,0.7,0.47,open,2.51,,
JCI@2026-08-03,2026-08-17,JCI,Johnson Controls,US,SP500,Industrials,stage2_breakout,D,live,False,Stage 2,18.4,33.4,25.0,2.0449,46.2778,-30.6549,0.88,Bull,143.0500030517578,159.4133,140.2837,201.8278,237.6421,12.0,2.22,2,event_driven,79.0,True,,ok,372301677.40180135,2026-09-21,5.0,150.2,155.3551,135.4109,False,,False,,False,,,,watching,0.16,,
JPM@2026-07-20,2026-08-17,JPM,JPMorgan Chase,US,SP500,Financials,stage2_breakout,D,live,False,Stage 2,33.0,53.6,17.3,3.0976,-0.5291,3.6606,1.0,Bull,351.5799865722656,370.2393,325.8106,456.5664,528.6195,12.0,1.94,4,event_driven,57.0,True,,ok,1941854751.2307296,2026-09-21,5.0,343.06,365.75,335.28,False,,False,,False,,,,watching,-0.54,,
LH@2026-08-03,2026-08-17,LH,Labcorp,US,SP500,Health Care,stage2_breakout,D,late,False,Stage 2,78.3,26.9,3.2,12.777,-6.1583,23.7477,0.88,Bull,336.3399963378906,329.705,290.1404,403.2512,465.3881,12.0,1.86,2,event_driven,78.0,True,,ok,110604708.836996,2026-09-21,5.0,309.64,341.8,303.13,True,2026-08-17,False,,False,,0.31,-0.51,open,-4.54,,
LII@2026-08-17,2026-08-17,LII,Lennox International,US,SP500,Industrials,stage4_breakdown,C,late,True,Stage 4,-71.1,0.2,57.7,-27.5851,46.2778,-51.3271,0.88,Bull,402.8699951171875,400.6181,448.6923,235.55,94.862,12.0,3.43,0,clear,72.0,False,,ok,146457264.8951252,2026-09-21,5.0,373.77,425.56,350.22,True,2026-08-24,False,,False,,1.05,0.56,open,11.47,,
NTAP@2026-08-10,2026-08-17,NTAP,NetApp,US,SP500,Information Technology,stage2_breakout,D,late,False,Stage 2,87.3,31.8,4.5,41.4842,15.886,22.8382,1.15,Bull,192.2700042724609,212.6756,187.1545,325.1897,418.0934,12.0,4.41,1,event_ahead,16.0,False,,ok,240972170.83527908,2026-09-21,5.0,201.145,207.96,161.0,False,,False,,False,,,,watching,2.83,,
NDSN@2026-08-17,2026-08-17,NDSN,Nordson Corporation,US,SP500,Industrials,stage2_breakout,D,late,False,Stage 2,76.8,32.2,6.8,14.7312,46.2778,-22.01,0.88,Bull,332.239990234375,319.505,281.1644,378.2272,428.265,12.0,1.53,0,event_driven_and_ahead,2.0,True,,ok,70246546.43889971,2026-09-21,5.0,325.77,338.1046,302.013,True,2026-08-17,False,,False,,0.49,0.16,open,-6.12,,
NSC@2026-07-20,2026-08-17,NSC,Norfolk Southern,US,SP500,Industrials,stage2_breakout,D,late,False,Stage 2,49.3,44.0,8.6,6.8043,46.2778,-27.6786,0.88,Bull,350.7200012207031,360.8554,317.5527,440.0718,506.3801,12.0,1.83,4,event_driven,66.0,True,,ok,271765140.1813672,2026-09-21,5.0,313.0,355.99,308.44,False,,False,,False,,,,watching,-11.01,,
NRG@2026-08-03,2026-08-17,NRG,NRG Energy,US,SP500,Utilities,stage4_breakdown,C,late,True,Stage 4,-72.3,3.9,58.3,-32.0067,1.0772,-32.5765,0.88,Bull,113.11000061035156,108.6799,121.7215,45.0,2.8125,12.0,4.88,2,event_driven,80.0,True,,ok,244674150.41253632,2026-09-21,5.0,100.37,127.53,97.5,True,2026-08-31,False,,False,,0.86,0.64,open,8.72,,
OMC@2026-08-10,2026-08-17,OMC,Omnicom Group,US,SP500,Communication Services,stage2_breakout,D,late,False,Stage 2,55.3,64.8,12.7,4.6839,-6.1583,14.8745,0.88,Bull,87.54000091552734,89.9321,79.1402,112.12,130.9759,12.0,2.06,1,clear,64.0,False,,ok,222625333.4439917,2026-09-21,5.0,76.15,88.6583,73.97,False,,False,,False,,,,watching,-12.37,,
OKE@2026-08-10,2026-08-17,OKE,Oneok,US,SP500,Energy,stage2_breakout,D,live,False,Stage 2,47.0,51.9,18.0,7.555,-2.178,,1.0,Bull,93.33000183105467,96.4984,84.9186,119.0936,138.3286,12.0,1.95,1,event_driven,71.0,True,,ok,252278651.60129413,2026-09-21,5.0,88.63,99.85,87.74,True,2026-08-17,False,,False,,0.29,-0.68,open,0.14,,
PCAR@2026-07-20,2026-08-17,PCAR,Paccar,US,SP500,Industrials,stage2_breakout,D,live,False,Stage 2,34.9,41.2,13.5,5.3966,46.2778,-28.4401,0.88,Bull,131.02999877929688,140.501,123.6409,171.2566,197.164,12.0,1.82,4,clear,71.0,False,,ok,253576782.09894943,2026-09-21,5.0,111.31,132.43,110.17,False,,False,,False,,,,watching,-12.13,,
PKG@2026-07-20,2026-08-17,PKG,Packaging Corporation of America,US,SP500,Materials,stage2_breakout,D,live,False,Stage 2,41.4,47.8,10.5,5.9812,-6.1583,16.1049,0.88,Bull,252.7899932861328,263.2966,231.701,320.0327,368.0748,12.0,1.8,4,event_driven,65.0,True,,ok,112895550.4091808,2026-09-21,5.0,237.18,253.9564,223.881,False,,False,,False,,,,watching,-7.61,,
PH@2026-08-03,2026-08-17,PH,Parker Hannifin,US,SP500,Industrials,stage2_breakout,D,live,False,Stage 2,23.4,32.8,23.7,2.4617,46.2778,-30.4998,0.88,Bull,1001.739990234375,1114.3341,980.614,1384.8699,1612.8138,12.0,2.02,2,event_driven,80.0,True,,ok,436308620.5217314,2026-09-21,5.0,978.33,1062.2706,911.41,False,,False,,False,,,,watching,-5.78,,
PAYX@2026-07-27,2026-08-17,PAYX,Paychex,US,SP500,Industrials,stage2_breakout,D,late,False,Stage 2,66.6,48.1,0.5,7.0339,46.2778,-27.9695,0.88,Bull,124.4800033569336,127.6204,112.306,168.3045,202.2281,12.0,2.66,3,clear,43.0,False,,ok,233817656.3783601,2026-09-21,5.0,101.37,127.98,100.32,True,2026-08-24,True,2026-09-21,False,,0.02,-1.71,stopped out,-6.93,,
PYPL@2026-08-10,2026-08-17,PYPL,PayPal,US,SP500,Financials,stage2_breakout,D,late,False,Stage 2,47.6,50.3,5.2,2.4931,-0.5291,3.2283,1.0,Bull,61.54999923706055,63.2618,55.6704,86.4021,105.6757,12.0,3.05,1,clear,71.0,False,,ok,509250343.1085211,2026-09-21,5.0,55.04,62.5754,50.802,False,,False,,False,,,,watching,-15.83,,
PFE@2026-08-17,2026-08-17,PFE,Pfizer,US,SP500,Health Care,stage2_breakout,D,live,False,Stage 2,51.2,39.8,12.1,2.8976,-6.1583,12.9302,0.88,Bull,28.06999969482422,28.1061,24.7334,32.3798,36.0462,12.0,1.27,0,clear,78.0,False,,ok,708048710.0023628,2026-09-21,5.0,28.67,29.21,26.55,True,2026-08-17,False,,False,,0.33,0.17,open,-1.47,,
PRU@2026-07-27,2026-08-17,PRU,Prudential Financial,US,SP500,Financials,stage2_breakout,D,late,False,Stage 2,42.7,42.2,11.3,5.5232,-0.5291,6.1149,1.0,Bull,119.76734924316406,127.6023,112.29,162.9049,192.2189,12.0,2.31,3,clear,72.0,False,,ok,141822128.88721734,2026-09-21,5.0,119.45,124.8882,115.32,False,,False,,False,,,,watching,-1.15,,
PEG@2026-08-17,2026-08-17,PEG,Public Service Enterprise Group,US,SP500,Utilities,stage4_breakdown,C,live,True,Stage 3 to 4,-63.0,14.6,52.2,-17.0832,1.0772,-17.9341,0.88,Bull,72.61000061035156,73.3544,82.1569,62.2178,52.6321,12.0,1.27,0,clear,77.0,False,,ok,160242910.73903084,2026-09-21,5.0,67.02,75.9285,66.15,True,2026-08-17,False,,False,,0.82,0.72,open,3.08,,
DGX@2026-07-20,2026-08-17,DGX,Quest Diagnostics,US,SP500,Health Care,stage2_breakout,C,late,True,Stage 2,76.7,27.7,5.4,15.116,-6.1583,26.0796,0.88,Bull,244.38999938964844,243.1404,213.9635,302.0352,351.5594,12.0,2.02,4,event_driven,64.0,True,,ok,117832930.74165936,2026-09-21,5.0,236.32,248.84,227.24,True,2026-08-17,False,,False,,0.2,-0.23,open,0.84,,
RJF@2026-07-27,2026-08-17,RJF,Raymond James Financial,US,SP500,Financials,stage2_breakout,D,failed,False,Stage 2,24.6,56.7,16.3,-0.0163,-0.5291,0.5887,1.0,Bull,175.1999969482422,184.8973,162.7096,227.1331,262.6555,12.0,1.9,3,event_driven,72.0,True,,ok,147751334.0640965,2026-09-21,5.0,159.87,181.83,155.5,False,,False,,False,,,,watching,-6.15,,
RTX@2026-08-03,2026-08-17,RTX,RTX Corporation,US,SP500,Industrials,stage2_breakout,D,live,False,Stage 2,29.3,34.6,23.0,3.6901,46.2778,-29.66,0.88,Bull,209.9100036621093,229.6651,202.1053,284.2515,330.1488,12.0,1.98,2,clear,64.0,False,,ok,721250369.3043674,2026-09-21,5.0,189.4,226.41,187.04,False,,False,,False,,,,watching,-7.88,,
REGN@2026-08-17,2026-08-17,REGN,Regeneron Pharmaceuticals,US,SP500,Health Care,stage2_breakout,D,late,False,Stage 2,61.6,17.2,15.7,8.9584,-6.1583,19.5893,0.88,Bull,834.0399780273438,826.6673,727.4672,1081.9473,1295.6264,12.0,2.57,0,clear,72.0,False,,ok,404745301.3913768,2026-09-21,5.0,788.04,859.34,769.57,True,2026-08-17,False,,False,,0.33,-0.39,open,-6.08,,
RVTY@2026-08-17,2026-08-17,RVTY,Revvity,US,SP500,Health Care,stage2_breakout,D,late,False,Stage 2,69.1,19.1,10.9,15.6637,-6.1583,26.576,0.88,Bull,124.75,120.4759,106.0188,159.7998,192.9677,12.0,2.72,0,clear,70.0,False,,ok,87902580.54426941,2026-09-21,5.0,151.11,152.26,113.69,True,2026-08-17,False,,False,,2.2,2.12,open,13.97,,
SJM@2026-07-27,2026-08-17,SJM,J.M. Smucker Company (The),US,SP500,Consumer Staples,stage2_breakout,D,late,False,Stage 2,69.2,48.4,2.1,9.0335,-6.5652,16.3234,0.88,Bull,124.31999969482422,128.1385,112.7619,166.4588,198.454,12.0,2.49,3,event_ahead,9.0,False,,ok,122642942.0106986,2026-09-21,5.0,121.0,135.89,117.53,True,2026-08-24,False,,False,,0.5,-0.46,open,-1.11,,
TPR@2026-08-03,2026-08-17,TPR,"Tapestry, Inc.",US,SP500,Consumer Discretionary,stage2_breakout,D,failed,False,Stage 4,-54.1,10.6,61.8,-9.3919,-2.7296,-0.825,0.88,Bull,130.1699981689453,167.8529,147.7106,205.9754,238.9158,12.0,1.89,2,clear,80.0,False,,ok,226626386.9302633,2026-09-21,5.0,113.88,134.8389,109.79,False,,False,,False,,,,watching,-12.01,,
TSLA@2026-07-20,2026-08-17,TSLA,"Tesla, Inc.",US,SP500,Consumer Discretionary,stage4_breakdown,C,live,True,Stage 4,-41.1,12.3,37.8,-18.351,-2.7296,-10.2065,0.88,Bull,362.8599853515625,288.2306,322.8182,141.36,16.544,12.0,4.25,4,event_driven,65.0,True,,ok,14815041105.991049,2026-09-21,5.0,372.11,386.83,331.12,False,,False,,False,,,,watching,-0.39,,
TXT@2026-08-17,2026-08-17,TXT,Textron,US,SP500,Industrials,stage4_breakdown,C,live,True,Stage 3 to 4,-63.7,4.3,50.8,-14.7273,46.2778,-42.4141,0.88,Bull,82.94999694824219,82.9178,92.8679,67.041,53.247,12.0,1.6,0,clear,66.0,False,,ok,87752331.28911656,2026-09-21,5.0,76.59,89.1375,75.86,True,2026-08-17,False,,False,,0.71,0.64,open,3.98,,
TJX@2026-08-17,2026-08-17,TJX,TJX Companies,US,SP500,Consumer Discretionary,stage4_breakdown,C,live,True,Stage 3 to 4,-62.0,13.0,61.2,-15.4591,-2.7296,-7.2313,0.88,Bull,140.52999877929688,142.5019,159.6022,119.5112,99.5295,12.0,1.34,0,event_driven_and_ahead,2.0,True,,ok,579088982.5374073,2026-09-21,5.0,130.06,153.43,122.78,True,2026-08-17,False,,False,,1.15,0.73,open,9.93,,
UBER@2026-07-20,2026-08-17,UBER,Uber,US,SP500,Industrials,stage4_breakdown,D,failed,True,Stage 4 to 1,-6.5,15.3,20.9,-11.081,46.2778,-40.4432,0.88,Bull,78.80000305175781,63.957,71.6319,45.21,29.05,12.0,2.44,4,clear,78.0,False,,ok,913589543.5686784,2026-09-21,5.0,69.62,82.365,68.55,False,,False,,False,,,,watching,11.13,,
UNP@2026-07-20,2026-08-17,UNP,Union Pacific Corporation,US,SP500,Industrials,stage2_breakout,D,late,False,Stage 2,57.6,39.8,10.7,13.2372,46.2778,-23.0811,0.88,Bull,308.04998779296875,319.4147,281.0849,414.2747,492.9024,12.0,2.47,4,event_driven,66.0,True,,ok,523268212.2937109,2026-09-21,5.0,273.79,312.6988,268.26,False,,False,,False,,,,watching,-9.31,,
VTR@2026-07-20,2026-08-17,VTR,Ventas,US,SP500,Real Estate,stage2_breakout,D,live,False,Stage 2,35.5,32.2,16.5,5.2779,-5.5469,11.1155,0.88,Bull,93.05999755859376,102.8977,90.55,128.4499,149.9298,12.0,2.07,4,clear,72.0,False,,ok,217358175.82038885,2026-09-21,5.0,86.59,94.5,85.62,False,,False,,False,,,,watching,-7.09,,
WAB@2026-07-20,2026-08-17,WAB,Wabtec,US,SP500,Industrials,stage2_breakout,C,late,True,Stage 2,53.6,42.1,11.9,14.0612,46.2778,-22.2925,0.88,Bull,297.57000732421875,310.0745,272.8656,388.574,454.3742,12.0,2.11,4,event_driven,65.0,True,,ok,163463839.41568774,2026-09-21,5.0,288.0,304.36,273.01,False,,False,,False,,,,watching,-6.0,,
WMT@2026-08-17,2026-08-17,WMT,Walmart,US,SP500,Consumer Staples,stage4_breakdown,C,late,True,Stage 4,-64.7,3.7,67.1,-17.6646,-6.5652,-12.2725,0.7,Bull,103.6999969482422,104.7698,117.3421,78.2327,55.5909,12.0,2.11,0,event_driven_and_ahead,3.0,True,,ok,1738839697.96296,2026-09-21,5.0,107.98,116.87,102.15,True,2026-08-17,False,,False,,0.21,-0.26,open,-2.88,,
WBD@2026-07-20,2026-08-17,WBD,Warner Bros. Discovery,US,SP500,Communication Services,stage4_breakdown,D,failed,False,Stage 1 to 2,28.0,52.8,26.5,3.2199,-6.1583,12.9248,0.88,Bull,28.549999237060547,24.9764,27.9736,21.3,18.14,12.0,1.23,4,clear,80.0,False,,ok,429495275.5801178,2026-09-21,5.0,30.86,30.92,27.73,False,,False,,False,,,,watching,2.66,,
WAT@2026-08-10,2026-08-17,WAT,Waters Corporation,US,SP500,Health Care,stage2_breakout,D,late,False,Stage 2,56.1,23.0,15.4,6.5925,-6.1583,16.7521,0.88,Bull,410.7000122070313,426.7936,375.5783,610.6308,762.9274,12.0,3.59,1,event_driven,74.0,True,,ok,224151595.78230345,2026-09-21,5.0,433.54,436.34,392.95,True,2026-09-14,False,,False,,0.19,0.13,open,2.63,,
ZBRA@2026-08-03,2026-08-17,ZBRA,Zebra Technologies,US,SP500,Information Technology,stage2_breakout,D,late,False,Stage 2,78.8,40.5,1.1,28.2382,15.886,10.2403,1.15,Bull,368.510009765625,393.02,345.8576,573.41,723.154,12.0,3.82,2,event_driven,78.0,True,,ok,142650419.49761897,2026-09-21,5.0,370.04,378.12,336.4,False,,False,,False,,,,watching,-6.12,,
ACM@2026-08-10,2026-08-17,ACM,AECOM,US,SP400,Industrials,stage4_breakdown,C,late,True,Stage 4,-77.3,3.5,43.1,-37.9878,46.2778,-58.7984,0.88,Bull,64.79000091552734,58.8397,65.9005,24.14,1.5087,12.0,4.91,1,event_driven,92.0,True,,ok,75343124.53949337,2026-09-21,5.0,60.89,70.5,58.42,True,2026-09-21,False,,False,,0.06,-0.29,open,4.42,,
AGCO@2026-07-27,2026-08-17,AGCO,AGCO,US,SP400,Industrials,stage4_breakdown,D,live,False,Stage 3 to 4,-60.8,9.2,48.1,-13.4863,46.2778,-41.6074,0.88,Bull,106.80999755859376,96.5272,108.1104,54.4202,18.9964,12.0,3.64,3,event_driven,74.0,True,,ok,57885376.65166924,2026-09-21,5.0,118.02,135.17,98.22,False,,False,,False,,,,watching,-11.47,,
AVNT@2026-08-03,2026-08-17,AVNT,Avient,US,SP400,Materials,stage2_breakout,D,late,False,Stage 2,75.6,43.7,3.3,15.7852,-6.1583,26.777,0.88,Bull,44.65999984741211,47.4543,41.7598,61.9654,74.2257,12.0,2.55,2,event_driven,84.0,True,,ok,19152858.358075816,2026-09-21,5.0,41.28,45.7862,39.72,False,,False,,False,,,,watching,-9.46,,
AVT@2026-08-03,2026-08-17,AVT,Avnet,US,SP400,Information Technology,stage2_breakout,D,late,False,Stage 2,58.6,33.4,13.4,24.147,15.886,7.7279,1.15,Bull,88.63999938964844,101.7016,89.4974,151.4525,192.6144,12.0,4.08,2,event_driven,72.0,True,,ok,68027696.6544096,2026-09-21,5.0,103.075,104.58,85.1776,True,2026-09-21,False,,False,,0.24,0.11,open,8.5,,
AVTR@2026-07-27,2026-08-17,AVTR,Avantor,US,SP400,Health Care,stage2_breakout,D,late,False,Stage 2,71.1,36.4,0.9,21.5136,-6.1583,33.5844,0.88,Bull,14.460000038146973,14.8948,13.1074,21.975,27.859,12.0,3.96,3,event_driven,72.0,True,,ok,60215664.10778849,2026-09-21,5.0,15.25,16.05,13.325,True,2026-08-31,False,,False,,0.65,0.2,open,7.07,,
AXTA@2026-08-03,2026-08-17,AXTA,Axalta,US,SP400,Materials,stage2_breakout,D,late,False,Stage 2,59.9,55.1,8.6,5.9414,-6.1583,16.0507,0.88,Bull,36.20000076293945,39.195,34.4916,52.283,63.2214,12.0,2.78,2,event_driven,72.0,True,,ok,47921592.92832835,2026-09-21,5.0,32.89,37.32,31.84,False,,False,,False,,,,watching,-11.71,,
BIO@2026-08-17,2026-08-17,BIO,Bio-Rad Laboratories,US,SP400,Health Care,stage2_breakout,D,late,False,Stage 2,71.4,21.1,3.6,16.2854,-6.1583,27.5715,0.88,Bull,380.0299987792969,371.0893,326.5586,562.3385,720.2092,12.0,4.29,0,clear,73.0,False,,ok,65218170.73573125,2026-09-21,5.0,381.0,396.23,351.8,True,2026-08-17,False,,False,,0.56,0.22,open,-0.96,,
BMRN@2026-08-10,2026-08-17,BMRN,BioMarin Pharmaceutical,US,SP400,Health Care,stage2_breakout,D,late,False,Stage 2,63.8,46.6,5.8,6.8017,-6.1583,17.1761,0.88,Bull,66.69999694824219,71.9864,63.348,92.7,110.076,12.0,2.4,1,event_driven,70.0,True,,ok,76957400.49530642,2026-09-21,5.0,60.26,69.62,60.17,False,,False,,False,,,,watching,-4.23,,
BURL@2026-07-27,2026-08-17,BURL,Burlington Stores,US,SP400,Consumer Discretionary,stage2_breakout,D,failed,False,Stage 1 to 2,-14.1,28.7,35.2,-2.1968,-2.7296,7.0853,1.0,Bull,326.5,384.4879,338.3493,476.66,555.324,12.0,2.0,3,event_ahead,10.0,False,,ok,171571275.69886217,2026-09-21,5.0,254.69,347.51,226.85,False,,False,,False,,,,watching,-31.99,,
BWXT@2026-08-17,2026-08-17,BWXT,BWX Technologies,US,SP400,Industrials,stage4_breakdown,C,late,True,Stage 4,-71.1,3.2,57.3,-25.4597,46.2778,-49.7372,0.88,Bull,156.77999877929688,152.62,170.9344,72.5889,5.1778,12.0,4.37,0,clear,77.0,False,,ok,143033641.01359835,2026-09-21,5.0,138.47,174.6,136.5,True,2026-08-24,False,,False,,0.88,0.77,open,6.09,,
CNM@2026-07-20,2026-08-17,CNM,Core & Main,US,SP400,Industrials,stage4_breakdown,C,live,True,Stage 4,-51.8,11.9,36.3,-20.1854,46.2778,-46.3904,0.88,Bull,44.880001068115234,41.0549,45.9815,24.09,9.862,12.0,3.44,4,event_ahead,23.0,False,,ok,73833028.0264361,2026-09-21,5.0,42.64,46.22,40.03,True,2026-09-07,False,,False,,0.21,-0.32,open,5.19,,
CPRI@2026-07-20,2026-08-17,CPRI,Capri Holdings,US,SP400,Consumer Discretionary,stage4_breakdown,C,late,True,Stage 4,-82.8,1.3,55.4,-39.3965,-2.7296,-33.1865,0.88,Bull,13.649999618530272,14.3121,16.0296,5.912,0.3695,12.0,4.89,4,clear,78.0,False,,ok,38655923.52034439,2026-09-21,5.0,15.1,16.2,12.4,True,2026-08-17,True,2026-09-21,False,,1.11,-0.46,stopped out,-7.75,,
CRBG@2026-08-10,2026-08-17,CRBG,Corebridge Financial,US,SP400,Financials,stage2_breakout,D,failed,False,Stage 2,24.4,41.9,5.5,-0.108,-0.5291,0.5214,1.0,Bull,31.950000762939453,35.3216,31.083,47.7233,58.0539,12.0,2.93,1,event_driven,77.0,True,,ok,87815760.62580916,2026-09-21,5.0,34.87,35.64,31.3943,True,2026-09-14,False,,False,,0.08,-0.11,open,9.29,,
CRUS@2026-08-17,2026-08-17,CRUS,Cirrus Logic,US,SP400,Information Technology,stage4_breakdown,D,late,False,Stage 4,-63.9,3.7,54.4,-22.9839,15.886,-33.9062,0.88,Bull,115.33000183105467,116.9376,130.9701,59.28,10.824,12.0,4.11,0,clear,78.0,False,,ok,66754504.92096293,2026-09-21,5.0,119.92,124.75,106.26,True,2026-08-17,False,,False,,0.76,-0.21,open,-2.98,,
CTRE@2026-07-20,2026-08-17,CTRE,CareTrust REIT,US,SP400,Real Estate,stage2_breakout,D,failed,False,Stage 3 to 4,-19.3,25.6,35.5,-3.2875,-5.5469,2.1824,0.88,Bull,39.58000183105469,44.2019,38.8977,52.3582,59.3488,12.0,1.54,4,clear,84.0,False,,ok,64214083.59062908,2026-09-21,5.0,37.41,40.27,36.851,False,,False,,False,,,,watching,-5.29,,
DAR@2026-08-10,2026-08-17,DAR,Darling Ingredients,US,SP400,Consumer Staples,stage2_breakout,D,late,False,Stage 2,61.7,39.1,14.4,25.487,-6.5652,32.2481,0.88,Bull,65.73999786376953,68.8808,60.6151,96.51,119.574,12.0,3.34,1,clear,73.0,False,,ok,105781674.726565,2026-08-24,1.0,64.32,69.98,58.96,True,2026-08-17,True,2026-08-24,False,,0.13,-0.55,stopped out,,,
DBX@2026-08-03,2026-08-17,DBX,Dropbox,US,SP400,Information Technology,stage2_breakout,D,late,False,Stage 2,75.3,29.4,2.8,12.4127,15.886,-3.535,0.88,Bull,34.470001220703125,36.8852,32.459,50.905,62.589,12.0,3.17,2,event_driven,80.0,True,,ok,72156948.30813411,2026-09-21,5.0,32.32,38.17,32.205,True,2026-09-14,True,2026-09-21,False,,0.29,-1.03,stopped out,5.67,,
DT@2026-08-03,2026-08-17,DT,Dynatrace,US,SP400,Information Technology,stage2_breakout,D,late,False,Stage 2,59.7,37.8,1.8,4.7111,15.886,-10.1984,0.88,Bull,49.29999923706055,54.2774,47.7641,74.935,92.255,12.0,3.17,2,event_driven,79.0,True,,ok,159580635.6793441,2026-09-21,5.0,57.95,59.41,46.79,True,2026-08-24,False,,False,,0.79,0.56,open,11.2,,
EHC@2026-08-03,2026-08-17,EHC,Encompass Health,US,SP400,Health Care,stage2_breakout,D,failed,False,Stage 2,36.6,46.3,4.5,-0.3259,-6.1583,9.5553,0.88,Bull,120.30999755859376,129.301,113.7848,162.5863,190.6553,12.0,2.15,2,event_driven,72.0,True,,ok,66259586.132202886,2026-09-21,5.0,123.47,125.08,118.77,False,,False,,False,,,,watching,1.19,,
ELF@2026-08-17,2026-08-17,ELF,e.l.f. Beauty,US,SP400,Consumer Staples,stage2_breakout,D,late,False,Stage 2,62.3,20.6,1.8,7.3987,-6.5652,16.4922,0.88,Bull,101.94000244140624,101.9609,89.7256,150.16,190.696,12.0,3.94,0,clear,79.0,False,,ok,131455642.61083785,2026-08-17,0.0,101.94,102.22,89.38,True,2026-08-17,True,2026-08-17,False,,0.02,-0.0,stopped out,,,
EPR@2026-07-20,2026-08-17,EPR,EPR Properties,US,SP400,Real Estate,stage2_breakout,D,live,False,Stage 2,25.5,33.4,27.7,1.8571,-5.5469,7.6787,0.88,Bull,60.34999847412109,65.637,57.7606,82.8831,97.2136,12.0,2.19,4,clear,72.0,False,,ok,29061924.06652928,2026-09-21,5.0,56.83,61.2296,56.1,False,,False,,False,,,,watching,-5.68,,
EQH@2026-08-10,2026-08-17,EQH,Equitable Holdings,US,SP400,Financials,stage2_breakout,D,failed,False,Stage 2,20.5,39.6,7.1,-0.9701,-0.5291,-0.3335,0.88,Bull,48.900001525878906,54.1064,47.6136,71.9203,86.8006,12.0,2.74,1,event_driven,78.0,True,,ok,107414519.45760408,2026-09-21,5.0,53.84,55.06,48.576,True,2026-09-14,False,,False,,0.15,-0.04,open,9.83,,
ESAB@2026-08-17,2026-08-17,ESAB,ESAB,US,SP400,Industrials,stage4_breakdown,C,late,True,Stage 4,-69.9,4.2,42.7,-30.5316,46.2778,-53.4879,0.88,Bull,81.4000015258789,79.7218,89.2884,32.8319,2.052,12.0,4.9,0,clear,73.0,False,,ok,46296271.33710086,2026-09-21,5.0,71.91,84.62,64.83,True,2026-08-17,False,,False,,1.56,0.82,open,22.59,,
EWBC@2026-08-10,2026-08-17,EWBC,East West Bancorp,US,SP400,Financials,stage2_breakout,D,live,False,Stage 2,34.2,50.6,21.0,3.9427,-0.5291,4.445,1.0,Bull,129.97000122070312,138.8252,122.1662,173.6208,202.6695,12.0,2.09,1,clear,64.0,False,,ok,75915258.51757605,2026-09-21,5.0,127.23,137.47,124.09,False,,False,,False,,,,watching,-2.37,,
FAF@2026-07-20,2026-08-17,FAF,First American Financial Corporation,US,SP400,Financials,stage2_breakout,D,live,False,Stage 2,16.3,35.1,25.7,0.6094,-0.5291,1.1231,1.0,Bull,71.76000213623047,80.8901,71.1833,104.0012,123.3062,12.0,2.38,4,event_driven,65.0,True,,ok,40744845.659574345,2026-09-21,5.0,66.27,76.9,65.14,False,,False,,False,,,,watching,-3.07,,
FLR@2026-08-03,2026-08-17,FLR,Fluor,US,SP400,Industrials,stage2_breakout,D,live,False,Stage 2,26.0,32.8,19.5,2.6394,46.2778,-30.4243,0.88,Bull,52.41999816894531,59.1571,52.0583,91.2181,117.8485,12.0,4.52,2,event_driven,81.0,True,,ok,93723346.44024192,2026-09-21,5.0,50.38,58.35,50.07,False,,False,,False,,,,watching,4.62,,
FTI@2026-08-10,2026-08-17,FTI,TechnipFMC,US,SP400,Energy,stage2_breakout,D,late,False,Stage 2,54.0,50.1,16.8,22.8693,-2.178,,1.0,Bull,77.44999694824219,80.4911,70.8321,107.0083,129.2707,12.0,2.75,1,clear,66.0,False,,ok,202389937.82672524,2026-09-14,4.0,72.02,80.7,70.51,True,2026-08-17,True,2026-09-14,False,,0.02,-0.88,stopped out,-7.27,,
GEF@2026-08-03,2026-08-17,GEF,"Greif, Inc.",US,SP400,Materials,stage2_breakout,D,late,False,Stage 2,77.7,34.3,4.9,18.6422,-6.1583,29.805,0.88,Bull,87.91000366210938,91.7654,80.7536,121.1208,145.5615,12.0,2.67,2,event_driven,72.0,True,,ok,10449740.122421471,2026-09-21,5.0,82.66,88.4237,79.57,False,,False,,False,,,,watching,-5.35,,
GME@2026-08-17,2026-08-17,GME,GameStop,US,SP400,Consumer Discretionary,stage4_breakdown,C,late,True,Stage 4,-68.8,7.7,65.9,-26.75,-2.7296,-19.3857,0.88,Bull,18.209999084472656,17.9275,20.0788,7.332,0.4582,12.0,4.93,0,event_ahead,22.0,False,,ok,82353656.54043292,2026-09-07,3.0,21.15,21.36,17.79,True,2026-08-17,True,2026-09-07,False,,0.06,-1.5,stopped out,,,
HAE@2026-08-17,2026-08-17,HAE,Haemonetics,US,SP400,Health Care,stage2_breakout,D,late,False,Stage 2,73.3,18.9,5.7,47.6035,-6.1583,61.1806,0.88,Bull,108.8000030517578,94.0589,82.7718,146.1923,189.3462,12.0,4.62,0,clear,80.0,False,,ok,38526921.58605435,2026-09-21,5.0,105.3,110.45,89.06,True,2026-08-17,False,,False,,1.45,1.0,open,-0.37,,
HALO@2026-08-17,2026-08-17,HALO,Halozyme,US,SP400,Health Care,stage2_breakout,D,late,False,Stage 2,80.6,16.6,5.7,36.9573,-6.1583,49.9402,0.88,Bull,108.16999816894533,106.4526,93.6783,148.23,182.99,12.0,3.27,0,clear,77.0,False,,ok,84972472.03673203,2026-09-21,5.0,113.9,116.85,98.58,True,2026-08-17,False,,False,,0.81,0.58,open,3.88,,
HLI@2026-07-27,2026-08-17,HLI,Houlihan Lokey,US,SP400,Financials,stage4_breakdown,C,live,True,Stage 4,-77.0,3.0,45.4,-28.1992,-0.5291,-27.6776,0.88,Bull,129.0500030517578,110.0148,123.2166,45.132,2.8208,12.0,4.91,3,event_driven,73.0,True,,ok,68183150.40224597,2026-09-21,5.0,129.07,141.08,123.3587,False,,False,,False,,,,watching,-1.68,,
HQY@2026-07-27,2026-08-17,HQY,HealthEquity,US,SP400,Health Care,stage2_breakout,D,late,False,Stage 2,66.0,55.8,2.4,6.6921,-6.1583,17.0832,0.88,Bull,105.41000366210938,109.2659,96.154,142.48,170.368,12.0,2.53,3,event_ahead,10.0,False,,ok,55470691.61180816,2026-09-21,5.0,88.25,106.28,87.27,False,,False,,False,,,,watching,-10.25,,
HRB@2026-08-10,2026-08-17,HRB,H&R Block,US,SP400,Consumer Discretionary,stage2_breakout,D,late,False,Stage 2,71.7,23.6,0.7,21.1927,-2.7296,33.1731,1.0,Bull,53.68000030517578,59.6651,52.5053,89.8579,114.8083,12.0,4.22,1,event_driven,80.0,True,,ok,55961227.86092384,2026-09-21,5.0,42.19,54.2459,41.23,False,,False,,False,,,,watching,-18.41,,
HXL@2026-07-20,2026-08-17,HXL,Hexcel,US,SP400,Industrials,stage2_breakout,D,live,False,Stage 2,22.6,28.7,30.3,4.0474,46.2778,-29.1248,0.88,Bull,93.86000061035156,113.284,99.6899,147.1024,175.5479,12.0,2.49,4,clear,65.0,False,,ok,68764663.80725749,2026-09-21,5.0,85.8,104.6,84.27,False,,False,,False,,,,watching,-6.28,,
JLL@2026-08-17,2026-08-17,JLL,Jones Lang LaSalle,US,SP400,Real Estate,stage2_breakout,D,late,False,Stage 2,65.0,15.0,10.8,10.2823,-5.5469,16.712,0.88,Bull,387.3699951171875,381.8032,335.9868,509.4177,616.3838,12.0,2.79,0,clear,79.0,False,,ok,88050138.11088398,2026-09-14,4.0,336.38,393.84,332.47,True,2026-08-17,True,2026-09-14,False,,0.26,-0.99,stopped out,-14.11,,
KNF@2026-08-03,2026-08-17,KNF,Knife River Corporation,US,SP400,Materials,stage4_breakdown,C,late,True,Stage 4,-67.8,1.9,82.7,-21.9196,-6.1583,-14.2696,0.7,Bull,66.16999816894531,62.9745,70.5315,26.0,1.625,12.0,4.89,2,event_driven,78.0,True,,ok,30678838.231292136,2026-09-21,5.0,54.58,68.005,50.665,True,2026-08-31,False,,False,,1.63,1.11,open,19.51,,
LAD@2026-07-27,2026-08-17,LAD,Lithia Motors,US,SP400,Consumer Discretionary,stage2_breakout,C,late,True,Stage 2,64.7,28.6,2.1,9.1715,-2.7296,19.7325,1.0,Bull,370.7300109863281,445.5629,392.0954,638.4779,798.3232,12.0,3.61,3,event_driven,65.0,True,,ok,66640080.01856735,2026-09-21,5.0,316.42,388.44,302.18,False,,False,,False,,,,watching,-15.89,,
MTG@2026-07-27,2026-08-17,MTG,MGIC Investment Corporation,US,SP400,Financials,stage2_breakout,D,late,False,Stage 2,46.6,64.2,9.7,3.036,-0.5291,3.636,1.0,Bull,30.89999961853028,32.0362,28.1919,40.2523,47.0823,12.0,2.14,3,event_driven,72.0,True,,ok,35150082.37041304,2026-09-21,5.0,28.48,31.62,28.12,False,,False,,False,,,,watching,-3.99,,
NTNX@2026-08-10,2026-08-17,NTNX,Nutanix,US,SP400,Information Technology,stage2_breakout,D,late,False,Stage 2,76.6,43.2,0.0,15.2,15.886,-0.9809,0.88,Bull,67.63999938964844,69.9903,61.5915,103.59,131.422,12.0,4.0,1,event_ahead,9.0,False,,ok,115210269.65208589,2026-09-21,5.0,68.03,74.42,64.74,True,2026-08-24,False,,False,,0.53,-0.23,open,3.14,,
OHI@2026-07-20,2026-08-17,OHI,Omega Healthcare Investors,US,SP400,Real Estate,stage2_breakout,D,failed,False,Stage 3 to 4,-16.2,24.3,35.5,-3.3001,-5.5469,2.1869,0.88,Bull,46.61000061035156,52.2698,45.9974,62.9597,71.9783,12.0,1.7,4,clear,73.0,False,,ok,68073324.64284416,2026-09-21,5.0,46.28,48.0,45.24,False,,False,,False,,,,watching,0.11,,
OLN@2026-07-27,2026-08-17,OLN,Olin Corporation,US,SP400,Materials,stage4_breakdown,C,late,True,Stage 4,-69.6,1.3,85.0,-27.7278,-6.1583,-20.4953,0.7,Bull,18.1899528503418,16.9018,18.93,7.011,0.4382,12.0,4.88,3,event_driven,73.0,True,,ok,45558816.51982428,2026-09-21,5.0,16.4,19.0995,16.09,True,2026-08-31,False,,False,,0.4,0.25,open,7.71,,
ORA@2026-07-27,2026-08-17,ORA,Ormat Technologies,US,SP400,Utilities,stage4_breakdown,C,live,True,Stage 4,-36.6,14.9,39.7,-11.7835,1.0772,-12.8079,0.88,Bull,108.37999725341795,90.6443,101.5216,39.7464,2.3247,12.0,4.68,3,clear,79.0,False,,ok,70423912.20629892,2026-09-21,5.0,93.63,115.18,90.62,True,2026-09-14,False,,False,,0.0,-0.27,open,10.74,,
OVV@2026-07-20,2026-08-17,OVV,Ovintiv,US,SP400,Energy,stage2_breakout,D,late,False,Stage 2,71.0,29.4,7.6,25.6031,-2.178,,1.0,Bull,66.81999969482422,65.6956,57.8121,90.3189,110.8861,12.0,3.12,4,event_driven,79.0,True,,ok,154063511.1007027,2026-09-21,5.0,60.13,67.41,58.59,True,2026-08-17,False,,False,,0.22,-0.71,open,-6.43,,
P@2026-08-10,2026-08-17,P,Everpure,US,SP400,Information Technology,stage2_breakout,D,late,False,Stage 2,74.4,25.6,4.5,28.5587,15.886,10.5255,1.15,Bull,108.5500030517578,121.6698,107.0694,190.096,247.1248,12.0,4.69,1,event_ahead,9.0,False,,ok,143049149.65496606,2026-09-21,5.0,126.0,131.41,89.645,True,2026-09-21,True,2026-09-21,False,,0.67,0.3,stopped out,-4.15,,
PBF@2026-07-27,2026-08-17,PBF,PBF Energy,US,SP400,Energy,stage2_breakout,D,late,False,Stage 2,86.5,34.1,6.5,70.4226,-2.178,,1.0,Bull,73.52999877929688,76.4045,67.236,119.216,154.9808,12.0,4.67,3,event_driven,73.0,True,,ok,105415276.074124,2026-09-21,5.0,73.69,82.61,63.95,True,2026-08-31,False,,False,,0.68,-0.3,open,4.86,,
PK@2026-08-17,2026-08-17,PK,Park Hotels & Resorts,US,SP400,Real Estate,stage2_breakout,D,late,False,Stage 2,74.9,17.4,6.7,25.8198,-5.5469,32.7765,0.88,Bull,15.779999732971191,15.701,13.8169,21.2004,25.7768,12.0,2.92,0,clear,80.0,False,,ok,37311844.24506525,2026-09-21,5.0,15.43,16.2,14.62,True,2026-08-17,False,,False,,0.26,-0.14,open,-5.14,,
PR@2026-08-17,2026-08-17,PR,Permian Resources,US,SP400,Energy,stage2_breakout,D,late,False,Stage 2,82.3,36.1,6.5,28.4449,-2.178,,1.0,Bull,23.75,22.8653,20.1215,31.0182,37.8463,12.0,2.97,0,clear,79.0,False,,ok,156279413.64140967,2026-09-21,5.0,21.36,24.645,21.27,True,2026-08-17,False,,False,,0.65,-0.55,open,-3.6,,
QLYS@2026-08-03,2026-08-17,QLYS,Qualys,US,SP400,Information Technology,stage2_breakout,D,late,False,Stage 2,74.1,28.4,2.8,33.3191,15.886,14.5817,1.15,Bull,181.97999572753903,205.6741,180.9932,322.464,419.2032,12.0,4.73,2,event_driven,78.0,True,,ok,61711650.20823953,2026-09-21,5.0,172.43,190.99,149.13,False,,False,,False,,,,watching,-3.93,,
RBA@2026-08-10,2026-08-17,RBA,RB Global,US,SP400,Industrials,stage4_breakdown,C,late,True,Stage 4,-70.7,1.1,68.2,-24.3799,46.2778,-49.1325,0.88,Bull,86.67841339111328,81.3744,91.1393,48.0124,19.8129,12.0,3.42,1,event_driven,80.0,True,,ok,80918582.81127575,2026-09-21,5.0,82.49,88.3419,79.75,True,2026-09-07,False,,False,,0.17,-0.11,open,4.1,,
SAIC@2026-08-17,2026-08-17,SAIC,Science Applications Intl Corp,US,SP400,Industrials,stage2_breakout,D,late,False,Stage 2,70.0,33.1,1.8,14.9394,46.2778,-22.0949,0.88,Bull,128.0399932861328,130.0979,114.4862,193.7661,246.3789,12.0,4.08,0,event_ahead,14.0,False,,ok,36823183.30381385,2026-09-21,5.0,132.61,142.66,122.7,True,2026-08-24,False,,False,,0.8,0.16,open,3.94,,
SBRA@2026-07-20,2026-08-17,SBRA,Sabra Health Care REIT,US,SP400,Real Estate,stage2_breakout,D,failed,False,Stage 2 to 3,-3.1,26.7,27.7,-1.3887,-5.5469,4.2509,0.88,Bull,20.38999938964844,22.7324,20.0045,27.8217,32.1342,12.0,1.87,4,clear,79.0,False,,ok,35612487.61160683,2026-09-21,5.0,19.85,21.19,19.59,False,,False,,False,,,,watching,-3.24,,
SEIC@2026-07-27,2026-08-17,SEIC,SEI Investments Company,US,SP400,Financials,stage2_breakout,D,late,False,Stage 2,80.5,33.0,3.3,16.1585,-0.5291,16.7525,1.0,Bull,109.52999877929688,108.1675,95.1874,139.3566,165.2419,12.0,2.4,3,event_driven,65.0,True,,ok,46031988.261520006,2026-09-21,5.0,105.65,112.15,101.47,True,2026-08-17,False,,False,,0.31,-0.19,open,-4.03,,
SON@2026-07-20,2026-08-17,SON,Sonoco,US,SP400,Materials,stage2_breakout,D,late,False,Stage 2,58.9,45.8,7.9,12.8325,-6.1583,23.4774,0.88,Bull,59.47999954223633,60.9903,53.6715,74.728,86.4261,12.0,1.88,4,event_driven,73.0,True,,ok,41568734.655008,2026-09-21,5.0,50.06,59.75,47.59,False,,False,,False,,,,watching,-19.71,,
SSB@2026-08-10,2026-08-17,SSB,South State Bank,US,SP400,Financials,stage2_breakout,D,live,False,Stage 2,26.6,53.0,14.1,1.1644,-0.5291,1.7586,1.0,Bull,106.86000061035156,113.024,99.4611,137.1677,157.4699,12.0,1.78,1,clear,65.0,False,,ok,58263960.50372325,2026-09-21,5.0,102.46,112.2,101.57,False,,False,,False,,,,watching,-3.25,,
STWD@2026-07-27,2026-08-17,STWD,Starwood Property Trust,US,SP400,Financials,stage4_breakdown,C,live,True,Stage 4,-46.4,15.4,53.6,-12.3039,-0.5291,-11.7809,0.88,Bull,16.3799991607666,15.3495,17.1915,10.4076,6.3257,12.0,2.68,3,clear,84.0,False,,ok,40954379.36960491,2026-09-21,5.0,14.36,16.71,14.26,True,2026-09-14,False,,False,,0.59,0.54,open,9.2,,
TWLO@2026-08-03,2026-08-17,TWLO,Twilio,US,SP400,Information Technology,stage2_breakout,D,late,False,Stage 2,80.3,19.0,5.5,39.3608,15.886,21.1365,1.15,Bull,225.3000030517578,264.4707,232.7342,411.706,534.3884,12.0,4.64,2,event_driven,73.0,True,,ok,278834946.90543234,2026-09-21,5.0,275.8,304.75,215.79,True,2026-09-21,False,,False,,1.27,0.36,open,7.91,,
UNM@2026-08-10,2026-08-17,UNM,Unum,US,SP400,Financials,stage2_breakout,D,live,False,Stage 2,30.9,40.8,24.0,2.2394,-0.5291,2.7278,1.0,Bull,87.7699966430664,95.6955,84.212,120.8891,141.9604,12.0,2.19,1,clear,78.0,False,,ok,82578623.08111751,2026-09-21,5.0,92.09,96.77,86.54,True,2026-08-31,False,,False,,0.09,-0.31,open,8.12,,
VFC@2026-07-27,2026-08-17,VFC,VF Corporation,US,SP400,Consumer Discretionary,stage4_breakdown,C,late,True,Stage 4,-73.6,1.7,80.5,-22.7531,-2.7296,-15.21,0.88,Bull,14.369999885559082,13.8634,15.527,5.712,0.357,12.0,4.9,3,event_driven,70.0,True,,ok,78742280.31325412,2026-09-21,5.0,14.15,15.2132,12.46,True,2026-08-17,False,,False,,0.84,-0.17,open,10.95,,
WLK@2026-07-27,2026-08-17,WLK,Westlake Corporation,US,SP400,Materials,stage4_breakdown,D,late,False,Stage 3 to 4,-40.9,6.9,51.8,-15.6196,-6.1583,-7.1802,0.7,Bull,78.37999725341797,66.1334,74.0694,27.2011,1.7001,12.0,4.91,3,clear,73.0,False,,ok,76541265.43022284,2026-09-21,5.0,67.71,80.0185,65.66,True,2026-09-21,False,,False,,0.06,-0.2,open,12.64,,
WSO@2026-07-27,2026-08-17,WSO,Watsco,US,SP400,Industrials,stage4_breakdown,D,late,False,Stage 4,-69.2,1.6,71.4,-23.6161,46.2778,-48.5289,0.88,Bull,311.94000244140625,293.1874,328.3699,146.2315,22.6888,12.0,4.18,3,event_driven,72.0,True,,ok,102762039.61332934,2026-09-21,5.0,317.23,329.58,295.75,False,,False,,False,,,,watching,0.05,,
AAUC@2026-07-27,2026-08-17,AAUC,Allied Gold Corporation Common Shares,US,USALL,Materials,stage4_breakdown,C,late,True,Stage 4,-43.1,5.8,52.4,-11.0375,-6.1583,-2.4783,0.7,Bull,23.57999992370605,16.3233,18.282,6.772,0.4233,12.0,4.88,3,clear,79.0,False,,ok,11331417.186123705,2026-09-21,5.0,22.29,24.44,20.695,False,,False,,False,,,,watching,2.88,,
ACIC@2026-08-17,2026-08-17,ACIC,American Coastal Insurance Corporation - Common Stock,US,USALL,Financials,stage4_breakdown,C,late,True,Stage 4,-70.4,2.8,54.2,-24.1586,-0.5291,-23.726,0.88,Bull,9.18000030517578,9.5187,10.661,3.888,0.243,12.0,4.93,0,clear,79.0,False,,ok,1894441.193336726,2026-09-21,5.0,9.4,9.95,9.03,True,2026-08-17,False,,False,,0.43,0.1,open,0.0,,
AFRI@2026-08-03,2026-08-17,AFRI,Forafric Global PLC - Ordinary Shares,US,USALL,Consumer Staples,stage2_breakout,D,live,False,Stage 1 to 2,37.2,21.4,15.7,2.8443,-6.5652,9.4612,0.88,Bull,11.149999618530272,11.9471,10.5135,15.6085,18.6952,12.0,2.55,2,unknown,,,,thin,99048.85068383216,2026-09-21,5.0,10.97,11.913,10.492,False,,False,,False,,,,watching,0.0,,
AIRI@2026-08-17,2026-08-17,AIRI,Air Industries Group Common Stock,US,USALL,Industrials,stage4_breakdown,C,late,True,Stage 4,-75.4,6.9,49.9,-27.3676,46.2778,-51.1857,0.88,Bull,2.450000047683716,2.457,2.7518,1.004,0.0627,12.0,4.93,0,clear,,False,,thin,81293.4685676296,2026-09-21,5.0,2.6,2.75,2.3,True,2026-08-17,False,,False,,0.53,-0.49,open,-4.0,,
AIV@2026-07-20,2026-08-17,AIV,Apartment Investment and Management Company Common Stock,US,USALL,Real Estate,stage4_breakdown,C,live,True,Stage 4,-62.0,7.3,71.5,-18.2457,-5.5469,-13.3881,0.7,Bull,2.619999885559082,2.5484,2.8542,1.036,0.0647,12.0,4.95,4,clear,80.0,False,,ok,2789723.2752323016,2026-09-21,5.0,2.18,2.65,2.12,True,2026-08-24,False,,False,,1.4,1.2,open,18.38,,
ALRM@2026-08-03,2026-08-17,ALRM,"Alarm.com Holdings, Inc. - Common Stock",US,USALL,Information Technology,stage2_breakout,D,late,False,Stage 2,60.9,55.4,4.6,5.3377,15.886,-9.8188,0.88,Bull,57.5099983215332,58.7713,51.7187,74.33,87.466,12.0,2.21,2,event_driven,80.0,True,,ok,15978367.963435745,2026-09-21,5.0,53.38,58.145,52.12,False,,False,,False,,,,watching,-6.37,,
AMCX@2026-08-03,2026-08-17,AMCX,AMC Global Media Inc. - Class A Common Stock,US,USALL,Communication Services,stage2_breakout,D,late,False,Stage 2,76.1,31.0,5.7,29.6916,-6.1583,41.5254,0.88,Bull,12.390000343322754,12.7945,11.2592,19.9662,25.9231,12.0,4.67,2,event_driven,81.0,True,,ok,3031590.607451547,2026-09-07,3.0,12.17,12.93,11.17,True,2026-08-24,True,2026-09-07,False,,0.09,-0.41,stopped out,,,
AMLX@2026-08-17,2026-08-17,AMLX,"Amylyx Pharmaceuticals, Inc. - Common Stock",US,USALL,Health Care,stage2_breakout,D,late,False,Stage 2,79.6,16.7,5.7,132.9692,-6.1583,153.7626,0.88,Bull,38.65999984741211,25.4755,22.4184,36.76,46.488,12.0,3.69,0,clear,80.0,False,,ok,14702124.0568681,2026-08-17,0.0,38.66,41.14,21.28,True,2026-08-17,True,2026-08-17,True,2026-08-17,5.12,4.31,stopped out,,,
AMSF@2026-08-17,2026-08-17,AMSF,"AMERISAFE, Inc. - Common Stock",US,USALL,Financials,stage4_breakdown,C,late,True,Stage 4,-79.6,0.7,56.5,-32.5799,-0.5291,-32.0909,0.88,Bull,26.01000022888184,26.5612,29.7485,14.9243,5.1917,12.0,3.65,0,clear,72.0,False,,ok,5226953.454002466,2026-09-21,5.0,23.51,27.2886,23.5,True,2026-08-17,False,,False,,0.96,0.96,open,3.82,,
AMUB@2026-08-10,2026-08-17,AMUB,"ETRACS Alerian MLP Index ETN Series B due July 18, 2042",US,USALL,,stage2_breakout,D,live,True,Stage 2,57.0,45.7,18.6,6.0255,,,1.0,Bull,23.53700065612793,24.3867,21.4603,29.2124,33.1984,12.0,1.65,1,unknown,,,,untradeable,5723.066031536532,2026-08-17,0.0,23.537,23.81,23.44,False,,False,,False,,,,watching,,,
ANGO@2026-08-10,2026-08-17,ANGO,"AngioDynamics, Inc. - Common Stock",US,USALL,Health Care,stage2_breakout,D,late,False,Stage 2,79.2,31.3,5.7,21.2869,-6.1583,32.7154,0.88,Bull,15.75,16.3865,14.4201,24.8977,31.9278,12.0,4.33,1,clear,45.0,False,,ok,3114372.6894135345,2026-09-21,5.0,15.49,16.29,14.85,False,,False,,False,,,,watching,-1.99,,
ANIK@2026-08-03,2026-08-17,ANIK,Anika Therapeutics Inc. - Common Stock,US,USALL,Health Care,stage2_breakout,D,late,False,Stage 2,90.3,24.2,5.7,58.5325,-6.1583,72.2865,0.88,Bull,21.780000686645508,23.2779,20.4846,36.608,47.5904,12.0,4.77,2,event_driven,79.0,True,,ok,1200181.5783435912,2026-09-21,5.0,20.37,22.53,20.0,False,,False,,False,,,,watching,-4.56,,
ANRO@2026-08-17,2026-08-17,ANRO,"Alto Neuroscience, Inc. Common Stock",US,USALL,Health Care,stage2_breakout,D,late,False,Stage 2,80.9,17.9,5.7,74.7552,-6.1583,88.7565,0.88,Bull,34.279998779296875,34.5591,30.412,53.428,69.2344,12.0,4.55,0,event_driven,86.0,True,,ok,6456050.614805783,2026-09-14,4.0,30.27,37.48,29.867,True,2026-08-17,True,2026-09-14,False,,0.7,-1.03,stopped out,-12.44,,
AOD@2026-08-10,2026-08-17,AOD,abrdn Total Dynamic Dividend Fund Common Shares of Beneficial Interest,US,USALL,Financials,stage2_breakout,D,live,False,Stage 2,49.4,58.4,16.5,4.3984,-0.5291,4.8818,1.0,Bull,10.65999984741211,10.7792,9.7249,13.0653,14.9578,9.78,2.17,1,unknown,,,,ok,2892453.57983541,2026-08-17,0.0,10.66,10.7095,10.4817,False,,False,,False,,,,watching,,,
AQB@2026-08-10,2026-08-17,AQB,"AquaBounty Technologies, Inc. - Common Stock",US,USALL,Consumer Staples,stage2_breakout,D,late,False,Stage 2,65.8,11.3,5.7,9.1117,-6.5652,17.642,0.88,Bull,1.309999942779541,1.6914,1.4884,2.624,3.4112,12.0,4.59,1,clear,,False,,thin,27313.790619136533,2026-09-14,4.0,1.14,1.46,1.02,False,,False,,False,,,,watching,-13.9,,
ASGI@2026-08-10,2026-08-17,ASGI,abrdn Global Infrastructure Income Fund Common Shares of Beneficial Interest,US,USALL,Financials,stage2_breakout,D,live,False,Stage 2,49.2,65.6,9.2,6.12,-0.5291,6.6181,1.0,Bull,24.900001525878903,25.1746,22.1537,29.5419,33.2396,12.0,1.45,1,unknown,,,,ok,2339167.181425939,2026-08-17,0.0,24.9,24.9595,24.2458,False,,False,,False,,,,watching,,,
ASLE@2026-08-17,2026-08-17,ASLE,AerSale Corporation - Common Stock,US,USALL,Industrials,stage4_breakdown,C,late,True,Stage 4,-74.1,1.8,48.9,-26.803,46.2778,-50.9142,0.88,Bull,5.559999942779541,5.4381,6.0907,2.228,0.1393,12.0,4.92,0,clear,80.0,False,,ok,1645953.2222531366,2026-09-21,5.0,5.4,5.92,5.27,True,2026-08-31,False,,False,,0.26,0.06,open,1.63,,
ASRV@2026-08-03,2026-08-17,ASRV,AmeriServ Financial Inc. - Common Stock,US,USALL,Financials,stage2_breakout,D,late,False,Stage 2,84.4,32.8,5.7,30.8487,-0.5291,31.3766,1.0,Bull,5.019999980926514,5.2726,4.6399,7.2537,8.9047,12.0,3.13,2,clear,64.0,False,,thin,30565.572340660543,2026-08-31,2.0,5.06,5.38,4.5,True,2026-08-17,True,2026-08-31,False,,0.17,-0.34,stopped out,,,
ATAI@2026-08-03,2026-08-17,ATAI,AtaiBeckley Inc. - Common Stock,US,USALL,Health Care,stage2_breakout,D,late,False,Stage 2,60.5,10.3,11.4,45.7186,-6.1583,59.1078,0.88,Bull,7.380000114440918,7.4282,6.5369,11.295,14.507,12.0,4.34,2,clear,87.0,False,,ok,17438294.083633818,2026-09-07,3.0,7.35,7.45,7.23,True,2026-08-17,False,,False,,0.02,-0.09,open,,,
ATKR@2026-08-03,2026-08-17,ATKR,Atkore Inc. Common Stock,US,USALL,Industrials,stage2_breakout,D,late,False,Stage 2,77.8,33.8,5.7,24.4589,46.2778,-15.3995,0.88,Bull,93.5999984741211,95.3744,83.9295,134.2935,166.6815,12.0,3.4,2,event_driven,94.0,True,,ok,21445555.90232008,2026-09-21,5.0,94.57,94.65,93.315,False,,False,,False,,,,watching,0.77,,
ATMP@2026-07-20,2026-08-17,ATMP,iPath Select MLP ETN,US,USALL,,stage2_breakout,D,live,False,Stage 2,51.1,57.0,18.6,6.4684,,,1.0,Bull,36.70000076293945,37.4776,32.9803,45.368,51.9184,12.0,1.75,4,unknown,,,,ok,401605.183478414,2026-08-17,0.0,36.7,37.38,36.56,False,,False,,False,,,,watching,,,
ATNI@2026-08-03,2026-08-17,ATNI,"ATN International, Inc. - Common Stock",US,USALL,Communication Services,stage2_breakout,D,late,False,Stage 2,74.9,36.3,8.5,23.5151,-6.1583,34.706,0.88,Bull,30.950000762939453,34.0878,29.9973,45.3946,54.9823,12.0,2.76,2,event_driven,84.0,True,,ok,1319212.7613340528,2026-09-21,5.0,28.62,32.31,28.23,False,,False,,False,,,,watching,-7.44,,
ATRC@2026-08-17,2026-08-17,ATRC,"AtriCure, Inc. - Common Stock",US,USALL,Health Care,stage2_breakout,D,late,False,Stage 2,67.1,19.9,4.8,29.7764,-6.1583,42.5726,0.88,Bull,48.97999954223633,45.3566,39.9138,63.6,78.896,12.0,3.35,0,clear,71.0,False,,ok,16485776.3483,2026-09-21,5.0,58.38,61.7,43.41,True,2026-08-17,False,,False,,3.0,2.39,open,17.08,,
AVAH@2026-08-17,2026-08-17,AVAH,Aveanna Healthcare Holdings Inc. - Common Stock,US,USALL,Health Care,stage2_breakout,D,late,False,Stage 2,73.9,16.7,4.0,44.2609,-6.1583,58.0744,0.88,Bull,13.15999984741211,12.7857,11.2514,19.11,24.382,12.0,4.12,0,event_driven,80.0,True,,ok,8544368.132736977,2026-09-21,5.0,12.41,14.71,11.98,True,2026-08-17,False,,False,,1.25,-0.24,open,3.8,,
AWP@2026-07-20,2026-08-17,AWP,abrdn Global Premier Properties Fund Common Shares of Beneficial Interest,US,USALL,Financials,stage2_breakout,D,failed,True,Stage 1 to 2,-11.4,42.9,35.0,-3.8332,-0.5291,-3.3306,0.88,Bull,11.68000030517578,12.3419,11.0675,14.3735,16.069,10.33,1.59,4,unknown,,,,ok,1037549.5076576336,2026-08-17,0.0,11.68,11.7691,11.6206,False,,False,,False,,,,watching,,,
AXG@2026-08-17,2026-08-17,AXG,Solowin Holdings - Class A Ordinary Share,US,USALL,Financials,stage4_breakdown,C,late,True,Stage 4,-80.2,5.6,68.9,-34.0331,-0.5291,-33.682,0.88,Bull,2.5,2.454,2.7485,1.016,0.0635,12.0,4.88,0,event_driven,136.0,True,,ok,438996.136009334,2026-09-14,4.0,1.87,2.8,1.855,True,2026-08-24,False,,False,,2.03,1.98,open,29.04,,
AXGN@2026-08-17,2026-08-17,AXGN,"Axogen, Inc. - Common Stock",US,USALL,Health Care,stage2_breakout,D,late,False,Stage 2,78.0,23.6,5.7,41.6955,-6.1583,53.6018,0.88,Bull,50.400001525878906,51.0439,44.9187,72.32,90.232,12.0,3.47,0,clear,72.0,False,,ok,29890669.56791764,2026-09-07,3.0,42.16,52.91,39.62,True,2026-08-17,True,2026-09-07,False,,0.3,-1.45,stopped out,,,
AYA@2026-08-03,2026-08-17,AYA,Aya Gold & Silver Inc. - Common Shares,US,USALL,Materials,stage2_breakout,D,late,False,Stage 2,75.7,16.8,5.7,51.1741,-6.1583,64.1476,0.88,Bull,26.64999961853028,29.7008,26.1367,46.2219,60.0875,12.0,4.64,2,clear,86.0,False,,ok,5263457.080060512,2026-08-24,1.0,27.97,30.24,24.95,True,2026-08-24,True,2026-08-24,False,,0.15,-0.49,stopped out,,,
BANL@2026-08-10,2026-08-17,BANL,CBL International Limited - Class B Ordinary Shares,US,USALL,Energy,stage2_breakout,D,late,False,Stage 2,99.3,24.6,6.5,941.6137,-2.178,,1.0,Bull,12.649999618530272,12.4415,10.9485,19.36,25.168,12.0,4.63,1,unknown,,,,thin,99807.33179237491,2026-08-17,0.0,12.65,13.797,8.879,True,2026-08-17,True,2026-08-17,False,,0.91,0.14,stopped out,,,
BBDC@2026-08-10,2026-08-17,BBDC,"Barings BDC, Inc. Common Stock",US,USALL,Financials,stage2_breakout,D,live,False,Stage 1 to 2,42.1,66.4,15.0,1.5041,-0.5291,2.0674,1.0,Bull,9.34000015258789,9.5514,8.4053,11.1763,12.5573,12.0,1.42,1,event_driven,80.0,True,,ok,4292441.5488847,2026-09-21,5.0,8.67,9.54,8.575,False,,False,,False,,,,watching,-3.8,,
BEPC@2026-07-20,2026-08-17,BEPC,Brookfield Renewable Corporation Brookfield Renewable Corporation Class A Subordinate Voting Shares,US,USALL,Utilities,stage4_breakdown,C,late,True,Stage 4,-63.0,5.1,48.9,-20.1645,1.0772,-20.8774,0.88,Bull,33.25,31.1529,34.8912,19.3025,9.2885,12.0,3.17,4,clear,79.0,False,,ok,36690317.29498318,2026-09-21,5.0,28.47,35.3358,28.09,True,2026-08-31,False,,False,,0.82,0.72,open,9.3,,
BFC@2026-08-10,2026-08-17,BFC,Bank First Corporation - Common Stock,US,USALL,Financials,stage2_breakout,D,live,False,Stage 2,31.6,52.1,16.3,2.6198,-0.5291,3.1404,1.0,Bull,152.75999450683594,161.1145,141.7808,191.9857,218.3823,12.0,1.6,1,clear,64.0,False,,ok,9735499.889211085,2026-09-21,5.0,152.13,158.4671,147.73,False,,False,,False,,,,watching,-0.35,,
BFRI@2026-08-17,2026-08-17,BFRI,Biofrontera Inc. - Common Stock,US,USALL,Health Care,stage2_breakout,D,late,False,Stage 2,76.9,14.7,4.0,42.1068,-6.1583,55.4088,0.88,Bull,1.4800000190734863,1.4417,1.2687,2.24,2.912,12.0,4.61,0,event_driven,86.0,True,,thin,118768.53388890908,2026-09-14,4.0,1.32,1.66,1.17,True,2026-08-17,True,2026-09-14,False,,1.26,-0.7,stopped out,-11.44,,
BGR@2026-08-17,2026-08-17,BGR,BlackRock Energy and Resources Trust,US,USALL,Financials,stage2_breakout,D,live,False,Stage 2,68.2,42.8,6.6,10.2191,-0.5291,10.7166,1.0,Bull,17.43000030517578,17.3668,15.2828,20.5813,23.3044,12.0,1.54,0,unknown,,,,ok,1205894.333379006,2026-09-21,5.0,17.06,17.92,16.6673,True,2026-08-17,False,,False,,0.27,-0.15,open,1.47,,
BGS@2026-07-20,2026-08-17,BGS,"B&G Foods, Inc. Common Stock",US,USALL,Consumer Staples,stage4_breakdown,C,late,True,Stage 4,-63.3,5.8,66.6,-25.7133,-6.5652,-20.5701,0.7,Bull,3.4600000381469727,3.2612,3.6526,1.34,0.0837,12.0,4.91,4,clear,86.0,False,,ok,6487880.465613352,2026-09-21,5.0,3.1,3.61,2.87,True,2026-09-07,False,,False,,1.0,0.41,open,18.35,,
BIO-B@2026-08-17,2026-08-17,BIO-B,"Bio-Rad Laboratories, Inc. Class B  Common Stock",US,USALL,Health Care,stage2_breakout,D,late,False,Stage 2,73.0,34.6,16.6,13.2324,-6.1583,24.1433,0.88,Bull,365.0799865722656,339.4578,298.7229,429.46,503.428,12.0,2.21,0,clear,,False,,untradeable,4001.537734503673,2026-09-21,5.0,365.08,365.08,337.0,True,2026-08-17,False,,False,,0.63,0.63,open,0.0,,
BOX@2026-08-03,2026-08-17,BOX,"Box, Inc. Class A Common Stock",US,USALL,Information Technology,stage2_breakout,D,late,False,Stage 2,64.3,43.4,1.5,5.8388,15.886,-9.2981,0.88,Bull,32.90999984741211,34.4105,30.2812,46.37,56.382,12.0,2.9,2,event_ahead,8.0,False,,ok,44335399.28498925,2026-09-21,5.0,31.39,36.34,31.33,True,2026-08-24,False,,False,,0.47,-0.73,open,2.43,,
BRBS@2026-08-17,2026-08-17,BRBS,"Blue Ridge Bankshares, Inc. Common Stock",US,USALL,Financials,stage2_breakout,B,live,True,Stage 1 to 2,33.1,18.9,22.3,0.4735,-0.5291,1.0565,1.0,Bull,3.900000095367432,3.8833,3.4173,4.7922,5.5564,12.0,1.95,0,clear,72.0,False,,ok,633769.035429314,2026-09-21,5.0,3.85,4.195,3.79,True,2026-08-17,False,,False,,0.67,-0.07,open,1.27,,
BRSL@2026-07-27,2026-08-17,BRSL,"Brightstar Lottery PLC Trading under the Legal Name to begin at the market open on July 21, 2025. Ordinary Shares",US,USALL,Consumer Discretionary,stage4_breakdown,D,failed,True,Stage 4,-21.3,11.6,25.3,-16.6541,-2.7296,-7.9223,0.88,Bull,12.100000381469728,9.4808,10.6185,5.6163,2.3467,12.0,3.4,3,clear,85.0,False,,ok,11303797.48911545,2026-09-21,5.0,9.96,12.16,9.63,False,,False,,False,,,,watching,17.28,,
BRSP@2026-07-27,2026-08-17,BRSP,"BrightSpire Capital, Inc. Class A Common Stock",US,USALL,Real Estate,stage4_breakdown,C,live,True,Stage 4,-66.6,7.2,87.6,-15.7564,-5.5469,-10.8569,0.7,Bull,4.909999847412109,4.7808,5.3545,3.749,2.8682,12.0,1.8,3,event_driven,71.0,True,,ok,3789638.4094471177,2026-09-21,5.0,4.09,5.0,3.98,True,2026-08-24,False,,False,,1.4,1.2,open,16.82,,
BVS@2026-07-27,2026-08-17,BVS,Bioventus Inc. - Class A Common Stock,US,USALL,Health Care,stage2_breakout,D,late,False,Stage 2,85.1,11.7,5.7,48.7141,-6.1583,61.8546,0.88,Bull,14.380000114440918,16.1979,14.2542,24.216,30.8744,12.0,4.13,3,clear,78.0,False,,ok,3970846.720443939,2026-09-21,5.0,13.81,14.92,12.34,False,,False,,False,,,,watching,-10.78,,
BWIN@2026-08-10,2026-08-17,BWIN,"The Baldwin Insurance Group, Inc. - Class A Common Stock",US,USALL,Financials,stage2_breakout,D,late,False,Stage 2,70.7,42.0,0.0,17.6898,-0.5291,18.5288,1.0,Bull,31.89999961853028,33.3137,29.3161,49.25,62.598,12.0,3.99,1,clear,78.0,False,,ok,24122453.397419583,2026-09-21,5.0,31.85,32.705,27.74,False,,False,,False,,,,watching,0.09,,
BWLP@2026-08-17,2026-08-17,BWLP,BW LPG Limited Common Shares,US,USALL,Energy,stage2_breakout,D,late,False,Stage 2,87.2,21.6,6.8,41.0697,-2.178,,1.0,Bull,24.71999931335449,23.2004,20.4163,32.6123,40.4861,12.0,3.38,0,event_ahead,11.0,False,,ok,5067579.995064552,2026-09-21,5.0,24.23,26.47,21.8999,True,2026-08-17,False,,False,,1.17,0.37,open,7.63,,
BYFC@2026-08-10,2026-08-17,BYFC,Broadway Financial Corporation - Class A Common Stock,US,USALL,Financials,stage2_breakout,D,late,False,Stage 2,85.6,29.6,7.2,32.4865,-0.5291,33.0177,1.0,Bull,11.90999984741211,12.4718,10.9752,17.5,21.652,12.0,3.36,1,unknown,,,,untradeable,15522.643638305784,2026-09-21,5.0,11.91,12.35,11.55,False,,False,,False,,,,watching,2.0,,
CBAN@2026-07-20,2026-08-17,CBAN,"Colony Bankcorp, Inc. Common Stock",US,USALL,Financials,stage2_breakout,D,live,False,Stage 2,33.0,52.6,20.1,4.0692,-0.5291,4.5835,1.0,Bull,21.479999542236328,22.7329,20.0049,26.915,30.479,12.0,1.53,4,event_driven,65.0,True,,ok,3685554.221597407,2026-09-21,5.0,20.68,22.3,20.24,False,,False,,False,,,,watching,-3.65,,
CCD@2026-08-10,2026-08-17,CCD,Calamos Dynamic Convertible & Income Fund - Closed End Fund,US,USALL,Financials,stage2_breakout,D,live,False,Stage 2,47.3,46.6,13.4,5.9951,-0.5291,6.4482,1.0,Bull,25.34000015258789,27.2851,24.0109,34.554,40.6052,12.0,2.22,1,unknown,,,,ok,1351942.060234832,2026-08-17,0.0,25.34,26.545,24.98,False,,False,,False,,,,watching,,,
CCEL@2026-08-17,2026-08-17,CCEL,"Cryo-Cell International, Inc. Common Stock",US,USALL,Health Care,stage2_breakout,D,late,False,Stage 2,65.3,17.9,0.6,10.0084,-6.1583,21.1527,0.88,Bull,4.559999942779541,4.3463,3.8247,5.66,6.836,12.0,2.52,0,clear,,False,,untradeable,23544.41164884499,2026-08-17,0.0,4.56,4.9,3.68,True,2026-08-17,True,2026-08-17,False,,1.06,0.41,stopped out,,,
CFBK@2026-07-27,2026-08-17,CFBK,CF Bankshares Inc. - Common Stock,US,USALL,Financials,stage2_breakout,D,late,False,Stage 2,60.5,34.7,9.3,13.1932,-0.5291,13.7572,1.0,Bull,34.599998474121094,37.4214,32.9308,47.525,55.985,12.0,2.25,3,event_driven,78.0,True,,ok,1053954.712038298,2026-09-21,5.0,34.51,38.11,33.72,True,2026-09-14,False,,False,,0.15,-0.65,open,-0.29,,
CGAU@2026-08-17,2026-08-17,CGAU,Centerra Gold Inc. Common Shares,US,USALL,Materials,stage2_breakout,D,late,False,Stage 2,73.7,16.4,5.7,40.5323,-6.1583,53.2903,0.88,Bull,23.75,22.7846,20.0505,29.8397,35.9134,12.0,2.58,0,clear,71.0,False,,ok,21002867.67049665,2026-09-21,5.0,22.56,24.52,21.11,True,2026-08-17,False,,False,,0.63,-0.08,open,-3.12,,
CGON@2026-08-17,2026-08-17,CGON,"CG Oncology, Inc. - Common stock",US,USALL,Health Care,stage2_breakout,D,late,False,Stage 2,78.3,29.0,9.3,32.3029,-6.1583,44.0099,0.88,Bull,79.80999755859375,81.1136,71.38,110.27,134.974,12.0,3.0,0,clear,84.0,False,,ok,45061475.82978438,2026-09-21,5.0,67.15,80.97,66.76,False,,False,,False,,,,watching,-6.72,,
CHMI@2026-08-10,2026-08-17,CHMI,Cherry Hill Mortgage Investment Corporation Common Stock,US,USALL,Real Estate,stage2_breakout,C,late,True,Stage 2,67.2,40.0,8.2,13.7208,-5.5469,20.312,0.88,Bull,2.940000057220459,2.9923,2.6332,3.7146,4.3263,12.0,2.01,1,event_driven,80.0,True,,ok,344260.13781678444,2026-09-21,5.0,2.74,2.98,2.73,False,,False,,False,,,,watching,-4.17,,
CLW@2026-08-03,2026-08-17,CLW,Clearwater Paper Corporation Common Stock,US,USALL,Materials,stage2_breakout,D,late,False,Stage 2,68.6,23.4,0.0,13.2069,-6.1583,24.4307,0.88,Bull,21.75,24.0922,21.2011,35.45,44.938,12.0,3.93,2,event_driven,71.0,True,,ok,2100458.2392475745,2026-09-21,5.0,20.34,22.1,19.01,False,,False,,False,,,,watching,-4.03,,
CMBT@2026-08-17,2026-08-17,CMBT,CMB.TECH NV Ordinary Shares,US,USALL,Energy,stage2_breakout,D,late,False,Stage 2,85.7,25.3,7.4,37.9053,-2.178,,1.0,Bull,18.049999237060547,17.6008,15.4887,23.9085,29.1954,12.0,2.99,0,event_ahead,10.0,False,,ok,13237026.081380358,2026-09-21,5.0,19.01,20.82,17.16,True,2026-08-17,False,,False,,1.52,0.67,open,11.7,,
CNA@2026-07-20,2026-08-17,CNA,CNA Financial Corporation Common Stock,US,USALL,Financials,stage2_breakout,D,failed,False,Stage 2 to 3,3.7,25.2,28.3,-1.1961,-0.5291,-0.6443,0.88,Bull,48.97999954223633,55.7735,49.0807,69.2322,80.4694,12.0,2.01,4,clear,77.0,False,,ok,15554061.288892863,2026-09-21,5.0,45.98,51.07,45.75,False,,False,,False,,,,watching,-1.98,,
CNMD@2026-08-03,2026-08-17,CNMD,CONMED Corporation Common Stock,US,USALL,Health Care,stage2_breakout,D,late,False,Stage 2,70.3,33.0,0.0,11.1685,-6.1583,22.3286,0.88,Bull,51.06999969482422,54.7087,48.1436,75.88,93.656,12.0,3.22,2,event_driven,79.0,True,,ok,12606695.656134916,2026-09-21,5.0,45.38,52.51,44.39,False,,False,,False,,,,watching,-11.72,,
CNQ@2026-08-17,2026-08-17,CNQ,Canadian Natural Resources Limited Common Stock,US,USALL,Energy,stage2_breakout,D,late,False,Stage 2,80.0,42.7,7.0,20.0518,-2.178,,1.0,Bull,51.400001525878906,51.5717,45.3831,68.1583,82.0474,12.0,2.68,0,clear,80.0,False,,ok,287328053.7727233,2026-09-21,5.0,47.41,52.31,46.986,True,2026-08-31,False,,False,,0.12,-0.67,open,-2.59,,
CODI@2026-08-10,2026-08-17,CODI,D/B/A Compass Diversified Holdings Shares of Beneficial Interest,US,USALL,Industrials,stage2_breakout,D,late,False,Stage 2,84.6,29.2,8.0,31.0623,46.2778,-10.0678,0.88,Bull,11.68000030517578,13.5556,11.9289,21.2,27.56,12.0,4.7,1,event_driven,84.0,True,,ok,6416767.639723502,2026-08-17,0.0,11.68,13.05,11.36,False,,False,,False,,,,watching,,,
COGT@2026-08-03,2026-08-17,COGT,"Cogent Biosciences, Inc. - Common Stock",US,USALL,Health Care,stage2_breakout,D,live,False,Stage 2 to 3,10.6,29.4,25.1,5.1275,-6.1583,14.5843,0.88,Bull,36.72999954223633,44.3101,38.9928,59.2808,71.9934,12.0,2.82,2,clear,78.0,False,,ok,53751954.29859319,2026-09-21,5.0,32.31,38.62,30.35,False,,False,,False,,,,watching,-15.36,,
COLL@2026-08-03,2026-08-17,COLL,"Collegium Pharmaceutical, Inc. - Common Stock",US,USALL,Health Care,stage4_breakdown,C,late,True,Stage 4,-80.7,1.3,84.0,-35.6977,-6.1583,-29.1541,0.7,Bull,27.11000061035156,24.56,27.5072,10.188,0.6367,12.0,4.88,2,event_driven,80.0,True,,ok,11583842.543251578,2026-09-21,5.0,22.53,29.65,21.65,True,2026-08-31,False,,False,,0.99,0.69,open,17.45,,
CORT@2026-07-20,2026-08-17,CORT,Corcept Therapeutics Incorporated - Common Stock,US,USALL,Health Care,stage2_breakout,D,late,False,Stage 2,92.8,22.6,5.7,66.1553,-6.1583,80.9791,0.88,Bull,122.25,124.4075,109.4786,195.536,254.1968,12.0,4.76,4,clear,79.0,False,,ok,51737823.31323735,2026-08-31,2.0,111.62,126.38,108.73,True,2026-08-24,True,2026-08-31,False,,0.13,-0.86,stopped out,,,
CRCT@2026-08-03,2026-08-17,CRCT,"Cricut, Inc. - Class A common stock",US,USALL,Information Technology,stage2_breakout,C,late,True,Stage 2,69.0,20.8,0.0,8.7748,15.886,-6.777,0.88,Bull,5.590000152587891,6.3828,5.6168,8.8895,10.9851,12.0,3.27,2,event_driven,78.0,True,,ok,1522091.9036217518,2026-09-21,5.0,6.14,6.185,5.32,False,,False,,False,,,,watching,0.89,,
CRD-B@2026-08-10,2026-08-17,CRD-B,Crawford & Company Common Stock,US,USALL,Financials,stage2_breakout,C,late,True,Stage 2,65.9,50.9,3.6,9.2692,-0.5291,9.8797,1.0,Bull,12.239999771118164,12.9288,11.3774,20.24,26.312,12.0,4.71,1,event_driven,77.0,True,,thin,37806.228758699945,2026-08-17,0.0,12.24,13.59,11.14,True,2026-08-17,True,2026-08-17,False,,0.43,-0.44,stopped out,,,
CRDL@2026-08-17,2026-08-17,CRDL,Cardiol Therapeutics Inc. - Class A Common Shares,US,USALL,Health Care,stage2_breakout,D,late,False,Stage 2,76.6,14.2,5.7,48.2508,-6.1583,62.1459,0.88,Bull,1.8600000143051147,1.8671,1.6431,2.743,3.4814,12.0,3.91,0,event_driven,87.0,True,,thin,425290.8398073218,2026-09-21,5.0,1.71,2.34,1.66,True,2026-08-17,False,,False,,2.11,-0.7,open,0.8,,
CRGY@2026-08-17,2026-08-17,CRGY,Crescent Energy Company Class A Common Stock,US,USALL,Energy,stage2_breakout,D,late,False,Stage 2,79.2,36.8,6.7,25.7218,-2.178,,1.0,Bull,14.0600004196167,14.3118,12.5944,20.1318,25.0218,12.0,3.39,0,clear,77.0,False,,ok,56591958.64421294,2026-09-21,5.0,13.15,15.47,12.05,True,2026-08-31,False,,False,,0.67,-0.68,open,-1.14,,
CRSR@2026-08-03,2026-08-17,CRSR,"Corsair Gaming, Inc. - Common Stock",US,USALL,Information Technology,stage2_breakout,D,late,False,Stage 2,80.0,19.5,2.6,32.4771,15.886,15.2065,1.15,Bull,10.93000030517578,15.3841,13.538,23.9648,31.1542,12.0,4.65,2,event_driven,78.0,True,,ok,9204578.027044294,2026-09-21,5.0,13.66,13.96,10.726,False,,False,,False,,,,watching,20.22,,
CSBR@2026-08-03,2026-08-17,CSBR,"Champions Oncology, Inc. - Common Stock",US,USALL,Health Care,stage4_breakdown,C,late,True,Stage 4,-73.5,0.8,79.2,-28.1335,-6.1583,-20.8616,0.7,Bull,4.960000038146973,4.709,5.2741,2.05,0.122,12.0,4.71,2,event_ahead,28.0,False,,thin,38124.30622705296,2026-09-14,4.0,5.3,5.64,4.59,True,2026-09-14,True,2026-09-14,False,,0.21,-1.05,stopped out,-6.63,,
CSQ@2026-08-10,2026-08-17,CSQ,Calamos Strategic Total Return Fund - Closed End Fund,US,USALL,Financials,stage2_breakout,D,live,False,Stage 2,37.3,57.7,18.2,1.6256,-0.5291,2.1228,1.0,Bull,20.739999771118164,21.3247,18.9431,26.4043,30.6078,11.17,2.13,1,unknown,,,,ok,3103490.123498044,2026-08-17,0.0,20.74,21.08,20.62,False,,False,,False,,,,watching,,,
CSTE@2026-08-17,2026-08-17,CSTE,Caesarstone Ltd. - Ordinary Shares,US,USALL,Industrials,stage2_breakout,D,late,False,Stage 2,72.2,36.4,3.1,90.4289,46.2778,30.695,1.15,Bull,3.5299999713897705,3.5594,3.1323,5.52,7.176,12.0,4.59,0,clear,86.0,False,,thin,237474.8940836145,2026-08-24,1.0,3.14,3.84,3.06,True,2026-08-17,True,2026-08-24,False,,0.66,-0.98,stopped out,,,
CSV@2026-08-03,2026-08-17,CSV,"Carriage Services, Inc. Common Stock",US,USALL,Consumer Discretionary,stage4_breakdown,C,late,True,Stage 4,-71.2,3.2,70.4,-26.3519,-2.7296,-18.9211,0.88,Bull,34.45000076293945,32.5397,36.4444,14.8252,0.8333,12.0,4.54,2,event_driven,79.0,True,,ok,3283344.155591037,2026-09-21,5.0,31.94,36.4,30.11,True,2026-09-07,False,,False,,0.62,0.15,open,12.24,,
CSWC@2026-08-03,2026-08-17,CSWC,Capital Southwest Corporation - Common Stock,US,USALL,Financials,stage2_breakout,D,live,False,Stage 2,64.3,58.6,6.1,6.1125,-0.5291,6.6457,1.0,Bull,24.959999084472656,25.5831,22.5131,30.476,34.5608,12.0,1.59,2,event_driven,77.0,True,,ok,10101263.768445011,2026-09-21,5.0,23.13,25.4802,22.85,False,,False,,False,,0.05,-0.45,watching,-5.32,,
CTNM@2026-08-17,2026-08-17,CTNM,"Contineum Therapeutics, Inc. - Common stock",US,USALL,Health Care,stage2_breakout,D,late,False,Stage 2,72.4,19.3,6.5,21.9437,-6.1583,33.4837,0.88,Bull,17.190000534057617,17.4396,15.3468,23.0473,27.9572,12.0,2.68,0,clear,73.0,False,,ok,2535840.321076738,2026-09-07,3.0,14.82,17.785,14.15,True,2026-08-24,True,2026-09-07,False,,0.17,-1.25,stopped out,,,
CURV@2026-07-20,2026-08-17,CURV,Torrid Holdings Inc. Common Stock,US,USALL,Consumer Discretionary,stage2_breakout,D,late,False,Stage 2,51.9,15.2,9.0,26.5661,-2.7296,38.1748,1.0,Bull,2.2100000381469727,2.9407,2.5878,4.568,5.9384,12.0,4.61,4,event_ahead,17.0,False,,thin,452325.853603506,2026-09-21,5.0,2.35,2.85,1.99,False,,False,,False,,,,watching,3.99,,
CVE@2026-08-17,2026-08-17,CVE,Cenovus Energy Inc Common Stock,US,USALL,Energy,stage2_breakout,D,late,False,Stage 2,84.8,32.1,6.5,35.084,-2.178,,1.0,Bull,32.93000030517578,32.4639,28.5682,46.3906,57.9895,12.0,3.57,0,clear,73.0,False,,ok,166288289.06991276,2026-09-21,5.0,30.93,34.1,29.9869,True,2026-08-17,False,,False,,0.42,-0.39,open,-0.47,,
CVSA@2026-08-03,2026-08-17,CVSA,Covista Inc. Common Shares,US,USALL,Consumer Staples,stage2_breakout,D,late,False,Stage 2,49.7,38.9,12.1,2.2053,-6.5652,9.3829,0.88,Bull,132.35000610351562,144.9809,127.5832,227.072,295.1936,12.0,4.72,2,event_driven,73.0,True,,ok,26846827.887320794,2026-09-21,5.0,120.75,142.13,120.7,False,,False,,False,,,,watching,-4.35,,
CYRX@2026-08-17,2026-08-17,CYRX,"CryoPort, Inc. - Common Stock",US,USALL,Industrials,stage2_breakout,D,late,False,Stage 2,77.8,16.4,8.9,41.5394,46.2778,-3.2947,0.88,Bull,17.1299991607666,17.2404,15.1715,26.17,33.594,12.0,4.32,0,clear,78.0,False,,ok,5517217.030202703,2026-09-21,5.0,17.41,17.98,14.59,True,2026-09-21,False,,False,,0.36,0.08,open,-0.64,,
CZNC@2026-08-10,2026-08-17,CZNC,Citizens & Northern Corp - Common Stock,US,USALL,Financials,stage2_breakout,D,late,False,Stage 2,70.7,49.3,4.6,11.1349,-0.5291,11.717,1.0,Bull,25.799999237060547,26.5841,23.394,32.5428,37.569,12.0,1.87,1,clear,66.0,False,,ok,764003.8320046306,2026-09-21,5.0,25.7,26.37,25.0,False,,False,,False,,,,watching,0.04,,
DAC@2026-07-27,2026-08-17,DAC,Danaos Corporation Common Stock,US,USALL,Industrials,stage2_breakout,D,late,False,Stage 2,76.5,17.7,6.1,26.1507,46.2778,-13.8732,0.88,Bull,149.75,147.2435,129.5743,194.3694,233.617,12.0,2.67,3,clear,91.0,False,,ok,8304203.190284577,2026-09-21,5.0,154.14,163.64,142.52,True,2026-08-17,False,,False,,0.93,0.39,open,7.36,,
DBD@2026-07-20,2026-08-17,DBD,Diebold Nixdorf Incorporated Common stock,US,USALL,Information Technology,stage2_breakout,D,failed,False,Stage 4,-56.0,18.0,52.0,-11.148,15.886,-23.7588,0.88,Bull,69.94000244140625,93.7897,82.5349,117.23,137.346,12.0,2.08,4,clear,79.0,False,,ok,16598060.777535742,2026-09-21,5.0,62.72,73.06,62.14,False,,False,,False,,,,watching,-10.13,,
DCBO@2026-08-17,2026-08-17,DCBO,Docebo Inc. - Common Shares,US,USALL,Information Technology,stage2_breakout,D,late,False,Stage 2,57.5,27.0,3.3,5.0324,15.886,-10.1822,0.88,Bull,24.690000534057617,24.4754,21.5383,33.39,40.99,12.0,3.04,0,clear,81.0,False,,ok,1530570.659826015,2026-09-21,5.0,22.84,27.0,22.22,True,2026-08-17,False,,False,,0.86,-0.56,open,-6.7,,
DHT@2026-08-17,2026-08-17,DHT,"DHT Holdings, Inc.",US,USALL,Energy,stage2_breakout,D,late,False,Stage 2,83.4,34.4,6.5,28.4461,-2.178,,1.0,Bull,19.81999969482422,19.2843,16.9702,26.2777,32.1574,12.0,3.02,0,clear,72.0,False,,ok,41019620.135480136,2026-09-21,5.0,21.78,23.56,18.25,True,2026-08-17,False,,False,,1.85,1.08,open,16.05,,
DIT@2026-07-20,2026-08-17,DIT,AMCON Distributing Company Common Stock,US,USALL,Consumer Staples,stage4_breakdown,D,live,True,Stage 4,-36.8,20.5,47.3,-15.6692,-6.5652,-9.784,0.7,Bull,70.76000213623047,57.8097,64.7468,23.6188,1.4762,12.0,4.93,4,unknown,,,,untradeable,21858.035160520893,2026-09-21,5.0,67.56,75.76,63.0,False,,False,,False,,,,watching,6.96,,
DOLE@2026-08-10,2026-08-17,DOLE,Dole plc Ordinary Shares,US,USALL,Consumer Staples,stage4_breakdown,C,live,True,Stage 4,-64.0,8.2,74.7,-15.1766,-6.5652,-9.4472,0.7,Bull,13.3100004196167,12.5543,14.0608,9.1037,6.1947,12.0,2.29,1,event_driven,84.0,True,,ok,8824381.745960062,2026-09-21,5.0,12.98,14.0494,12.76,False,,False,,False,,,,watching,1.48,,
DSGR@2026-08-03,2026-08-17,DSGR,"Distribution Solutions Group, Inc. - Common Stock",US,USALL,Industrials,stage2_breakout,D,late,False,Stage 2,56.3,33.9,3.3,10.0252,46.2778,-25.598,0.88,Bull,34.79999923706055,35.4666,31.2106,51.1,63.932,12.0,3.67,2,event_driven,73.0,True,,ok,1891577.7078830143,2026-09-21,5.0,34.96,35.0,34.54,False,,False,,False,,,,watching,0.09,,
DV@2026-08-03,2026-08-17,DV,"DoubleVerify Holdings, Inc. Common Stock",US,USALL,Communication Services,stage2_breakout,C,late,True,Stage 2,68.6,44.4,0.0,9.5892,-6.1583,20.4273,0.88,Bull,13.3100004196167,13.6001,11.9681,20.3046,25.8643,12.0,4.11,2,event_driven,80.0,True,,ok,21339518.55797543,2026-09-21,5.0,13.41,13.65,13.265,True,2026-09-14,False,,False,,0.03,-0.12,open,1.12,,
DXPE@2026-08-03,2026-08-17,DXPE,"DXP Enterprises, Inc. - Common Stock",US,USALL,Industrials,stage2_breakout,D,late,False,Stage 2,78.7,29.7,5.7,26.4078,46.2778,-13.4633,0.88,Bull,190.27999877929688,212.533,187.029,295.46,365.428,12.0,3.25,2,event_driven,80.0,True,,ok,17595526.761535384,2026-09-21,5.0,192.1,205.78,177.36,False,,False,,False,,,,watching,-2.67,,
DYN@2026-07-27,2026-08-17,DYN,"Dyne Therapeutics, Inc. - Common Stock",US,USALL,Health Care,stage2_breakout,D,late,False,Stage 2,57.9,20.2,8.2,28.4306,-6.1583,40.1726,0.88,Bull,26.100000381469727,27.8979,24.5501,43.688,56.7944,12.0,4.72,3,event_driven,80.0,True,,ok,27111207.19619033,2026-09-21,5.0,16.03,26.94,15.88,False,,False,,False,,,,watching,-42.23,,
EAT@2026-07-27,2026-08-17,EAT,"Brinker International, Inc. Common Stock",US,USALL,Consumer Discretionary,stage2_breakout,D,late,False,Stage 2,80.5,32.9,5.7,46.3372,-2.7296,59.7688,1.0,Bull,246.0599975585937,258.2722,227.2795,382.46,485.46,12.0,4.01,3,clear,72.0,False,,ok,125327197.93074712,2026-09-21,5.0,207.2,254.99,192.5,False,,False,,False,,,,watching,-22.38,,
EBF@2026-08-03,2026-08-17,EBF,"Ennis, Inc. Common Stock",US,USALL,Industrials,stage2_breakout,D,live,False,Stage 2,26.3,40.0,21.9,2.3155,46.2778,-30.4936,0.88,Bull,21.56999969482422,22.7808,20.0471,26.662,29.9517,12.0,1.42,2,clear,35.0,False,,ok,2076030.559704936,2026-09-21,5.0,22.13,22.94,20.84,True,2026-08-17,False,,False,,0.06,-0.24,open,-1.17,,
ECO@2026-08-10,2026-08-17,ECO,Okeanis Eco Tankers Corp. Common Stock,US,USALL,Industrials,stage2_breakout,D,late,False,Stage 2,87.7,37.9,4.5,52.3304,46.2778,4.9185,1.15,Bull,64.70999908447266,67.0641,59.0164,99.8393,127.0164,12.0,4.07,1,event_driven,86.0,True,,ok,14764603.267601931,2026-09-21,5.0,77.9,87.31,61.0,True,2026-08-24,False,,False,,2.52,1.35,open,27.21,,
ECPG@2026-08-10,2026-08-17,ECPG,Encore Capital Group Inc - Common Stock,US,USALL,Financials,stage2_breakout,D,late,False,Stage 2,82.7,35.2,5.7,40.2129,-0.5291,40.555,1.0,Bull,101.20999908447266,105.4463,92.7927,154.08,194.336,12.0,3.84,1,event_driven,79.0,True,,ok,20977052.49711284,2026-09-21,5.0,98.41,104.98,92.8,False,,False,,False,,,,watching,-1.66,,
EDRY@2026-08-17,2026-08-17,EDRY,EuroDry Ltd. - Common Shares,US,USALL,Industrials,stage2_breakout,D,late,False,Stage 2,87.6,18.6,4.5,136.2425,46.2778,64.4897,1.15,Bull,46.84999847412109,40.9887,36.0701,64.0,83.2,12.0,4.68,0,clear,87.0,False,,ok,527817.5405251987,2026-09-07,3.0,67.12,71.84,36.61,True,2026-08-17,False,,True,2026-09-07,6.27,5.31,reached first target,,,
ELC@2026-08-17,2026-08-17,ELC,"Entergy Louisiana, Inc. Collateral Trust Mortgage Bonds, 4.875 % Series due September 1, 2066",US,USALL,,stage4_breakdown,C,live,True,Stage 3 to 4,-45.1,40.9,45.9,-11.203,,,1.0,Bull,19.68199920654297,19.6418,20.2423,17.5952,15.8949,3.06,3.41,0,unknown,,,,ok,245329.07621841243,2026-09-21,5.0,18.69,20.0365,18.69,True,2026-08-17,False,,False,,1.59,1.59,open,0.05,,
EMO@2026-08-17,2026-08-17,EMO,ClearBridge Energy Midstream Opportunity Fund Inc. Common Stock,US,USALL,Financials,stage2_breakout,D,live,False,Stage 2,58.4,41.8,7.1,6.9061,-0.5291,7.4187,1.0,Bull,54.20000076293945,53.6587,47.2197,62.1214,69.3009,12.0,1.31,0,unknown,,,,ok,1769922.6653095349,2026-08-17,0.0,54.2,54.5676,53.0775,True,2026-08-17,False,,False,,0.14,0.08,open,,,
ENJ@2026-08-17,2026-08-17,ENJ,"Entergy New Orleans, LLC First Mortgage Bonds, 5.0% Series due December 1, 2052",US,USALL,,stage4_breakdown,D,live,True,Stage 3 to 4,-58.9,14.9,47.5,-15.2899,,,1.0,Bull,19.0,19.4415,20.608,18.0339,16.8054,6.0,1.21,0,unknown,,,,untradeable,16550.90409572252,2026-08-31,2.0,19.5,19.8442,17.9159,True,2026-08-17,False,,True,2026-08-17,1.31,-0.05,reached first target,,,
ENTX@2026-07-27,2026-08-17,ENTX,Entera Bio Ltd. - Ordinary Shares,US,USALL,Health Care,stage2_breakout,D,late,False,Stage 2,76.4,13.4,4.0,63.1859,-6.1583,79.1478,0.88,Bull,3.2300000190734863,4.3196,3.8013,6.72,8.736,12.0,4.63,3,clear,,False,,thin,138254.59224708276,2026-09-21,5.0,2.745,3.56,2.68,False,,False,,False,,,,watching,-8.73,,
EOD@2026-08-10,2026-08-17,EOD,Allspring Global Dividend Opportunity Fund Common Shares of Beneficial Interest,US,USALL,Financials,stage2_breakout,D,live,False,Stage 2,52.5,61.1,14.1,4.1372,-0.5291,4.6163,1.0,Bull,6.699999809265137,6.7722,6.1504,8.0507,9.1153,9.18,2.06,1,unknown,,,,ok,434104.7770799486,2026-08-17,0.0,6.7,6.74,6.63,False,,False,,False,,,,watching,,,
EOLS@2026-08-10,2026-08-17,EOLS,"Evolus, Inc. - Common Stock",US,USALL,Health Care,stage2_breakout,D,late,False,Stage 2,71.7,39.7,0.9,25.2135,-6.1583,37.1842,0.88,Bull,8.390000343322754,8.6493,7.6114,13.0,16.656,12.0,4.19,1,event_driven,79.0,True,,ok,3458185.8732561646,2026-09-14,4.0,7.86,9.31,7.59,True,2026-08-17,True,2026-09-14,False,,0.64,-0.76,stopped out,-6.53,,
EQNR@2026-08-17,2026-08-17,EQNR,Equinor ASA,US,USALL,Energy,stage2_breakout,D,late,False,Stage 2,74.4,31.4,6.8,29.97,-2.178,,1.0,Bull,42.86000061035156,43.3565,38.1537,61.5387,76.6849,12.0,3.49,0,clear,72.0,False,,ok,109505280.3786453,2026-09-21,5.0,42.19,45.84,40.72,True,2026-08-31,False,,False,,0.48,-0.22,open,2.83,,
ESCA@2026-08-03,2026-08-17,ESCA,"Escalade, Incorporated - Common Stock",US,USALL,Consumer Discretionary,stage2_breakout,D,late,False,Stage 2,81.1,32.5,6.6,24.6466,-2.7296,35.802,1.0,Bull,21.09000015258789,23.471,20.6545,32.6346,40.2864,12.0,3.25,2,event_driven,73.0,True,,ok,506106.1459466413,2026-09-21,5.0,19.52,21.36,18.9,False,,False,,False,,,,watching,-8.2,,
ESEA@2026-07-27,2026-08-17,ESEA,Euroseas Ltd. - Common Stock,US,USALL,Industrials,stage2_breakout,D,late,False,Stage 2,48.0,42.4,10.7,10.1478,46.2778,-25.1351,0.88,Bull,75.02999877929688,81.2364,71.488,108.8907,132.2673,12.0,2.84,3,clear,92.0,False,,ok,2905496.0784302754,2026-09-21,5.0,69.7,78.6476,69.0,False,,False,,False,,,,watching,4.43,,
ESRT@2026-08-10,2026-08-17,ESRT,"Empire State Realty Trust, Inc. Class A Common Stock",US,USALL,Real Estate,stage4_breakdown,C,live,True,Stage 4,-75.6,3.1,72.2,-28.7336,-5.5469,-24.1783,0.7,Bull,4.820000171661377,4.5014,5.0415,2.4001,0.6321,12.0,3.89,1,clear,79.0,False,,ok,6263461.940679553,2026-09-21,5.0,4.11,4.8799,3.93,True,2026-08-31,False,,False,,1.06,0.72,open,19.59,,
ETO@2026-08-10,2026-08-17,ETO,Eaton Vance Tax-Advantage Global Dividend Opp Common Stock,US,USALL,Financials,stage2_breakout,D,live,False,Stage 2,40.2,68.5,20.9,1.992,-0.5291,2.4904,1.0,Bull,31.57999992370605,32.535,28.9893,39.5761,45.4209,10.9,1.99,1,unknown,,,,ok,787125.6821683531,2026-09-21,5.0,30.43,32.1675,29.86,False,,False,,False,,,,watching,-3.24,,
FCNCA@2026-08-10,2026-08-17,FCNCA,"First Citizens BancShares, Inc. - Class A Common Stock",US,USALL,Financials,stage2_breakout,D,live,False,Stage 1,12.8,55.9,20.7,0.2831,-0.5291,0.839,1.0,Bull,2183.5400390625,2324.6238,2045.6689,2959.5234,3490.102,12.0,2.28,1,clear,66.0,False,,ok,106513663.87257876,2026-09-21,5.0,2090.3601,2292.8035,2034.13,False,,False,,False,,,,watching,-3.24,,
FET@2026-08-10,2026-08-17,FET,"Forum Energy Technologies, Inc. Common Stock",US,USALL,Energy,stage2_breakout,D,late,False,Stage 2,83.7,15.0,6.5,53.6623,-2.178,,1.0,Bull,77.41999816894531,88.0514,77.4853,132.19,168.942,12.0,4.18,1,clear,73.0,False,,ok,7387443.191095501,2026-09-21,5.0,82.83,87.42,74.26,False,,False,,False,,,,watching,5.84,,
FF@2026-08-10,2026-08-17,FF,FutureFuel Corp.  Common shares,US,USALL,Materials,stage2_breakout,D,late,False,Stage 2,80.2,18.7,4.0,27.1301,-6.1583,38.877,0.88,Bull,5.559999942779541,7.1273,6.272,11.184,14.5392,12.0,4.74,1,clear,84.0,False,,ok,1211025.2343254094,2026-09-21,5.0,5.12,5.839,5.01,False,,False,,False,,,,watching,0.19,,
FFAI@2026-07-20,2026-08-17,FFAI,Faraday Future Intelligent Electric Inc. - Class A Common Stock,US,USALL,Consumer Discretionary,stage2_breakout,D,late,False,Stage 2,52.5,12.8,15.7,146.4548,-2.7296,167.2835,1.0,Bull,3.200000047683716,21.7628,19.1513,34.08,44.304,12.0,4.72,4,clear,87.0,False,,ok,3829063.444808796,2026-09-21,5.0,1.61,4.07,1.25,False,,False,,False,,,,watching,-59.78,,
FHTX@2026-08-17,2026-08-17,FHTX,Foghorn Therapeutics Inc. - Common Stock,US,USALL,Health Care,stage2_breakout,D,late,False,Stage 2,66.1,10.1,5.3,29.4022,-6.1583,42.0447,0.88,Bull,7.070000171661377,7.0741,6.2252,10.96,14.248,12.0,4.58,0,clear,80.0,False,,thin,559653.3286693585,2026-08-17,0.0,7.07,7.61,6.17,True,2026-08-17,True,2026-08-17,False,,0.63,-0.0,stopped out,,,
FIVN@2026-08-03,2026-08-17,FIVN,"Five9, Inc. - Common Stock",US,USALL,Information Technology,stage2_breakout,D,late,False,Stage 2,79.3,29.9,2.1,39.6615,15.886,20.6637,1.15,Bull,32.75,35.4563,31.2016,55.328,71.9264,12.0,4.67,2,event_driven,84.0,True,,ok,41901650.51338442,2026-09-21,5.0,35.77,40.0,30.1,True,2026-09-21,False,,False,,1.07,0.07,open,-0.86,,
FNWD@2026-07-20,2026-08-17,FNWD,Finward Bancorp - common stock,US,USALL,Financials,stage2_breakout,C,late,True,Stage 2,48.4,36.5,12.4,11.2297,-0.5291,11.8462,1.0,Bull,43.5,46.5465,40.961,61.8568,74.6223,12.0,2.74,4,clear,71.0,False,,ok,230254.6118892558,2026-09-21,5.0,43.24,45.163,41.49,False,,False,,False,,,,watching,-1.86,,
FOXF@2026-08-03,2026-08-17,FOXF,Fox Factory Holding Corp. - Common Stock,US,USALL,Consumer Discretionary,stage2_breakout,D,late,False,Stage 2,54.5,52.9,3.1,3.6532,-2.7296,14.1519,1.0,Bull,21.850000381469727,22.6078,19.8948,31.8238,39.6109,12.0,3.4,2,event_driven,80.0,True,,ok,7232189.814759925,2026-09-21,5.0,18.55,22.08,18.135,False,,False,,False,,,,watching,-15.19,,
FPI@2026-07-27,2026-08-17,FPI,Farmland Partners Inc. Common Stock,US,USALL,Real Estate,stage4_breakdown,C,live,True,Stage 3 to 4,-31.6,16.7,42.5,-10.4515,-5.5469,-5.1514,0.7,Bull,10.15999984741211,9.0865,10.1769,5.423,2.3933,12.0,3.36,3,event_driven,79.0,True,,ok,2908400.031633004,2026-09-21,5.0,10.86,11.04,9.76,False,,False,,False,,,,watching,-6.75,,
FRBA@2026-08-10,2026-08-17,FRBA,First Bank  - Common Stock,US,USALL,Financials,stage2_breakout,D,live,False,Stage 2,28.5,48.0,13.7,1.7585,-0.5291,2.3602,1.0,Bull,18.209999084472656,19.4412,17.1082,25.0494,29.7449,12.0,2.4,1,clear,66.0,False,,ok,1015761.06155468,2026-09-21,5.0,17.8,19.33,17.09,False,,False,,False,,,,watching,-2.39,,
FRO@2026-08-17,2026-08-17,FRO,Frontline Plc Ordinary Shares,US,USALL,Energy,stage2_breakout,D,late,False,Stage 2,80.4,28.7,7.6,36.2256,-2.178,,1.0,Bull,43.66999816894531,43.9369,38.6644,62.8966,78.7339,12.0,3.6,0,event_ahead,11.0,False,,ok,75142458.34423418,2026-09-21,5.0,47.73,54.91,38.5623,True,2026-08-31,False,,False,,2.08,0.72,open,22.86,,
FRSH@2026-08-17,2026-08-17,FRSH,Freshworks Inc. - Class A Common Stock,US,USALL,Information Technology,stage2_breakout,D,late,False,Stage 2,64.0,23.5,3.2,12.3737,15.886,-3.7963,0.88,Bull,12.979999542236328,13.0782,11.5088,18.81,23.618,12.0,3.65,0,clear,78.0,False,,ok,72166006.5021098,2026-09-21,5.0,12.54,13.99,11.704,True,2026-08-17,False,,False,,0.58,-0.34,open,-5.79,,
FSEA@2026-08-03,2026-08-17,FSEA,"First Seacoast Bancorp, Inc. - Common Stock",US,USALL,Financials,stage2_breakout,D,late,False,Stage 2,67.3,54.8,16.1,14.6196,-0.5291,15.0504,1.0,Bull,17.09000015258789,17.3066,15.2298,23.325,28.225,12.0,2.9,2,unknown,,,,thin,75377.47693761761,2026-09-21,5.0,17.24,17.24,17.05,False,,False,,False,,,,watching,0.41,,
FSI@2026-07-20,2026-08-17,FSI,Flexible Solutions International Inc. Common Stock (CDA),US,USALL,Materials,stage4_breakdown,C,live,True,Stage 4,-47.1,4.8,43.4,-29.2859,-6.1583,-21.8509,0.7,Bull,5.320000171661377,4.7141,5.2798,2.19,0.1214,12.0,4.46,4,clear,87.0,False,,thin,69573.42141522914,2026-09-21,5.0,5.8,6.02,4.85,False,,False,,False,,,,watching,-8.98,,
FTRE@2026-07-20,2026-08-17,FTRE,Fortrea Holdings Inc. - Common Stock,US,USALL,Health Care,stage2_breakout,D,late,False,Stage 2,38.3,4.1,22.7,25.8522,-6.1583,36.8725,0.88,Bull,18.38999938964844,21.9295,19.298,34.224,44.4912,12.0,4.67,4,clear,80.0,False,,ok,13206173.836254988,2026-09-21,5.0,19.89,21.11,16.072,False,,False,,False,,,,watching,8.04,,
FUND@2026-08-17,2026-08-17,FUND,"Sprott Focus Trust, Inc. - Closed End Fund",US,USALL,Financials,stage2_breakout,D,live,False,Stage 2,74.9,47.1,6.4,9.4955,-0.5291,9.9801,1.0,Bull,10.880000114440918,10.9327,9.6208,12.8841,14.5193,12.0,1.49,0,unknown,,,,ok,189997.6458683452,2026-08-17,0.0,10.88,10.94,10.6,True,2026-08-17,False,,False,,0.01,-0.04,open,,,
FVCB@2026-07-27,2026-08-17,FVCB,"FVCBankcorp, Inc. - Common Stock",US,USALL,Financials,stage2_breakout,D,late,False,Stage 2,62.6,50.9,8.7,14.2692,-0.5291,14.8074,1.0,Bull,18.57999992370605,19.3398,17.019,24.2839,28.4231,12.0,2.13,3,event_driven,64.0,True,,ok,1558710.37183635,2026-09-21,5.0,17.98,19.033,17.318,False,,False,,False,,,,watching,-3.12,,
GAM@2026-08-10,2026-08-17,GAM,"General American Investors, Inc. Common Stock",US,USALL,Financials,stage2_breakout,D,live,False,Stage 2,42.7,61.2,16.4,1.868,-0.5291,2.3612,1.0,Bull,67.62000274658203,68.8992,61.7408,80.03,89.302,10.39,1.55,1,unknown,,,,ok,1093758.9973631003,2026-09-21,5.0,64.52,68.57,64.0,False,,False,,False,,,,watching,-4.04,,
GCT@2026-08-03,2026-08-17,GCT,GigaCloud Technology Inc - Class A Ordinary Shares,US,USALL,Information Technology,stage2_breakout,D,late,False,Stage 2,70.0,33.4,5.0,20.664,15.886,3.3261,1.15,Bull,49.650001525878906,57.6111,50.6977,81.46,101.612,12.0,3.45,2,event_driven,80.0,True,,ok,19477511.49166566,2026-09-21,5.0,53.98,55.598,46.01,False,,False,,False,,,,watching,6.26,,
GCV@2026-08-10,2026-08-17,GCV,"Gabelli Convertible and Income Securities Fund, Inc. (The) Common Stock",US,USALL,Financials,stage2_breakout,D,live,False,Stage 2,15.1,49.9,26.2,0.2942,-0.5291,0.7657,1.0,Bull,4.610000133514404,4.8433,4.3768,5.5958,6.2325,9.63,1.61,1,unknown,,,,ok,142323.46391530603,2026-09-21,5.0,4.3,4.6431,4.21,False,,False,,False,,,,watching,-2.88,,
GDRX@2026-08-03,2026-08-17,GDRX,"GoodRx Holdings, Inc. - Class A Common Stock",US,USALL,Health Care,stage2_breakout,D,late,False,Stage 2,67.2,20.0,0.7,6.681,-6.1583,17.3316,0.88,Bull,3.450000047683716,3.9821,3.5042,6.01,7.706,12.0,4.24,2,event_driven,78.0,True,,ok,2760359.9243429424,2026-09-21,5.0,3.35,3.79,3.28,False,,False,,False,,,,watching,-2.05,,
GENC@2026-08-17,2026-08-17,GENC,"Gencor Industries, Inc. Common Stock",US,USALL,Industrials,stage2_breakout,C,late,True,Stage 2,73.8,22.4,1.7,18.2345,46.2778,-19.8719,0.88,Bull,19.020000457763672,19.0018,16.7215,29.872,38.8336,12.0,4.77,0,event_driven,119.0,True,,ok,291822.9198276368,2026-09-21,5.0,17.46,20.19,16.81,True,2026-08-17,False,,False,,0.52,-0.68,open,-9.25,,
GFF@2026-08-03,2026-08-17,GFF,Griffon Corporation Common Stock,US,USALL,Industrials,stage2_breakout,D,late,False,Stage 2,71.0,38.4,9.6,11.4653,46.2778,-24.3006,0.88,Bull,100.5500030517578,110.4955,97.236,149.7987,182.7816,12.0,2.96,2,event_driven,93.0,True,,ok,21531505.67484208,2026-09-21,5.0,98.39,104.0582,91.33,False,,False,,False,,,,watching,-7.35,,
GGB@2026-07-27,2026-08-17,GGB,Gerdau S.A. Common Stock,US,USALL,Materials,stage2_breakout,D,live,False,Stage 2 to 3,10.1,29.4,42.2,2.0214,-6.1583,11.2948,0.88,Bull,4.329999923706055,5.2141,4.5884,7.1687,8.8028,12.0,3.12,3,clear,70.0,False,,ok,51956115.370448686,2026-09-21,5.0,4.85,5.17,4.18,False,,False,,False,,,,watching,13.18,,
GGZ@2026-08-03,2026-08-17,GGZ,Gabelli Global Small and Mid Cap Value Trust (The) Common Shares of Beneficial Interest,US,USALL,Financials,stage2_breakout,D,live,False,Stage 2,25.6,61.5,18.5,0.5965,-0.5291,1.1075,1.0,Bull,16.510000228881836,17.2169,15.6073,19.7313,21.8523,9.35,1.56,2,unknown,,,,thin,90671.4235341161,2026-08-17,0.0,16.51,16.95,16.36,False,,False,,False,,,,watching,,,
GNK@2026-08-17,2026-08-17,GNK,Genco Shipping & Trading Limited Ordinary Shares New (Marshall Islands),US,USALL,Industrials,stage2_breakout,D,late,False,Stage 2,55.6,23.9,12.7,19.9278,46.2778,-18.1235,0.88,Bull,26.520000457763672,26.5034,23.323,34.5291,41.3149,12.0,2.52,0,clear,79.0,False,,ok,5507811.730202982,2026-09-21,5.0,26.09,28.42,25.41,True,2026-08-17,False,,False,,0.6,-0.13,open,5.29,,
GNT@2026-08-17,2026-08-17,GNT,"GAMCO Natural Resources, Gold & Income Trust",US,USALL,Financials,stage2_breakout,D,late,False,Stage 2,70.3,44.2,6.4,10.3814,-0.5291,10.8994,1.0,Bull,9.1899995803833,9.1014,8.0092,10.8337,12.3021,12.0,1.59,0,unknown,,,,ok,555109.5735102078,2026-09-21,5.0,8.78,9.3182,8.6924,True,2026-08-17,False,,False,,0.2,-0.29,open,-1.76,,
GO@2026-08-17,2026-08-17,GO,Grocery Outlet Holding Corp. - Common Stock,US,USALL,Consumer Staples,stage2_breakout,D,failed,False,Stage 1 to 2,29.8,19.9,7.3,-1.3073,-6.5652,7.043,0.88,Bull,11.600000381469728,11.4515,10.0773,16.735,21.167,12.0,3.84,0,event_driven,78.0,True,,ok,17085053.831403427,2026-09-21,5.0,11.07,12.67,10.781,True,2026-08-17,False,,False,,0.89,-0.28,open,-2.89,,
GOF@2026-08-17,2026-08-17,GOF,Guggenheim Strategic Opportunities Fund Common Shares of Beneficial Interest,US,USALL,Financials,stage4_breakdown,C,live,True,Stage 4,-68.1,5.4,54.8,-19.8225,-0.5291,-19.3113,0.88,Bull,9.6899995803833,9.6056,10.7583,7.8673,6.3971,12.0,1.51,0,unknown,,,,ok,9415064.890399504,2026-08-17,0.0,9.69,10.46,8.96,True,2026-08-17,False,,False,,0.56,-0.07,open,,,
GOOS@2026-07-20,2026-08-17,GOOS,Canada Goose Holdings Inc. Subordinate Voting Shares,US,USALL,Consumer Discretionary,stage4_breakdown,C,late,True,Stage 4,-73.1,3.0,60.7,-32.1827,-2.7296,-25.0775,0.88,Bull,8.739999771118164,8.3594,9.3626,3.775,0.214,12.0,4.57,4,clear,80.0,False,,ok,3671173.0115109175,2026-09-21,5.0,7.61,8.78,7.36,True,2026-08-24,False,,False,,1.0,0.75,open,15.84,,
GP@2026-08-10,2026-08-17,GP,GreenPower Motor Company Inc. - Common Shares,US,USALL,Industrials,stage2_breakout,D,failed,False,Stage 2,27.2,9.8,6.1,-4.2185,46.2778,-36.0761,0.88,Bull,1.6399999856948853,1.9077,1.6787,2.944,3.8272,12.0,4.53,1,clear,,False,,thin,133851.87445821924,2026-08-24,1.0,1.25,1.79,1.09,False,,False,,False,,,,watching,,,
GPMT@2026-08-17,2026-08-17,GPMT,Granite Point Mortgage Trust Inc. Common Stock,US,USALL,Real Estate,stage4_breakdown,C,late,True,Stage 4,-83.0,2.6,62.0,-45.662,-5.5469,-41.9237,0.7,Bull,1.1299999952316284,1.129,1.2644,0.4684,0.0293,12.0,4.88,0,clear,80.0,False,,thin,152249.36266225457,2026-08-31,2.0,1.04,1.195,0.99,True,2026-08-17,False,,False,,1.03,0.66,open,,,
GRX@2026-08-17,2026-08-17,GRX,The Gabelli Healthcare & Wellness Trust Common Shares of Beneficial Interest,US,USALL,Financials,stage2_breakout,B,live,True,Stage 1 to 2,38.0,46.1,16.3,1.1538,-0.5291,1.7168,1.0,Bull,10.140000343322754,10.0471,8.8415,11.2635,12.2904,12.0,1.01,0,unknown,,,,ok,138959.4123881135,2026-08-17,0.0,10.14,10.18,9.88,True,2026-08-17,False,,False,,0.11,0.08,open,,,
GSL@2026-07-27,2026-08-17,GSL,Global Ship Lease Inc New Class A Common Shares,US,USALL,Industrials,stage2_breakout,D,late,False,Stage 2,53.4,43.7,11.0,13.4985,46.2778,-22.8005,0.88,Bull,43.83000183105469,44.6647,39.305,54.9092,63.5997,12.0,1.91,3,clear,84.0,False,,ok,8726744.89073506,2026-09-21,5.0,44.33,46.57,42.42,True,2026-08-24,False,,False,,0.36,-0.06,open,4.48,,
GTLB@2026-08-10,2026-08-17,GTLB,GitLab Inc. - Class A Common Stock,US,USALL,Information Technology,stage2_breakout,D,late,False,Stage 2,64.3,36.4,1.5,9.1829,15.886,-6.5549,0.88,Bull,41.66999816894531,44.833,39.453,68.89,88.954,12.0,4.47,1,event_ahead,15.0,False,,ok,105570844.84062555,2026-09-21,5.0,46.845,55.55,40.14,True,2026-08-24,False,,False,,1.99,0.37,open,16.67,,
HE@2026-08-10,2026-08-17,HE,"Hawaiian Electric Industries, Inc. Common Stock",US,USALL,Utilities,stage4_breakdown,C,late,True,Stage 4,-71.3,4.3,75.8,-21.5405,1.0772,-22.3087,0.88,Bull,11.5,11.0809,12.4106,5.2,0.328,12.0,4.42,1,event_driven,88.0,True,,ok,18376001.135796115,2026-09-21,5.0,9.1,11.95,9.0,True,2026-08-31,False,,False,,1.56,1.49,open,16.0,,
HELP@2026-08-17,2026-08-17,HELP,Cybin Inc. - Common Stock,US,USALL,Health Care,stage2_breakout,D,late,False,Stage 2,73.3,16.7,4.0,78.2059,-6.1583,94.8684,0.88,Bull,12.59000015258789,12.3602,10.877,19.24,25.012,12.0,4.64,0,event_driven,87.0,True,,ok,3718451.2528417273,2026-09-21,5.0,12.61,15.15,11.17,True,2026-08-17,False,,False,,1.88,0.17,open,-1.76,,
HEQ@2026-08-17,2026-08-17,HEQ,John Hancock Diversified Income Fund Common Shares of Beneficial Interest,US,USALL,Financials,stage2_breakout,D,live,False,Stage 2,27.9,42.4,22.8,0.726,-0.5291,1.2152,1.0,Bull,11.829999923706056,11.867,11.0862,13.3069,14.5204,6.58,1.84,0,unknown,,,,ok,313736.5879837927,2026-08-17,0.0,11.83,11.86,11.68,False,,False,,False,,,,watching,,,
HG@2026-07-20,2026-08-17,HG,"Hamilton Insurance Group, Ltd. Class B Common Shares",US,USALL,Financials,stage2_breakout,D,live,False,Stage 2,53.5,45.1,11.7,12.8387,-0.5291,13.2972,1.0,Bull,34.959999084472656,37.792,33.257,50.276,60.6487,12.0,2.75,4,clear,78.0,False,,ok,10773525.883375231,2026-09-21,5.0,33.29,36.75,32.98,False,,False,,False,,,,watching,0.0,,
HGBL@2026-08-03,2026-08-17,HGBL,Heritage Global Inc. - Common Stock,US,USALL,Financials,stage4_breakdown,C,live,True,Stage 4,-56.5,1.8,36.3,-22.9994,-0.5291,-22.4328,0.88,Bull,1.149999976158142,0.9833,1.1013,0.55,0.182,12.0,3.67,2,clear,80.0,False,,thin,69045.93298749081,2026-09-21,5.0,1.33,1.43,1.07,False,,False,,False,,,,watching,-15.29,,
HMC@2026-08-17,2026-08-17,HMC,"Honda Motor Company, Ltd. Common Stock",US,USALL,Consumer Discretionary,stage2_breakout,D,late,False,Stage 2,55.2,42.2,4.5,4.3709,-2.7296,14.7911,1.0,Bull,33.369998931884766,33.2454,29.2559,42.45,50.13,12.0,2.31,0,clear,80.0,False,,ok,32616625.96141962,2026-09-21,5.0,32.93,33.45,31.05,True,2026-08-17,False,,False,,0.05,-0.08,open,-3.57,,
HNST@2026-08-03,2026-08-17,HNST,"The Honest Company, Inc. - Common Stock",US,USALL,Consumer Staples,stage2_breakout,D,late,False,Stage 2,82.0,15.9,2.3,40.2788,-6.5652,49.5673,0.88,Bull,5.050000190734863,5.9673,5.2512,9.344,12.1472,12.0,4.72,2,event_driven,79.0,True,,ok,3729619.0849568113,2026-09-07,3.0,5.41,6.01,4.63,True,2026-08-31,True,2026-09-07,False,,0.06,-0.78,stopped out,,,
HNVR@2026-08-03,2026-08-17,HNVR,"Hanover Bancorp, Inc. - Common Stock",US,USALL,Financials,stage2_breakout,D,late,False,Stage 2,67.9,47.5,3.4,8.42,-0.5291,9.0061,1.0,Bull,27.059999465942383,28.0576,24.6907,35.4008,41.5495,12.0,2.18,2,clear,73.0,False,,ok,605666.722177637,2026-09-21,5.0,26.51,27.94,26.06,False,,False,,False,,,,watching,-1.6,,
HP@2026-08-10,2026-08-17,HP,"Helmerich & Payne, Inc. Common Stock",US,USALL,Energy,stage2_breakout,D,late,False,Stage 2,76.0,45.8,7.1,26.3618,-2.178,,1.0,Bull,43.54999923706055,45.2445,39.8152,58.5707,69.907,12.0,2.45,1,event_driven,91.0,True,,ok,30652775.326844085,2026-09-21,5.0,38.57,48.17,38.55,True,2026-08-31,True,2026-09-21,False,,0.54,-1.23,stopped out,-6.25,,
HQI@2026-08-10,2026-08-17,HQI,"HireQuest, Inc. - Common Stock",US,USALL,Industrials,stage2_breakout,D,late,False,Stage 2,75.3,11.8,5.7,44.0775,46.2778,-1.4943,0.88,Bull,17.139999389648438,19.431,17.0993,28.414,35.9373,12.0,3.85,1,event_driven,80.0,True,,thin,134710.15986376483,2026-09-21,5.0,20.04,20.23,14.575,True,2026-09-21,True,2026-09-21,False,,0.34,0.26,stopped out,1.42,,
HRTG@2026-08-03,2026-08-17,HRTG,"Heritage Insurance Holdings, Inc. Common Stock",US,USALL,Financials,stage2_breakout,D,late,False,Stage 2,72.1,37.1,4.0,16.2397,-0.5291,16.917,1.0,Bull,33.84000015258789,37.1865,32.7241,52.52,65.336,12.0,3.44,2,event_driven,79.0,True,,ok,6277546.901601434,2026-09-21,5.0,33.27,35.626,32.44,False,,False,,False,,,,watching,1.7,,
HSHP@2026-07-20,2026-08-17,HSHP,Himalaya Shipping Ltd. Common Shares,US,USALL,Industrials,stage2_breakout,D,late,False,Stage 2,60.8,17.8,11.6,38.1078,46.2778,-4.9149,0.88,Bull,16.59000015258789,16.3723,14.4076,23.7611,29.9248,12.0,3.76,4,clear,86.0,False,,ok,3212406.934821331,2026-09-21,5.0,17.54,19.55,15.1709,True,2026-08-17,False,,False,,1.62,0.59,open,16.14,,
HVT@2026-08-03,2026-08-17,HVT,"Haverty Furniture Companies, Inc. Common Stock",US,USALL,Consumer Discretionary,stage2_breakout,C,late,True,Stage 2,62.8,36.7,6.8,8.0258,-2.7296,18.3028,1.0,Bull,27.052391052246094,29.9483,26.3545,40.1305,48.6564,12.0,2.83,2,event_driven,72.0,True,,ok,1652341.9026780047,2026-09-21,5.0,27.95,28.81,26.59,False,,False,,False,,,,watching,0.84,,
ICUI@2026-08-03,2026-08-17,ICUI,"ICU Medical, Inc. - Common Stock",US,USALL,Health Care,stage2_breakout,D,late,False,Stage 2,73.7,27.0,5.7,18.9713,-6.1583,30.226,0.88,Bull,182.83999633789065,195.8903,172.3835,275.3869,341.4165,12.0,3.38,2,event_driven,80.0,True,,ok,27860378.655153416,2026-09-21,5.0,164.95,189.3,151.33,False,,False,,False,,,,watching,-18.05,,
IIIV@2026-08-10,2026-08-17,IIIV,"i3 Verticals, Inc. - Common Stock",US,USALL,Information Technology,stage4_breakdown,C,late,True,Stage 4,-77.6,1.0,54.8,-37.3582,15.886,-46.6649,0.88,Bull,16.68000030517578,15.4591,17.3142,6.61,0.4,12.0,4.77,1,event_driven,94.0,True,,ok,5332408.007561162,2026-09-21,5.0,14.88,17.12,14.17,True,2026-09-07,False,,False,,0.69,0.31,open,12.09,,
IMMR@2026-07-27,2026-08-17,IMMR,Immersion Corporation - Common Stock,US,USALL,,stage2_breakout,C,late,True,Stage 2,63.8,46.6,2.5,5.9307,,,1.0,Bull,7.510000228881836,8.1965,7.2129,10.9697,13.3054,12.0,2.82,3,event_driven_and_ahead,28.0,True,,ok,2309968.4712241027,2026-09-21,5.0,7.28,7.9,7.04,False,,False,,False,,,,watching,-4.08,,
IMMX@2026-08-17,2026-08-17,IMMX,"Immix Biopharma, Inc. - Common Stock",US,USALL,,stage2_breakout,D,late,False,Stage 2,78.5,18.7,6.5,81.6918,,,1.0,Bull,13.65999984741211,12.563,11.0554,19.424,25.2512,12.0,4.55,0,clear,81.0,False,,ok,7770877.934032777,2026-08-17,0.0,13.66,13.76,10.74,True,2026-08-17,True,2026-08-17,False,,0.79,0.73,stopped out,,,
IMUX@2026-08-10,2026-08-17,IMUX,"Immunic, Inc.  - Common Stock",US,USALL,,stage2_breakout,D,late,False,Stage 2,83.2,36.9,8.1,49.5933,,,1.0,Bull,16.5,17.3865,15.3001,26.9792,35.073,12.0,4.6,1,event_driven,87.0,True,,ok,2133954.7047539684,2026-08-24,1.0,15.4,17.43,15.0,True,2026-08-17,True,2026-08-24,False,,0.02,-0.95,stopped out,,,
INFU@2026-08-03,2026-08-17,INFU,"InfuSystems Holdings, Inc. Common Stock",US,USALL,,stage2_breakout,D,late,False,Stage 2,74.4,33.0,4.5,17.0229,,,1.0,Bull,12.210000038146973,13.2442,11.6549,20.752,26.9776,12.0,4.72,2,event_driven,78.0,True,,ok,950313.9975728224,2026-09-21,5.0,12.71,13.2,11.79,False,,False,,False,,,,watching,5.11,,
ING@2026-08-03,2026-08-17,ING,"ING Group, N.V. Common Stock",US,USALL,,stage2_breakout,D,late,False,Stage 2,74.5,49.3,6.6,15.8089,,,1.0,Bull,34.84000015258789,36.2491,31.8992,48.1483,57.971,12.0,2.74,2,event_driven,73.0,True,,ok,57905309.643319525,2026-09-21,5.0,36.55,37.52,34.5,True,2026-08-31,False,,False,,0.29,0.07,open,4.38,,
INMB@2026-08-17,2026-08-17,INMB,INmune Bio Inc. - Common stock,US,USALL,,stage2_breakout,D,late,False,Stage 2,70.4,29.0,2.1,29.0562,,,1.0,Bull,2.319999933242798,2.2729,2.0002,3.31,4.198,12.0,3.8,0,clear,73.0,False,,thin,418507.0744128844,2026-09-14,4.0,2.33,2.6,1.965,True,2026-08-17,True,2026-09-14,False,,1.2,0.21,stopped out,0.43,,
INSW@2026-07-27,2026-08-17,INSW,"International Seaways, Inc. Common Stock",US,USALL,,stage2_breakout,D,late,False,Stage 2,68.2,13.8,11.3,44.7651,,,1.0,Bull,99.5199966430664,99.9964,87.9969,145.619,183.5279,12.0,3.8,3,clear,80.0,False,,ok,32161803.11506444,2026-09-21,5.0,105.64,113.14,88.6441,True,2026-08-31,False,,False,,1.1,0.47,open,16.0,,
IOR@2026-07-20,2026-08-17,IOR,"Income Opportunity Realty Investors, Inc. Common Stock",US,USALL,,stage2_breakout,D,failed,True,Stage 2 to 3,11.8,40.0,25.7,-0.7822,,,1.0,Bull,20.020000457763672,21.7396,19.1309,26.49,30.442,12.0,1.82,4,unknown,,,,untradeable,6163.829753619095,2026-09-21,5.0,18.23,20.02,17.0,False,,False,,False,,,,watching,-16.35,,
IOSP@2026-08-03,2026-08-17,IOSP,Innospec Inc. - Common Stock,US,USALL,,stage2_breakout,D,late,False,Stage 2,70.9,69.1,1.6,8.5904,,,1.0,Bull,93.62999725341795,95.8123,84.3148,124.5924,148.5304,12.0,2.5,2,event_driven,78.0,True,,ok,11039399.242653454,2026-09-21,5.0,98.72,98.77,91.0,True,2026-08-24,False,,False,,0.26,0.25,open,-0.51,,
IOT@2026-08-03,2026-08-17,IOT,Samsara Inc. Class A Common Stock,US,USALL,,stage2_breakout,D,late,False,Stage 2,57.9,53.4,3.8,4.5144,,,1.0,Bull,39.93999862670898,43.1095,37.9363,60.62,75.516,12.0,3.38,2,event_ahead,17.0,False,,ok,139862948.8823238,2026-08-31,2.0,40.2,45.12,36.665,True,2026-08-31,True,2026-08-31,False,,0.39,-0.56,stopped out,,,
IOVA@2026-08-17,2026-08-17,IOVA,"Iovance Biotherapeutics, Inc. - Common Stock",US,USALL,,stage2_breakout,D,late,False,Stage 2,81.3,16.3,6.5,126.6789,,,1.0,Bull,8.289999961853027,7.2556,6.385,11.2,14.56,12.0,4.53,0,clear,80.0,False,,ok,41210872.50475369,2026-09-21,5.0,11.0,11.13,6.7,True,2026-08-17,False,,False,,4.45,4.3,open,21.22,,
ISBA@2026-07-20,2026-08-17,ISBA,Isabella Bank Corporation - Common stock,US,USALL,,stage4_breakdown,C,live,True,Stage 4,-45.7,9.6,36.4,-13.7713,,,1.0,Bull,39.93000030517578,34.5952,38.7466,16.5227,1.3328,12.0,4.35,4,event_driven,,True,,ok,1098273.687939891,2026-09-21,5.0,38.45,42.42,36.85,False,,False,,False,,,,watching,3.52,,
ITGR@2026-08-03,2026-08-17,ITGR,Integer Holdings Corporation Common Stock,US,USALL,,stage2_breakout,D,late,False,Stage 2,87.8,38.3,1.5,26.8963,,,1.0,Bull,125.1999969482422,127.7056,112.3809,197.8869,255.2845,12.0,4.58,2,event_driven,73.0,True,,ok,35807495.659881935,2026-09-21,5.0,126.34,126.8,124.84,False,,False,,False,,,,watching,0.86,,
IZEA@2026-08-17,2026-08-17,IZEA,"IZEA Worldwide, Inc. - Common Stock",US,USALL,,stage4_breakdown,C,late,True,Stage 4,-75.6,2.9,61.9,-32.8877,,,1.0,Bull,2.990000009536743,2.9106,3.2599,1.2,0.075,12.0,4.9,0,clear,86.0,False,,thin,140860.36861013318,2026-09-21,5.0,2.59,3.17,2.51,True,2026-08-24,False,,False,,1.15,0.92,open,12.64,,
JAKK@2026-07-27,2026-08-17,JAKK,"JAKKS Pacific, Inc. - Common Stock",US,USALL,,stage2_breakout,D,late,False,Stage 2,60.8,31.4,10.8,17.0824,,,1.0,Bull,25.479999542236328,27.6894,24.3666,37.6687,46.0276,12.0,3.0,3,event_driven,73.0,True,,ok,979338.036768386,2026-09-21,5.0,25.26,26.35,23.48,False,,False,,False,,,,watching,-4.46,,
JBGS@2026-08-03,2026-08-17,JBGS,JBG SMITH Properties Common Shares,US,USALL,,stage4_breakdown,C,late,True,Stage 4,-75.8,1.6,51.0,-30.1984,,,1.0,Bull,12.5,10.4772,11.7345,4.308,0.2693,12.0,4.91,2,clear,78.0,False,,ok,5902852.296884656,2026-09-21,5.0,10.53,12.77,10.32,True,2026-09-21,False,,False,,0.13,-0.04,open,10.71,,
JCTC@2026-08-03,2026-08-17,JCTC,Jewett-Cameron Trading Company - Common Shares,US,USALL,,stage2_breakout,D,late,False,Stage 2,71.4,22.9,0.0,9.8851,,,1.0,Bull,2.940000057220459,3.285,2.8908,4.9877,6.4178,12.0,4.32,2,unknown,,,,thin,33446.47485123749,2026-08-17,0.0,2.94,3.32,2.87,True,2026-08-17,True,2026-08-17,False,,0.09,-0.88,stopped out,,,
JHX@2026-08-10,2026-08-17,JHX,James Hardie Industries plc. Ordinary Shares,US,USALL,,stage2_breakout,D,late,False,Stage 2,77.2,42.6,4.5,24.9841,,,1.0,Bull,30.43000030517578,31.9124,28.0829,50.176,65.2288,12.0,4.77,1,clear,80.0,False,,ok,110557604.06773166,2026-09-21,5.0,26.1,31.43,25.33,False,,False,,False,,,,watching,-16.43,,
JILL@2026-08-17,2026-08-17,JILL,"J. Jill, Inc. Common Stock",US,USALL,,stage2_breakout,D,late,False,Stage 2,74.6,25.9,2.5,20.5084,,,1.0,Bull,20.209999084472656,19.8052,17.4286,28.5166,35.8179,12.0,3.67,0,event_ahead,23.0,False,,ok,649829.2607314528,2026-09-21,5.0,24.63,24.73,18.1911,True,2026-08-17,False,,False,,2.07,2.03,open,16.94,,
JOF@2026-08-10,2026-08-17,JOF,Japan Smaller Capitalization Fund Inc Common Stock,US,USALL,,stage2_breakout,D,live,False,Stage 2,66.1,75.4,6.9,6.418,,,1.0,Bull,12.420000076293944,12.7549,11.2244,15.242,17.3316,12.0,1.62,1,unknown,,,,ok,631542.1907375768,2026-09-21,5.0,12.66,12.7507,12.0362,False,,False,,False,,0.06,-0.13,watching,0.21,,
JXN@2026-08-03,2026-08-17,JXN,Jackson Financial Inc. Class A Common Stock,US,USALL,,stage2_breakout,D,late,False,Stage 2,66.9,41.5,7.2,11.1389,,,1.0,Bull,129.8800048828125,140.0119,123.2105,176.1844,206.74,12.0,2.15,2,event_driven,78.0,True,,ok,49774107.10424839,2026-09-21,5.0,133.12,140.325,123.97,True,2026-09-14,False,,False,,0.02,-0.41,open,2.78,,
KIDS@2026-08-17,2026-08-17,KIDS,OrthoPediatrics Corp. - Common Stock,US,USALL,,stage2_breakout,D,late,False,Stage 2,74.6,19.2,3.0,27.9229,,,1.0,Bull,25.64999961853028,25.8708,22.7663,40.56,52.728,12.0,4.73,0,clear,72.0,False,,ok,2148236.128875305,2026-08-31,2.0,22.41,26.74,21.93,True,2026-08-17,True,2026-08-31,False,,0.28,-1.11,stopped out,,,
KMT@2026-08-17,2026-08-17,KMT,Kennametal Inc. Common Stock,US,USALL,,stage4_breakdown,D,late,False,Stage 4,-60.9,10.4,70.5,-12.0771,,,1.0,Bull,29.959999084472656,29.3196,32.8379,16.415,5.459,12.0,3.67,0,clear,79.0,False,,ok,31376736.20093564,2026-09-21,5.0,31.03,31.84,28.74,True,2026-08-24,False,,False,,0.16,-0.49,open,0.64,,
KNTK@2026-08-17,2026-08-17,KNTK,Kinetik Holdings Inc. Class A Common Stock,US,USALL,,stage2_breakout,D,late,False,Stage 2,78.3,33.7,7.4,18.7221,,,1.0,Bull,54.5,54.9806,48.3829,71.9575,86.2274,12.0,2.57,0,clear,79.0,False,,ok,35653279.13807229,2026-09-21,5.0,51.21,56.92,50.92,True,2026-08-17,False,,False,,0.29,-0.57,open,-1.85,,
KOP@2026-07-20,2026-08-17,KOP,Koppers Holdings Inc. Common Stock,US,USALL,,stage2_breakout,D,live,False,Stage 2,54.1,30.8,15.9,16.6619,,,1.0,Bull,45.18999862670898,53.9195,47.4492,78.167,98.3006,12.0,3.75,4,clear,81.0,False,,ok,5424907.5867478335,2026-09-21,5.0,46.27,47.94,44.0742,False,,False,,False,,,,watching,0.5,,
KRMD@2026-08-03,2026-08-17,KRMD,"KORU Medical Systems, Inc. - Common Stock",US,USALL,,stage4_breakdown,C,late,True,Stage 4,-81.6,1.7,87.2,-34.5428,,,1.0,Bull,3.2100000381469727,3.0948,3.4662,1.284,0.0803,12.0,4.88,2,event_driven,86.0,True,,thin,395654.802096237,2026-09-21,5.0,3.21,3.43,2.99,True,2026-09-14,False,,False,,0.28,-0.31,open,-0.62,,
KRO@2026-08-03,2026-08-17,KRO,Kronos Worldwide Inc Common Stock,US,USALL,,stage2_breakout,D,late,False,Stage 2,77.7,27.7,7.5,26.8387,,,1.0,Bull,8.199999809265137,9.1244,8.0295,13.024,16.3232,12.0,3.56,2,event_driven,80.0,True,,ok,1489449.0161541535,2026-09-21,5.0,8.25,9.1175,7.7554,False,,False,,False,,0.04,-0.3,watching,-1.77,,
KWY@2026-07-20,2026-08-17,KWY,Kingsway Corporation Common Stock,US,USALL,,stage4_breakdown,C,live,True,Stage 4,-36.8,14.2,31.9,-21.3123,,,1.0,Bull,10.420000076293944,8.1672,9.1473,3.364,0.2102,12.0,4.9,4,clear,80.0,False,,ok,499544.849273105,2026-09-21,5.0,9.03,10.89,8.9592,False,,False,,False,,,,watching,7.57,,
KYN@2026-07-20,2026-08-17,KYN,"Kayne Anderson Energy Infrastructure Fund, Inc.",US,USALL,,stage2_breakout,D,live,False,Stage 2,39.4,52.9,25.0,4.8261,,,1.0,Bull,14.609999656677246,15.2317,13.4039,18.3897,21.0398,12.0,1.73,4,clear,,False,,ok,3684248.626267767,2026-09-21,5.0,13.83,15.0378,13.78,False,,False,,False,,,,watching,-0.63,,
LAND@2026-07-27,2026-08-17,LAND,Gladstone Land Corporation - Common Stock,US,USALL,,stage4_breakdown,C,live,True,Stage 4,-51.9,5.8,54.1,-14.6135,,,1.0,Bull,8.649999618530273,7.7432,8.6724,3.1499,0.1969,12.0,4.94,3,clear,80.0,False,,ok,3770154.03002374,2026-09-21,5.0,9.48,9.9402,8.1094,False,,False,,False,,,,watching,-8.63,,
LB@2026-08-17,2026-08-17,LB,LandBridge Company LLC Class A Shares Representing Limited Liability Company Interests,US,USALL,,stage2_breakout,D,late,False,Stage 2,77.8,22.2,7.8,26.9054,,,1.0,Bull,89.5884780883789,90.0095,79.2084,140.6093,182.7921,12.0,4.68,0,clear,84.0,False,,ok,18729943.79473012,2026-08-17,0.0,89.5885,91.5658,78.0192,True,2026-08-17,True,2026-08-17,False,,0.14,-0.04,stopped out,,,
LBTYA@2026-07-20,2026-08-17,LBTYA,Liberty Global Ltd. - Class A Common Shares,US,USALL,,stage4_breakdown,C,live,True,Stage 3 to 4,-34.1,22.1,43.5,-15.0763,,,1.0,Bull,10.649999618530272,9.2321,10.34,5.34,2.068,12.0,3.51,4,event_driven,73.0,True,,ok,16842947.052586984,2026-09-21,5.0,9.45,10.95,9.28,False,,False,,False,,,,watching,7.61,,
LBTYK@2026-07-20,2026-08-17,LBTYK,Liberty Global Ltd. - Class C Common Shares,US,USALL,,stage4_breakdown,C,live,True,Stage 4,-35.6,21.5,45.2,-15.9114,,,1.0,Bull,10.40999984741211,9.1091,10.2022,5.48,2.424,12.0,3.32,4,clear,73.0,False,,ok,10364829.724670526,2026-09-21,5.0,9.26,10.67,9.03,True,2026-09-21,False,,False,,0.07,-0.14,open,7.58,,
LGL@2026-08-17,2026-08-17,LGL,"LGL Group, Inc. (The) Common Stock",US,USALL,,stage2_breakout,D,live,False,Stage 2,53.2,53.2,16.9,2.9541,,,1.0,Bull,7.599999904632568,7.6697,6.7494,9.5085,11.0592,12.0,2.0,0,event_driven,,True,,thin,40497.9303661459,2026-09-07,3.0,6.78,7.88,6.67,True,2026-08-17,True,2026-09-07,False,,0.23,-0.97,stopped out,,,
LKQ@2026-07-27,2026-08-17,LKQ,LKQ Corporation - Common Stock,US,USALL,,stage4_breakdown,C,live,True,Stage 4,-56.3,4.5,33.8,-18.4124,,,1.0,Bull,25.770000457763672,20.377,22.8222,8.3698,0.5231,12.0,4.91,3,event_driven,73.0,True,,ok,52490468.00114368,2026-09-21,5.0,23.29,26.28,22.43,False,,False,,False,,,,watching,10.08,,
LOMA@2026-08-10,2026-08-17,LOMA,Loma Negra Compania Industrial Argentina Sociedad Anonima ADS,US,USALL,,stage4_breakdown,C,late,True,Stage 4,-71.5,3.1,71.4,-20.8824,,,1.0,Bull,9.3100004196167,8.9542,10.0287,3.692,0.2307,12.0,4.9,1,event_driven,80.0,True,,ok,3215357.9514955943,2026-09-21,5.0,9.35,10.56,9.06,False,,False,,False,,,,watching,-2.13,,
LPG@2026-08-17,2026-08-17,LPG,Dorian LPG Ltd. Common Stock,US,USALL,,stage2_breakout,D,late,False,Stage 2,87.1,18.6,6.9,44.9832,,,1.0,Bull,51.130001068115234,48.89,43.0232,70.4278,88.4701,12.0,3.67,0,clear,80.0,False,,ok,16280909.252244717,2026-09-21,5.0,53.43,59.97,47.17,True,2026-08-17,False,,False,,1.89,0.77,open,12.87,,
LW@2026-07-27,2026-08-17,LW,"Lamb Weston Holdings, Inc. Common Stock",US,USALL,,stage2_breakout,D,failed,False,Stage 2,43.9,62.2,5.1,-0.3344,,,1.0,Bull,53.68000030517578,56.1522,49.4139,73.5513,88.1656,12.0,2.58,3,event_driven,44.0,True,,ok,53984240.84305276,2026-09-21,5.0,43.58,55.7,43.54,False,,False,,False,,,,watching,-13.99,,
MAKO@2026-08-17,2026-08-17,MAKO,Mako Mining Corp - Common Stock,US,USALL,,stage2_breakout,D,late,False,Stage 2,75.7,16.5,6.5,42.1428,,,1.0,Bull,10.539999961853027,10.5377,9.2732,14.97,18.722,12.0,3.51,0,clear,94.0,False,,ok,788747.9170732934,2026-09-21,5.0,9.98,11.1,9.44,True,2026-08-17,False,,False,,0.44,-0.44,open,0.0,,
MASS@2026-08-17,2026-08-17,MASS,908 Devices Inc. - Common Stock,US,USALL,,stage2_breakout,D,late,False,Stage 2,79.0,20.6,4.5,36.847,,,1.0,Bull,10.68000030517578,10.781,9.4873,16.2669,20.8645,12.0,4.24,0,event_driven,85.0,True,,ok,1340927.847756818,2026-09-07,3.0,9.52,11.249,9.32,True,2026-08-24,True,2026-09-07,False,,0.36,-0.97,stopped out,,,
MATW@2026-08-17,2026-08-17,MATW,Matthews International Corporation - Class A Common Stock,US,USALL,,stage4_breakdown,C,late,True,Stage 4,-68.0,2.5,66.8,-22.7643,,,1.0,Bull,21.270000457763672,21.9423,24.5753,13.1009,5.6091,12.0,3.36,0,clear,94.0,False,,ok,4565246.621916743,2026-09-21,5.0,18.95,23.35,18.94,True,2026-08-17,False,,False,,1.14,1.14,open,3.78,,
MBI@2026-07-27,2026-08-17,MBI,MBIA Inc. Common Stock,US,USALL,,stage4_breakdown,C,late,True,Stage 4,-76.2,0.1,69.6,-31.9855,,,1.0,Bull,4.900000095367432,4.6971,5.2607,2.7,0.988,12.0,3.54,3,clear,78.0,False,,ok,1545318.636467226,2026-09-21,5.0,4.39,5.18,4.33,True,2026-08-31,False,,False,,0.65,0.54,open,10.99,,
MBIN@2026-07-27,2026-08-17,MBIN,Merchants Bancorp - Common Stock,US,USALL,,stage2_breakout,D,late,False,Stage 2,85.2,52.7,8.0,22.2194,,,1.0,Bull,54.68999862670898,57.7239,50.7971,79.6392,97.8546,12.0,3.16,3,event_driven,71.0,True,,ok,5909316.154768928,2026-09-21,5.0,52.1,55.8741,50.895,False,,False,,False,,,,watching,-4.7,,
MDWD@2026-08-17,2026-08-17,MDWD,MediWound Ltd. - Ordinary Shares,US,USALL,,stage4_breakdown,C,late,True,Stage 4,-75.3,12.1,47.2,-28.1978,,,1.0,Bull,13.210000038146973,13.1091,14.6822,8.07,3.806,12.0,3.2,0,event_driven,94.0,True,,ok,863384.2340758409,2026-09-21,5.0,13.84,14.07,12.52,True,2026-08-17,False,,False,,0.37,-0.46,open,-1.43,,
MFIN@2026-08-17,2026-08-17,MFIN,Medallion Financial Corp. - Common Stock,US,USALL,,stage2_breakout,D,late,False,Stage 2,68.4,38.7,5.7,10.6339,,,1.0,Bull,11.68000030517578,11.605,10.2124,15.2159,18.2455,12.0,2.59,0,clear,72.0,False,,ok,413539.77905133145,2026-09-21,5.0,11.96,12.26,11.04,True,2026-08-17,False,,False,,0.47,0.25,open,2.54,,
MGA@2026-08-17,2026-08-17,MGA,"Magna International, Inc. Common Stock",US,USALL,,stage2_breakout,D,late,False,Stage 2,78.5,39.9,6.5,19.2541,,,1.0,Bull,73.05000305175781,72.4764,63.7792,93.2612,110.7094,12.0,2.39,0,clear,74.0,False,,ok,60118515.17707491,2026-08-31,2.0,68.87,73.22,62.96,True,2026-08-17,True,2026-08-31,False,,0.09,-0.41,stopped out,,,
MHK@2026-08-10,2026-08-17,MHK,"Mohawk Industries, Inc. Common Stock",US,USALL,,stage2_breakout,D,late,False,Stage 2,65.3,50.8,0.9,6.9954,,,1.0,Bull,136.22000122070312,142.7688,125.6366,187.61,225.458,12.0,2.62,1,clear,73.0,False,,ok,64409483.76911612,2026-09-21,5.0,125.16,139.66,116.45,False,,False,,False,,,,watching,-7.73,,
MIR@2026-07-27,2026-08-17,MIR,"Mirion Technologies, Inc. Class A Common Stock",US,USALL,,stage4_breakdown,C,late,True,Stage 4,-81.8,5.1,62.5,-36.5871,,,1.0,Bull,14.81999969482422,13.6387,15.2753,5.644,0.3527,12.0,4.88,3,event_driven,71.0,True,,ok,46030087.99469824,2026-09-21,5.0,15.59,17.315,14.23,False,,False,,False,,,,watching,-6.15,,
MITT@2026-08-10,2026-08-17,MITT,"TPG Mortgage Investment Trust, Inc. Common Stock",US,USALL,,stage4_breakdown,C,live,True,Stage 4,-73.2,0.6,60.4,-17.3163,,,1.0,Bull,6.710000038146973,5.8212,6.5198,2.953,0.5714,12.0,4.11,1,event_driven,78.0,True,,ok,1081648.647764228,2026-09-21,5.0,6.11,6.85,6.0699,False,,False,,False,,,,watching,6.15,,
MLAB@2026-08-17,2026-08-17,MLAB,"Mesa Laboratories, Inc. - Common Stock",US,USALL,,stage2_breakout,D,late,False,Stage 2,73.7,23.0,6.5,30.5343,,,1.0,Bull,124.76000213623048,118.5969,104.3653,160.0803,195.7285,12.0,2.91,0,event_driven,80.0,True,,ok,10026366.27134616,2026-08-17,0.0,124.76,124.89,103.94,True,2026-08-17,True,2026-08-17,False,,0.44,0.43,stopped out,,,
MLKN@2026-08-03,2026-08-17,MLKN,"MillerKnoll, Inc. - Common Stock",US,USALL,,stage2_breakout,D,late,False,Stage 2,62.5,36.8,2.3,15.8165,,,1.0,Bull,23.030000686645508,25.197,22.1734,35.7379,44.5602,12.0,3.49,2,clear,36.0,False,,ok,9539982.440655785,2026-09-21,5.0,20.06,23.8377,19.26,False,,False,,False,,,,watching,-10.06,,
MLPB@2026-08-10,2026-08-17,MLPB,"ETRACS Alerian MLP Infrastructure Index ETN Series B due April 2, 2040",US,USALL,,stage2_breakout,D,live,False,Stage 2,56.6,59.5,12.2,6.1411,,,1.0,Bull,31.003999710083008,31.2959,27.5404,36.8686,41.501,12.0,1.48,1,unknown,,,,thin,89703.62906405455,2026-08-17,0.0,31.004,31.38,30.8,True,2026-08-17,False,,False,,0.02,-0.08,open,,,
MPT@2026-08-10,2026-08-17,MPT,"Medical Properties Trust, Inc. common stock",US,USALL,,stage4_breakdown,C,late,True,Stage 4,-70.0,2.8,74.7,-22.7194,,,1.0,Bull,4.119999885559082,3.904,4.3724,1.596,0.0998,12.0,4.93,1,event_driven,73.0,True,,ok,18979361.76481054,2026-09-21,5.0,3.57,4.1031,3.36,True,2026-08-17,False,,False,,1.16,0.71,open,16.87,,
MSB@2026-07-20,2026-08-17,MSB,Mesabi Trust Common Stock,US,USALL,,stage4_breakdown,C,late,True,Stage 4,-68.0,11.9,56.7,-31.0452,,,1.0,Bull,22.770000457763672,20.9076,23.4165,8.6208,0.5388,12.0,4.9,4,clear,,False,,ok,817838.6370754186,2026-09-21,5.0,19.12,25.31,18.73,True,2026-09-14,False,,False,,0.87,0.71,open,11.48,,
MT@2026-08-03,2026-08-17,MT,Arcelor Mittal NY Registry Shares NEW,US,USALL,,stage2_breakout,D,late,False,Stage 2,67.6,42.6,8.7,24.962,,,1.0,Bull,72.19999694824219,76.9119,67.6824,104.1614,126.9626,12.0,2.95,2,event_driven,80.0,True,,ok,79590830.41647908,2026-09-21,5.0,70.7,79.68,69.29,True,2026-08-31,False,,False,,0.3,-0.67,open,0.46,,
MTA@2026-08-17,2026-08-17,MTA,Metalla Royalty & Streaming Ltd. Common Shares,US,USALL,,stage2_breakout,D,late,False,Stage 2,68.2,18.3,11.4,38.686,,,1.0,Bull,11.140000343322754,10.2366,9.0082,14.01,17.234,12.0,3.07,0,event_driven,87.0,True,,ok,2385922.702521133,2026-09-21,5.0,10.07,11.6,9.415,True,2026-08-17,False,,False,,1.11,-0.14,open,-9.01,,
MTW@2026-08-10,2026-08-17,MTW,"Manitowoc Company, Inc. (The) Common Stock",US,USALL,,stage2_breakout,D,late,False,Stage 2,76.0,19.4,6.5,41.5654,,,1.0,Bull,19.68000030517578,21.7837,19.1696,31.62,39.844,12.0,3.76,1,event_driven,79.0,True,,ok,2262179.9221373703,2026-09-21,5.0,22.14,23.17,18.57,True,2026-09-14,False,,False,,0.53,0.14,open,12.72,,
MYO@2026-08-10,2026-08-17,MYO,Myomo Inc. Common Stock,US,USALL,,stage2_breakout,D,late,False,Stage 2,72.1,31.2,6.5,63.786,,,1.0,Bull,1.7300000190734863,1.8343,1.6142,2.832,3.6816,12.0,4.53,1,event_driven,84.0,True,,thin,306152.92263266287,2026-08-17,0.0,1.73,1.885,1.52,True,2026-08-17,True,2026-08-17,False,,0.23,-0.47,stopped out,,,
NAT@2026-08-17,2026-08-17,NAT,Nordic American Tankers Limited Common Stock,US,USALL,,stage2_breakout,D,late,False,Stage 2,68.5,19.6,10.7,40.6461,,,1.0,Bull,6.96999979019165,6.9511,6.1169,9.9584,12.4691,12.0,3.61,0,event_ahead,10.0,False,,ok,15550313.942492943,2026-09-21,5.0,7.72,8.33,6.1719,True,2026-08-31,False,,False,,1.65,0.92,open,20.64,,
NATR@2026-08-17,2026-08-17,NATR,"Nature's Sunshine Products, Inc. - Common Stock",US,USALL,,stage4_breakdown,C,late,True,Stage 4,-76.0,1.5,69.0,-38.2232,,,1.0,Bull,14.34000015258789,14.4894,16.2282,5.992,0.3745,12.0,4.89,0,clear,84.0,False,,ok,1863343.633552096,2026-09-21,5.0,12.92,15.05,12.72,True,2026-08-17,False,,False,,1.02,0.9,open,9.66,,
NBBK@2026-07-27,2026-08-17,NBBK,"NB Bancorp, Inc. - Common Stock",US,USALL,,stage2_breakout,D,failed,True,Stage 2 to 3,3.8,36.5,26.2,-0.583,,,1.0,Bull,21.979999542236328,23.7753,20.9223,28.5497,32.6134,12.0,1.67,3,event_driven,65.0,True,,ok,4424096.35095647,2026-09-21,5.0,22.6,23.25,21.329,False,,False,,False,,,,watching,3.58,,
NC@2026-08-03,2026-08-17,NC,"NACCO Industries, Inc. Common Stock",US,USALL,,stage4_breakdown,C,late,True,Stage 4,-68.1,3.6,77.4,-21.3336,,,1.0,Bull,41.0,39.2091,43.9142,21.2088,6.0479,12.0,3.83,2,clear,79.0,False,,ok,423861.211659401,2026-09-21,5.0,37.67,44.0493,36.03,True,2026-09-14,False,,False,,0.68,0.33,open,9.9,,
NEOG@2026-07-27,2026-08-17,NEOG,Neogen Corporation - Common Stock,US,USALL,,stage2_breakout,D,late,False,Stage 2,76.4,31.9,8.7,29.1089,,,1.0,Bull,11.949999809265137,13.1083,11.5353,17.54,21.292,12.0,2.82,3,event_driven,52.0,True,,ok,15156385.544017762,2026-09-21,5.0,13.76,14.26,11.37,True,2026-09-21,False,,False,,0.73,0.41,open,8.42,,
NET@2026-08-03,2026-08-17,NET,"Cloudflare, Inc. Class A Common Stock",US,USALL,,stage2_breakout,D,late,False,Stage 2,77.5,22.8,6.5,23.1362,,,1.0,Bull,293.1400146484375,340.1896,299.3668,512.2788,656.3259,12.0,4.22,2,event_driven,73.0,True,,ok,624309337.6939015,2026-09-21,5.0,349.02,367.43,269.3,True,2026-09-21,False,,False,,0.67,0.22,open,9.89,,
NEWP@2026-08-10,2026-08-17,NEWP,New Pacific Metals Corp. Common Shares,US,USALL,,stage2_breakout,D,late,False,Stage 2,76.0,31.6,8.4,56.0113,,,1.0,Bull,6.599999904632568,7.2305,6.3628,10.93,14.05,12.0,4.26,1,event_ahead,23.0,False,,ok,3062242.362807137,2026-08-31,2.0,6.17,7.55,6.155,True,2026-08-24,True,2026-08-31,False,,0.37,-1.22,stopped out,,,
NKSH@2026-08-03,2026-08-17,NKSH,"National Bankshares, Inc. - Common Stock",US,USALL,,stage2_breakout,D,live,False,Stage 2,71.6,51.8,6.5,10.7597,,,1.0,Bull,41.150001525878906,43.8991,38.6312,53.5308,61.7394,12.0,1.83,2,clear,66.0,False,,ok,931774.30619909,2026-09-21,5.0,42.37,43.31,38.7,False,,False,,False,,,,watching,3.44,,
NMAI@2026-08-10,2026-08-17,NMAI,Nuveen Multi-Asset Income Fund Common Shares of Beneficial Interest,US,USALL,,stage2_breakout,D,live,False,Stage 2,40.0,56.8,18.8,2.0053,,,1.0,Bull,14.229999542236328,15.1826,13.3607,18.6118,21.4533,12.0,1.88,1,unknown,,,,ok,1008122.4504288108,2026-08-17,0.0,14.23,14.766,14.1,False,,False,,False,,,,watching,,,
NMIH@2026-07-27,2026-08-17,NMIH,NMI Holdings Inc - Common Stock,US,USALL,,stage2_breakout,D,late,False,Stage 2,56.2,61.8,4.5,5.1495,,,1.0,Bull,45.15999984741211,47.2737,41.6008,58.36,67.656,12.0,1.95,3,event_driven,78.0,True,,ok,12809080.19025941,2026-09-21,5.0,41.23,46.27,40.84,False,,False,,False,,,,watching,-5.13,,
NML@2026-07-20,2026-08-17,NML,Neuberger Energy Infrastructure and Income Fund Inc. Common Stock,US,USALL,,stage2_breakout,D,live,False,Stage 2,42.6,48.5,20.0,6.0864,,,1.0,Bull,10.539999961853027,11.0068,9.686,13.5696,15.7223,12.0,1.94,4,unknown,,,,ok,1143837.1418654595,2026-08-17,0.0,10.54,10.9,10.53,False,,False,,False,,,,watching,,,
NMS@2026-08-17,2026-08-17,NMS,Nuveen Minnesota Quality Municipal Income Fund,US,USALL,,stage4_breakdown,C,live,True,Stage 3 to 4,-55.3,14.9,59.6,-13.175,,,1.0,Bull,11.020000457763672,11.068,12.3962,9.8661,8.8397,12.0,0.9,0,unknown,,,,ok,116394.675574707,2026-08-17,0.0,11.02,11.501,10.99,True,2026-08-17,False,,False,,0.06,0.04,open,,,
NPK@2026-08-17,2026-08-17,NPK,"National Presto Industries, Inc. Common Stock",US,USALL,,stage2_breakout,D,late,False,Stage 2,71.2,42.8,6.5,12.1025,,,1.0,Bull,149.9499969482422,152.4418,134.1488,184.043,211.3894,12.0,1.73,0,clear,67.0,False,,ok,9838188.627833689,2026-09-21,5.0,144.66,158.17,140.4,True,2026-08-17,False,,False,,0.31,-0.43,open,-0.92,,
NSTS@2026-08-17,2026-08-17,NSTS,"NSTS Bancorp, Inc. - Common Stock",US,USALL,,stage2_breakout,D,live,False,Stage 2,41.5,43.6,28.6,2.4758,,,1.0,Bull,13.989999771118164,13.9203,12.9674,16.22,18.108,6.85,2.41,0,unknown,,,,thin,59209.73249314211,2026-09-21,5.0,14.12,14.19,13.84,True,2026-08-17,False,,False,,0.28,0.21,open,0.5,,
NYAX@2026-08-17,2026-08-17,NYAX,Nayax Ltd. - Ordinary Shares,US,USALL,,stage4_breakdown,D,late,False,Stage 4,-61.3,12.3,58.9,-24.3805,,,1.0,Bull,46.52000045776367,48.152,53.9302,22.9,1.316,12.0,4.37,0,event_driven,93.0,True,,ok,682998.0309101635,2026-08-24,1.0,51.05,55.4,45.59,True,2026-08-17,True,2026-08-24,False,,0.44,-0.5,stopped out,,,
OABI@2026-08-17,2026-08-17,OABI,"OmniAb, Inc. - Common Stock",US,USALL,,stage2_breakout,D,late,False,Stage 2,76.1,19.0,6.5,102.8757,,,1.0,Bull,4.329999923706055,3.7428,3.2937,5.816,7.5608,12.0,4.62,0,clear,79.0,False,,ok,774723.8905868569,2026-09-21,5.0,4.61,5.43,3.715,True,2026-08-17,False,,False,,3.76,1.93,open,3.18,,
OBIO@2026-08-17,2026-08-17,OBIO,"Orchestra BioMed Holdings, Inc. - Ordinary Shares",US,USALL,,stage2_breakout,D,late,False,Stage 2,65.0,9.6,17.9,23.4422,,,1.0,Bull,5.360000133514404,5.0207,4.4182,6.925,8.553,12.0,3.16,0,event_driven,80.0,True,,ok,654508.1634996379,2026-08-17,0.0,5.36,5.78,4.36,True,2026-08-17,True,2026-08-17,False,,1.26,0.56,stopped out,,,
OII@2026-07-20,2026-08-17,OII,"Oceaneering International, Inc. Common Stock",US,USALL,,stage2_breakout,D,late,False,Stage 2,59.3,28.5,13.0,48.0034,,,1.0,Bull,53.0,54.987,48.3885,81.42,103.372,12.0,4.01,4,event_driven,65.0,True,,ok,27413667.407589685,2026-09-21,5.0,46.26,54.25,45.18,False,,False,,False,,,,watching,-13.54,,
OMER@2026-08-17,2026-08-17,OMER,Omeros Corporation - Common Stock,US,USALL,,stage2_breakout,D,late,False,Stage 2,66.2,15.5,14.8,70.91,,,1.0,Bull,19.270000457763672,18.6638,16.4242,29.024,37.7312,12.0,4.63,0,event_driven,87.0,True,,ok,11604229.228986597,2026-09-21,5.0,20.08,21.24,16.5,True,2026-08-17,False,,False,,1.15,0.63,open,-7.54,,
ONON@2026-08-17,2026-08-17,ONON,On Holding AG Class A Ordinary Shares,US,USALL,,stage4_breakdown,C,late,True,Stage 4,-77.2,2.9,55.0,-32.8574,,,1.0,Bull,30.020000457763672,29.1394,32.6361,12.0448,0.7528,12.0,4.89,0,event_driven,86.0,True,,ok,144336882.58869123,2026-09-21,5.0,29.96,32.927,26.365,True,2026-08-24,False,,False,,0.79,-0.23,open,9.64,,
OPRT@2026-08-03,2026-08-17,OPRT,Oportun Financial Corporation - common stock,US,USALL,,stage2_breakout,D,late,False,Stage 2,73.7,23.9,3.2,23.0419,,,1.0,Bull,7.5,8.5028,7.4824,12.57,15.986,12.0,3.99,2,event_driven,78.0,True,,ok,1815380.9948702103,2026-09-21,5.0,8.55,8.66,7.08,True,2026-09-21,False,,False,,0.15,0.05,open,8.43,,
ORKA@2026-08-10,2026-08-17,ORKA,"Oruka Therapeutics, Inc. - Common Stock",US,USALL,,stage2_breakout,D,late,False,Stage 2,69.7,27.3,10.1,108.638,,,1.0,Bull,107.95999908447266,113.8816,100.2158,178.192,231.6496,12.0,4.71,1,event_driven,86.0,True,,ok,59112550.36600609,2026-08-24,1.0,91.145,115.52,91.01,True,2026-08-17,True,2026-08-24,False,,0.12,-1.66,stopped out,,,
OSPN@2026-08-03,2026-08-17,OSPN,OneSpan Inc. - Common Stock,US,USALL,,stage2_breakout,D,late,False,Stage 2,65.8,28.4,1.4,11.2836,,,1.0,Bull,15.729999542236328,18.632,16.3962,29.3408,38.1431,12.0,4.79,2,event_driven,73.0,True,,ok,4315084.289302522,2026-09-21,5.0,17.81,18.08,15.06,False,,False,,False,,,,watching,10.72,,
PAC@2026-08-10,2026-08-17,PAC,"Grupo Aeroportuario Del Pacifico, S.A. B. de C.V. Grupo Aeroportuario Del Pacifico, S.A. de C.V. (each representing 10 Series B shares)",US,USALL,,stage4_breakdown,C,late,True,Stage 4,-68.9,5.4,56.5,-20.8233,,,1.0,Bull,212.17999267578125,201.3637,225.5273,110.51,34.55,12.0,3.76,1,clear,63.0,False,,ok,19958552.715223268,2026-09-21,5.0,215.94,216.47,196.99,True,2026-09-14,False,,False,,0.18,-0.6,open,4.53,,
PAGP@2026-07-27,2026-08-17,PAGP,"Plains GP Holdings, L.P. - Class A Shares representing limited partner interests",US,USALL,,stage2_breakout,D,late,False,Stage 2,65.9,31.5,12.1,17.5654,,,1.0,Bull,26.84000015258789,27.0632,23.8156,34.4193,40.5307,12.0,2.27,3,clear,79.0,False,,ok,29362473.69616097,2026-09-21,5.0,26.58,28.7,25.69,True,2026-08-17,False,,False,,0.5,-0.15,open,3.05,,
PARR@2026-07-27,2026-08-17,PARR,"Par Pacific Holdings, Inc.  Common Stock",US,USALL,,stage2_breakout,D,late,False,Stage 2,55.0,12.8,13.0,43.5818,,,1.0,Bull,79.02999877929688,89.3312,78.6114,139.248,181.0224,12.0,4.66,3,clear,78.0,False,,ok,57030651.230953775,2026-09-21,5.0,77.46,87.72,72.09,False,,False,,False,,,,watching,6.54,,
PAYC@2026-08-17,2026-08-17,PAYC,"Paycom Software, Inc. Common Stock",US,USALL,,stage2_breakout,D,late,False,Stage 2,75.3,27.6,0.0,31.8394,,,1.0,Bull,228.69500732421875,228.8396,201.3788,344.7445,440.9784,12.0,4.22,0,clear,79.0,False,,ok,97940317.71213336,2026-09-21,5.0,220.46,244.98,212.1871,True,2026-08-17,False,,False,,0.59,-0.31,open,-1.06,,
PBAM@2026-08-03,2026-08-17,PBAM,"Private Bancorp of America, Inc. - Common Stock",US,USALL,,stage2_breakout,D,late,False,Stage 2,89.1,27.8,6.5,20.6408,,,1.0,Bull,87.70999908447266,87.5933,77.0821,115.9,139.02,12.0,2.69,2,clear,,False,,ok,221237.26394438744,2026-09-21,5.0,86.25,92.09,85.72,True,2026-08-17,False,,False,,0.43,-0.13,open,1.55,,
PDCC@2026-07-27,2026-08-17,PDCC,Pearl Diver Credit Company Inc. Common Stock,US,USALL,,stage4_breakdown,C,live,True,Stage 4,-71.9,10.9,53.2,-30.3171,,,1.0,Bull,8.779999732971191,8.1621,9.1416,4.1746,0.8523,12.0,4.07,3,event_ahead,10.0,False,,thin,42766.79159547784,2026-09-21,5.0,8.7002,9.1,8.5953,False,,False,,False,,,,watching,-0.64,,
PDI@2026-08-17,2026-08-17,PDI,PIMCO Dynamic Income Fund Common Stock,US,USALL,,stage4_breakdown,C,live,True,Stage 3 to 4,-62.6,13.2,56.0,-15.9915,,,1.0,Bull,15.119999885559082,15.3437,16.4946,11.532,8.3986,7.5,3.31,0,unknown,,,,ok,31978360.34093737,2026-08-17,0.0,15.12,15.69,14.88,True,2026-08-17,False,,False,,0.4,0.19,open,,,
PDX@2026-08-10,2026-08-17,PDX,PIMCO Dynamic Income Strategy Fund Common Shares of Beneficial Interest,US,USALL,,stage2_breakout,D,live,False,Stage 2,31.3,49.1,22.5,0.6258,,,1.0,Bull,21.690000534057617,22.0939,20.1928,25.4766,28.3139,8.6,1.78,1,unknown,,,,ok,1551807.7676396812,2026-08-17,0.0,21.69,21.986,21.622,False,,False,,False,,,,watching,,,
PEO@2026-08-17,2026-08-17,PEO,"Adams Natural Resources Fund, Inc. Common Stock",US,USALL,,stage2_breakout,D,late,False,Stage 2,70.5,40.7,7.3,12.1859,,,1.0,Bull,28.64999961853028,28.1262,24.7511,33.7182,38.4207,12.0,1.66,0,unknown,,,,ok,1526306.8523867712,2026-09-21,5.0,27.99,29.75,27.81,True,2026-08-17,False,,False,,0.48,-0.04,open,-0.21,,
PFS@2026-07-27,2026-08-17,PFS,"Provident Financial Services, Inc Common Stock",US,USALL,,stage2_breakout,D,live,False,Stage 2,36.3,53.4,25.3,3.9396,,,1.0,Bull,23.709999084472656,25.5308,22.4671,31.2971,36.1385,12.0,1.88,3,event_driven,73.0,True,,ok,14815259.641865458,2026-09-21,5.0,22.84,24.81,22.36,False,,False,,False,,,,watching,-2.78,,
PLPC@2026-08-03,2026-08-17,PLPC,Preformed Line Products Company - Common Stock,US,USALL,,stage2_breakout,D,late,False,Stage 2,80.0,22.3,8.7,40.385,,,1.0,Bull,429.2999877929688,517.8725,455.7278,786.6769,1012.2665,12.0,4.33,2,event_driven,72.0,True,,ok,27814100.576426733,2026-09-21,5.0,423.33,483.67,384.13,False,,False,,False,,,,watching,-4.02,,
PLRX@2026-07-27,2026-08-17,PLRX,"Pliant Therapeutics, Inc. - Common Stock",US,USALL,,stage4_breakdown,C,live,True,Stage 4,-33.1,14.2,32.3,-20.4824,,,1.0,Bull,1.1549999713897705,0.9906,1.1095,0.605,0.273,12.0,3.24,3,clear,80.0,False,,ok,365719.97027720994,2026-09-21,5.0,1.08,1.23,1.07,False,,False,,False,,,,watching,3.97,,
PLSE@2026-08-17,2026-08-17,PLSE,"Pulse Biosciences, Inc - Common Stock",US,USALL,,stage2_breakout,D,late,False,Stage 2,88.2,17.6,6.5,117.1366,,,1.0,Bull,50.41999816894531,48.1955,42.4121,75.152,97.6976,12.0,4.66,0,clear,80.0,False,,ok,4976194.7387009,2026-09-21,5.0,51.63,58.9,42.7,True,2026-08-17,False,,False,,1.85,0.59,open,6.62,,
PLUS@2026-07-27,2026-08-17,PLUS,ePlus inc. - Common Stock,US,USALL,,stage2_breakout,D,failed,False,Stage 3 to 4,-18.3,10.1,50.8,-3.6709,,,1.0,Bull,86.5781478881836,99.4473,87.5136,132.7394,160.6646,12.0,2.79,3,clear,84.0,False,,ok,12245201.711999148,2026-09-21,5.0,90.51,94.32,84.93,False,,False,,False,,,,watching,5.09,,
PMT@2026-07-27,2026-08-17,PMT,PennyMac Mortgage Investment Trust Common Shares of Beneficial Interest,US,USALL,,stage4_breakdown,C,live,True,Stage 4,-75.5,5.3,62.3,-21.7529,,,1.0,Bull,9.350000381469728,8.9024,9.9707,5.4101,2.4981,12.0,3.27,3,event_driven,64.0,True,,ok,8809259.381712837,2026-08-17,0.0,9.35,9.81,9.23,False,,False,,False,,,,watching,,,
PPIH@2026-07-27,2026-08-17,PPIH,"Perma-Pipe International Holdings, Inc. - Common Stock",US,USALL,,stage4_breakdown,C,live,True,Stage 3 to 4,-37.0,12.6,43.0,-12.8756,,,1.0,Bull,27.61000061035156,22.2961,24.9716,9.216,0.576,12.0,4.89,3,event_ahead,23.0,False,,ok,1644146.2533520495,2026-09-21,5.0,31.74,31.91,25.79,False,,False,,False,,,,watching,-10.12,,
PRLD@2026-08-17,2026-08-17,PRLD,Prelude Therapeutics Incorporated - Common Stock,US,USALL,,stage2_breakout,D,late,False,Stage 2,79.5,18.0,6.5,105.5581,,,1.0,Bull,6.630000114440918,6.1308,5.3951,9.456,12.2928,12.0,4.52,0,event_driven,86.0,True,,ok,1107424.444024613,2026-08-31,2.0,5.46,6.83,5.11,True,2026-08-17,True,2026-08-31,False,,0.95,-0.91,stopped out,,,
PROV@2026-07-27,2026-08-17,PROV,"Provident Financial Holdings, Inc. - Common Stock",US,USALL,,stage2_breakout,D,live,False,Stage 2,45.1,50.4,16.2,1.9718,,,1.0,Bull,17.979999542236328,18.5969,16.5638,21.5645,24.0401,10.93,1.46,3,event_driven,71.0,True,,thin,92695.81534155256,2026-09-21,5.0,18.42,18.99,17.87,True,2026-08-31,False,,False,,0.19,-0.09,open,3.44,,
PRQR@2026-08-17,2026-08-17,PRQR,ProQR Therapeutics N.V. - Ordinary Shares,US,USALL,,stage2_breakout,D,late,False,Stage 2,64.2,20.1,3.1,10.9973,,,1.0,Bull,2.3399999141693115,2.2295,1.962,3.0015,3.6828,12.0,2.89,0,event_driven,80.0,True,,ok,794239.6347524027,2026-08-17,0.0,2.34,2.445,1.89,True,2026-08-17,True,2026-08-17,False,,0.81,0.41,stopped out,,,
PXS@2026-08-17,2026-08-17,PXS,Pyxis Tankers Inc. - Common Stock,US,USALL,,stage2_breakout,D,late,False,Stage 2,83.2,33.9,6.5,33.1072,,,1.0,Bull,5.369999885559082,5.3131,4.6756,7.354,9.0772,12.0,3.2,0,event_ahead,14.0,False,,thin,151035.56018030463,2026-09-14,4.0,7.36,8.3,4.97,True,2026-08-17,False,,True,2026-09-14,4.69,3.21,reached first target,31.52,,
QMCO@2026-08-10,2026-08-17,QMCO,Quantum Corporation - Common Stock,US,USALL,,stage2_breakout,D,late,False,Stage 2,77.2,14.1,6.5,124.9091,,,1.0,Bull,22.25,28.7287,25.2813,44.48,57.824,12.0,4.57,1,event_driven,84.0,True,,ok,5134466.221194741,2026-09-21,5.0,31.68,33.01,19.73,True,2026-09-21,True,2026-09-21,False,,1.24,0.86,stopped out,12.01,,
QUAD@2026-07-27,2026-08-17,QUAD,"Quad Graphics, Inc Class A Common Stock",US,USALL,,stage2_breakout,D,late,False,Stage 2,86.9,22.8,7.2,38.051,,,1.0,Bull,10.3100004196167,11.2141,9.8684,16.3905,20.6726,12.0,3.85,3,event_driven,71.0,True,,ok,1012362.723996622,2026-09-21,5.0,9.43,10.87,9.09,False,,False,,False,,,,watching,-8.92,,
RACE@2026-08-17,2026-08-17,RACE,Ferrari N.V. Common Shares,US,USALL,,stage2_breakout,D,late,False,Stage 2,62.7,41.4,2.1,4.6483,,,1.0,Bull,436.5400085449219,423.6621,372.8227,526.6156,613.684,12.0,2.03,0,clear,78.0,False,,ok,147261908.50054666,2026-09-21,5.0,411.33,437.15,400.82,True,2026-08-17,False,,False,,0.27,-0.24,open,-7.08,,
RAPP@2026-08-03,2026-08-17,RAPP,"Rapport Therapeutics, Inc. - Common Stock",US,USALL,,stage2_breakout,D,late,False,Stage 2,80.1,39.1,6.5,38.6901,,,1.0,Bull,48.2400016784668,50.6327,44.5567,73.79,93.222,12.0,3.81,2,event_driven,80.0,True,,ok,8243595.495264485,2026-09-07,3.0,43.62,52.93,42.65,True,2026-08-24,True,2026-09-07,False,,0.38,-1.15,stopped out,,,
RBRK@2026-08-10,2026-08-17,RBRK,"Rubrik, Inc. Class A Common Stock",US,USALL,,stage2_breakout,D,late,False,Stage 2,72.2,37.5,1.4,29.7811,,,1.0,Bull,100.08999633789062,109.0107,95.9294,170.4,221.52,12.0,4.69,1,event_ahead,10.0,False,,ok,162051764.48532927,2026-09-21,5.0,109.55,116.12,85.78,True,2026-09-21,False,,False,,0.54,0.04,open,6.4,,
RCBC@2026-07-27,2026-08-17,RCBC,River City Bank - Common stock,US,USALL,,stage2_breakout,D,late,False,Stage 2,52.2,55.9,15.2,6.6604,,,1.0,Bull,49.040000915527344,50.3484,44.3066,59.5213,67.1463,12.0,1.52,3,unknown,,,,thin,29578.117790820903,2026-09-21,5.0,51.08,54.88,47.5,True,2026-08-24,False,,False,,0.75,0.12,open,6.67,,
RCEL@2026-08-17,2026-08-17,RCEL,"Avita Medical, Inc. - Common Stock",US,USALL,,stage2_breakout,D,late,False,Stage 2,77.6,19.0,4.5,103.8281,,,1.0,Bull,10.0600004196167,8.8461,7.7846,13.68,17.784,12.0,4.55,0,clear,80.0,False,,ok,745850.2161635213,2026-08-17,0.0,10.06,10.42,7.72,True,2026-08-17,True,2026-08-17,False,,1.48,1.14,stopped out,,,
RCKY@2026-07-27,2026-08-17,RCKY,"Rocky Brands, Inc. - Common Stock",US,USALL,,stage2_breakout,D,late,False,Stage 2,81.3,32.1,8.4,20.4071,,,1.0,Bull,46.790000915527344,53.9527,47.4784,75.1629,92.8853,12.0,3.28,3,event_driven,71.0,True,,ok,1573975.981958352,2026-09-21,5.0,45.1,47.5306,42.04,False,,False,,False,,,,watching,-6.07,,
RCMT@2026-08-17,2026-08-17,RCMT,"RCM Technologies, Inc. - Common Stock",US,USALL,,stage2_breakout,D,late,False,Stage 2,82.7,18.1,6.5,55.435,,,1.0,Bull,40.86000061035156,36.226,31.8789,53.72,68.304,12.0,4.02,0,event_driven,79.0,True,,ok,1035568.0709809656,2026-09-21,5.0,40.47,43.09,36.03,True,2026-08-17,False,,False,,1.58,0.98,open,-3.66,,
RDI@2026-08-10,2026-08-17,RDI,Reading International Inc - Class A Non-voting Common Stock,US,USALL,,stage2_breakout,D,late,False,Stage 2,78.8,16.3,4.6,35.0476,,,1.0,Bull,1.850000023841858,1.7188,1.5126,2.42,3.012,12.0,3.4,1,clear,,False,,untradeable,20374.49590973024,2026-09-21,5.0,1.99,2.41,1.61,True,2026-08-17,False,,False,,3.35,1.32,open,6.28,,
REFI@2026-07-27,2026-08-17,REFI,"Chicago Atlantic Real Estate Finance, Inc. - Common Stock",US,USALL,,stage4_breakdown,C,live,True,Stage 4,-30.8,21.7,41.9,-11.9597,,,1.0,Bull,10.779999732971191,9.5536,10.7001,7.5256,5.7941,12.0,1.77,3,clear,78.0,False,,ok,1290031.5198662255,2026-09-21,5.0,10.65,11.33,10.13,False,,False,,False,,,,watching,-1.84,,
RGT@2026-08-03,2026-08-17,RGT,"Royce Global Trust, Inc. Common Stock",US,USALL,,stage2_breakout,D,live,False,Stage 2,40.6,49.7,15.9,2.0641,,,1.0,Bull,15.329999923706056,15.7801,13.8899,18.34,20.492,11.98,1.35,2,unknown,,,,thin,175257.5069977098,2026-09-21,5.0,14.48,15.79,14.19,True,2026-08-24,False,,False,,0.01,-0.69,open,-6.61,,
RHI@2026-08-03,2026-08-17,RHI,Robert Half Inc. Common Stock,US,USALL,,stage2_breakout,D,late,False,Stage 2,79.8,23.6,4.6,39.7047,,,1.0,Bull,44.16483688354492,44.906,39.5173,66.7001,84.9494,12.0,4.04,2,clear,65.0,False,,ok,53650496.86267711,2026-09-07,3.0,37.68,46.7,37.11,True,2026-08-17,True,2026-09-07,False,,0.33,-1.34,stopped out,,,
RICK@2026-08-17,2026-08-17,RICK,"RCI Hospitality Holdings, Inc. - Common Stock",US,USALL,,stage2_breakout,D,late,False,Stage 2,69.2,36.6,0.0,8.9086,,,1.0,Bull,30.979999542236328,31.5394,27.7547,41.2207,49.4293,12.0,2.56,0,clear,119.0,False,,ok,1003052.3826328166,2026-09-21,5.0,27.56,31.913,26.88,True,2026-08-17,True,2026-09-21,False,,0.1,-1.05,stopped out,-9.77,,
RIGL@2026-08-17,2026-08-17,RIGL,"Rigel Pharmaceuticals, Inc. - Common Stock",US,USALL,,stage2_breakout,D,late,False,Stage 2,65.1,22.3,4.6,18.4977,,,1.0,Bull,45.88999938964844,45.0619,39.6545,63.03,78.262,12.0,3.32,0,clear,78.0,False,,ok,8454131.26814441,2026-09-21,5.0,48.18,49.9,41.37,True,2026-08-17,False,,False,,0.89,0.58,open,1.62,,
RLTY@2026-07-20,2026-08-17,RLTY,Cohen & Steers Real Estate Opportunities and Income Fund Common Shares of Beneficial Interest,US,USALL,,stage2_breakout,D,failed,False,Stage 2 to 3,-5.0,42.6,34.0,-3.3639,,,1.0,Bull,15.579999923706056,16.4089,15.024,19.0351,21.2272,8.44,1.9,4,unknown,,,,ok,548135.19734101,2026-08-17,0.0,15.58,15.85,15.481,False,,False,,False,,,,watching,,,
RNG@2026-08-03,2026-08-17,RNG,"RingCentral, Inc. Class A Common Stock",US,USALL,,stage2_breakout,D,late,False,Stage 2,86.9,34.3,6.5,69.8555,,,1.0,Bull,67.01000213623047,69.9884,61.5898,109.52,142.376,12.0,4.71,2,clear,80.0,False,,ok,48922920.12057592,2026-09-21,5.0,76.16,81.9,62.88,True,2026-08-24,False,,False,,1.42,0.73,open,6.99,,
RNW@2026-08-10,2026-08-17,RNW,ReNew Energy Global plc - Class A Shares,US,USALL,,stage2_breakout,D,failed,False,Stage 2,36.5,56.7,5.8,-1.4925,,,1.0,Bull,6.809999942779541,6.9486,6.1147,9.315,11.287,12.0,2.84,1,event_ahead,1.0,False,,ok,4149161.023388849,2026-09-21,5.0,6.84,6.88,6.78,False,,False,,False,,,,watching,0.44,,
RNXT@2026-08-10,2026-08-17,RNXT,"RenovoRx, Inc. - Common Stock",US,USALL,,stage2_breakout,D,late,False,Stage 2,69.3,19.5,4.5,21.0165,,,1.0,Bull,1.3200000524520874,1.4924,1.3133,2.32,3.016,12.0,4.62,1,event_driven,,True,,thin,214530.92985827016,2026-08-17,0.0,1.32,1.505,1.12,True,2026-08-17,True,2026-08-17,False,,0.07,-0.96,stopped out,,,
RVT@2026-08-10,2026-08-17,RVT,"Royce Small-Cap Trust, Inc. Common Stock",US,USALL,,stage2_breakout,D,live,False,Stage 2,37.0,57.9,23.0,2.5062,,,1.0,Bull,18.709999084472656,19.2158,17.4642,22.4817,25.227,9.11,1.86,1,unknown,,,,ok,2749148.1190211875,2026-09-21,5.0,17.27,18.7677,17.15,False,,False,,False,,,,watching,-5.8,,
SAFT@2026-07-20,2026-08-17,SAFT,"Safety Insurance Group, Inc. - Common Stock",US,USALL,,stage2_breakout,C,late,True,Stage 2,62.0,25.5,13.0,25.0963,,,1.0,Bull,103.58999633789062,104.8267,92.2475,139.57,168.226,12.0,2.76,4,clear,77.0,False,,ok,5212947.280470448,2026-09-21,5.0,103.51,103.88,102.3145,False,,False,,False,,,,watching,0.81,,
SB@2026-07-27,2026-08-17,SB,"Safe Bulkers, Inc Common Stock ($0.001 par value)",US,USALL,,stage2_breakout,D,late,False,Stage 2,83.7,20.0,7.7,36.4911,,,1.0,Bull,8.529999732971191,8.106,7.1333,11.1114,13.6253,12.0,3.09,3,event_driven,100.0,True,,ok,3053662.1706637265,2026-09-21,5.0,8.14,9.31,7.83,True,2026-08-17,False,,False,,1.24,0.03,open,7.34,,
SBCF@2026-08-10,2026-08-17,SBCF,Seacoast Banking Corporation of Florida - Common Stock,US,USALL,,stage2_breakout,D,live,False,Stage 2,20.3,41.5,24.2,0.1302,,,1.0,Bull,34.619998931884766,36.635,32.2388,44.7238,51.5588,12.0,1.84,1,clear,70.0,False,,ok,19332525.15860544,2026-09-21,5.0,33.03,36.0694,32.36,False,,False,,False,,,,watching,-2.14,,
SBLK@2026-07-27,2026-08-17,SBLK,Star Bulk Carriers Corp. - Common Shares,US,USALL,,stage2_breakout,D,late,False,Stage 2,82.9,25.1,6.6,29.2487,,,1.0,Bull,30.5,29.1015,25.6093,38.4593,46.3334,12.0,2.68,3,clear,93.0,False,,ok,23857480.447811484,2026-09-21,5.0,29.54,32.88,29.0,True,2026-08-17,False,,False,,1.08,0.13,open,6.29,,
SCM@2026-07-20,2026-08-17,SCM,Stellus Capital Investment Corporation Common Stock,US,USALL,,stage4_breakdown,C,live,True,Stage 4,-42.2,14.4,30.1,-21.8559,,,1.0,Bull,8.649999618530273,6.5918,7.3828,2.7016,0.1689,12.0,4.92,4,clear,91.0,False,,ok,1177070.662510451,2026-09-21,5.0,7.65,8.87,7.54,False,,False,,False,,,,watching,8.11,,
SEB@2026-08-03,2026-08-17,SEB,Seaboard Corporation Common Stock,US,USALL,,stage4_breakdown,D,late,False,Stage 4,-64.9,4.0,78.5,-15.4323,,,1.0,Bull,4259.9599609375,3956.6204,4431.4148,2152.9956,620.8562,12.0,3.8,2,clear,71.0,False,,ok,41641505.65280733,2026-09-21,5.0,3969.1799,4564.0898,3850.01,True,2026-08-24,False,,False,,0.22,-0.03,open,-0.29,,
SENS@2026-08-17,2026-08-17,SENS,"Senseonics Holdings, Inc. - Common Stock",US,USALL,,stage2_breakout,D,late,False,Stage 2,65.2,17.8,6.4,27.2494,,,1.0,Bull,9.710000038146973,9.0307,7.947,12.71,15.878,12.0,3.4,0,clear,79.0,False,,ok,2474017.0507344445,2026-08-17,0.0,9.71,9.735,7.55,True,2026-08-17,True,2026-08-17,False,,0.65,0.63,stopped out,,,
SGMT@2026-08-10,2026-08-17,SGMT,Sagimet Biosciences Inc. - Series A Common Stock,US,USALL,,stage2_breakout,D,late,False,Stage 2,75.8,38.5,4.5,37.381,,,1.0,Bull,10.25,10.8852,9.5789,16.7,21.58,12.0,4.45,1,event_driven,87.0,True,,ok,3619270.173411778,2026-09-21,5.0,9.24,11.449,8.685,True,2026-08-17,True,2026-09-21,False,,0.43,-1.26,stopped out,7.88,,
SHIP@2026-07-27,2026-08-17,SHIP,Seanergy Maritime Holdings Corp. - Common Stock,US,USALL,,stage2_breakout,D,late,False,Stage 2,67.1,28.5,13.0,35.6673,,,1.0,Bull,17.5,18.8599,16.5967,27.9198,35.4717,12.0,4.0,3,event_driven,87.0,True,,ok,2431509.6601112364,2026-09-21,5.0,16.6,19.1,16.303,True,2026-09-21,True,2026-09-21,False,,0.11,-1.0,stopped out,6.04,,
SKYH@2026-08-03,2026-08-17,SKYH,Sky Harbour Group Corporation Class A Common Stock,US,USALL,,stage2_breakout,D,failed,False,Stage 2,15.5,26.8,19.2,-1.5618,,,1.0,Bull,10.449999809265137,11.8939,10.4666,16.4217,20.2022,12.0,3.17,2,clear,86.0,False,,ok,1083885.2837253262,2026-09-21,5.0,10.01,10.81,9.83,False,,False,,False,,,,watching,-3.7,,
SLG@2026-07-20,2026-08-17,SLG,SL Green Realty Corp Common Stock,US,USALL,,stage2_breakout,D,late,False,Stage 2,66.9,41.8,1.0,11.4681,,,1.0,Bull,57.45000076293945,59.2308,52.1231,82.6679,102.2261,12.0,3.3,4,event_driven,65.0,True,,ok,34094532.00932841,2026-09-07,3.0,53.08,60.09,51.33,True,2026-08-17,True,2026-09-07,False,,0.12,-0.87,stopped out,,,
SLNG@2026-08-10,2026-08-17,SLNG,"Stabilis Solutions, Inc. - Common Stock",US,USALL,,stage2_breakout,D,late,False,Stage 2,66.8,32.3,5.9,11.8669,,,1.0,Bull,5.579999923706055,7.3132,6.4356,11.0785,14.2852,12.0,4.29,1,event_driven,79.0,True,,thin,91172.80925543248,2026-09-21,5.0,5.25,7.06,4.81,False,,False,,False,,,,watching,0.36,,
SM@2026-08-17,2026-08-17,SM,SM Energy Company Common Stock,US,USALL,,stage2_breakout,D,late,False,Stage 2,82.3,26.6,6.3,34.3753,,,1.0,Bull,37.20000076293945,36.5284,32.145,53.4064,67.6235,12.0,3.85,0,clear,77.0,False,,ok,92131144.85790662,2026-09-21,5.0,33.91,41.56,33.585,True,2026-08-17,False,,False,,1.15,-0.6,open,-0.03,,
SMC@2026-08-10,2026-08-17,SMC,Summit Midstream Corporation Common Stock,US,USALL,,stage2_breakout,D,late,False,Stage 2,69.8,50.4,6.5,12.8991,,,1.0,Bull,34.11000061035156,37.118,32.6639,46.81,55.082,12.0,2.18,1,event_driven,84.0,True,,ok,1141872.7682269018,2026-09-21,5.0,30.8,35.18,30.5,False,,False,,False,,,,watching,-4.8,,
SMHI@2026-08-17,2026-08-17,SMHI,SEACOR Marine Holdings Inc. Common Stock,US,USALL,,stage2_breakout,D,late,False,Stage 2,81.8,22.4,6.5,26.4018,,,1.0,Bull,9.960000038146973,10.0765,8.8673,15.4462,19.8991,12.0,4.44,0,clear,72.0,False,,ok,574533.6914072877,2026-09-21,5.0,8.73,10.0,8.66,False,,False,,False,,,,watching,-9.03,,
SMTI@2026-08-17,2026-08-17,SMTI,Sanara MedTech Inc. - Common Stock,US,USALL,,stage2_breakout,D,late,False,Stage 2,80.2,20.8,0.2,28.1949,,,1.0,Bull,34.45000076293945,35.0455,30.84,52.73,67.402,12.0,4.21,0,event_driven,86.0,True,,ok,1032266.1355164882,2026-09-21,5.0,35.06,35.34,33.99,True,2026-09-07,False,,False,,0.07,0.0,open,1.78,,
SMWB@2026-08-10,2026-08-17,SMWB,Similarweb Ltd. Ordinary Shares,US,USALL,,stage2_breakout,D,late,False,Stage 2,69.8,22.2,0.0,23.6755,,,1.0,Bull,8.239999771118164,9.3148,8.197,14.544,18.9072,12.0,4.68,1,event_driven,92.0,True,,ok,2473289.8646876407,2026-09-07,3.0,8.07,9.5,7.77,True,2026-08-24,True,2026-09-07,False,,0.17,-1.11,stopped out,,,
SNDL@2026-07-27,2026-08-17,SNDL,SNDL Inc. - Common Shares,US,USALL,,stage4_breakdown,C,live,True,Stage 4,-35.5,16.6,31.1,-26.4947,,,1.0,Bull,1.3700000047683716,1.1314,1.2671,0.51,0.0291,12.0,4.58,3,event_driven,78.0,True,,ok,1764515.075920083,2026-09-21,5.0,1.4,1.46,1.23,False,,False,,False,,,,watching,0.0,,
SNOW@2026-08-03,2026-08-17,SNOW,Snowflake Inc. Common Stock,US,USALL,,stage2_breakout,D,late,False,Stage 2,80.6,48.2,4.5,38.2636,,,1.0,Bull,332.7799987792969,348.5991,306.7672,547.12,711.256,12.0,4.75,2,event_ahead,16.0,False,,ok,876432291.929746,2026-08-31,2.0,337.18,384.56,303.89,True,2026-08-31,True,2026-08-31,False,,0.86,-0.27,stopped out,,,
SOBO@2026-07-20,2026-08-17,SOBO,South Bow Corporation Common Shares,US,USALL,,stage2_breakout,D,live,False,Stage 2,54.0,53.2,17.3,11.6161,,,1.0,Bull,37.720001220703125,39.4231,34.6923,52.2278,62.8581,12.0,2.71,4,clear,79.0,False,,ok,22685440.33359712,2026-09-21,5.0,33.99,39.019,33.73,False,,False,,False,,,,watching,-5.0,,
SRG@2026-08-17,2026-08-17,SRG,Seritage Growth Properties Class A Common Stock,US,USALL,,stage4_breakdown,C,late,True,Stage 4,-80.6,10.0,49.7,-38.9237,,,1.0,Bull,2.130000114440918,2.1926,2.4558,0.9,0.0563,12.0,4.91,0,clear,87.0,False,,ok,380637.43489892816,2026-09-21,5.0,1.82,2.326,1.81,True,2026-08-17,False,,False,,1.45,1.42,open,12.49,,
SSRM@2026-08-17,2026-08-17,SSRM,SSR Mining Inc. - Common Stock,US,USALL,,stage2_breakout,D,late,False,Stage 2,73.2,23.7,6.5,31.0218,,,1.0,Bull,37.77000045776367,37.5278,33.0245,50.5423,61.7877,12.0,2.89,0,clear,78.0,False,,ok,70358387.64258969,2026-08-17,0.0,37.77,38.4,31.51,True,2026-08-17,True,2026-08-17,False,,0.19,0.05,stopped out,,,
STGW@2026-07-27,2026-08-17,STGW,Stagwell Inc. - Class A Common Stock,US,USALL,,stage2_breakout,D,late,False,Stage 2,82.0,19.4,7.8,30.9026,,,1.0,Bull,8.729999542236328,9.7332,8.5652,14.81,19.018,12.0,4.35,3,event_driven,80.0,True,,ok,7301250.322209234,2026-09-21,5.0,8.32,9.03,8.05,False,,False,,False,,,,watching,-7.24,,
STIM@2026-08-10,2026-08-17,STIM,"Neuronetics, Inc. - Common Stock",US,USALL,,stage2_breakout,D,late,False,Stage 2,71.5,15.9,0.0,43.328,,,1.0,Bull,3.0,3.5628,3.1353,5.504,7.1552,12.0,4.54,1,event_driven,78.0,True,,ok,2059135.004130641,2026-09-21,5.0,2.74,3.4,2.63,False,,False,,False,,,,watching,-3.39,,
STNE@2026-08-17,2026-08-17,STNE,StoneCo Ltd. - Class A Common Share,US,USALL,,stage4_breakdown,C,late,True,Stage 4,-71.9,8.0,53.9,-31.8902,,,1.0,Bull,9.359999656677246,9.1022,10.1945,3.752,0.2345,12.0,4.9,0,event_driven,87.0,True,,ok,38687709.0385664,2026-08-31,2.0,10.11,10.8,9.08,True,2026-08-17,True,2026-08-31,False,,0.02,-0.92,stopped out,,,
STRW@2026-07-20,2026-08-17,STRW,"Strawberry Fields REIT, Inc. Common Stock",US,USALL,,stage2_breakout,D,failed,False,Stage 2 to 3,5.3,35.8,31.2,-0.0197,,,1.0,Bull,13.800000190734863,14.9278,13.1364,17.9979,20.5962,12.0,1.71,4,clear,80.0,False,,ok,258205.1380667026,2026-09-21,5.0,13.4,14.2,12.9105,False,,False,,False,,,,watching,0.72,,
STVN@2026-08-17,2026-08-17,STVN,Stevanato Group S.p.A. Ordinary Shares,US,USALL,,stage2_breakout,D,late,False,Stage 2,55.9,25.8,4.2,4.4577,,,1.0,Bull,22.600000381469727,22.0507,19.4046,30.3763,37.3894,12.0,3.15,0,clear,80.0,False,,ok,5307176.935254755,2026-09-21,5.0,21.13,23.254,19.74,True,2026-08-17,False,,False,,0.45,-0.35,open,-4.06,,
SVV@2026-08-03,2026-08-17,SVV,"Savers Value Village, Inc. Common Stock",US,USALL,,stage2_breakout,D,failed,False,Stage 2,29.5,29.8,8.4,-1.4144,,,1.0,Bull,10.75,12.9791,11.4216,18.475,23.103,12.0,3.53,2,event_driven,80.0,True,,ok,6564120.272907188,2026-09-21,5.0,9.34,11.31,8.83,False,,False,,False,,,,watching,-17.32,,
SXT@2026-08-17,2026-08-17,SXT,Sensient Technologies Corporation Common Stock,US,USALL,,stage2_breakout,D,late,False,Stage 2,74.4,32.7,3.1,18.9945,,,1.0,Bull,134.55999755859375,136.3306,119.971,185.7194,227.1909,12.0,3.02,0,clear,74.0,False,,ok,29154592.90380491,2026-09-21,5.0,129.22,138.82,125.31,True,2026-08-17,False,,False,,0.15,-0.43,open,-3.76,,
TALO@2026-08-17,2026-08-17,TALO,"Talos Energy, Inc. Common Stock",US,USALL,,stage2_breakout,D,late,False,Stage 2,76.5,33.4,6.5,25.1635,,,1.0,Bull,17.469999313354492,17.4457,15.3522,23.25,28.21,12.0,2.77,0,clear,79.0,False,,ok,22753969.51077549,2026-09-21,5.0,16.47,18.725,15.795,True,2026-08-17,False,,False,,0.61,-0.47,open,-2.67,,
TAP-A@2026-07-20,2026-08-17,TAP-A,Molson Coors Beverage Company Class A Common Stock,US,USALL,,stage4_breakdown,D,live,True,Stage 4,-48.8,13.2,38.7,-18.8821,,,1.0,Bull,41.7599983215332,38.9405,43.6133,24.1957,11.9442,12.0,3.16,4,unknown,,,,untradeable,2298.013265588605,2026-09-21,5.0,39.52,50.0,39.52,False,,False,,False,,,,watching,-1.56,,
TBBB@2026-08-17,2026-08-17,TBBB,BBB Foods Inc. Class A Common Shares,US,USALL,,stage2_breakout,D,late,False,Stage 2,77.2,19.4,6.5,32.8565,,,1.0,Bull,50.65999984741211,51.1314,44.9956,70.3,86.38,12.0,3.12,0,clear,93.0,False,,ok,14156498.05383972,2026-09-21,5.0,53.56,54.0,46.5,True,2026-08-24,False,,False,,0.47,0.4,open,1.35,,
TCBX@2026-08-10,2026-08-17,TCBX,"Third Coast Bancshares, Inc. Common Stock",US,USALL,,stage2_breakout,D,late,False,Stage 2,56.3,65.2,8.0,4.7626,,,1.0,Bull,45.4900016784668,46.864,41.2404,56.62,64.916,12.0,1.73,1,clear,65.0,False,,ok,2776722.5990654803,2026-09-21,5.0,43.25,46.355,42.46,False,,False,,False,,,,watching,-2.49,,
TDW@2026-08-10,2026-08-17,TDW,Tidewater Inc. Common Stock,US,USALL,,stage2_breakout,D,late,False,Stage 2,82.2,50.8,6.5,28.2671,,,1.0,Bull,95.25,97.1322,85.4764,134.58,165.988,12.0,3.21,1,event_driven,84.0,True,,ok,43790545.29219808,2026-09-21,5.0,84.74,101.58,84.48,True,2026-08-17,True,2026-09-21,False,,0.38,-1.06,stopped out,-9.42,,
THQ@2026-08-17,2026-08-17,THQ,abrdn Healthcare Opportunities Fund Shares of Beneficial Interest,US,USALL,,stage2_breakout,D,live,False,Stage 2,47.4,43.2,20.0,3.799,,,1.0,Bull,19.729999542236328,19.6056,17.4445,23.9491,27.5622,11.02,2.01,0,unknown,,,,ok,1811997.281253408,2026-08-17,0.0,19.73,19.9371,18.6855,True,2026-08-17,False,,False,,0.15,0.06,open,,,
THRM@2026-07-20,2026-08-17,THRM,Gentherm Inc - Common Stock,US,USALL,,stage2_breakout,D,late,False,Stage 2,34.4,19.6,11.2,6.317,,,1.0,Bull,40.470001220703125,49.2368,43.3284,69.7,86.78,12.0,3.46,4,event_driven,66.0,True,,ok,7544809.015371191,2026-09-21,5.0,35.21,44.34,33.27,False,,False,,False,,,,watching,-10.74,,
TISI@2026-08-10,2026-08-17,TISI,"Team, Inc. Common Stock",US,USALL,,stage2_breakout,D,late,False,Stage 2,76.0,34.6,2.4,28.9434,,,1.0,Bull,22.71999931335449,24.0061,21.1254,37.568,48.8384,12.0,4.71,1,clear,87.0,False,,thin,74312.01913639452,2026-09-21,5.0,29.06,29.57,21.94,True,2026-08-17,False,,False,,1.93,1.75,open,20.72,,
TKC@2026-07-27,2026-08-17,TKC,Turkcell Iletisim Hizmetleri AS Common Stock,US,USALL,,stage4_breakdown,C,live,True,Stage 4,-60.8,4.1,73.6,-17.1125,,,1.0,Bull,5.460000038146973,5.2091,5.8342,3.4,1.888,12.0,2.89,3,clear,87.0,False,,ok,6223752.318723662,2026-09-21,5.0,5.17,5.5,4.82,True,2026-08-31,False,,False,,0.62,0.06,open,6.82,,
TKNO@2026-08-10,2026-08-17,TKNO,"Alpha Teknova, Inc. - Common Stock",US,USALL,,stage2_breakout,D,late,False,Stage 2,77.3,29.5,4.5,57.4116,,,1.0,Bull,7.360000133514404,8.071,7.1025,12.544,16.3072,12.0,4.62,1,event_driven,80.0,True,,thin,368923.3110527463,2026-09-21,5.0,9.33,9.48,6.33,True,2026-09-21,False,,False,,1.45,1.3,open,5.68,,
TNET@2026-07-27,2026-08-17,TNET,"TriNet Group, Inc. Common Stock",US,USALL,,stage2_breakout,D,late,False,Stage 2,70.5,36.5,0.5,20.0526,,,1.0,Bull,70.4800033569336,74.4568,65.522,113.0129,144.9593,12.0,4.32,3,event_driven,72.0,True,,ok,13236653.24134479,2026-09-21,5.0,65.11,72.0,64.04,False,,False,,False,,,,watching,-4.63,,
TNK@2026-08-17,2026-08-17,TNK,Teekay Tankers Ltd.,US,USALL,,stage2_breakout,D,late,False,Stage 2,81.0,29.6,7.6,27.5751,,,1.0,Bull,91.0199966430664,87.8805,77.3348,114.3857,136.9343,12.0,2.51,0,clear,79.0,False,,ok,21582894.9551056,2026-09-21,5.0,94.07,103.16,82.85,True,2026-08-17,False,,False,,1.45,0.59,open,10.32,,
TOWN@2026-07-27,2026-08-17,TOWN,Towne Bank - Common Stock,US,USALL,,stage2_breakout,D,live,False,Stage 2,32.8,56.7,13.2,1.1549,,,1.0,Bull,37.75,39.4382,34.7056,47.1043,53.5637,12.0,1.62,3,event_driven,65.0,True,,ok,12887985.783953223,2026-09-21,5.0,36.36,37.8764,35.93,False,,False,,False,,,,watching,-1.79,,
TPCS@2026-08-10,2026-08-17,TPCS,TechPrecision Corporation - Common stock,US,USALL,,stage2_breakout,D,late,False,Stage 2,66.3,22.3,3.4,14.9671,,,1.0,Bull,5.690000057220459,6.2415,5.4925,9.32,11.896,12.0,4.11,1,clear,,False,,thin,105484.41413404564,2026-08-31,2.0,5.8,6.31,5.12,True,2026-08-17,True,2026-08-31,False,,0.09,-0.59,stopped out,,,
TULP@2026-07-27,2026-08-17,TULP,"Bloomia Holdings, Inc. - Common Stock",US,USALL,,stage4_breakdown,D,live,False,Stage 4,-61.4,23.5,52.1,-22.5635,,,1.0,Bull,3.4600000381469727,3.0082,3.3691,1.244,0.0777,12.0,4.89,3,clear,,False,,untradeable,8131.135600376938,2026-09-21,5.0,3.0,3.74,2.94,True,2026-09-21,True,2026-09-21,False,,0.19,0.02,stopped out,-7.78,,
UFPT@2026-08-03,2026-08-17,UFPT,"UFP Technologies, Inc. - Common Stock",US,USALL,,stage2_breakout,D,late,False,Stage 2,71.4,26.5,4.2,24.4144,,,1.0,Bull,309.1300048828125,345.5771,304.1078,541.936,704.5168,12.0,4.74,2,event_driven,77.0,True,,ok,31337624.006017607,2026-09-21,5.0,295.65,324.03,273.0,False,,False,,False,,,,watching,-11.09,,
UMH@2026-08-17,2026-08-17,UMH,"UMH Properties, Inc. Common Stock",US,USALL,,stage2_breakout,D,live,False,Stage 1 to 2,36.8,47.5,8.4,1.4277,,,1.0,Bull,16.510000228881836,16.6066,14.6138,21.2217,25.0534,12.0,2.32,0,clear,77.0,False,,ok,6700723.233613054,2026-09-21,5.0,15.4,16.77,15.18,True,2026-08-17,False,,False,,0.08,-0.61,open,-5.09,,
UVV@2026-08-10,2026-08-17,UVV,Universal Corporation Common Stock,US,USALL,,stage4_breakdown,C,late,True,Stage 4,-66.9,7.9,77.1,-20.5424,,,1.0,Bull,45.0,43.7656,49.0174,31.4268,20.9922,12.0,2.35,1,event_driven,80.0,True,,ok,7915834.792054069,2026-09-21,5.0,42.47,46.8,41.96,True,2026-08-17,False,,False,,0.34,0.25,open,1.93,,
VREX@2026-08-10,2026-08-17,VREX,Varex Imaging Corporation - Common Stock,US,USALL,,stage2_breakout,D,late,False,Stage 2,69.4,32.9,6.5,41.8393,,,1.0,Bull,18.51000022888184,18.9793,16.7018,29.2708,37.7834,12.0,4.52,1,event_driven,92.0,True,,ok,2797541.071628306,2026-09-21,5.0,18.45,18.54,18.43,False,,False,,False,,,,watching,-0.11,,
VSEC@2026-08-10,2026-08-17,VSEC,VSE Corporation - Common Stock,US,USALL,,stage2_breakout,D,live,False,Stage 2,49.4,42.2,17.8,4.3898,,,1.0,Bull,217.5800018310547,254.4237,223.8928,339.5549,412.9188,12.0,2.79,1,event_driven,77.0,True,,ok,74502428.31923537,2026-09-21,5.0,180.77,245.61,172.67,False,,False,,False,,,,watching,-21.88,,
WD@2026-08-17,2026-08-17,WD,"Walker & Dunlop, Inc Common Stock",US,USALL,,stage4_breakdown,C,late,True,Stage 4,-77.3,1.8,57.3,-36.9442,,,1.0,Bull,40.220001220703125,39.1154,43.8092,17.1779,1.0066,12.0,4.67,0,clear,80.0,False,,ok,11361367.384771977,2026-09-21,5.0,37.98,43.13,36.56,True,2026-08-24,False,,False,,0.54,0.24,open,6.28,,
WHD@2026-08-10,2026-08-17,WHD,"Cactus, Inc. Class A Common Stock",US,USALL,,stage2_breakout,D,late,False,Stage 2,78.6,35.7,6.5,25.9465,,,1.0,Bull,69.43000030517578,75.311,66.2736,103.7372,127.495,12.0,3.15,1,clear,79.0,False,,ok,31126201.44884052,2026-09-21,5.0,64.3,73.9105,63.98,False,,False,,False,,,,watching,-3.83,,
WINA@2026-07-20,2026-08-17,WINA,Winmark Corporation - Common Stock,US,USALL,,stage4_breakdown,C,late,True,Stage 4,-52.1,9.9,45.1,-24.3156,,,1.0,Bull,344.2799987792969,314.7477,352.5174,163.3031,34.6146,12.0,4.01,4,event_driven,58.0,True,,ok,13836235.732865049,2026-09-21,5.0,296.35,354.95,280.05,True,2026-09-07,False,,False,,0.92,0.49,open,18.76,,
WSO-B@2026-08-17,2026-08-17,WSO-B,"Watsco, Inc. Class B Common Stock",US,USALL,,stage4_breakdown,D,late,True,Stage 4,-71.0,8.1,67.7,-24.2743,,,1.0,Bull,309.2799987792969,312.4094,349.8985,182.996,76.4008,12.0,3.45,0,unknown,,,,untradeable,0.0,2026-09-21,5.0,326.705,328.83,306.82,True,2026-08-17,False,,False,,0.15,-0.38,open,-1.02,,
WT@2026-08-17,2026-08-17,WT,"WisdomTree, Inc. Common Stock",US,USALL,,stage2_breakout,D,late,False,Stage 2,82.6,19.3,8.0,37.8116,,,1.0,Bull,23.51000022888184,23.7342,20.8861,33.4191,41.5224,12.0,3.4,0,clear,74.0,False,,ok,34760187.62156161,2026-09-21,5.0,24.33,25.91,21.6,True,2026-08-24,False,,False,,0.76,0.21,open,-1.89,,
XGN@2026-08-17,2026-08-17,XGN,Exagen Inc. - Common Stock,US,USALL,,stage2_breakout,D,late,False,Stage 2,67.8,19.8,0.0,19.2341,,,1.0,Bull,7.920000076293945,7.3169,6.4389,11.36,14.768,12.0,4.6,0,clear,85.0,False,,ok,738996.2931572044,2026-09-21,5.0,8.72,8.89,6.5,True,2026-08-17,False,,False,,1.79,1.6,open,6.0,,
XNCR@2026-07-20,2026-08-17,XNCR,"Xencor, Inc. - Common Stock",US,USALL,,stage2_breakout,D,late,False,Stage 2,80.7,16.1,6.5,82.8417,,,1.0,Bull,27.799999237060547,24.0509,21.1648,36.525,46.985,12.0,4.32,4,clear,79.0,False,,ok,8142687.175721511,2026-09-21,5.0,23.8,30.61,22.79,True,2026-08-17,False,,False,,2.27,-0.09,open,-11.74,,
YARW@2026-07-20,2026-08-17,YARW,"Yarrow Bioscience, Inc. - Common Stock",US,USALL,,stage2_breakout,C,late,True,Stage 2,83.8,12.8,6.5,98.8367,,,1.0,Bull,36.42499923706055,48.1761,42.395,75.12,97.656,12.0,4.66,4,clear,,False,,thin,53164.70617616052,2026-09-21,5.0,25.54,43.34,24.0,False,,False,,False,,,,watching,-21.8,,
ZETA@2026-08-10,2026-08-17,ZETA,Zeta Global Holdings Corp. Class A Common Stock,US,USALL,,stage2_breakout,D,late,False,Stage 2,70.3,31.5,6.5,36.6195,,,1.0,Bull,29.06999969482422,30.6726,26.9919,47.2063,61.0594,12.0,4.49,1,event_driven,78.0,True,,ok,110324615.7473498,2026-09-21,5.0,29.45,32.81,27.11,True,2026-08-24,False,,False,,0.58,-0.33,open,3.91,,
ZIP@2026-08-03,2026-08-17,ZIP,"ZipRecruiter, Inc. Class A Common Stock",US,USALL,,stage2_breakout,D,late,False,Stage 2,60.4,22.2,1.6,5.4288,,,1.0,Bull,4.210000038146973,5.5242,4.8613,8.552,11.1176,12.0,4.57,2,event_driven,79.0,True,,ok,1572304.8741792894,2026-09-21,5.0,3.51,5.295,3.42,False,,False,,False,,,,watching,-12.91,,
APTV@2026-08-24,2026-08-24,APTV,Aptiv,US,SP500,Consumer Discretionary,stage4_breakdown,C,late,True,Stage 4,-83.8,2.0,64.2,-41.2708,-7.6003,-36.0441,0.7,Bull,45.75,44.7543,50.1248,18.464,1.154,12.0,4.9,0,clear,66.0,False,,ok,129447894.31455629,2026-09-21,4.0,44.79,48.25,42.99,True,2026-08-31,False,,False,,0.33,-0.01,open,2.12,,
CMS@2026-08-24,2026-08-24,CMS,CMS Energy,US,SP500,Utilities,stage4_breakdown,C,live,True,Stage 3 to 4,-55.0,11.3,63.9,-14.2247,-9.5779,-5.0774,0.7,Bull,68.20999908447266,67.4693,75.5656,57.3977,48.7158,12.0,1.24,0,clear,66.0,False,,ok,154990399.04671162,2026-09-21,4.0,62.95,69.41,62.38,True,2026-08-31,False,,False,,0.63,0.56,open,8.03,,
DECK@2026-08-24,2026-08-24,DECK,Deckers Brands,US,SP500,Consumer Discretionary,stage4_breakdown,C,late,True,Stage 4,-69.6,4.2,60.9,-22.0588,-7.6003,-15.5548,0.7,Bull,87.76000213623047,86.0381,96.3627,35.252,2.2032,12.0,4.92,0,clear,59.0,False,,ok,150930876.04696697,2026-09-21,4.0,78.67,93.09,77.37,True,2026-08-31,False,,False,,0.84,0.71,open,10.93,,
DASH@2026-08-24,2026-08-24,DASH,DoorDash,US,SP500,Consumer Discretionary,stage2_breakout,D,late,False,Stage 2,61.2,19.8,2.7,6.89,-7.6003,16.1161,0.88,Bull,236.7400054931641,230.7277,203.0404,308.596,374.7144,12.0,2.81,0,clear,72.0,False,,ok,513405191.3987351,2026-09-07,2.0,201.95,238.828,191.745,True,2026-08-24,True,2026-09-07,False,,0.29,-1.04,stopped out,,,
FDS@2026-08-24,2026-08-24,FDS,FactSet,US,SP500,Financials,stage2_breakout,D,late,False,Stage 2,63.8,32.1,1.7,9.0353,0.8165,8.4508,1.15,Bull,308.9800109863281,310.4094,273.1603,430.1027,530.7449,12.0,3.21,0,event_ahead,24.0,False,,ok,153858111.19194508,2026-09-07,2.0,259.71,320.48,255.87,True,2026-08-31,True,2026-09-07,False,,0.27,-1.36,stopped out,,,
GEN@2026-08-24,2026-08-24,GEN,Gen Digital,US,SP500,Information Technology,stage2_breakout,D,late,False,Stage 2,71.7,26.9,0.5,13.2131,14.8839,-2.9721,0.88,Bull,31.020000457763672,30.2576,26.6267,41.8702,51.5752,12.0,3.2,0,clear,73.0,False,,ok,102260073.38584684,2026-09-21,4.0,21.62,31.65,21.36,True,2026-08-24,True,2026-09-21,False,,0.38,-2.38,stopped out,-36.1,,
IVZ@2026-08-24,2026-08-24,IVZ,Invesco,US,SP500,Financials,stage2_breakout,D,late,False,Stage 2,71.9,39.6,4.6,16.2206,0.8165,15.1534,1.15,Bull,32.86000061035156,33.2972,29.3016,44.9617,54.6911,12.0,2.92,0,clear,64.0,False,,ok,97378223.2718883,2026-09-21,4.0,30.92,33.66,29.56,True,2026-08-24,False,,False,,0.09,-0.59,open,-6.09,,
IQV@2026-08-24,2026-08-24,IQV,IQVIA,US,SP500,Health Care,stage2_breakout,D,late,False,Stage 2,66.8,25.5,9.1,18.8242,8.2308,9.9562,1.15,Bull,261.75,264.8412,233.0602,386.6654,487.6777,12.0,3.83,0,clear,71.0,False,,ok,194638328.9450461,2026-09-21,4.0,270.37,277.4,252.53,True,2026-08-24,False,,False,,0.4,0.17,open,3.24,,
J@2026-08-24,2026-08-24,J,Jacobs Solutions,US,SP500,Industrials,stage2_breakout,D,late,False,Stage 2,47.2,40.7,5.2,1.849,-3.4825,5.149,0.88,Bull,151.97999572753906,154.0163,135.5343,198.5741,235.9677,12.0,2.41,0,clear,87.0,False,,ok,89646724.32335863,2026-09-21,4.0,138.37,153.3,134.23,False,,False,,False,,,,watching,-9.38,,
MA@2026-08-24,2026-08-24,MA,Mastercard,US,SP500,Financials,stage2_breakout,D,late,False,Stage 1 to 2,35.9,52.8,4.4,0.9631,0.8165,0.2636,1.15,Bull,595.2999877929688,589.871,519.0865,703.6774,799.6514,12.0,1.61,0,clear,66.0,False,,ok,1250921493.266193,2026-09-21,4.0,567.65,601.23,553.12,True,2026-08-24,False,,False,,0.16,-0.31,open,-4.76,,
MSFT@2026-08-24,2026-08-24,MSFT,Microsoft,US,SP500,Information Technology,stage2_breakout,D,late,False,Stage 2,58.5,34.4,3.6,4.8082,14.8839,-10.5511,0.88,Bull,513.530029296875,520.6593,458.1802,676.9855,808.3622,12.0,2.5,0,clear,65.0,False,,ok,9417091053.511332,2026-09-21,4.0,516.17,519.4,481.86,False,,False,,False,,,,watching,0.51,,
NEE@2026-08-24,2026-08-24,NEE,NextEra Energy,US,SP500,Utilities,stage4_breakdown,D,live,False,Stage 3 to 4,-55.7,7.1,68.2,-12.6056,-9.5779,-3.2778,0.7,Bull,81.83999633789062,81.7054,91.5101,66.6301,53.8323,12.0,1.54,0,clear,64.0,False,,ok,649363175.2152913,2026-09-21,4.0,76.08,84.73,75.38,True,2026-08-24,False,,False,,0.65,0.57,open,7.3,,
NRG@2026-08-24,2026-08-24,NRG,NRG Energy,US,SP500,Utilities,stage4_breakdown,C,late,True,Stage 4,-73.7,2.7,61.1,-33.0608,-9.5779,-25.7858,0.7,Bull,111.12000274658205,108.8328,121.8927,45.0,2.8125,12.0,4.89,0,clear,73.0,False,,ok,238421977.4025005,2026-09-21,4.0,100.37,121.68,97.5,True,2026-08-31,False,,False,,0.87,0.65,open,10.17,,
PLTR@2026-08-24,2026-08-24,PLTR,Palantir Technologies,US,SP500,Information Technology,stage2_breakout,D,late,False,Stage 2,61.4,17.6,4.9,8.1549,14.8839,-7.9041,0.88,Bull,186.2899932861328,187.0345,164.5904,258.51,319.366,12.0,3.18,0,clear,70.0,False,,ok,4195040839.476577,2026-09-07,2.0,167.23,188.37,164.55,True,2026-08-24,True,2026-09-07,False,,0.06,-0.88,stopped out,,,
PPL@2026-08-24,2026-08-24,PPL,PPL Corporation,US,SP500,Utilities,stage4_breakdown,C,live,True,Stage 3 to 4,-52.8,15.3,51.9,-13.6258,-9.5779,-4.4093,0.7,Bull,34.20000076293945,33.826,37.7491,28.6398,24.1797,11.6,1.32,0,clear,72.0,False,,ok,210381183.7458837,2026-09-21,4.0,32.03,35.58,31.555,True,2026-08-24,False,,False,,0.58,0.46,open,5.73,,
RVTY@2026-08-24,2026-08-24,RVTY,Revvity,US,SP500,Health Care,stage2_breakout,D,late,False,Stage 2,70.4,23.2,8.3,18.3874,8.2308,9.4722,1.15,Bull,128.8000030517578,127.1085,111.8555,173.8249,212.9087,12.0,3.06,0,clear,63.0,False,,ok,92269756.33506691,2026-09-21,4.0,151.11,152.26,120.9,True,2026-08-24,False,,False,,1.65,1.57,open,15.97,,
SOLV@2026-08-24,2026-08-24,SOLV,Solventum,US,SP500,Health Care,stage2_breakout,D,late,False,Stage 2,62.2,47.5,2.4,8.9868,8.2308,0.6854,1.15,Bull,91.12000274658205,91.389,80.4223,117.62,139.716,12.0,2.39,0,clear,73.0,False,,ok,71586932.91057637,2026-09-21,4.0,89.5,94.16,86.53,True,2026-08-24,False,,False,,0.25,-0.17,open,-1.79,,
TJX@2026-08-24,2026-08-24,TJX,TJX Companies,US,SP500,Consumer Discretionary,stage4_breakdown,C,late,True,Stage 4,-65.4,7.4,71.2,-18.865,-7.6003,-12.2867,0.7,Bull,135.1199951171875,137.3059,153.7826,109.1547,85.0304,12.0,1.71,0,event_driven,86.0,True,,ok,583560325.4454943,2026-09-21,4.0,130.06,142.49,122.78,True,2026-08-24,False,,False,,0.88,0.44,open,3.82,,
VEEV@2026-08-24,2026-08-24,VEEV,Veeva Systems,US,SP500,Health Care,stage2_breakout,D,late,False,Stage 2,68.5,31.7,0.6,16.0507,8.2308,7.0446,1.15,Bull,276.69000244140625,258.9707,227.8942,358.93,443.282,12.0,3.22,0,event_driven_and_ahead,2.0,True,,ok,277776850.45879644,2026-09-21,4.0,280.68,296.24,238.93,True,2026-08-24,False,,False,,1.2,0.7,open,1.43,,
VZ@2026-08-24,2026-08-24,VZ,Verizon,US,SP500,Communication Services,stage2_breakout,D,live,False,Stage 2,59.5,40.3,9.8,4.7558,-7.0532,12.328,0.88,Bull,50.09999847412109,50.6904,44.6075,62.1595,71.8384,12.0,1.89,0,clear,57.0,False,,ok,845696409.5337292,2026-09-21,4.0,47.08,51.67,46.16,True,2026-08-24,False,,False,,0.16,-0.59,open,-6.22,,
ANF@2026-08-24,2026-08-24,ANF,Abercrombie & Fitch,US,SP400,Consumer Discretionary,stage2_breakout,D,late,False,Stage 2,67.1,14.2,11.9,45.6939,-7.6003,57.8436,0.88,Bull,148.4199981689453,123.1248,108.3498,185.6185,238.1772,12.0,4.23,0,event_driven_and_ahead,2.0,True,,ok,78430559.93552694,2026-08-24,0.0,148.42,154.58,106.92,True,2026-08-24,True,2026-08-24,False,,2.13,1.71,stopped out,,,
BIO@2026-08-24,2026-08-24,BIO,Bio-Rad Laboratories,US,SP400,Health Care,stage2_breakout,D,late,False,Stage 2,74.5,28.5,3.4,17.8355,8.2308,8.8807,1.15,Bull,387.7000122070313,391.9821,344.9442,615.4431,799.0616,12.0,4.75,0,clear,66.0,False,,ok,71356530.80879727,2026-09-21,4.0,381.0,396.23,365.66,True,2026-08-24,False,,False,,0.09,-0.23,open,-1.74,,
BWXT@2026-08-24,2026-08-24,BWXT,BWX Technologies,US,SP400,Industrials,stage4_breakdown,C,late,True,Stage 4,-73.3,1.7,77.9,-27.4199,-3.4825,-24.8203,0.7,Bull,152.85000610351562,150.4603,168.5155,68.0634,3.8647,12.0,4.56,0,clear,70.0,False,,ok,144138046.7165126,2026-09-21,4.0,138.47,162.91,136.5,True,2026-08-24,False,,False,,0.77,0.66,open,9.88,,
CRUS@2026-08-24,2026-08-24,CRUS,Cirrus Logic,US,SP400,Information Technology,stage4_breakdown,C,late,True,Stage 4,-66.6,2.4,57.5,-27.6521,14.8839,-37.4817,0.88,Bull,108.4800033569336,111.8369,125.2573,48.92,2.8667,12.0,4.69,0,clear,71.0,False,,ok,66567113.78761999,2026-09-21,4.0,119.92,124.75,106.26,True,2026-08-24,False,,False,,0.42,-0.6,open,-10.03,,
CW@2026-08-24,2026-08-24,CW,Curtiss-Wright,US,SP400,Industrials,stage4_breakdown,D,late,False,Stage 4,-60.8,8.3,77.5,-15.8413,-3.4825,-12.6505,0.7,Bull,596.3699951171875,592.6274,663.7427,404.9089,243.6085,12.0,2.64,0,clear,72.0,False,,ok,143485011.52959037,2026-09-21,4.0,539.73,641.4634,535.0,True,2026-08-24,False,,False,,0.81,0.74,open,9.93,,
DT@2026-08-24,2026-08-24,DT,Dynatrace,US,SP400,Information Technology,stage2_breakout,D,late,False,Stage 2,73.4,19.7,0.6,13.7514,14.8839,-2.5661,0.88,Bull,53.66999816894531,54.3078,47.7908,74.935,92.255,12.0,3.17,0,clear,72.0,False,,ok,160812812.02033803,2026-09-21,4.0,57.95,59.41,48.91,True,2026-08-24,False,,False,,0.78,0.56,open,7.67,,
ELF@2026-08-24,2026-08-24,ELF,e.l.f. Beauty,US,SP400,Consumer Staples,stage2_breakout,D,late,False,Stage 2,67.1,23.7,0.0,10.1445,-3.4294,14.4873,0.88,Bull,104.0999984741211,104.6418,92.0848,155.62,198.34,12.0,4.06,0,clear,72.0,False,,ok,132470656.31864572,2026-09-14,3.0,96.44,110.04,91.4,True,2026-08-24,True,2026-09-14,False,,0.43,-0.65,stopped out,,,
ESAB@2026-08-24,2026-08-24,ESAB,ESAB,US,SP400,Industrials,stage4_breakdown,C,late,True,Stage 4,-78.3,2.9,64.5,-34.4391,-3.4825,-32.2161,0.7,Bull,76.43000030517578,75.0189,84.0211,30.936,1.9335,12.0,4.9,0,clear,66.0,False,,ok,46653740.587520674,2026-09-21,4.0,71.91,83.2,64.83,True,2026-08-31,False,,False,,1.13,0.35,open,6.1,,
GWRE@2026-08-24,2026-08-24,GWRE,Guidewire Software,US,SP400,Information Technology,stage2_breakout,D,late,False,Stage 2,61.8,25.5,1.6,6.6929,14.8839,-9.8995,0.88,Bull,205.8500061035156,195.0325,171.6286,277.54,347.636,12.0,3.53,0,event_ahead,10.0,False,,ok,145164002.4862144,2026-08-31,1.0,162.42,207.49,157.05,True,2026-08-24,True,2026-08-31,False,,0.53,-1.39,stopped out,,,
OKTA@2026-08-24,2026-08-24,OKTA,"Okta, Inc.",US,SP400,Information Technology,stage2_breakout,D,late,False,Stage 2,81.4,21.2,5.0,55.4592,14.8839,35.6015,1.15,Bull,166.22999572753906,161.0037,141.6832,251.2,326.56,12.0,4.67,0,event_driven_and_ahead,2.0,True,,ok,268170185.35451204,2026-08-24,0.0,166.23,174.85,127.6,True,2026-08-24,True,2026-08-24,False,,0.72,0.27,stopped out,,,
PATH@2026-08-24,2026-08-24,PATH,UiPath,US,SP400,Information Technology,stage2_breakout,D,late,False,Stage 2,67.3,21.8,4.1,26.464,14.8839,7.9,1.15,Bull,18.14999961853028,17.2479,15.1781,24.44,30.536,12.0,3.47,0,event_ahead,10.0,False,,ok,375055178.21461314,2026-08-31,1.0,15.19,18.83,14.77,True,2026-08-24,True,2026-08-31,False,,0.76,-0.99,stopped out,,,
PCTY@2026-08-24,2026-08-24,PCTY,Paylocity,US,SP400,Industrials,stage2_breakout,D,late,False,Stage 2,64.2,20.1,1.8,8.9472,-3.4825,12.0594,0.88,Bull,157.92999267578125,159.1897,140.0869,219.37,269.922,12.0,3.15,0,clear,71.0,False,,ok,56723634.78087999,2026-09-21,4.0,143.35,161.93,140.39,True,2026-08-24,False,,False,,0.14,-0.83,open,-9.69,,
TLN@2026-08-24,2026-08-24,TLN,Talen Energy,US,SP400,Utilities,stage4_breakdown,C,late,True,Stage 4,-67.8,2.2,74.7,-27.1335,-9.5779,-19.5273,0.7,Bull,296.1050109863281,290.8748,325.7798,153.059,34.3462,12.0,3.95,0,clear,72.0,False,,ok,199000583.6547112,2026-09-07,2.0,312.74,330.635,288.58,True,2026-08-31,True,2026-09-07,False,,0.07,-0.63,stopped out,,,
ALW.L@2026-08-03,2026-08-24,ALW.L,Alliance Witan,UK,FTSE100,Investment Trusts,stage2_breakout,D,failed,False,Stage 2,21.3,58.2,20.0,-0.4862,32.2009,-29.6621,0.88,Bull,1379.0,1403.1693,1294.4455,1609.9799,1782.8229,7.75,1.9,3,clear,193.0,False,,ok,9732946.748922486,2026-09-21,4.0,1386.0,1386.0,1335.0,False,,False,,False,,,,watching,3.37,,
AAL.L@2026-08-24,2026-08-24,AAL.L,Anglo American plc,UK,FTSE100,Materials,stage2_breakout,D,late,False,Stage 2,73.0,38.1,5.1,19.9655,13.1178,5.9869,1.15,Bull,4269.0,4322.5936,3803.8824,5948.659,7316.5805,12.0,3.13,0,clear,179.0,False,,ok,178675207.51585037,2026-09-21,4.0,4042.0,4348.0,3804.0,True,2026-09-07,False,,False,,0.05,-0.54,open,-2.6,,
AV.L@2026-08-10,2026-08-24,AV.L,Aviva,UK,FTSE100,Financials,stage2_breakout,D,late,False,Stage 2,52.3,61.8,9.5,3.8499,5.961,-2.142,0.88,Bull,730.4000244140625,747.8955,658.148,890.6,1010.6,12.0,1.59,2,clear,186.0,False,,ok,52938587.11355756,2026-09-21,4.0,699.2,740.0,692.0,False,,False,,False,,,,watching,-1.49,,
CNA.L@2026-07-27,2026-08-24,CNA.L,Centrica,UK,FTSE100,Multiline utilities,stage4_breakdown,C,late,True,Stage 4,-62.5,10.3,60.4,-19.498,,,1.0,Bull,155.39999389648438,148.9278,166.7992,82.5894,27.5165,12.0,3.71,4,event_driven,178.0,True,,ok,35141521.84295187,2026-09-21,4.0,147.4,162.0,145.8,True,2026-08-31,False,,False,,0.18,0.09,open,2.43,,
CRDA.L@2026-08-24,2026-08-24,CRDA.L,Croda International,UK,FTSE100,Materials,stage2_breakout,D,late,False,Stage 2,71.4,32.7,5.4,11.9257,13.1178,-1.8972,0.88,Bull,3459.0,3486.8478,3068.4261,4385.9146,5145.4272,12.0,2.15,0,clear,183.0,False,,ok,11803486.826148927,2026-09-21,4.0,3236.0,3520.2371,3117.0,True,2026-08-24,False,,False,,0.08,-0.6,open,-3.8,,
IMB.L@2026-08-17,2026-08-24,IMB.L,Imperial Brands,UK,FTSE100,Consumer Staples,stage4_breakdown,C,late,True,Stage 4,-72.9,4.1,52.3,-21.3206,3.7986,-24.3049,0.88,Bull,2527.0,2435.4317,2727.6835,1612.4465,921.6038,12.0,2.82,1,clear,85.0,False,,ok,71705579.37695238,2026-09-21,4.0,2442.0,2582.0,2434.0,True,2026-09-21,False,,False,,0.0,-0.02,open,0.56,,
BGEO.L@2026-08-10,2026-08-24,BGEO.L,Lion Finance Group,UK,FTSE100,Banking Services,stage2_breakout,D,late,False,Stage 2,80.7,52.4,7.2,26.3612,,,1.0,Bull,13420.0,13829.8798,12170.2942,18270.651,21991.1718,12.0,2.68,2,event_driven,72.0,True,,ok,8921754.699555665,2026-09-21,4.0,14580.0,14580.0,13009.1659,True,2026-09-14,False,,False,,0.45,0.45,open,11.16,,
LGEN.L@2026-08-03,2026-08-24,LGEN.L,Legal & General,UK,FTSE100,Financials,stage2_breakout,D,live,False,Stage 2,30.5,34.5,18.7,4.5752,5.961,-1.2868,0.88,Bull,293.3999938964844,322.589,283.8784,430.6935,520.8215,12.0,2.79,3,event_driven,197.0,True,,ok,61563599.04585548,2026-09-21,4.0,297.5,308.54,282.778,False,,False,,False,,,,watching,4.25,,
NWG.L@2026-07-27,2026-08-24,NWG.L,NatWest Group,UK,FTSE100,Financials,stage2_breakout,D,live,False,Stage 2,26.3,46.9,24.9,4.1689,5.961,-1.6911,0.88,Bull,679.4000244140625,734.7438,646.5746,947.4309,1124.6731,12.0,2.41,4,event_driven,67.0,True,,ok,151828985.96579248,2026-09-21,4.0,694.4,714.2,667.0,False,,False,,False,,,,watching,5.04,,
RTO.L@2026-07-27,2026-08-24,RTO.L,Rentokil Initial,UK,FTSE100,Industrials,stage4_breakdown,C,late,True,Stage 4,-68.0,1.5,48.9,-25.6217,54.0395,-62.92,0.88,Bull,345.70001220703125,322.757,361.4878,152.1861,10.2791,12.0,4.4,4,event_driven,192.0,True,,ok,35278813.36543661,2026-09-21,4.0,308.7,357.1,306.0,True,2026-09-14,False,,False,,0.43,0.36,open,8.46,,
FOUR.L@2026-08-03,2026-08-24,FOUR.L,4imprint,UK,FTSE250,Communication Services,stage2_breakout,D,late,False,Stage 2,63.4,41.4,6.3,10.8762,2.7303,7.1501,1.15,Bull,4480.0,5232.7684,4604.8362,7132.9347,8731.7926,12.0,3.03,3,event_driven,198.0,True,,ok,2356754.0992824705,2026-09-21,4.0,4516.0,4750.0,4064.0,False,,False,,False,,,,watching,3.66,,
ATYM.L@2026-08-24,2026-08-24,ATYM.L,Atalaya Mining,UK,FTSE250,Materials,stage2_breakout,D,late,False,Stage 2,66.9,19.9,11.5,29.7008,13.1178,14.8201,1.15,Bull,1109.0,1118.6758,984.4347,1579.0638,1967.1849,12.0,3.43,0,clear,80.0,False,,ok,5780943.942548828,2026-09-07,2.0,975.0,1132.9639,959.5,True,2026-08-24,True,2026-09-07,False,,0.11,-1.07,stopped out,,,
ATG.L@2026-07-27,2026-08-24,ATG.L,Auction Technology Group,UK,FTSE250,Information Technology,stage2_breakout,D,late,False,Stage 2,50.8,31.1,14.1,18.0338,16.966,1.0461,1.15,Bull,440.6000061035156,498.5988,438.767,707.0,880.6,12.0,3.48,4,clear,93.0,False,,ok,1815381.5330342103,2026-09-21,4.0,434.4,457.2,411.2,False,,False,,False,,,,watching,1.44,,
BGFD.L@2026-08-03,2026-08-24,BGFD.L,Baillie Gifford Japan Trust,UK,FTSE250,Investment Trusts,stage2_breakout,D,late,False,Stage 2,56.7,62.7,5.6,6.477,32.2009,-24.4431,0.88,Bull,1078.0,1103.5076,971.0867,1368.9,1592.02,12.0,2.0,3,unknown,,,,ok,2223977.948,2026-09-21,4.0,1084.0,1106.0,1028.0,True,2026-09-14,False,,False,,0.02,-0.15,open,3.41,,
BOY.L@2026-08-03,2026-08-24,BOY.L,Bodycote,UK,FTSE250,Industrials,stage2_breakout,C,late,True,Stage 2,74.3,39.9,5.7,20.6044,54.0395,-39.3828,0.88,Bull,913.0,949.9116,835.9222,1277.1397,1550.8514,12.0,2.87,3,event_driven,198.0,True,,ok,2757782.706,2026-09-21,4.0,946.5,967.5,905.0,True,2026-08-31,False,,False,,0.15,-0.03,open,6.46,,
BPT.L@2026-08-03,2026-08-24,BPT.L,Bridgepoint Group,UK,FTSE250,Financials,stage2_breakout,D,late,False,Stage 2,49.8,35.5,3.0,6.6822,5.961,0.6352,1.15,Bull,322.6000061035156,358.6169,315.5829,491.0356,602.664,12.0,3.08,3,clear,200.0,False,,ok,4303264.501786408,2026-09-21,4.0,300.0,328.9448,277.603,False,,False,,False,,,,watching,-4.39,,
CHG.L@2026-08-03,2026-08-24,CHG.L,Chemring Group,UK,FTSE250,Industrials,stage2_breakout,D,failed,False,Stage 3 to 4,-17.3,20.1,30.5,-3.5583,54.0395,-52.0128,0.88,Bull,550.5,663.7604,584.1092,1041.2,1353.56,12.0,4.74,3,clear,106.0,False,,ok,5236871.595483521,2026-09-21,4.0,535.5,571.868,515.0,False,,False,,False,,,,watching,0.1,,
CSN.L@2026-08-24,2026-08-24,CSN.L,Chesnara,UK,FTSE250,Financials,stage2_breakout,C,late,True,Stage 2,72.6,40.5,4.3,15.2279,5.961,8.741,1.15,Bull,376.0,356.418,316.7254,421.1378,476.448,11.14,1.63,0,event_driven_and_ahead,1.0,True,,ok,1567661.2029851074,2026-09-21,4.0,352.5,378.0,325.428,True,2026-08-24,False,,False,,0.54,-0.1,open,-3.57,,
CTY.L@2026-07-27,2026-08-24,CTY.L,City of London Investment Trust,UK,FTSE250,Investment Trusts,stage2_breakout,D,live,False,Stage 2,21.7,59.2,23.1,1.2565,32.2009,-27.9075,0.88,Bull,591.0,602.9998,545.9472,686.1,755.78,9.46,1.46,4,unknown,,,,ok,5167832.706008789,2026-09-21,4.0,580.0,595.0,569.0,False,,False,,False,,,,watching,0.98,,
DSCV.L@2026-08-03,2026-08-24,DSCV.L,discoverIE,UK,FTSE250,Industrials,stage2_breakout,D,late,False,Stage 2,67.8,43.3,5.6,18.1452,54.0395,-39.7998,0.88,Bull,813.0,855.5319,752.868,1175.0651,1443.1172,12.0,3.11,3,clear,99.0,False,,ok,1936338.054719116,2026-09-21,4.0,813.0,862.0,747.0,True,2026-09-21,False,,False,,0.06,-0.41,open,2.86,,
DRX.L@2026-08-03,2026-08-24,DRX.L,Drax Group,UK,FTSE250,Utilities,stage4_breakdown,C,live,True,Stage 3 to 4,-44.5,9.5,47.0,-8.9804,,,1.0,Bull,775.0,697.0707,780.7192,461.0481,263.4866,12.0,2.82,3,event_driven,185.0,True,,ok,6599026.64,2026-09-21,4.0,807.5,862.3645,730.8851,False,,False,,False,,,,watching,-6.98,,
DOCS.L@2026-08-10,2026-08-24,DOCS.L,Dr. Martens,UK,FTSE250,Consumer Discretionary,stage2_breakout,D,failed,False,Stage 1 to 2,-0.9,22.1,8.1,-4.7345,67.4178,-61.1915,0.88,Bull,77.5999984741211,91.9137,80.8841,120.8244,145.4992,12.0,2.62,2,clear,87.0,False,,ok,825247.7758353197,2026-09-21,4.0,67.8,83.0,62.3,False,,False,,False,,,,watching,-10.64,,
ELM.L@2026-08-03,2026-08-24,ELM.L,Elementis,UK,FTSE250,Materials,stage2_breakout,C,live,True,Stage 1 to 2,12.4,30.9,19.2,0.287,13.1178,-12.4349,0.88,Bull,174.1999969482422,198.4478,174.634,254.7848,302.3019,12.0,2.37,3,event_driven,190.0,True,,ok,1893881.8140931705,2026-09-21,4.0,177.4,186.4,165.0,False,,False,,False,,,,watching,4.68,,
FSV.L@2026-08-03,2026-08-24,FSV.L,Fidelity Special Values,UK,FTSE250,Investment Trusts,stage2_breakout,D,live,False,Stage 2,45.2,60.5,13.6,4.4754,32.2009,-25.6943,0.88,Bull,473.5,480.9952,423.2757,569.489,643.0802,12.0,1.53,3,unknown,,,,ok,2252609.4218787537,2026-09-21,4.0,461.0,479.5,452.0,False,,False,,False,,,,watching,0.18,,
FSG.L@2026-08-03,2026-08-24,FSG.L,Foresight Group,UK,FTSE250,Financials,stage2_breakout,D,late,False,Stage 2,63.1,52.6,3.2,6.2559,5.961,0.2174,1.15,Bull,498.0,522.3324,459.6525,773.24,979.832,12.0,4.0,3,clear,99.0,False,,ok,1240534.5015,2026-09-21,4.0,430.5,509.7916,425.5,False,,False,,False,,,,watching,-11.66,,
GAMA.L@2026-08-24,2026-08-24,GAMA.L,Gamma Communications,UK,FTSE250,Communication Services,stage2_breakout,D,late,False,Stage 2,70.8,43.6,0.6,13.898,2.7303,10.8147,1.15,Bull,1140.0,1104.0176,971.5355,1481.1043,1798.7878,12.0,2.85,0,event_ahead,14.0,False,,ok,4867855.185605956,2026-09-21,4.0,1122.0,1207.0,1076.334,True,2026-08-24,False,,False,,0.78,0.14,open,1.27,,
GFTU.L@2026-08-10,2026-08-24,GFTU.L,Grafton Group,UK,FTSE250,Industrials,stage2_breakout,D,late,False,Stage 2,57.2,64.3,9.1,5.0087,54.0395,-48.2765,0.88,Bull,1041.800048828125,1076.9704,947.7339,1337.0001,1556.3602,12.0,2.01,2,event_ahead,10.0,False,,ok,2923481.925,2026-09-21,4.0,963.9,1062.8775,930.8,False,,False,,False,,,,watching,-4.9,,
UKW.L@2026-08-03,2026-08-24,UKW.L,Greencoat UK Wind,UK,FTSE250,"Gas, Water & Multiutilities",stage2_breakout,D,live,False,Stage 2,23.5,45.5,17.6,0.4893,,,1.0,Bull,110.1999969482422,118.0695,103.9012,141.791,161.6457,12.0,1.67,3,unknown,,,,ok,4567793.179544609,2026-09-21,4.0,112.6,115.6,107.0,False,,False,,False,,,,watching,5.01,,
HANA.L@2026-08-10,2026-08-24,HANA.L,Hansa Investment Company,UK,FTSE250,Investment Trusts,stage2_breakout,D,live,False,Stage 2,69.6,55.9,6.0,8.9284,32.2009,-21.8403,0.88,Bull,330.0,337.869,297.3247,406.0164,462.8296,12.0,1.68,2,unknown,,,,ok,414730.1630140381,2026-09-21,4.0,338.0,340.0,319.0,True,2026-09-14,False,,False,,0.05,0.0,open,5.26,,
HVPE.L@2026-08-10,2026-08-24,HVPE.L,HarbourVest Global Private Equity,UK,FTSE250,Equity Investments,stage2_breakout,D,live,False,Stage 2,17.0,62.5,30.2,0.5527,,,1.0,Bull,3380.0,3532.3807,3197.1193,4192.408,4746.3343,9.49,1.97,2,unknown,,,,ok,4256180.535,2026-09-21,4.0,3335.0,3430.0,3255.0,False,,False,,False,,,,watching,1.52,,
HAS.L@2026-08-10,2026-08-24,HAS.L,Hays,UK,FTSE250,Industrials,stage2_breakout,D,late,False,Stage 2,78.2,16.9,3.3,48.6698,54.0395,-30.6488,0.88,Bull,76.8499984741211,74.3965,65.4689,116.5344,151.4947,12.0,4.72,2,clear,186.0,False,,ok,2024912.163467396,2026-09-14,3.0,65.05,78.45,63.3,True,2026-08-24,True,2026-09-14,False,,0.45,-1.05,stopped out,,,
HICL.L@2026-08-03,2026-08-24,HICL.L,HICL Infrastructure Company,UK,FTSE250,Investment Trusts,stage2_breakout,D,live,False,Stage 2,43.6,51.2,19.2,3.3534,32.2009,-26.3982,0.88,Bull,137.39999389648438,142.1019,127.4515,167.5925,188.8836,10.31,1.74,3,clear,93.0,False,,ok,5229308.9860206,2026-09-21,4.0,133.6,140.8,130.4,False,,False,,False,,,,watching,0.06,,
HFG.L@2026-08-03,2026-08-24,HFG.L,Hilton Food Group,UK,FTSE250,Consumer Staples,stage2_breakout,D,late,False,Stage 2,73.8,47.5,0.7,6.907,3.7986,3.1357,1.15,Bull,636.0,629.1242,553.6293,794.6143,933.3857,12.0,2.19,3,event_ahead,10.0,False,,ok,1064072.7917099,2026-09-21,4.0,700.5,738.0,612.956,True,2026-08-24,False,,False,,1.44,0.95,open,12.52,,
JMAT.L@2026-08-17,2026-08-24,JMAT.L,Johnson Matthey,UK,FTSE250,Materials,stage4_breakdown,C,late,True,Stage 4,-72.0,2.0,64.2,-22.8101,13.1178,-32.4904,0.88,Bull,2276.0,2162.2853,2421.7595,1208.7617,396.5711,12.0,3.67,1,clear,87.0,False,,ok,11890822.933354735,2026-09-21,4.0,2372.0,2396.0,2192.0,False,,False,,False,,,,watching,-6.99,,
JAM.L@2026-08-03,2026-08-24,JAM.L,JPMorgan American Investment Trust,UK,FTSE250,Investment Trusts,stage2_breakout,D,failed,False,Stage 1 to 2,12.1,54.0,26.9,-1.0794,32.2009,-29.7921,0.88,Bull,1218.0,1267.1256,1164.8053,1475.0465,1648.7065,8.07,2.03,3,unknown,,,,ok,2813941.168911011,2026-09-21,4.0,1238.0,1248.0,1188.0,False,,False,,False,,,,watching,4.49,,
JCH.L@2026-08-03,2026-08-24,JCH.L,JPMorgan Claverhouse Investment Trust,UK,FTSE250,Investment Trusts,stage2_breakout,D,live,False,Stage 2,35.9,52.8,17.0,3.5443,32.2009,-26.2723,0.88,Bull,978.0,993.6776,894.2428,1167.8255,1313.2859,10.01,1.75,3,unknown,,,,ok,665652.1336365967,2026-09-21,4.0,944.0,986.0,930.0,False,,False,,False,,,,watching,-0.68,,
JGGI.L@2026-08-03,2026-08-24,JGGI.L,JPMorgan Global Growth & Income,UK,FTSE250,Investment Trusts,stage2_breakout,D,failed,False,Stage 1 to 2,13.9,53.5,28.0,-1.0653,32.2009,-29.9926,0.88,Bull,620.0,645.4713,583.906,752.3761,841.5281,9.54,1.74,3,unknown,,,,ok,6270927.103033692,2026-09-21,4.0,608.5,623.0,587.0,False,,False,,False,,,,watching,0.99,,
KIE.L@2026-08-10,2026-08-24,KIE.L,Kier Group,UK,FTSE250,Industrials,stage2_breakout,D,late,False,Stage 2,68.6,49.5,5.4,11.165,54.0395,-45.0598,0.88,Bull,261.79998779296875,267.8033,235.6669,340.4227,401.8809,12.0,2.26,2,event_ahead,22.0,False,,ok,2417090.538351471,2026-09-21,4.0,309.0,318.8,240.0,True,2026-09-14,False,,False,,1.59,1.28,open,19.44,,
LWDB.L@2026-08-03,2026-08-24,LWDB.L,Law Debenture,UK,FTSE250,Investment Trusts,stage2_breakout,D,live,False,Stage 2,41.1,49.2,19.9,4.2519,32.2009,-25.4437,0.88,Bull,1254.0,1299.8444,1170.7164,1570.0735,1794.1323,9.93,2.09,3,unknown,,,,ok,2001291.447499756,2026-09-21,4.0,1234.0,1262.0,1198.0,False,,False,,False,,,,watching,1.25,,
MRCH.L@2026-08-03,2026-08-24,MRCH.L,Merchants Trust,UK,FTSE250,Investment Trusts,stage2_breakout,D,live,False,Stage 2,46.9,61.7,13.0,4.6975,32.2009,-25.3148,0.88,Bull,684.0,692.0179,622.9087,815.1323,917.6382,9.99,1.78,3,unknown,,,,ok,1287326.1589382323,2026-09-21,4.0,663.0,691.0,650.0,False,,False,,False,,,,watching,-0.26,,
GROW.L@2026-08-24,2026-08-24,GROW.L,Molten Ventures,UK,FTSE250,Financials,stage2_breakout,D,late,False,Stage 2,77.5,28.1,4.5,29.5015,5.961,22.5696,1.15,Bull,707.0,712.649,627.1311,970.6,1187.08,12.0,3.02,0,clear,91.0,False,,ok,4259092.794,2026-09-21,4.0,670.5,719.5,629.5,True,2026-08-24,False,,False,,0.08,-0.49,open,-2.44,,
MGAM.L@2026-08-03,2026-08-24,MGAM.L,Morgan Advanced Materials,UK,FTSE250,Industrials,stage2_breakout,C,live,True,Stage 1 to 2,38.6,38.0,8.1,2.3327,54.0395,-49.2359,0.88,Bull,241.0,264.9615,233.1661,417.6,542.88,12.0,4.8,3,event_driven,190.0,True,,ok,2167075.4945098115,2026-09-21,4.0,259.0,264.0,231.5,False,,False,,False,,,,watching,10.06,,
OXB.L@2026-08-03,2026-08-24,OXB.L,Oxford Biomedica,UK,FTSE250,Health Care,stage4_breakdown,C,late,True,Stage 4,-78.6,1.7,65.0,-22.5628,-2.3171,-20.511,0.88,Bull,524.0,425.8923,476.9994,176.6,11.0375,12.0,4.88,3,clear,30.0,False,,ok,1872805.4080000003,2026-08-31,1.0,435.0,533.0,420.0,True,2026-08-31,True,2026-08-31,False,,0.12,-0.18,stopped out,,,
QQ.L@2026-08-03,2026-08-24,QQ.L,Qinetiq,UK,FTSE250,Industrials,stage2_breakout,D,failed,False,Stage 2 to 3,5.7,20.4,24.6,-1.0253,54.0395,-51.0373,0.88,Bull,507.5,586.2452,515.8958,922.4,1199.12,12.0,4.78,3,clear,80.0,False,,ok,9885014.249384737,2026-09-21,4.0,489.2,543.5,463.946,False,,False,,False,,,,watching,-0.81,,
RS1.L@2026-08-24,2026-08-24,RS1.L,RS Group,UK,FTSE250,Industrials,stage2_breakout,D,late,False,Stage 2,68.9,35.8,4.9,12.4113,54.0395,-43.6858,0.88,Bull,756.5,761.9563,670.5215,958.1231,1122.6216,12.0,2.15,0,clear,73.0,False,,ok,9167346.785124876,2026-09-21,4.0,757.0,772.0,711.0,True,2026-08-31,False,,False,,0.11,-0.05,open,2.93,,
SAIN.L@2026-08-03,2026-08-24,SAIN.L,Scottish American Investment Company,UK,FTSE250,Investment Trusts,stage2_breakout,D,live,False,Stage 2,24.6,59.7,20.1,0.3846,32.2009,-28.86,0.88,Bull,565.0,575.7909,524.1719,663.9635,737.5344,8.96,1.71,3,unknown,,,,ok,2040677.367807068,2026-09-21,4.0,553.0,566.0,541.0,False,,False,,False,,,,watching,0.71,,
SEQI.L@2026-07-27,2026-08-24,SEQI.L,Sequoia Economic Infrastructure Income Fund,UK,FTSE250,Financials,stage2_breakout,D,failed,False,Stage 1 to 2,9.5,54.3,27.3,-0.7622,5.961,-6.4711,0.88,Bull,85.5999984741211,88.618,80.6655,100.5312,110.5561,8.97,1.5,4,unknown,,,,ok,2217274.782949577,2026-09-21,4.0,85.2,86.1,82.9,False,,False,,False,,,,watching,2.39,,
SPI.L@2026-07-27,2026-08-24,SPI.L,Spire Healthcare,UK,FTSE250,Health Care Equipment & Services,stage2_breakout,D,late,False,Stage 2,57.1,50.3,7.2,6.7686,,,1.0,Bull,235.0,240.7444,211.8551,334.2096,411.5772,12.0,3.24,4,event_ahead,16.0,False,,ok,2761433.232,2026-09-21,4.0,245.5,246.5,230.5,True,2026-08-31,False,,False,,0.2,0.16,open,7.23,,
TMPL.L@2026-08-03,2026-08-24,TMPL.L,Temple Bar Investment Trust,UK,FTSE250,Collective Investments,stage2_breakout,D,live,False,Stage 2,30.6,67.2,21.2,2.477,,,1.0,Bull,420.5,432.6816,381.4,513.7368,581.1576,11.85,1.58,3,unknown,,,,ok,3344399.971966096,2026-09-21,4.0,415.0,425.5,407.5,False,,False,,False,,,,watching,1.54,,
TRIG.L@2026-08-03,2026-08-24,TRIG.L,The Renewables Infrastructure Group,UK,FTSE250,Investment Trusts,stage2_breakout,D,failed,False,Stage 2,24.9,55.3,17.5,-0.3944,32.2009,-30.0737,0.88,Bull,76.9000015258789,79.7363,70.1679,94.7935,107.4436,12.0,1.57,3,unknown,,,,ok,4640291.759648621,2026-09-21,4.0,79.2,80.2,73.7,True,2026-09-14,False,,False,,0.05,-0.06,open,5.81,,
TRST.L@2026-08-03,2026-08-24,TRST.L,Trustpilot,UK,FTSE250,Information Technology,stage2_breakout,D,late,False,Stage 2,75.2,48.8,7.1,26.5058,16.966,8.8407,1.15,Bull,292.20001220703125,306.7974,269.9817,468.6,603.64,12.0,4.39,3,event_ahead,22.0,False,,ok,3727895.250899506,2026-09-21,4.0,213.6,297.8,205.8,False,,False,,False,,,,watching,-28.47,,
VSVS.L@2026-07-27,2026-08-24,VSVS.L,Vesuvius,UK,FTSE250,Industrials,stage4_breakdown,D,live,False,Stage 4,-47.0,8.5,43.8,-13.2262,54.0395,-56.3766,0.88,Bull,388.6000061035156,352.7681,395.1003,214.6776,97.6196,12.0,3.26,4,event_driven,199.0,True,,ok,1691104.284283081,2026-09-21,4.0,372.8,397.0261,356.0,False,,False,,False,,,,watching,1.27,,
VCT.L@2026-08-03,2026-08-24,VCT.L,Victrex,UK,FTSE250,Materials,stage2_breakout,D,late,False,Stage 2,72.0,28.7,2.0,17.8167,13.1178,2.9108,1.15,Bull,841.0,850.8367,748.7363,1161.1064,1419.5914,12.0,3.04,3,clear,99.0,False,,ok,1418243.2866119384,2026-09-21,4.0,905.0,1024.0,807.0,True,2026-08-24,False,,False,,1.7,0.53,open,10.19,,
JDW.L@2026-08-24,2026-08-24,JDW.L,Wetherspoons,UK,FTSE250,Consumer Discretionary,stage2_breakout,D,late,False,Stage 2,70.6,36.9,3.2,16.157,67.4178,-51.6172,0.88,Bull,851.5,854.3072,751.7903,1149.536,1397.1647,12.0,2.88,0,clear,39.0,False,,ok,1509760.315,2026-09-21,4.0,810.5,865.0,764.0,True,2026-08-24,False,,False,,0.1,-0.43,open,-2.07,,
CAPD.L@2026-07-27,2026-08-24,CAPD.L,Capital Limited,UK,FTSE_SMALL,Other Industrial Metals & Mining,stage4_breakdown,C,live,True,Stage 4,-29.1,11.7,36.0,-9.4119,,,1.0,Bull,113.0,94.1394,105.4362,38.7411,2.4213,12.0,4.9,4,unknown,,,,thin,305128.28946546937,2026-09-21,4.0,120.0,124.0,108.0,False,,False,,False,,,,watching,-8.87,,
MACF.L@2026-08-24,2026-08-24,MACF.L,Macfarlane Group,UK,FTSE_SMALL,Packaging & Containers,stage2_breakout,D,failed,False,Stage 1 to 2,28.9,39.1,11.7,-0.6604,,,1.0,Bull,77.0,77.4283,68.1369,100.3363,119.8053,12.0,2.47,0,unknown,,,,thin,116311.38709671402,2026-09-21,4.0,82.2,83.4,70.5915,True,2026-08-24,False,,False,,0.64,0.51,open,9.41,,
PHAR.L@2026-08-03,2026-08-24,PHAR.L,Pharos Energy,UK,FTSE_SMALL,Oil & Gas E&P,stage2_breakout,D,live,False,Stage 2,47.2,28.5,15.5,14.8452,,,1.0,Bull,30.0,35.0302,30.8265,48.5061,59.8709,12.0,3.21,3,clear,30.0,False,,thin,174303.3755,2026-09-21,4.0,30.1,30.8,28.7,False,,False,,False,,,,watching,3.19,,
SDY.L@2026-08-24,2026-08-24,SDY.L,Speedy Hire,UK,FTSE_SMALL,Rental & Leasing Services,stage4_breakdown,C,late,True,Stage 4,-66.1,3.3,43.2,-26.4422,,,1.0,Bull,18.059999465942383,17.6716,19.7922,9.4566,2.4831,12.0,3.87,0,unknown,,,,thin,269015.37937563704,2026-09-21,4.0,14.44,19.58,14.12,True,2026-08-31,False,,False,,1.67,1.52,open,19.51,,
TTG.L@2026-08-03,2026-08-24,TTG.L,TT Electronics,UK,FTSE_SMALL,Electronic Components,stage2_breakout,D,late,False,Stage 2,59.5,55.8,8.6,6.059,,,1.0,Bull,136.0,144.7129,127.3474,208.675,261.799,12.0,3.68,3,event_ahead,9.0,False,,ok,174584.21585797117,2026-09-21,4.0,178.0,182.8,133.4,True,2026-08-31,False,,False,,2.19,1.92,open,29.77,,
VANQ.L@2026-07-27,2026-08-24,VANQ.L,Vanquis Banking Group,UK,FTSE_SMALL,Credit Services,stage4_breakdown,C,late,True,Stage 4,-57.4,4.4,53.0,-32.828,,,1.0,Bull,80.5999984741211,72.5946,81.3059,30.0,1.875,12.0,4.89,4,event_driven,185.0,True,,ok,619478.187,2026-09-07,2.0,78.9,85.0,72.3,True,2026-09-07,True,2026-09-07,False,,0.03,-0.72,stopped out,,,
AGYS@2026-08-24,2026-08-24,AGYS,"Agilysys, Inc. - Common Stock",US,USALL,Information Technology,stage2_breakout,D,late,False,Stage 2,62.7,24.8,2.8,8.5622,11.0791,-3.5007,0.88,Bull,117.87999725341795,120.1865,105.7642,173.5,218.3,12.0,3.7,0,clear,63.0,False,,ok,20059535.199339963,2026-09-07,2.0,104.49,121.59,104.33,True,2026-08-24,True,2026-09-07,False,,0.1,-1.09,stopped out,,,
AMPL@2026-08-24,2026-08-24,AMPL,"Amplitude, Inc. - Class A Common Stock",US,USALL,Information Technology,stage2_breakout,D,late,False,Stage 2,70.8,25.4,2.0,41.7608,11.0791,26.0357,1.15,Bull,14.300000190734863,13.9476,12.2738,21.65,28.106,12.0,4.6,0,clear,72.0,False,,ok,12488298.697993612,2026-09-07,2.0,12.59,14.76,11.95,True,2026-08-24,True,2026-09-07,False,,0.49,-0.81,stopped out,,,
APPN@2026-08-24,2026-08-24,APPN,Appian Corporation - Class A Common Stock,US,USALL,Information Technology,stage2_breakout,D,late,False,Stage 2,70.3,25.7,3.0,32.698,11.0791,17.4215,1.15,Bull,42.5099983215332,39.4538,34.7194,58.29,74.154,12.0,3.98,0,clear,73.0,False,,ok,14813139.632985776,2026-09-07,2.0,34.76,44.06,33.28,True,2026-08-24,True,2026-09-07,False,,0.97,-0.99,stopped out,,,
ASO@2026-08-24,2026-08-24,ASO,"Academy Sports and Outdoors, Inc. - Common Stock",US,USALL,Consumer Discretionary,stage4_breakdown,C,late,True,Stage 4,-71.3,3.8,55.4,-23.3767,-2.8047,-15.6073,0.88,Bull,43.5,42.6407,47.7576,17.488,1.093,12.0,4.92,0,event_ahead,16.0,False,,ok,49974507.15024795,2026-09-07,2.0,55.36,56.88,42.02,True,2026-08-24,True,2026-09-07,False,,0.12,-2.49,stopped out,,,
ATS@2026-08-03,2026-08-24,ATS,ATS Corporation Common Shares,US,USALL,Industrials,stage4_breakdown,C,late,True,Stage 4,-76.3,1.6,100.0,-37.8496,-6.222,-31.5574,0.7,Bull,19.209999084472656,18.4686,20.6848,7.656,0.4785,12.0,4.88,3,event_driven,72.0,True,,ok,3283104.6814135774,2026-09-21,4.0,19.1,20.11,18.41,True,2026-08-31,False,,False,,0.03,-0.28,open,0.57,,
AVPT@2026-08-24,2026-08-24,AVPT,"AvePoint, Inc. - Class A Common Stock",US,USALL,Information Technology,stage2_breakout,D,late,False,Stage 2,50.5,28.8,4.3,3.3113,11.0791,-8.2024,0.88,Bull,14.0,14.1164,12.4224,18.805,22.793,12.0,2.77,0,clear,73.0,False,,ok,17596106.998876892,2026-09-21,4.0,13.0,14.385,12.61,True,2026-08-24,False,,False,,0.16,-0.66,open,-7.41,,
AXG@2026-08-24,2026-08-24,AXG,Solowin Holdings - Class A Ordinary Share,US,USALL,Financials,stage4_breakdown,C,late,True,Stage 4,-79.5,4.1,55.7,-40.6769,0.9143,-41.2698,0.88,Bull,2.2300000190734863,2.389,2.6757,0.9896,0.0618,12.0,4.88,0,clear,129.0,False,,ok,442493.59172532585,2026-09-14,3.0,1.87,2.46,1.855,True,2026-08-24,False,,False,,1.86,1.81,open,,,
AXGN@2026-08-24,2026-08-24,AXGN,"Axogen, Inc. - Common Stock",US,USALL,Health Care,stage2_breakout,D,late,False,Stage 2,79.8,31.9,4.5,41.5496,14.801,24.8814,1.15,Bull,51.470001220703125,52.1688,45.9086,74.58,93.396,12.0,3.58,0,clear,65.0,False,,ok,30128806.72804269,2026-09-07,2.0,42.16,52.91,39.62,True,2026-08-24,True,2026-09-07,False,,0.12,-1.6,stopped out,,,
BBUC@2026-08-24,2026-08-24,BBUC,Brookfield Business Corporation Class A Subordinate Voting Shares,US,USALL,Industrials,stage4_breakdown,C,late,True,Stage 4,-71.4,5.5,72.5,-23.6332,-6.222,-15.8284,0.7,Bull,27.96999931335449,27.4013,30.6894,17.9031,9.8256,12.0,2.89,0,clear,73.0,False,,ok,6935644.068652856,2026-09-21,4.0,25.46,28.6154,24.84,True,2026-08-31,False,,False,,0.78,0.59,open,9.18,,
BFRI@2026-08-24,2026-08-24,BFRI,Biofrontera Inc. - Common Stock,US,USALL,Health Care,stage2_breakout,D,late,False,Stage 2,78.3,21.5,3.1,50.4567,14.801,30.3803,1.15,Bull,1.590000033378601,1.5623,1.3748,2.432,3.1616,12.0,4.64,0,clear,79.0,False,,thin,130512.63816806278,2026-09-07,2.0,1.55,1.66,1.36,True,2026-08-24,True,2026-09-07,False,,0.52,-0.07,stopped out,,,
BGT@2026-08-24,2026-08-24,BGT,BlackRock Floating Rate Income Trust,US,USALL,Financials,stage2_breakout,D,failed,False,Stage 1,8.0,33.1,21.0,-3.7282,0.9143,-4.6217,0.88,Bull,11.109999656677246,11.1576,10.2223,12.5285,13.6714,8.38,1.47,0,unknown,,,,ok,875358.7763620652,2026-09-21,4.0,10.49,11.0474,10.43,False,,False,,False,,0.01,-0.18,watching,-4.64,,
BOX@2026-08-24,2026-08-24,BOX,"Box, Inc. Class A Common Stock",US,USALL,Information Technology,stage2_breakout,D,late,False,Stage 2,74.2,17.6,0.7,12.2248,11.0791,-0.0165,0.88,Bull,34.97999954223633,34.4332,30.3012,46.37,56.382,12.0,2.89,0,event_driven_and_ahead,1.0,True,,ok,44861698.63151422,2026-09-21,4.0,31.39,36.34,31.33,True,2026-08-24,False,,False,,0.46,-0.74,open,-10.83,,
BRZE@2026-08-24,2026-08-24,BRZE,"Braze, Inc. - Class A Common Stock",US,USALL,Information Technology,stage2_breakout,D,late,False,Stage 2,68.3,29.6,1.9,22.9201,11.0791,9.2936,1.15,Bull,34.529998779296875,32.3795,28.494,48.2219,61.6555,12.0,4.08,0,event_ahead,15.0,False,,ok,44053519.48671808,2026-09-07,2.0,23.94,35.02,23.38,True,2026-08-24,True,2026-09-07,False,,0.68,-2.17,stopped out,,,
CCAP@2026-08-24,2026-08-24,CCAP,"Crescent Capital BDC, Inc. - Common Stock",US,USALL,Financials,stage4_breakdown,C,live,True,Stage 4,-69.9,7.3,42.9,-22.4827,0.9143,-23.1756,0.88,Bull,10.539999961853027,10.4004,11.6484,7.4287,4.9226,12.0,2.38,0,clear,79.0,False,,ok,1834730.8159914487,2026-09-21,4.0,9.57,10.7942,9.475,True,2026-08-31,False,,False,,0.74,0.67,open,9.37,,
CHCI@2026-08-24,2026-08-24,CHCI,"Comstock Holding Companies, Inc. - Class A Common Stock",US,USALL,Real Estate,stage2_breakout,D,late,False,Stage 2,76.3,20.3,3.8,23.7211,-1.4893,25.5632,1.0,Bull,20.049999237060547,20.4845,18.0263,29.04,36.296,12.0,3.48,0,clear,80.0,False,,thin,230890.9702938169,2026-09-21,4.0,19.33,22.07,17.47,True,2026-08-31,False,,False,,0.64,-0.47,open,-3.66,,
COLL@2026-08-24,2026-08-24,COLL,"Collegium Pharmaceutical, Inc. - Common Stock",US,USALL,Health Care,stage4_breakdown,C,late,True,Stage 4,-81.9,1.5,58.4,-39.5889,14.801,-48.148,0.88,Bull,25.350000381469727,24.5698,27.5182,10.188,0.6367,12.0,4.88,0,clear,73.0,False,,ok,11676130.317545751,2026-09-21,4.0,22.53,28.25,21.65,True,2026-08-31,False,,False,,0.99,0.69,open,11.79,,
CRON@2026-08-24,2026-08-24,CRON,Cronos Group Inc. - Common Share,US,USALL,Health Care,stage2_breakout,D,late,False,Stage 2,73.8,24.4,4.3,14.7829,14.801,-0.7932,0.88,Bull,3.380000114440918,3.3794,2.9738,4.6215,5.6628,12.0,3.06,0,clear,73.0,False,,ok,2044817.73016516,2026-09-21,4.0,3.34,3.608,3.09,True,2026-08-24,False,,False,,0.56,-0.1,open,-1.19,,
CSR@2026-08-24,2026-08-24,CSR,D/B/A Centerspace Common Stock,US,USALL,Real Estate,stage4_breakdown,C,late,True,Stage 4,-70.7,8.8,45.6,-20.5289,-1.4893,-19.3413,0.88,Bull,52.47999954223633,52.5125,58.814,37.9904,25.7186,12.0,2.3,0,clear,70.0,False,,ok,5474885.158003056,2026-09-07,2.0,58.29,59.31,52.0,True,2026-08-24,True,2026-09-07,False,,0.08,-0.92,stopped out,,,
CTRI@2026-08-24,2026-08-24,CTRI,"Centuri Holdings, Inc. Common Stock",US,USALL,Utilities,stage4_breakdown,C,late,True,Stage 4,-70.2,1.2,79.2,-31.0977,-9.0407,-24.0699,0.7,Bull,20.31999969482422,20.5806,23.0503,8.54,0.5338,12.0,4.88,0,clear,72.0,False,,ok,26881647.43141219,2026-09-21,4.0,20.51,21.39,19.03,True,2026-08-24,False,,False,,0.63,0.03,open,-0.93,,
CVI@2026-08-24,2026-08-24,CVI,CVR Energy Inc. Common Stock,US,USALL,Energy,stage2_breakout,D,late,False,Stage 2,78.7,27.7,4.3,21.8714,-0.762,,1.0,Bull,41.7599983215332,41.2055,36.2608,60.8413,77.3783,12.0,3.97,0,clear,65.0,False,,ok,23447908.428076327,2026-09-21,4.0,51.52,55.19,37.32,True,2026-08-24,False,,False,,2.83,2.09,open,21.0,,
CXM@2026-08-24,2026-08-24,CXM,"Sprinklr, Inc. Class A Common Stock",US,USALL,Information Technology,stage2_breakout,D,late,False,Stage 2,65.8,29.1,1.8,13.5408,11.0791,0.5538,1.15,Bull,8.15999984741211,7.5443,6.639,10.085,12.233,12.0,2.81,0,event_ahead,9.0,False,,ok,13256472.509457828,2026-08-31,1.0,5.91,8.275,5.87,True,2026-08-24,True,2026-08-31,False,,0.81,-1.81,stopped out,,,
DB@2026-08-24,2026-08-24,DB,Deutsche Bank AG Common Stock,US,USALL,Financials,stage2_breakout,D,late,False,Stage 2,60.3,48.2,4.7,7.5809,0.9143,6.6389,1.15,Bull,40.36000061035156,39.5314,34.7876,50.8843,60.3858,12.0,2.39,0,clear,65.0,False,,ok,61499669.15136956,2026-09-21,4.0,36.57,41.62,35.16,True,2026-08-24,False,,False,,0.44,-0.62,open,-9.86,,
DCBO@2026-08-24,2026-08-24,DCBO,Docebo Inc. - Common Shares,US,USALL,Information Technology,stage2_breakout,D,late,False,Stage 2,67.8,26.1,0.0,9.3687,11.0791,-2.8928,0.88,Bull,25.59000015258789,25.7743,22.6814,36.01,44.658,12.0,3.31,0,clear,74.0,False,,ok,1429313.7339448563,2026-09-21,4.0,22.84,27.0,22.22,True,2026-08-24,True,2026-09-21,False,,0.4,-0.95,stopped out,-11.37,,
DV@2026-08-24,2026-08-24,DV,"DoubleVerify Holdings, Inc. Common Stock",US,USALL,Communication Services,stage2_breakout,D,late,False,Stage 2,73.0,28.2,0.0,10.6851,-6.222,21.6725,0.88,Bull,13.380000114440918,13.5842,11.9541,20.3046,25.8643,12.0,4.12,0,clear,73.0,False,,ok,21509529.21418658,2026-09-21,4.0,13.41,13.65,13.29,True,2026-09-14,False,,False,,0.04,-0.11,open,0.22,,
ECOR@2026-08-17,2026-08-24,ECOR,"electroCore, Inc. - Common Stock",US,USALL,Health Care,stage2_breakout,D,late,False,Stage 2,72.0,14.9,7.6,37.3799,14.801,19.9858,1.15,Bull,9.625,11.3677,10.0035,16.83,21.534,12.0,4.0,1,clear,72.0,False,,thin,420774.6665923271,2026-09-14,3.0,11.68,11.93,8.7,True,2026-09-14,True,2026-09-14,False,,0.41,0.23,stopped out,,,
EDRY@2026-08-24,2026-08-24,EDRY,EuroDry Ltd. - Common Shares,US,USALL,Industrials,stage2_breakout,D,late,False,Stage 2,89.5,14.2,5.7,143.9885,-6.222,163.9236,0.88,Bull,50.375,47.9697,42.2134,74.96,97.448,12.0,4.69,0,clear,80.0,False,,ok,532022.6310093468,2026-09-21,4.0,48.16,73.07,42.64,True,2026-08-24,False,,False,,4.36,0.03,open,-4.5,,
EOLS@2026-08-24,2026-08-24,EOLS,"Evolus, Inc. - Common Stock",US,USALL,Health Care,stage2_breakout,D,late,False,Stage 2,76.9,24.0,1.3,31.9697,14.801,13.4044,1.15,Bull,8.880000114440918,8.909,7.8399,13.52,17.384,12.0,4.31,0,clear,72.0,False,,ok,3558679.628583531,2026-09-07,2.0,7.84,9.31,7.75,True,2026-08-24,True,2026-09-07,False,,0.38,-1.0,stopped out,,,
ESRT@2026-08-24,2026-08-24,ESRT,"Empire State Realty Trust, Inc. Class A Common Stock",US,USALL,Real Estate,stage4_breakdown,C,late,True,Stage 4,-76.6,4.5,54.0,-31.6241,-1.4893,-30.4095,0.88,Bull,4.590000152587891,4.5043,5.0448,2.4001,0.6321,12.0,3.89,0,clear,72.0,False,,ok,6313362.563872878,2026-09-21,4.0,4.11,4.8203,3.93,True,2026-08-31,False,,False,,1.06,0.73,open,10.23,,
ESTC@2026-08-24,2026-08-24,ESTC,Elastic N.V. Ordinary Shares,US,USALL,Information Technology,stage2_breakout,D,late,False,Stage 2,70.3,21.8,1.4,32.7043,11.0791,17.8808,1.15,Bull,99.91000366210938,90.4354,79.5831,134.37,171.298,12.0,4.05,0,event_driven_and_ahead,3.0,True,,ok,75959901.07618645,2026-08-24,0.0,99.91,108.0,78.79,True,2026-08-24,True,2026-08-24,False,,1.62,0.87,stopped out,,,
FER@2026-08-24,2026-08-24,FER,Ferrovial N.V. - Ordinary Shares,US,USALL,Industrials,stage4_breakdown,C,late,True,Stage 4,-66.4,5.3,74.7,-17.6921,-6.222,-9.5609,0.7,Bull,58.72999954223633,59.9178,67.108,46.8222,35.7198,12.0,1.82,0,clear,64.0,False,,ok,66374723.66326139,2026-09-21,4.0,55.83,63.53,53.91,True,2026-08-24,False,,False,,0.84,0.57,open,5.06,,
FNKO@2026-08-24,2026-08-24,FNKO,"Funko, Inc. - Class A Common Stock",US,USALL,Consumer Discretionary,stage2_breakout,D,late,False,Stage 2,79.5,13.7,7.0,52.0362,-2.8047,65.1458,1.0,Bull,7.099999904632568,7.2319,6.364,11.18,14.492,12.0,4.55,0,clear,73.0,False,,ok,2585828.6242238265,2026-08-24,0.0,7.1,7.35,6.355,True,2026-08-24,True,2026-08-24,False,,0.14,-0.15,stopped out,,,
FRHC@2026-08-24,2026-08-24,FRHC,Freedom Holding Corp. - Common Stock,US,USALL,Financials,stage2_breakout,D,late,False,Stage 2,71.1,45.2,0.3,9.9239,0.9143,8.8996,1.15,Bull,174.85000610351562,176.4173,155.2472,253.7958,319.0444,12.0,3.66,0,clear,74.0,False,,ok,12292056.996735658,2026-09-21,4.0,172.08,178.0,156.055,True,2026-09-21,False,,False,,0.07,-0.2,open,-1.6,,
FRSH@2026-08-24,2026-08-24,FRSH,Freshworks Inc. - Class A Common Stock,US,USALL,Information Technology,stage2_breakout,D,late,False,Stage 2,68.9,34.7,0.4,19.8513,11.0791,6.6609,1.15,Bull,13.859999656677246,13.5387,11.9141,19.72,24.892,12.0,3.8,0,clear,71.0,False,,ok,72740948.71967807,2026-09-07,2.0,11.89,13.99,11.704,True,2026-08-24,True,2026-09-07,False,,0.28,-1.01,stopped out,,,
GO@2026-08-24,2026-08-24,GO,Grocery Outlet Holding Corp. - Common Stock,US,USALL,Consumer Staples,stage2_breakout,D,late,False,Stage 2,59.1,25.3,1.8,4.6501,51.9527,-31.7026,0.88,Bull,12.170000076293944,11.9076,10.4787,17.645,22.441,12.0,4.02,0,clear,71.0,False,,ok,17502513.970824145,2026-09-21,4.0,11.07,12.67,11.02,True,2026-08-24,False,,False,,0.53,-0.59,open,-9.47,,
GSBD@2026-08-24,2026-08-24,GSBD,"Goldman Sachs BDC, Inc. Common Stock",US,USALL,Financials,stage2_breakout,D,late,False,Stage 2,56.5,63.8,2.5,3.1565,0.9143,2.2166,1.15,Bull,10.130000114440918,10.1039,8.8915,14.8634,18.7701,12.0,3.93,0,clear,73.0,False,,ok,7218896.081839869,2026-09-21,4.0,9.54,10.375,9.38,True,2026-08-24,False,,False,,0.22,-0.47,open,-5.7,,
GTLB@2026-08-24,2026-08-24,GTLB,GitLab Inc. - Class A Common Stock,US,USALL,Information Technology,stage2_breakout,D,late,False,Stage 2,70.3,34.2,0.0,17.7327,11.0791,4.4781,1.15,Bull,44.869998931884766,44.8531,39.4707,68.89,88.954,12.0,4.47,0,event_ahead,8.0,False,,ok,106411921.38878474,2026-09-21,4.0,46.845,55.55,40.14,True,2026-08-24,False,,False,,1.99,0.37,open,4.31,,
HBIO@2026-08-24,2026-08-24,HBIO,"Harvard Bioscience, Inc. - Common Stock",US,USALL,Health Care,stage2_breakout,D,late,False,Stage 2,70.4,37.4,3.1,23.9981,14.801,7.6903,1.15,Bull,7.929999828338623,7.8469,6.9053,12.224,15.8912,12.0,4.65,0,clear,73.0,False,,thin,117266.2335507416,2026-09-21,4.0,7.96,8.4,7.36,True,2026-08-24,False,,False,,0.59,0.12,open,0.38,,
IMMX@2026-08-24,2026-08-24,IMMX,"Immix Biopharma, Inc. - Common Stock",US,USALL,Health Care,stage2_breakout,D,late,False,Stage 2,80.9,20.2,4.5,79.3625,14.801,60.2432,1.15,Bull,13.9399995803833,14.192,12.489,22.016,28.6208,12.0,4.59,0,clear,74.0,False,,ok,8776500.717668433,2026-09-07,2.0,12.14,15.1,11.91,True,2026-08-24,True,2026-09-07,False,,0.53,-1.2,stopped out,,,
IOSP@2026-08-24,2026-08-24,IOSP,Innospec Inc. - Common Stock,US,USALL,Materials,stage2_breakout,D,late,False,Stage 2,74.3,40.3,1.6,10.2481,-6.222,20.9044,0.88,Bull,95.37999725341795,96.1398,84.6031,125.2724,149.4824,12.0,2.53,0,clear,71.0,False,,ok,11127349.470036576,2026-09-21,4.0,98.72,98.77,91.0,True,2026-08-24,False,,False,,0.23,0.22,open,3.44,,
KFFB@2026-08-24,2026-08-24,KFFB,Kentucky First Federal Bancorp - Common Stock,US,USALL,Financials,stage2_breakout,D,late,True,Stage 2,75.6,27.2,4.5,24.3705,0.9143,23.2576,1.15,Bull,6.190000057220459,5.761,5.0696,7.14,8.324,12.0,1.99,0,clear,,False,,untradeable,9355.128983282648,2026-09-21,4.0,5.58,6.45,5.2671,True,2026-08-24,False,,False,,1.0,-0.26,open,-9.56,,
KMT@2026-08-24,2026-08-24,KMT,Kennametal Inc. Common Stock,US,USALL,Industrials,stage4_breakdown,C,late,True,Stage 4,-64.5,2.5,86.9,-13.951,-6.222,-5.6967,0.7,Bull,29.540000915527344,28.8987,32.3665,15.4977,4.1679,12.0,3.86,0,clear,72.0,False,,ok,31210323.65607941,2026-09-21,4.0,31.03,31.16,28.74,True,2026-08-31,False,,False,,0.05,-0.61,open,-4.92,,
MASS@2026-08-24,2026-08-24,MASS,908 Devices Inc. - Common Stock,US,USALL,Health Care,stage2_breakout,D,late,False,Stage 2,81.2,22.8,4.5,35.7329,14.801,17.442,1.15,Bull,10.729999542236328,10.962,9.6466,16.6681,21.4402,12.0,4.34,0,clear,78.0,False,,ok,1440240.662017619,2026-09-07,2.0,9.52,11.249,9.32,True,2026-08-24,True,2026-09-07,False,,0.22,-1.1,stopped out,,,
MATW@2026-08-24,2026-08-24,MATW,Matthews International Corporation - Class A Common Stock,US,USALL,Industrials,stage4_breakdown,C,late,True,Stage 4,-70.6,1.3,77.7,-23.9841,-6.222,-16.4656,0.7,Bull,20.93000030517578,20.6651,23.1449,10.2605,1.5328,12.0,4.2,0,clear,87.0,False,,ok,4697389.450761114,2026-09-21,4.0,18.95,21.93,18.94,True,2026-08-31,False,,False,,0.7,0.69,open,9.94,,
MDWD@2026-08-24,2026-08-24,MDWD,MediWound Ltd. - Ordinary Shares,US,USALL,Health Care,stage4_breakdown,C,late,True,Stage 4,-78.0,5.2,47.2,-30.9988,14.801,-40.9071,0.88,Bull,12.65999984741211,12.7765,14.3097,7.39,2.854,12.0,3.51,0,clear,87.0,False,,ok,870262.7641513348,2026-09-21,4.0,13.84,14.07,12.52,True,2026-08-24,False,,False,,0.17,-0.69,open,-8.91,,
MFIN@2026-08-24,2026-08-24,MFIN,Medallion Financial Corp. - Common Stock,US,USALL,Financials,stage2_breakout,D,late,False,Stage 2,72.7,38.0,2.2,12.6447,0.9143,11.6349,1.15,Bull,11.949999809265137,11.9217,10.4911,15.8581,19.1446,12.0,2.75,0,clear,65.0,False,,ok,416834.4474647136,2026-09-21,4.0,11.96,12.26,11.39,True,2026-08-24,False,,False,,0.24,0.03,open,0.08,,
MLAB@2026-08-24,2026-08-24,MLAB,"Mesa Laboratories, Inc. - Common Stock",US,USALL,Information Technology,stage2_breakout,D,late,False,Stage 2,76.3,25.8,4.5,33.1135,11.0791,19.6987,1.15,Bull,129.08999633789062,127.9077,112.5587,178.8203,221.9645,12.0,3.32,0,clear,73.0,False,,ok,10472519.52332068,2026-09-21,4.0,134.04,138.66,119.07,True,2026-08-24,False,,False,,0.7,0.4,open,3.89,,
NMCO@2026-08-24,2026-08-24,NMCO,Nuveen Municipal Credit Opportunities Fund Common Shares,US,USALL,Financials,stage4_breakdown,D,live,False,Stage 3 to 4,-48.6,17.1,49.7,-12.8001,0.9143,-13.6242,0.88,Bull,9.84000015258789,9.8956,10.9186,9.0513,8.3282,10.34,0.83,0,unknown,,,,ok,1196953.79468142,2026-09-21,4.0,9.07,10.4051,8.99,True,2026-08-24,False,,True,2026-09-21,0.89,0.81,reached first target,7.43,,
NXPL@2026-08-24,2026-08-24,NXPL,NextPlat Corp - Common Stock,US,USALL,Information Technology,stage2_breakout,D,late,False,Stage 2,68.8,29.9,2.5,28.4051,11.0791,14.7249,1.15,Bull,9.260000228881836,9.5036,8.3632,14.672,19.0736,12.0,4.53,0,clear,,False,,thin,135151.14938088888,2026-09-21,4.0,9.01,9.94,8.66,True,2026-08-24,False,,False,,0.38,-0.43,open,-2.74,,
OESX@2026-08-24,2026-08-24,OESX,"Orion Energy Systems, Inc. - Common Stock",US,USALL,Industrials,stage2_breakout,D,late,False,Stage 2,69.9,14.2,5.7,98.9851,-6.222,117.7554,0.88,Bull,26.5,21.4809,18.9032,33.28,43.264,12.0,4.58,0,clear,72.0,False,,ok,313028.8739381605,2026-09-21,4.0,30.59,31.0,19.71,True,2026-08-24,False,,False,,3.69,3.53,open,14.35,,
ONON@2026-08-24,2026-08-24,ONON,On Holding AG Class A Ordinary Shares,US,USALL,Consumer Discretionary,stage4_breakdown,C,late,True,Stage 4,-78.8,2.5,55.7,-35.0935,-2.8047,-28.3736,0.88,Bull,28.850000381469727,28.6975,32.1412,11.8524,0.7408,12.0,4.89,0,clear,79.0,False,,ok,147747394.22030243,2026-09-21,4.0,29.96,31.16,26.365,True,2026-08-24,False,,False,,0.68,-0.37,open,-3.78,,
OOMA@2026-08-24,2026-08-24,OOMA,"Ooma, Inc. Common Stock",US,USALL,Information Technology,stage2_breakout,D,late,False,Stage 2,65.2,5.2,6.7,41.6958,11.0791,28.468,1.15,Bull,22.90999984741211,23.229,20.4415,34.42,43.78,12.0,4.01,0,event_driven_and_ahead,2.0,True,,ok,4107322.641393999,2026-08-24,0.0,22.91,26.19,20.0,True,2026-08-24,True,2026-08-24,False,,1.06,-0.11,stopped out,,,
OPFI@2026-08-10,2026-08-24,OPFI,OppFi Inc. Class A Common Stock,US,USALL,Financials,stage4_breakdown,C,late,True,Stage 4,-73.3,0.7,56.2,-31.3821,0.9143,-31.9995,0.88,Bull,7.070000171661377,6.2656,7.0175,2.6,0.1625,12.0,4.88,2,event_driven,65.0,True,,ok,3883957.876045304,2026-09-21,4.0,6.28,8.065,6.195,True,2026-09-21,False,,False,,0.09,-0.02,open,11.85,,
PD@2026-08-24,2026-08-24,PD,"PagerDuty, Inc. Common Stock",US,USALL,Information Technology,stage2_breakout,D,late,False,Stage 2,66.2,34.0,1.2,14.4183,11.0791,1.3599,1.15,Bull,13.829999923706056,12.8394,11.2987,19.3,24.74,12.0,4.19,0,event_driven_and_ahead,3.0,True,,ok,11725681.233679077,2026-09-21,4.0,14.38,15.05,11.75,True,2026-08-24,False,,False,,1.43,1.0,open,3.9,,
PRE@2026-08-24,2026-08-24,PRE,Prenetics Global Limited - Class A Ordinary Share,US,USALL,Consumer Staples,stage2_breakout,D,late,False,Stage 2,69.6,11.9,5.7,38.0849,51.9527,-10.2833,0.88,Bull,25.76000022888184,24.4986,21.5588,33.6304,41.6307,12.0,3.11,0,event_driven,78.0,True,,ok,2635385.265184296,2026-08-24,0.0,25.76,26.5,19.13,True,2026-08-24,True,2026-08-24,False,,0.68,0.43,stopped out,,,
RNXT@2026-08-24,2026-08-24,RNXT,"RenovoRx, Inc. - Common Stock",US,USALL,Health Care,stage2_breakout,D,late,False,Stage 2,72.0,21.8,3.1,50.9739,14.801,29.3795,1.15,Bull,1.6699999570846558,1.5522,1.366,2.408,3.1304,12.0,4.59,0,clear,,False,,thin,218551.5645372668,2026-08-24,0.0,1.67,1.679,1.24,True,2026-08-24,True,2026-08-24,False,,0.68,0.63,stopped out,,,
SEB@2026-08-24,2026-08-24,SEB,Seaboard Corporation Common Stock,US,USALL,Industrials,stage4_breakdown,C,late,True,Stage 4,-68.9,1.8,77.4,-22.4524,-6.222,-14.7803,0.7,Bull,3913.2099609375,3956.7534,4431.5638,2152.9956,620.8562,12.0,3.8,0,clear,64.0,False,,ok,41973261.01469239,2026-09-21,4.0,3969.1799,4412.3398,3850.01,True,2026-08-24,False,,False,,0.22,-0.03,open,-1.42,,
SMID@2026-08-24,2026-08-24,SMID,Smith-Midland Corporation - Common Stock,US,USALL,Materials,stage4_breakdown,C,late,True,Stage 4,-70.4,2.0,72.0,-32.0209,-6.222,-24.9199,0.7,Bull,25.100000381469727,24.7243,27.6912,11.2,0.64,12.0,4.56,0,clear,80.0,False,,thin,250623.61417784248,2026-08-24,0.0,25.1,28.75,24.63,True,2026-08-24,True,2026-08-24,False,,0.03,-0.13,stopped out,,,
SPT@2026-08-24,2026-08-24,SPT,"Sprout Social, Inc - Class A Common Stock",US,USALL,Information Technology,stage2_breakout,D,late,False,Stage 2,65.5,23.5,1.9,16.1148,11.0791,2.8813,1.15,Bull,11.489999771118164,10.8688,9.5646,16.2,20.712,12.0,4.09,0,clear,72.0,False,,ok,6735447.658412409,2026-09-21,4.0,9.54,11.86,9.475,True,2026-08-24,True,2026-09-21,False,,0.76,-1.02,stopped out,-18.6,,
SXC@2026-08-24,2026-08-24,SXC,"SunCoke Energy, Inc. Common Stock",US,USALL,Materials,stage2_breakout,D,late,False,Stage 2,74.5,17.7,5.9,24.6022,-6.222,36.3321,0.88,Bull,10.15999984741211,10.1112,8.8978,14.4334,18.0602,12.0,3.56,0,clear,72.0,False,,ok,8548517.630865335,2026-09-21,4.0,9.57,10.68,9.26,True,2026-08-24,False,,False,,0.47,-0.45,open,-5.98,,
TEAM@2026-08-24,2026-08-24,TEAM,Atlassian Corporation  - Class A Common Stock,US,USALL,Information Technology,stage2_breakout,D,late,False,Stage 2,69.9,28.2,0.6,44.4707,11.0791,27.9711,1.15,Bull,190.4149932861328,182.71,160.7848,284.608,369.9904,12.0,4.65,0,clear,66.0,False,,ok,356439165.0789176,2026-09-21,4.0,187.74,200.0,160.962,True,2026-08-24,False,,False,,0.79,0.23,open,-1.41,,
TISI@2026-08-24,2026-08-24,TISI,"Team, Inc. Common Stock",US,USALL,Industrials,stage2_breakout,D,late,False,Stage 2,78.2,18.0,2.8,39.4601,-6.222,52.8667,0.88,Bull,24.739999771118164,24.9891,21.9904,39.104,50.8352,12.0,4.71,0,clear,80.0,False,,thin,83957.2113007213,2026-08-24,0.0,24.74,25.33,21.94,True,2026-08-24,True,2026-08-24,False,,0.11,-0.08,stopped out,,,
TWFG@2026-08-24,2026-08-24,TWFG,"TWFG, Inc. - Common Stock",US,USALL,Financials,stage2_breakout,D,late,False,Stage 2,67.0,34.7,1.8,13.5866,0.9143,12.6041,1.15,Bull,30.01000022888184,30.2314,26.6036,42.62,53.044,12.0,3.41,0,clear,79.0,False,,ok,3510471.205843097,2026-09-07,2.0,26.69,31.3,26.37,True,2026-08-24,True,2026-09-07,False,,0.29,-0.98,stopped out,,,
URBN@2026-08-24,2026-08-24,URBN,"Urban Outfitters, Inc. - Common Stock",US,USALL,Consumer Discretionary,stage2_breakout,C,late,True,Stage 2,51.8,43.1,14.4,3.8477,-2.8047,14.0321,1.0,Bull,81.08999633789062,82.1515,72.2933,108.9262,131.6671,12.0,2.72,0,event_driven_and_ahead,2.0,True,,ok,62247488.47204771,2026-09-21,4.0,75.35,85.43,73.62,True,2026-08-24,False,,False,,0.33,-0.69,open,-7.34,,
VHI@2026-08-24,2026-08-24,VHI,"Valhi, Inc. Common Stock",US,USALL,Materials,stage2_breakout,D,late,False,Stage 2,72.4,21.9,1.3,16.2363,-6.222,27.7309,0.88,Bull,18.040000915527344,17.7672,15.6351,24.7615,30.6506,12.0,3.28,0,clear,73.0,False,,thin,158303.31749563763,2026-09-14,3.0,16.56,19.1053,15.39,True,2026-08-24,True,2026-09-14,False,,0.63,-0.57,stopped out,,,
WT@2026-08-24,2026-08-24,WT,"WisdomTree, Inc. Common Stock",US,USALL,,stage2_breakout,D,late,False,Stage 2,82.6,16.3,7.6,41.1951,,,1.0,Bull,24.43000030517578,23.9994,21.1195,33.9191,42.2224,12.0,3.44,0,clear,67.0,False,,ok,35037119.93807612,2026-09-21,4.0,24.33,25.91,21.6,True,2026-08-24,False,,False,,0.66,0.11,open,-0.41,,
XBIO@2026-08-24,2026-08-24,XBIO,"Xenetic Biosciences, Inc. - Common Stock",US,USALL,,stage2_breakout,D,late,False,Stage 2,74.5,18.2,4.5,23.1995,,,1.0,Bull,3.9800000190734863,3.8453,3.3838,5.968,7.7584,12.0,4.6,0,clear,,False,,thin,35602.48915446822,2026-09-14,3.0,2.77,4.939,1.87,True,2026-08-24,True,2026-09-14,False,,2.37,-2.33,stopped out,,,
ZETA@2026-08-24,2026-08-24,ZETA,Zeta Global Holdings Corp. Class A Common Stock,US,USALL,,stage2_breakout,D,late,False,Stage 2,74.1,20.9,6.5,41.9265,,,1.0,Bull,30.540000915527344,30.6816,26.9998,47.2063,61.0594,12.0,4.49,0,clear,71.0,False,,ok,111203565.30136584,2026-09-21,4.0,29.45,32.81,27.2,True,2026-08-24,False,,False,,0.58,-0.33,open,-3.63,,
DECK@2026-08-31,2026-08-31,DECK,Deckers Brands,US,SP500,Consumer Discretionary,stage4_breakdown,C,late,True,Stage 4,-71.4,1.4,53.7,-23.1027,-2.5252,-15.6011,0.88,Bull,85.80999755859375,84.0834,94.1734,34.444,2.1528,12.0,4.92,0,clear,52.0,False,,ok,151159717.55222124,2026-09-21,3.0,78.67,87.96,77.37,True,2026-08-31,False,,False,,0.67,0.54,open,,,
DE@2026-08-31,2026-08-31,DE,Deere & Company,US,SP500,Industrials,stage2_breakout,D,late,False,Stage 2,75.4,30.2,7.5,16.323,-5.8533,27.1476,0.88,Bull,693.530029296875,681.4831,599.7051,833.1795,963.3342,12.0,1.85,0,clear,86.0,False,,ok,523512801.4359671,2026-09-21,3.0,690.46,721.22,641.13,True,2026-08-31,False,,False,,0.49,0.11,open,,,
DELL@2026-08-31,2026-08-31,DELL,Dell Technologies,US,SP500,Information Technology,stage2_breakout,D,late,False,Stage 2,89.3,21.2,4.9,110.3879,10.1859,97.4441,1.15,Bull,524.1400146484375,529.1439,465.6467,822.4,1069.12,12.0,4.62,0,event_driven_and_ahead,1.0,True,,ok,1650590032.261845,2026-08-31,0.0,524.14,534.99,421.89,True,2026-08-31,True,2026-08-31,False,,0.09,-0.08,stopped out,,,
DOV@2026-08-31,2026-08-31,DOV,Dover Corporation,US,SP500,Industrials,stage4_breakdown,C,live,True,Stage 3 to 4,-60.8,4.6,73.9,-12.4798,-5.8533,-4.1673,0.7,Bull,192.8800048828125,190.537,213.4014,147.4112,110.7497,12.0,1.89,0,clear,52.0,False,,ok,151738507.2398832,2026-09-21,3.0,191.88,197.66,184.0,True,2026-08-31,False,,False,,0.29,-0.06,open,,,
HON@2026-08-31,2026-08-31,HON,Honeywell Technologies,US,SP500,Industrials,stage4_breakdown,C,live,True,Stage 4,-63.4,6.4,75.4,-14.3813,-5.8533,-6.1612,0.7,Bull,209.6100006103516,209.3612,234.4845,164.6534,125.8961,12.0,1.78,0,clear,52.0,False,,ok,629207340.4971178,2026-09-21,3.0,212.55,215.54,196.98,True,2026-08-31,False,,False,,0.49,-0.13,open,,,
IQV@2026-08-31,2026-08-31,IQV,IQVIA,US,SP500,Health Care,stage2_breakout,D,late,False,Stage 2,71.3,28.0,4.5,20.9821,14.5583,4.6878,1.15,Bull,267.7699890136719,269.6557,237.297,397.2981,502.9365,12.0,3.94,0,clear,64.0,False,,ok,194933439.72252613,2026-09-21,3.0,270.37,277.4,252.53,True,2026-08-31,False,,False,,0.24,0.02,open,,,
JNJ@2026-08-31,2026-08-31,JNJ,Johnson & Johnson,US,SP500,Health Care,stage2_breakout,D,late,False,Stage 2,75.2,39.7,7.4,12.5423,14.5583,-1.8383,0.88,Bull,275.2300109863281,278.3009,244.9048,332.1918,377.8547,12.0,1.61,0,clear,43.0,False,,ok,1345277320.6692872,2026-09-21,3.0,271.22,281.07,260.68,True,2026-08-31,False,,False,,0.08,-0.21,open,,,
LHX@2026-08-31,2026-08-31,LHX,L3Harris,US,SP500,Industrials,stage4_breakdown,C,late,True,Stage 4,-77.6,2.2,73.9,-23.7051,-5.8533,-16.1169,0.7,Bull,256.45001220703125,252.6478,282.9655,111.3483,6.4327,12.0,4.66,0,clear,59.0,False,,ok,307794289.0615183,2026-09-21,3.0,237.69,269.5,236.79,True,2026-09-07,False,,False,,0.52,0.49,open,,,
LULU@2026-08-31,2026-08-31,LULU,Lululemon Athletica,US,SP500,Consumer Discretionary,stage4_breakdown,C,late,True,Stage 4,-83.9,6.2,51.9,-41.7585,-2.5252,-35.5787,0.88,Bull,100.61000061035156,101.153,113.2914,41.776,2.611,12.0,4.89,0,event_driven_and_ahead,3.0,True,,ok,268767767.1294595,2026-08-31,0.0,100.61,124.47,97.99,True,2026-08-31,True,2026-08-31,False,,0.26,0.04,stopped out,,,
MLM@2026-08-31,2026-08-31,MLM,Martin Marietta Materials,US,SP500,Materials,stage4_breakdown,C,late,True,Stage 4,-69.8,3.6,68.7,-22.4014,-5.8533,-14.6583,0.7,Bull,514.77001953125,512.771,574.3035,334.7526,185.4792,12.0,2.89,0,clear,64.0,False,,ok,227752915.0587096,2026-09-21,3.0,484.3,528.46,477.38,True,2026-08-31,False,,False,,0.58,0.46,open,,,
MCD@2026-08-31,2026-08-31,MCD,McDonald's,US,SP500,Consumer Discretionary,stage4_breakdown,C,live,True,Stage 4,-69.7,6.6,58.9,-20.6493,-2.5252,-12.6817,0.88,Bull,255.69000244140625,255.1799,285.8015,178.98,115.7512,12.0,2.49,0,clear,66.0,False,,ok,829074309.9090879,2026-09-21,3.0,236.5,266.07,234.03,True,2026-09-07,False,,False,,0.69,0.61,open,,,
PCG@2026-08-31,2026-08-31,PCG,PG&E Corporation,US,SP500,Utilities,stage4_breakdown,D,late,False,Stage 4,-60.0,9.0,63.7,-21.1029,-8.5309,-13.6806,0.7,Bull,14.300000190734863,14.6369,16.3933,10.8373,7.5523,12.0,2.16,0,clear,52.0,False,,ok,268440389.2115509,2026-09-21,3.0,12.34,14.92,12.02,True,2026-08-31,False,,False,,1.49,1.31,open,,,
RVTY@2026-08-31,2026-08-31,RVTY,Revvity,US,SP500,Health Care,stage2_breakout,D,late,False,Stage 2,72.2,30.4,4.5,19.0122,14.5583,3.4484,1.15,Bull,130.22000122070312,132.1904,116.3276,184.6133,228.248,12.0,3.3,0,clear,56.0,False,,ok,93701830.03060976,2026-09-21,3.0,151.11,152.26,120.9,True,2026-08-31,False,,False,,1.27,1.19,open,,,
HOOD@2026-08-31,2026-08-31,HOOD,Robinhood Markets,US,SP500,Financials,stage2_breakout,D,late,False,Stage 2,62.5,31.1,4.2,8.7383,2.0783,6.3755,1.15,Bull,122.11000061035156,123.7241,108.8772,176.585,221.813,12.0,3.56,0,clear,65.0,False,,ok,1567686148.043138,2026-08-31,0.0,122.11,124.88,100.68,True,2026-08-31,True,2026-08-31,False,,0.08,-0.11,stopped out,,,
TXT@2026-08-31,2026-08-31,TXT,Textron,US,SP500,Industrials,stage4_breakdown,C,late,True,Stage 4,-69.6,3.1,69.1,-18.6957,-5.8533,-10.8185,0.7,Bull,79.06999969482422,80.4059,90.0546,61.8739,46.0129,12.0,1.92,0,clear,52.0,False,,ok,87917331.62183033,2026-09-21,3.0,76.59,82.79,75.86,True,2026-08-31,False,,False,,0.47,0.4,open,,,
TJX@2026-08-31,2026-08-31,TJX,TJX Companies,US,SP500,Consumer Discretionary,stage4_breakdown,C,late,True,Stage 4,-68.9,6.9,65.1,-20.4693,-2.5252,-12.7502,0.88,Bull,132.0800018310547,131.5927,147.3838,97.6347,68.9025,12.0,2.15,0,clear,79.0,False,,ok,584445120.0400746,2026-09-21,3.0,130.06,135.55,122.78,True,2026-08-31,False,,False,,0.56,0.1,open,,,
TSN@2026-08-31,2026-08-31,TSN,Tyson Foods,US,SP500,Consumer Staples,stage4_breakdown,C,late,True,Stage 4,-68.1,3.4,66.6,-18.8353,-3.7734,-15.6769,0.7,Bull,51.41999816894531,53.1313,59.5071,39.7893,28.4001,12.0,2.09,0,clear,70.0,False,,ok,132824718.27558096,2026-09-21,3.0,50.92,56.54,50.68,True,2026-08-31,False,,False,,0.38,0.35,open,,,
WYNN@2026-08-31,2026-08-31,WYNN,Wynn Resorts,US,SP500,Consumer Discretionary,stage4_breakdown,C,live,True,Stage 4,-68.2,7.0,44.8,-24.1564,-2.5252,-16.4918,0.88,Bull,91.54000091552734,90.4732,101.3299,66.2588,45.4306,12.0,2.23,0,clear,66.0,False,,ok,104535601.42843184,2026-09-21,3.0,81.12,95.08,77.06,True,2026-08-31,False,,False,,1.24,0.86,open,,,
CNH@2026-08-31,2026-08-31,CNH,CNH Industrial,US,SP400,Industrials,stage2_breakout,C,late,True,Stage 2,68.5,14.2,4.0,23.1353,-5.8533,34.9843,0.88,Bull,14.399999618530272,13.4718,11.8552,18.7825,23.2624,12.0,3.29,0,clear,70.0,False,,ok,108322329.7394978,2026-08-31,0.0,14.4,14.46,11.69,True,2026-08-31,True,2026-08-31,False,,0.61,0.57,stopped out,,,
CW@2026-08-31,2026-08-31,CW,Curtiss-Wright,US,SP400,Industrials,stage4_breakdown,C,late,True,Stage 4,-65.1,2.8,80.6,-20.0792,-5.8533,-12.6217,0.7,Bull,566.75,578.521,647.9435,376.1,203.2761,12.0,2.92,0,clear,65.0,False,,ok,143702563.60958785,2026-09-21,3.0,539.73,593.1065,535.0,True,2026-08-31,False,,False,,0.63,0.56,open,,,
DOCU@2026-08-31,2026-08-31,DOCU,Docusign,US,SP400,Information Technology,stage2_breakout,D,late,False,Stage 2,66.0,21.2,0.1,7.8281,10.1859,-3.7143,0.88,Bull,68.41000366210938,67.0995,59.0476,93.08,115.032,12.0,3.23,0,event_driven_and_ahead,3.0,True,,ok,126645741.82610822,2026-09-21,3.0,67.5,74.065,63.6,True,2026-08-31,False,,False,,0.87,0.05,open,,,
ESAB@2026-08-31,2026-08-31,ESAB,ESAB,US,SP400,Industrials,stage4_breakdown,C,late,True,Stage 4,-81.8,2.8,66.3,-35.0126,-5.8533,-28.3366,0.7,Bull,75.0199966430664,73.6087,82.4417,30.332,1.8958,12.0,4.9,0,clear,59.0,False,,ok,47952260.34423895,2026-09-21,3.0,71.91,76.9,64.83,True,2026-08-31,False,,False,,0.99,0.19,open,,,
RBC@2026-08-31,2026-08-31,RBC,RBC Bearings,US,SP400,Industrials,stage4_breakdown,D,late,False,Stage 4,-60.9,4.9,78.8,-12.9444,-5.8533,-4.9145,0.7,Bull,488.5400085449219,483.2703,541.2627,317.11,176.878,12.0,2.87,0,clear,60.0,False,,ok,93954070.69358614,2026-09-21,3.0,506.1,510.33,471.57,True,2026-08-31,False,,False,,0.2,-0.39,open,,,
UNM@2026-08-31,2026-08-31,UNM,Unum,US,SP400,Financials,stage2_breakout,D,late,False,Stage 2,74.6,49.2,3.8,10.4773,2.0783,8.197,1.15,Bull,95.8499984741211,95.7306,84.243,120.8891,141.9604,12.0,2.19,0,clear,64.0,False,,ok,83342413.22968043,2026-09-21,3.0,92.09,96.77,91.03,True,2026-08-31,False,,False,,0.09,-0.32,open,,,
WTRG@2026-08-31,2026-08-31,WTRG,Essential Utilities,US,SP400,Utilities,stage2_breakout,D,failed,False,Stage 2,28.8,41.7,15.8,-1.0839,-8.5309,8.1264,0.88,Bull,41.70000076293945,41.8747,36.923,47.1291,51.6964,11.83,1.06,0,clear,65.0,False,,ok,57681905.504104994,2026-09-21,3.0,39.53,42.51,39.24,True,2026-08-31,False,,False,,0.13,-0.47,open,,,
BEZ.L@2026-08-31,2026-08-31,BEZ.L,Beazley,UK,FTSE100,Financials,stage2_breakout,A,live,True,Stage 2,55.4,49.8,13.7,9.5229,5.1414,4.2307,1.15,Bull,1301.5,1303.192,1275.5523,1459.22,1588.196,2.12,5.65,0,clear,184.0,False,,ok,47257480.3015,2026-09-21,3.0,1306.0,1310.0,1287.0,True,2026-09-07,False,,False,,0.25,0.1,open,,,
NG.L@2026-08-31,2026-08-31,NG.L,National Grid plc,UK,FTSE100,Multiline utilities,stage4_breakdown,C,live,True,Stage 3 to 4,-59.8,10.9,64.8,-10.7814,,,1.0,Bull,1151.0,1140.8785,1276.3076,860.1988,624.609,11.87,2.07,0,clear,66.0,False,,ok,126634517.06593664,2026-09-21,3.0,1127.0,1179.5,1096.5,True,2026-08-31,False,,False,,0.33,0.1,open,,,
SDY.L@2026-08-31,2026-08-31,SDY.L,Speedy Hire,UK,FTSE_SMALL,Rental & Leasing Services,stage4_breakdown,C,late,True,Stage 4,-75.1,2.6,51.4,-29.1009,,,1.0,Bull,17.239999771118164,17.4957,19.5952,9.1096,1.9973,12.0,3.99,0,unknown,,,,thin,269015.37937563704,2026-09-21,3.0,14.44,19.14,14.12,True,2026-08-31,False,,False,,1.61,1.46,open,,,
ARTNA@2026-08-31,2026-08-31,ARTNA,Artesian Resources Corporation - Class A Non-Voting Common Stock,US,USALL,Utilities,stage2_breakout,D,live,False,Stage 2,51.2,53.0,11.7,2.3312,-8.5309,11.747,0.88,Bull,36.18999862670898,36.3454,32.5838,42.7749,48.1948,10.35,1.71,0,clear,59.0,False,,ok,843762.2427917849,2026-09-21,3.0,33.25,36.98,32.88,True,2026-08-31,False,,False,,0.17,-0.82,open,,,
AS@2026-08-31,2026-08-31,AS,"Amer Sports, Inc. Ordinary Shares",US,USALL,Consumer Discretionary,stage4_breakdown,C,late,True,Stage 4,-70.8,1.0,64.8,-23.0374,-2.5252,-15.5432,0.88,Bull,29.530000686645508,29.5053,33.046,12.104,0.7565,12.0,4.91,0,clear,78.0,False,,ok,98729759.93091376,2026-09-21,3.0,27.77,30.89,26.1,True,2026-08-31,False,,False,,0.96,0.49,open,,,
ATLO@2026-08-31,2026-08-31,ATLO,Ames National Corporation - Common Stock,US,USALL,Financials,stage2_breakout,D,late,False,Stage 2,75.5,51.1,6.2,15.5331,2.0783,13.24,1.15,Bull,32.439998626708984,32.4169,28.5269,38.5705,43.7838,12.0,1.58,0,clear,46.0,False,,ok,1104317.3807896874,2026-09-21,3.0,31.82,32.86,30.69,True,2026-08-31,False,,False,,0.11,-0.15,open,,,
ATRC@2026-08-31,2026-08-31,ATRC,"AtriCure, Inc. - Common Stock",US,USALL,Health Care,stage2_breakout,D,late,False,Stage 2,74.8,29.2,3.1,34.7835,14.5583,16.5589,1.15,Bull,51.52000045776367,50.9073,44.7984,74.6,94.296,12.0,3.88,0,clear,57.0,False,,ok,17427336.823478322,2026-09-21,3.0,58.38,61.7,46.61,True,2026-08-31,False,,False,,1.77,1.22,open,,,
CCAP@2026-08-31,2026-08-31,CCAP,"Crescent Capital BDC, Inc. - Common Stock",US,USALL,Financials,stage4_breakdown,C,live,True,Stage 4,-76.4,6.6,45.5,-22.8922,2.0783,-24.481,0.88,Bull,10.369999885559082,10.3131,11.5507,7.3614,4.8745,12.0,2.39,0,clear,72.0,False,,ok,1831836.0893591847,2026-09-21,3.0,9.57,10.705,9.475,True,2026-08-31,False,,False,,0.68,0.6,open,,,
CHCI@2026-08-31,2026-08-31,CHCI,"Comstock Holding Companies, Inc. - Class A Common Stock",US,USALL,Real Estate,stage2_breakout,D,late,False,Stage 2,79.4,15.3,2.0,30.5405,-5.9611,38.6501,0.88,Bull,21.14999961853028,20.9179,18.4078,29.9,37.5,12.0,3.58,0,clear,73.0,False,,thin,264335.9645707138,2026-09-21,3.0,19.33,22.07,19.03,True,2026-08-31,False,,False,,0.46,-0.63,open,,,
CHPT@2026-08-31,2026-08-31,CHPT,"ChargePoint Holdings, Inc. Common Stock",US,USALL,Consumer Discretionary,stage2_breakout,D,late,False,Stage 2,66.0,18.3,1.9,22.0629,-2.5252,34.5825,1.0,Bull,9.890000343322754,8.8146,7.7569,12.54,15.78,12.0,3.52,0,event_driven_and_ahead,2.0,True,,ok,2087572.0367006653,2026-08-31,0.0,9.89,10.28,5.19,True,2026-08-31,True,2026-08-31,False,,1.39,1.02,stopped out,,,
CMBT@2026-08-31,2026-08-31,CMBT,CMB.TECH NV Ordinary Shares,US,USALL,Energy,stage2_breakout,D,late,False,Stage 2,86.4,17.7,8.2,44.2932,-1.1261,,1.0,Bull,19.489999771118164,19.1585,16.8595,26.4688,32.5638,12.0,3.18,0,event_driven,87.0,True,,ok,13359458.615854776,2026-09-21,3.0,19.01,20.82,18.1,True,2026-08-31,False,,False,,0.72,-0.06,open,,,
CVI@2026-08-31,2026-08-31,CVI,CVR Energy Inc. Common Stock,US,USALL,Energy,stage2_breakout,D,late,False,Stage 2,80.7,26.9,4.5,29.2235,-1.1261,,1.0,Bull,44.5,43.2406,38.0518,64.9013,83.0623,12.0,4.17,0,clear,58.0,False,,ok,23477738.220527835,2026-09-21,3.0,51.52,55.19,40.22,True,2026-08-31,False,,False,,2.3,1.6,open,,,
DB@2026-08-31,2026-08-31,DB,Deutsche Bank AG Common Stock,US,USALL,Financials,stage2_breakout,D,late,False,Stage 2,66.5,49.1,2.9,10.0189,2.0783,7.8012,1.15,Bull,41.33000183105469,41.214,36.2684,54.2494,65.097,12.0,2.64,0,clear,58.0,False,,ok,60355427.28287868,2026-09-21,3.0,36.57,41.62,35.16,True,2026-08-31,True,2026-09-21,False,,0.08,-0.94,stopped out,,,
DHT@2026-08-31,2026-08-31,DHT,"DHT Holdings, Inc.",US,USALL,Energy,stage2_breakout,D,late,False,Stage 2,84.6,26.9,7.4,32.0066,-1.1261,,1.0,Bull,20.8700008392334,20.9838,18.4658,29.0172,35.735,12.0,3.19,0,clear,58.0,False,,ok,41399020.7671242,2026-09-21,3.0,21.78,23.56,19.41,True,2026-08-31,False,,False,,1.02,0.32,open,,,
DHX@2026-08-31,2026-08-31,DHX,"DHI Group, Inc. Common Stock",US,USALL,Information Technology,stage2_breakout,D,late,False,Stage 2,84.0,15.3,6.3,50.2148,10.1859,37.9053,1.15,Bull,4.519999980926514,4.6368,4.0804,7.2,9.36,12.0,4.61,0,clear,70.0,False,,thin,474641.37756255735,2026-08-31,0.0,4.52,4.79,3.91,True,2026-08-31,True,2026-08-31,False,,0.28,-0.21,stopped out,,,
DRS@2026-08-31,2026-08-31,DRS,"Leonardo DRS, Inc. - Common Stock",US,USALL,Industrials,stage4_breakdown,C,late,True,Stage 4,-63.5,5.7,68.1,-19.056,-5.8533,-11.3071,0.7,Bull,36.59999847412109,35.9657,40.2816,23.2274,12.3226,12.0,2.95,0,clear,59.0,False,,ok,30246686.310231328,2026-09-21,3.0,37.16,38.78,35.12,True,2026-09-14,False,,False,,0.2,-0.28,open,,,
DSX@2026-08-31,2026-08-31,DSX,Diana Shipping inc. common stock,US,USALL,Industrials,stage2_breakout,D,late,False,Stage 2,75.3,17.4,7.0,27.2512,-5.8533,38.9624,0.88,Bull,3.009999990463257,2.9557,2.601,3.8005,4.5238,12.0,2.38,0,clear,80.0,False,,ok,1144863.6738852593,2026-09-21,3.0,2.8,3.2,2.7,True,2026-08-31,False,,False,,0.69,-0.44,open,,,
EGAN@2026-08-31,2026-08-31,EGAN,eGain Corporation - Common Stock,US,USALL,Information Technology,stage4_breakdown,C,late,True,Stage 4,-79.4,7.0,39.9,-41.5119,10.1859,-48.186,0.88,Bull,5.840000152587891,5.7253,6.4124,2.376,0.1485,12.0,4.88,0,event_driven_and_ahead,3.0,True,,ok,933668.2591842504,2026-08-31,0.0,5.84,7.55,5.41,True,2026-08-31,True,2026-08-31,False,,0.46,-0.17,stopped out,,,
ESRT@2026-08-31,2026-08-31,ESRT,"Empire State Realty Trust, Inc. Class A Common Stock",US,USALL,Real Estate,stage4_breakdown,C,late,True,Stage 4,-67.9,2.2,57.7,-31.4997,-5.9611,-26.9676,0.7,Bull,4.539999961853027,4.4874,5.0259,2.3601,0.5761,12.0,3.95,0,clear,65.0,False,,ok,6321394.25230808,2026-09-21,3.0,4.11,4.5724,3.93,True,2026-08-31,False,,False,,1.04,0.7,open,,,
ETD@2026-08-31,2026-08-31,ETD,Ethan Allen Interiors Inc. Common Stock,US,USALL,Consumer Discretionary,stage2_breakout,C,late,True,Stage 2,55.8,34.7,3.8,4.3352,-2.5252,14.676,1.0,Bull,22.489999771118164,21.5665,18.9786,26.7735,31.2323,12.0,2.01,0,clear,58.0,False,,ok,6216216.256324706,2026-09-21,3.0,21.29,25.13,20.62,True,2026-08-31,False,,False,,1.38,-0.11,open,,,
FER@2026-08-31,2026-08-31,FER,Ferrovial N.V. - Ordinary Shares,US,USALL,Industrials,stage4_breakdown,C,late,True,Stage 4,-70.5,5.1,77.6,-18.5629,-5.8533,-10.6978,0.7,Bull,58.04999923706055,57.7802,64.7139,42.3982,29.4927,12.0,2.22,0,clear,57.0,False,,ok,66459163.78451888,2026-09-21,3.0,55.83,58.86,53.91,True,2026-08-31,False,,False,,0.56,0.28,open,,,
FLO@2026-08-31,2026-08-31,FLO,"Flowers Foods, Inc. Common Stock",US,USALL,Consumer Staples,stage4_breakdown,C,late,True,Stage 4,-79.6,3.4,59.0,-39.2112,-3.7734,-36.614,0.7,Bull,6.269999980926514,6.4973,7.277,2.6764,0.1673,12.0,4.9,0,clear,66.0,False,,ok,33701086.688558325,2026-09-21,3.0,5.74,6.9841,5.615,True,2026-08-31,False,,False,,1.13,0.97,open,,,
FRO@2026-08-31,2026-08-31,FRO,Frontline Plc Ordinary Shares,US,USALL,Energy,stage2_breakout,D,late,False,Stage 2,86.1,25.0,8.9,39.4947,-1.1261,,1.0,Bull,46.119998931884766,46.1447,40.6074,64.9453,80.6696,12.0,3.4,0,event_driven,91.0,True,,ok,75837469.56240077,2026-09-21,3.0,47.73,54.91,40.6796,True,2026-09-07,False,,False,,1.58,0.29,open,,,
GBLI@2026-08-31,2026-08-31,GBLI,"Global Indemnity Group, LLC - Class A Common Shares",US,USALL,Financials,stage2_breakout,D,live,False,Stage 1 to 2,37.2,40.8,7.3,0.7679,2.0783,-1.3148,0.88,Bull,30.36000061035156,30.0353,26.4311,43.7915,55.1288,12.0,3.82,0,clear,59.0,False,,thin,100080.97036847063,2026-09-14,2.0,26.08,30.24,26.08,True,2026-08-31,True,2026-09-14,False,,0.06,-1.1,stopped out,,,
GBX@2026-08-31,2026-08-31,GBX,"Greenbrier Companies, Inc. (The) Common Stock",US,USALL,Industrials,stage4_breakdown,C,late,True,Stage 4,-66.2,4.6,76.9,-17.5293,-5.8533,-9.4943,0.7,Bull,43.2599983215332,43.8622,49.1257,30.4385,19.0533,12.0,2.55,0,clear,58.0,False,,ok,14017022.074344637,2026-09-21,3.0,42.54,45.96,41.27,True,2026-08-31,False,,False,,0.49,0.25,open,,,
HAFN@2026-08-31,2026-08-31,HAFN,Hafnia Limited Common Shares,US,USALL,Industrials,stage2_breakout,D,late,False,Stage 2,84.3,27.6,6.3,27.1081,-5.8533,38.5982,0.88,Bull,9.220000267028809,9.3276,8.2083,12.8708,15.8215,12.0,3.17,0,event_driven,79.0,True,,ok,9094790.68345094,2026-09-21,3.0,8.92,10.12,7.8877,True,2026-09-07,False,,False,,0.71,-0.36,open,,,
HBIO@2026-08-31,2026-08-31,HBIO,"Harvard Bioscience, Inc. - Common Stock",US,USALL,Health Care,stage2_breakout,D,late,False,Stage 2,74.3,37.1,3.1,24.433,14.5583,8.3754,1.15,Bull,8.020000457763672,8.202,7.2177,12.8,16.64,12.0,4.67,0,clear,66.0,False,,thin,124274.46873885472,2026-09-21,3.0,7.96,8.4,7.85,True,2026-08-31,False,,False,,0.2,-0.25,open,,,
HE@2026-08-31,2026-08-31,HE,"Hawaiian Electric Industries, Inc. Common Stock",US,USALL,Utilities,stage4_breakdown,C,late,True,Stage 4,-80.8,1.3,79.3,-24.0136,-8.5309,-16.6957,0.7,Bull,11.09000015258789,11.0542,12.3807,5.12,0.2812,12.0,4.47,0,clear,74.0,False,,ok,17718133.438865326,2026-09-21,3.0,9.1,11.4,9.0,True,2026-08-31,False,,False,,1.55,1.47,open,,,
HRMY@2026-08-31,2026-08-31,HRMY,"Harmony Biosciences Holdings, Inc. - Common Stock",US,USALL,Health Care,stage2_breakout,D,late,False,Stage 2,67.5,30.6,5.6,16.0378,14.5583,0.6376,1.15,Bull,42.25,41.2746,36.3216,61.2741,77.8933,12.0,4.04,0,clear,64.0,False,,ok,16159904.206112992,2026-09-21,3.0,41.26,43.49,38.97,True,2026-08-31,False,,False,,0.45,-0.0,open,,,
INLX@2026-08-31,2026-08-31,INLX,"Intellinetics, Inc. Common Stock",US,USALL,Information Technology,stage4_breakdown,D,late,True,Stage 4,-63.8,4.5,40.4,-40.5579,10.1859,-47.333,0.88,Bull,5.099999904632568,5.0584,5.6655,2.084,0.1303,12.0,4.9,0,clear,,False,,untradeable,5368.061369089049,2026-08-31,0.0,5.1,5.77,5.05,True,2026-08-31,True,2026-08-31,False,,0.01,-0.07,stopped out,,,
INSE@2026-08-31,2026-08-31,INSE,"Inspired Entertainment, Inc. - Common Stock",US,USALL,Consumer Discretionary,stage4_breakdown,C,late,True,Stage 4,-78.7,0.7,54.9,-35.0138,-2.5252,-28.4462,0.88,Bull,5.590000152587891,5.5947,6.2661,2.316,0.1447,12.0,4.88,0,clear,65.0,False,,ok,602789.6334371297,2026-09-21,3.0,4.57,6.22,4.34,True,2026-08-31,False,,False,,1.87,1.53,open,,,
JANX@2026-08-31,2026-08-31,JANX,"Janux Therapeutics, Inc. - Common Stock",US,USALL,Health Care,stage2_breakout,D,late,False,Stage 2,64.0,24.4,1.9,4.5212,14.5583,-11.2321,0.88,Bull,20.239999771118164,19.5456,17.2001,27.78,34.692,12.0,3.51,0,clear,66.0,False,,ok,9484434.382070592,2026-09-07,1.0,17.1,20.31,17.05,True,2026-08-31,True,2026-09-07,False,,0.33,-1.04,stopped out,,,
LMNR@2026-08-31,2026-08-31,LMNR,Limoneira Co - Common Stock,US,USALL,Consumer Staples,stage2_breakout,D,failed,False,Stage 1 to 2,30.2,41.5,8.9,-0.3203,-3.7734,3.7033,0.88,Bull,14.989999771118164,15.0324,13.2285,17.95,20.462,12.0,1.62,0,event_ahead,9.0,False,,ok,684866.3899218158,2026-09-07,1.0,13.045,15.22,12.785,True,2026-08-31,True,2026-09-07,False,,0.1,-1.1,stopped out,,,
MBWM@2026-08-31,2026-08-31,MBWM,Mercantile Bank Corporation - Common Stock,US,USALL,Financials,stage2_breakout,D,late,False,Stage 2,70.0,47.7,4.9,12.0149,2.0783,9.7988,1.15,Bull,62.13999938964844,62.7772,55.2439,76.34,87.8235,12.0,1.8,0,clear,50.0,False,,ok,4465836.468557532,2026-09-21,3.0,60.03,62.95,58.63,True,2026-09-14,False,,False,,0.02,-0.36,open,,,
MNTK@2026-08-31,2026-08-31,MNTK,"Montauk Renewables, Inc. - Common Stock",US,USALL,Materials,stage2_breakout,D,late,False,Stage 2,70.6,20.2,0.8,19.8406,-5.8533,31.5187,0.88,Bull,2.2300000190734863,2.0433,1.7981,2.89,3.618,12.0,3.45,0,clear,65.0,False,,thin,227740.15529416167,2026-08-31,0.0,2.23,2.3,1.715,True,2026-08-31,True,2026-08-31,False,,1.05,0.76,stopped out,,,
MRX@2026-08-31,2026-08-31,MRX,Marex Group Limited - Ordinary Shares,US,USALL,Financials,stage2_breakout,D,late,False,Stage 2,86.4,26.9,4.5,54.8652,2.0783,51.8449,1.15,Bull,78.2699966430664,76.7781,67.5648,116.6864,149.8478,12.0,4.33,0,clear,66.0,False,,ok,33737384.22794233,2026-09-14,2.0,74.39,79.11,67.04,True,2026-08-31,True,2026-09-14,False,,0.25,-0.26,stopped out,,,
MUA@2026-08-31,2026-08-31,MUA,"Blackrock MuniAssets Fund, Inc Common Stock",US,USALL,Financials,stage4_breakdown,C,live,True,Stage 4,-53.4,11.1,48.6,-13.578,2.0783,-15.3659,0.88,Bull,9.899999618530272,9.845,11.0264,7.837,6.181,12.0,1.7,0,unknown,,,,ok,787973.7286014796,2026-09-21,3.0,9.55,9.9427,9.43,True,2026-08-31,False,,False,,0.35,0.25,open,,,
MWA@2026-08-31,2026-08-31,MWA,MUELLER WATER PRODUCTS Common Stock,US,USALL,Industrials,stage4_breakdown,C,live,True,Stage 4,-64.4,5.2,71.8,-15.8164,-5.8533,-7.5633,0.7,Bull,23.950000762939453,23.7385,26.5871,16.8796,11.09,12.0,2.41,0,clear,66.0,False,,ok,21195904.47088722,2026-09-21,3.0,21.63,24.55,21.33,True,2026-08-31,False,,False,,0.85,0.74,open,,,
NAT@2026-08-31,2026-08-31,NAT,Nordic American Tankers Limited Common Stock,US,USALL,Energy,stage2_breakout,D,late,False,Stage 2,86.5,25.1,9.1,41.6586,-1.1261,,1.0,Bull,7.25,7.3364,6.4561,10.6719,13.4494,12.0,3.79,0,event_driven,88.0,True,,ok,15694142.649647212,2026-09-21,3.0,7.72,8.33,6.4223,True,2026-09-07,False,,False,,1.13,0.44,open,,,
NX@2026-08-31,2026-08-31,NX,Quanex Building Products Corporation Common Stock,US,USALL,Industrials,stage2_breakout,D,late,False,Stage 2,67.6,26.1,4.3,21.6699,-5.8533,32.9015,0.88,Bull,22.93000030517578,23.3424,20.5413,34.1944,43.3372,12.0,3.87,0,event_driven_and_ahead,3.0,True,,ok,4671319.651760653,2026-09-21,3.0,19.74,23.241,17.4333,False,,False,,False,,,,watching,,,
ONON@2026-08-31,2026-08-31,ONON,On Holding AG Class A Ordinary Shares,US,USALL,Consumer Discretionary,stage4_breakdown,C,late,True,Stage 4,-80.3,2.4,55.8,-36.3629,-2.5252,-29.9222,0.88,Bull,27.989999771118164,27.6601,30.9793,11.42,0.7137,12.0,4.89,0,clear,72.0,False,,ok,147935354.44363585,2026-09-21,3.0,29.96,31.16,26.365,True,2026-08-31,True,2026-09-21,False,,0.39,-0.69,stopped out,,,
PDEX@2026-08-31,2026-08-31,PDEX,"Pro-Dex, Inc. - Common Stock",US,USALL,Health Care,stage2_breakout,D,late,False,Stage 2,80.5,21.6,4.5,41.242,14.5583,24.1639,1.15,Bull,73.41000366210938,71.7123,63.1068,102.65,128.882,12.0,3.6,0,event_driven_and_ahead,3.0,True,,ok,2264322.8767880537,2026-08-31,0.0,73.41,77.0,59.92,True,2026-08-31,True,2026-08-31,False,,0.61,0.2,stopped out,,,
PEO@2026-08-31,2026-08-31,PEO,"Adams Natural Resources Fund, Inc. Common Stock",US,USALL,Financials,stage2_breakout,D,live,False,Stage 2,79.6,52.6,6.0,11.683,2.0783,9.4337,1.15,Bull,28.88999938964844,29.0805,25.5908,34.4789,39.022,12.0,1.55,0,unknown,,,,ok,1465049.4112590428,2026-09-21,3.0,27.99,29.75,27.9,True,2026-08-31,False,,False,,0.19,-0.31,open,,,
PRGO@2026-08-31,2026-08-31,PRGO,Perrigo Company plc Ordinary Shares,US,USALL,Health Care,stage2_breakout,D,late,False,Stage 2,50.9,20.7,5.6,3.5725,14.5583,-12.124,0.88,Bull,14.920000076293944,15.1113,13.2979,20.7855,25.5739,12.0,3.13,0,clear,65.0,False,,ok,22555204.49721789,2026-09-21,3.0,15.42,15.69,13.15,True,2026-09-21,False,,False,,0.32,0.17,open,,,
PYT@2026-08-31,2026-08-31,PYT,PPlus Tr GSC-2 Tr Ctf Fltg Rate,US,USALL,,stage2_breakout,D,failed,False,Stage 1,6.6,36.0,37.7,-4.5064,,,1.0,Bull,23.89999961853028,23.8913,22.8071,27.861,31.1215,4.54,3.66,0,unknown,,,,untradeable,11323.961411315486,2026-09-21,3.0,23.77,24.93,23.47,True,2026-08-31,False,,False,,0.96,-0.11,open,,,
PZZA@2026-08-03,2026-08-31,PZZA,"Papa John's International, Inc. - Common Stock",US,USALL,Consumer Discretionary,stage4_breakdown,C,late,True,Stage 4,-65.8,2.3,48.2,-42.7497,-2.5252,-36.7726,0.88,Bull,22.68000030517578,21.9684,24.6046,9.108,0.5693,12.0,4.88,4,event_driven,66.0,True,,ok,23944402.51171457,2026-09-21,3.0,19.55,23.88,19.31,True,2026-09-07,False,,False,,1.01,0.92,open,,,
RDVT@2026-08-31,2026-08-31,RDVT,"Red Violet, Inc. - Common Stock",US,USALL,Information Technology,stage2_breakout,D,late,False,Stage 2,81.0,23.5,4.5,33.0362,10.1859,20.4687,1.15,Bull,76.13999938964844,76.4325,67.2606,116.25,149.39,12.0,4.34,0,clear,65.0,False,,ok,7067997.575377014,2026-09-21,3.0,78.55,80.39,71.221,True,2026-08-31,False,,False,,0.43,0.23,open,,,
REPX@2026-08-31,2026-08-31,REPX,"Riley Exploration Permian, Inc. Common Stock",US,USALL,Energy,stage2_breakout,D,late,False,Stage 2,80.9,35.1,6.5,25.0371,-1.1261,,1.0,Bull,41.93000030517578,41.7529,36.7425,56.3131,68.5426,12.0,2.91,0,clear,65.0,False,,ok,7268625.835481991,2026-09-21,3.0,40.55,45.31,38.3,True,2026-08-31,False,,False,,0.71,-0.24,open,,,
RIGL@2026-08-31,2026-08-31,RIGL,"Rigel Pharmaceuticals, Inc. - Common Stock",US,USALL,Health Care,stage2_breakout,D,late,False,Stage 2,73.3,34.5,2.0,24.9843,14.5583,8.3545,1.15,Bull,48.66999816894531,48.5151,42.6933,69.97,87.978,12.0,3.69,0,clear,64.0,False,,ok,8529231.57549766,2026-09-21,3.0,48.18,49.9,43.78,True,2026-08-31,False,,False,,0.24,-0.06,open,,,
RNW@2026-08-31,2026-08-31,RNW,ReNew Energy Global plc - Class A Shares,US,USALL,Utilities,stage2_breakout,D,late,False,Stage 2,50.6,33.9,4.3,0.103,-8.5309,9.0701,0.88,Bull,6.869999885559082,6.9376,6.1051,9.315,11.287,12.0,2.86,0,clear,70.0,False,,ok,4646715.880992706,2026-09-21,3.0,6.84,6.88,6.78,False,,False,,False,,,,watching,,,
RNXT@2026-08-31,2026-08-31,RNXT,"RenovoRx, Inc. - Common Stock",US,USALL,Health Care,stage2_breakout,D,late,False,Stage 2,75.4,21.8,3.1,112.5017,14.5583,83.4508,1.15,Bull,2.390000104904175,1.7396,1.5309,2.6864,3.4923,12.0,4.54,0,clear,70.0,False,,thin,218829.5999036236,2026-09-21,3.0,1.66,2.59,1.53,True,2026-08-31,True,2026-09-21,False,,4.07,-0.38,stopped out,,,
SFL@2026-08-31,2026-08-31,SFL,SFL Corporation Ltd,US,USALL,Industrials,stage2_breakout,D,late,False,Stage 2,83.9,33.4,7.8,21.8899,-5.8533,32.7166,0.88,Bull,12.859999656677246,12.9674,11.4113,17.2485,20.8153,12.0,2.75,0,event_driven,71.0,True,,ok,10942920.6195398,2026-09-21,3.0,12.78,13.98,12.0851,True,2026-09-07,False,,False,,0.65,-0.12,open,,,
SITC@2026-08-31,2026-08-31,SITC,SITE Centers Corp. Common Stock,US,USALL,Real Estate,stage4_breakdown,C,late,True,Stage 4,-79.5,4.1,57.8,-39.6658,-5.9611,-35.6567,0.7,Bull,2.869999885559082,2.8251,3.1642,1.156,0.0723,12.0,4.92,0,clear,66.0,False,,ok,1947377.734304271,2026-09-21,3.0,3.06,3.08,2.8,True,2026-08-31,False,,False,,0.07,-0.69,open,,,
TARS@2026-08-31,2026-08-31,TARS,"Tarsus Pharmaceuticals, Inc. - Common Stock",US,USALL,Health Care,stage2_breakout,D,late,False,Stage 2,67.6,21.8,9.2,21.7188,14.5583,5.3339,1.15,Bull,90.77999877929688,81.9761,72.139,120.1692,152.3046,12.0,3.88,0,clear,65.0,False,,ok,30702606.987886272,2026-08-31,0.0,90.78,91.53,70.71,True,2026-08-31,True,2026-08-31,False,,0.97,0.89,stopped out,,,
TISI@2026-08-31,2026-08-31,TISI,"Team, Inc. Common Stock",US,USALL,Industrials,stage2_breakout,D,late,False,Stage 2,81.4,16.7,4.0,56.3418,-5.8533,70.6933,0.88,Bull,27.90999984741211,25.9068,22.798,40.528,52.6864,12.0,4.7,0,clear,73.0,False,,thin,92128.39170894308,2026-09-21,3.0,29.06,29.57,24.26,True,2026-08-31,False,,False,,1.18,1.01,open,,,
TITN@2026-08-31,2026-08-31,TITN,Titan Machinery Inc. - Common Stock,US,USALL,Industrials,stage2_breakout,D,late,False,Stage 2,70.4,11.0,4.0,31.5024,-5.8533,43.697,0.88,Bull,26.21999931335449,25.7309,22.6432,36.79,46.222,12.0,3.58,0,event_driven,85.0,True,,ok,2350908.7697149315,2026-08-31,0.0,26.22,26.9,19.34,True,2026-08-31,True,2026-08-31,False,,0.38,0.16,stopped out,,,
TRMD@2026-08-31,2026-08-31,TRMD,TORM plc - Class A Common Stock,US,USALL,Energy,stage2_breakout,D,late,False,Stage 2,81.7,29.3,8.5,26.7068,-1.1261,,1.0,Bull,35.18000030517578,35.1161,30.9022,46.5684,56.2021,12.0,2.72,0,event_driven,65.0,True,,ok,15291315.929357324,2026-09-21,3.0,34.32,38.73,30.0767,True,2026-09-07,False,,False,,0.86,-0.19,open,,,
VSTM@2026-08-31,2026-08-31,VSTM,"Verastem, Inc. - Common Stock",US,USALL,Health Care,stage2_breakout,D,late,False,Stage 2,64.7,22.7,1.2,10.0059,14.5583,-6.3314,0.88,Bull,8.199999809265137,8.1096,7.1365,12.29,15.834,12.0,4.3,0,clear,64.0,False,,ok,8503257.749073366,2026-08-31,0.0,8.2,8.21,7.0,True,2026-08-31,True,2026-08-31,False,,0.1,0.09,stopped out,,,
WNC@2026-08-31,2026-08-31,WNC,Wabash National Corporation Common Stock,US,USALL,Industrials,stage2_breakout,D,late,False,Stage 2,73.4,18.2,7.4,32.5239,-5.8533,44.5915,0.88,Bull,14.3100004196167,14.5955,12.844,21.8771,27.992,12.0,4.16,0,clear,66.0,False,,ok,5595369.811095782,2026-09-21,3.0,13.03,14.47,11.41,False,,False,,False,,,,watching,,,
WOR@2026-08-31,2026-08-31,WOR,"Worthington Enterprises, Inc. Common Shares",US,USALL,Industrials,stage2_breakout,D,late,False,Stage 2,51.9,41.8,10.2,3.1302,-5.8533,13.0459,0.88,Bull,62.4900016784668,62.9129,55.3633,79.0333,92.6999,12.0,2.14,0,event_ahead,22.0,False,,ok,8345078.173517851,2026-09-21,3.0,62.24,67.54,54.26,True,2026-09-21,False,,False,,0.61,-0.09,open,,,
XBIO@2026-08-31,2026-08-31,XBIO,"Xenetic Biosciences, Inc. - Common Stock",US,USALL,Health Care,stage2_breakout,D,late,False,Stage 2,77.9,21.8,3.1,43.5643,14.5583,23.5718,1.15,Bull,4.670000076293945,4.1846,3.6825,6.496,8.4448,12.0,4.6,0,clear,,False,,thin,37535.77622210613,2026-09-14,2.0,2.77,4.939,1.87,True,2026-08-31,True,2026-09-14,False,,1.5,-2.82,stopped out,,,
ALGN@2026-09-07,2026-09-07,ALGN,Align Technology,US,SP500,Health Care,stage4_breakdown,C,late,True,Stage 4,-66.9,12.3,49.2,-14.9606,9.0582,-22.2688,0.88,Improving,150.82000732421875,147.9827,165.7407,60.632,3.7895,12.0,4.92,0,clear,51.0,False,,ok,120668147.1413948,2026-09-21,2.0,146.78,156.13,144.2,True,2026-09-14,False,,False,,0.21,0.07,open,,,
ATO@2026-09-07,2026-09-07,ATO,Atmos Energy,US,SP500,Utilities,stage4_breakdown,C,live,True,Stage 3 to 4,-46.2,17.7,54.4,-12.9182,-9.6498,-3.5227,0.7,Improving,163.19000244140625,163.1326,182.7085,138.96,118.432,12.0,1.23,0,clear,58.0,False,,ok,135765587.31214005,2026-09-21,2.0,157.21,169.06,155.0,True,2026-09-07,False,,False,,0.42,0.3,open,,,
AZO@2026-09-07,2026-09-07,AZO,AutoZone,US,SP500,Consumer Discretionary,stage4_breakdown,C,live,True,Stage 4,-61.8,7.6,44.8,-24.0035,-1.5163,-17.1327,0.88,Improving,2876.75,2855.8841,3198.5902,1917.3699,1129.5058,12.0,2.74,0,event_ahead,15.0,False,,ok,593731179.9176779,2026-09-21,2.0,2872.1599,2999.3,2764.8799,True,2026-09-14,False,,False,,0.27,-0.05,open,,,
BLDR@2026-09-07,2026-09-07,BLDR,Builders FirstSource,US,SP500,Industrials,stage4_breakdown,C,late,True,Stage 4,-83.4,5.5,64.5,-41.7285,-4.5757,-36.2217,0.7,Improving,60.369998931884766,60.2075,67.4325,24.924,1.5578,12.0,4.88,0,clear,52.0,False,,ok,125346409.41069657,2026-09-21,2.0,59.17,65.8,56.56,True,2026-09-07,False,,False,,0.5,0.14,open,,,
CCL@2026-09-07,2026-09-07,CCL,Carnival Corporation,US,SP500,Consumer Discretionary,stage4_breakdown,C,late,True,Stage 4,-73.2,6.0,57.6,-24.0589,-1.5163,-17.5129,0.88,Improving,22.75,22.5011,25.2012,12.7902,4.5584,12.0,3.6,0,event_ahead,21.0,False,,ok,439573527.0654558,2026-09-21,2.0,22.25,23.68,21.45,True,2026-09-07,False,,False,,0.39,0.09,open,,,
CASY@2026-09-07,2026-09-07,CASY,Casey's,US,SP500,Consumer Staples,stage4_breakdown,D,late,False,Stage 4,-56.4,9.7,59.7,-17.3576,-5.8776,-12.3908,0.7,Improving,615.469970703125,610.0379,683.2424,326.0155,85.5598,12.0,3.88,0,event_driven_and_ahead,1.0,True,,ok,228969402.66882983,2026-09-07,0.0,615.47,767.98,595.02,True,2026-09-07,True,2026-09-07,False,,0.21,-0.07,stopped out,,,
CVX@2026-09-07,2026-09-07,CVX,Chevron Corporation,US,SP500,Energy,stage2_breakout,D,late,False,Stage 2,76.8,43.8,7.7,13.7959,-0.5736,,1.0,Improving,214.0599975585937,215.7647,189.8729,263.0456,302.9221,12.0,1.83,0,clear,53.0,False,,ok,1226241506.19478,2026-09-21,2.0,204.45,217.78,200.78,True,2026-09-07,False,,False,,0.08,-0.44,open,,,
CMS@2026-09-07,2026-09-07,CMS,CMS Energy,US,SP500,Utilities,stage4_breakdown,C,live,True,Stage 3 to 4,-55.2,11.4,65.3,-14.3752,-9.6498,-5.1356,0.7,Improving,67.1500015258789,66.4423,74.4153,55.2777,45.7479,12.0,1.4,0,clear,52.0,False,,ok,154411617.0293578,2026-09-21,2.0,62.95,69.36,62.38,True,2026-09-14,False,,False,,0.51,0.44,open,,,
STZ@2026-09-07,2026-09-07,STZ,Constellation Brands,US,SP500,Consumer Staples,stage4_breakdown,C,late,True,Stage 4,-73.0,5.5,64.2,-20.0819,-5.8776,-15.0276,0.7,Improving,122.4499969482422,125.1537,140.1721,52.7194,3.184,12.0,4.82,0,clear,29.0,False,,ok,206305699.25055417,2026-09-21,2.0,113.63,130.99,113.335,True,2026-09-07,False,,False,,0.79,0.77,open,,,
COO@2026-09-07,2026-09-07,COO,Cooper Companies (The),US,SP500,Health Care,stage4_breakdown,C,late,True,Stage 4,-75.0,0.1,47.7,-31.7599,9.0582,-38.0445,0.88,Improving,53.90999984741211,57.6178,64.532,33.16,12.576,12.0,3.54,0,event_driven_and_ahead,2.0,True,,ok,105214153.55271494,2026-09-07,0.0,53.91,68.99,51.01,True,2026-09-07,True,2026-09-07,False,,0.96,0.54,stopped out,,,
COST@2026-09-07,2026-09-07,COST,Costco,US,SP500,Consumer Staples,stage4_breakdown,C,live,True,Stage 3 to 4,-54.5,6.4,68.7,-12.2802,-5.8776,-6.795,0.7,Improving,904.77001953125,895.1881,998.1318,716.7804,565.5887,11.5,1.73,0,event_ahead,17.0,False,,ok,1369900753.5055313,2026-09-21,2.0,922.765,925.14,883.1,True,2026-09-14,False,,False,,0.12,-0.27,open,,,
DECK@2026-09-07,2026-09-07,DECK,Deckers Brands,US,SP500,Consumer Discretionary,stage4_breakdown,C,late,True,Stage 4,-73.9,0.8,57.1,-25.8569,-1.5163,-19.4996,0.88,Improving,81.2699966430664,81.2434,90.9926,33.3,2.0813,12.0,4.92,0,clear,45.0,False,,ok,151026909.82239857,2026-09-21,2.0,78.67,86.33,77.37,True,2026-09-07,False,,False,,0.4,0.26,open,,,
HON@2026-09-07,2026-09-07,HON,Honeywell Technologies,US,SP500,Industrials,stage4_breakdown,C,late,True,Stage 4,-69.2,4.9,78.9,-16.439,-4.5757,-9.3862,0.7,Improving,202.3600006103516,201.1827,225.3246,147.4357,101.5363,12.0,2.23,0,clear,45.0,False,,ok,610034288.4838903,2026-09-21,2.0,212.55,213.64,196.98,True,2026-09-07,False,,False,,0.17,-0.47,open,,,
IDXX@2026-09-07,2026-09-07,IDXX,Idexx Laboratories,US,SP500,Health Care,stage4_breakdown,C,live,True,Stage 4,-70.4,7.8,36.8,-24.3721,9.0582,-31.6598,0.88,Improving,504.7000122070313,509.1743,570.2752,370.96,252.8879,12.0,2.26,0,clear,56.0,False,,ok,235209924.8890569,2026-09-21,2.0,519.26,529.02,500.61,True,2026-09-07,False,,False,,0.14,-0.17,open,,,
LHX@2026-09-07,2026-09-07,LHX,L3Harris,US,SP500,Industrials,stage4_breakdown,C,late,True,Stage 4,-81.1,1.7,76.4,-26.048,-4.5757,-19.5382,0.7,Improving,245.5399932861328,251.4863,281.6646,108.5439,6.4012,12.0,4.74,0,clear,52.0,False,,ok,302866989.96637803,2026-09-21,2.0,237.69,258.04,236.79,True,2026-09-07,False,,False,,0.49,0.46,open,,,
LVS@2026-09-07,2026-09-07,LVS,Las Vegas Sands,US,SP500,Consumer Discretionary,stage4_breakdown,C,late,True,Stage 4,-70.6,6.3,45.1,-26.5536,-1.5163,-19.9524,0.88,Improving,42.83000183105469,42.5941,47.7053,28.1668,16.0122,12.0,2.82,0,clear,44.0,False,,ok,163115244.56003296,2026-09-21,2.0,38.99,44.41,38.06,True,2026-09-07,False,,False,,0.89,0.71,open,,,
LEN@2026-09-07,2026-09-07,LEN,Lennar,US,SP500,Consumer Discretionary,stage4_breakdown,C,live,True,Stage 4,-69.2,5.5,49.9,-28.2251,-1.5163,-21.633,0.88,Improving,79.5999984741211,78.2448,87.6342,36.8869,2.5324,12.0,4.4,0,event_ahead,9.0,False,,ok,165151863.67507726,2026-09-21,2.0,82.15,83.37,75.7,True,2026-09-07,False,,False,,0.27,-0.42,open,,,
LOW@2026-09-07,2026-09-07,LOW,Lowe's,US,SP500,Consumer Discretionary,stage4_breakdown,C,late,True,Stage 4,-77.8,4.6,54.7,-22.9142,-1.5163,-16.0828,0.88,Improving,196.82000732421875,196.1097,219.6429,108.8114,36.3886,12.0,3.71,0,clear,72.0,False,,ok,450244053.37786543,2026-09-21,2.0,189.28,204.75,187.145,True,2026-09-07,False,,False,,0.38,0.29,open,,,
MCD@2026-09-07,2026-09-07,MCD,McDonald's,US,SP500,Consumer Discretionary,stage4_breakdown,C,live,True,Stage 4,-71.8,6.6,60.3,-20.5513,-1.5163,-13.504,0.88,Improving,252.52999877929688,252.7733,283.1061,173.9279,108.6783,12.0,2.6,0,clear,59.0,False,,ok,828345891.7912431,2026-09-21,2.0,236.5,258.45,234.03,True,2026-09-07,False,,False,,0.62,0.54,open,,,
NKE@2026-09-07,2026-09-07,NKE,"Nike, Inc.",US,SP500,Consumer Discretionary,stage4_breakdown,C,late,True,Stage 4,-76.2,3.9,48.5,-36.1409,-1.5163,-30.1077,0.88,Improving,36.79999923706055,36.9938,41.4331,15.1077,0.9442,12.0,4.93,0,event_ahead,24.0,False,,ok,678353670.5755081,2026-09-21,2.0,35.75,38.74,35.2159,True,2026-09-07,False,,False,,0.4,0.28,open,,,
SWKS@2026-09-07,2026-09-07,SWKS,Skyworks Solutions,US,SP500,Information Technology,stage2_breakout,D,late,False,Stage 2,73.3,20.3,1.8,24.7025,9.5405,13.0672,1.15,Improving,88.3499984741211,87.1508,76.6927,125.3576,157.4997,12.0,3.65,0,clear,57.0,False,,ok,234946077.60442105,2026-09-07,0.0,88.35,92.3,73.5,True,2026-09-07,True,2026-09-07,False,,0.49,0.11,stopped out,,,
SYK@2026-09-07,2026-09-07,SYK,Stryker Corporation,US,SP500,Health Care,stage4_breakdown,C,late,True,Stage 4,-72.4,2.7,45.6,-25.6999,9.0582,-32.7779,0.88,Improving,275.5599975585937,274.714,307.6796,173.2581,87.6632,12.0,3.08,0,clear,52.0,False,,ok,572278239.450883,2026-09-21,2.0,272.36,301.51,267.0,True,2026-09-07,False,,False,,0.23,0.07,open,,,
TJX@2026-09-07,2026-09-07,TJX,TJX Companies,US,SP500,Consumer Discretionary,stage4_breakdown,C,late,True,Stage 4,-72.8,3.5,66.6,-23.2007,-1.5163,-16.6286,0.88,Improving,126.0199966430664,128.2037,143.5881,90.8347,59.3824,12.0,2.43,0,clear,72.0,False,,ok,591537280.6810634,2026-09-21,2.0,130.06,132.75,122.78,True,2026-09-07,False,,False,,0.35,-0.12,open,,,
WYNN@2026-09-07,2026-09-07,WYNN,Wynn Resorts,US,SP500,Consumer Discretionary,stage4_breakdown,C,late,True,Stage 4,-72.3,3.8,47.6,-26.1336,-1.5163,-19.5344,0.88,Improving,87.69999694824219,87.6477,98.1655,60.5507,37.4392,12.0,2.58,0,clear,59.0,False,,ok,104443757.27751534,2026-09-21,2.0,81.12,92.64,77.06,True,2026-09-07,False,,False,,1.01,0.62,open,,,
YUM@2026-09-07,2026-09-07,YUM,Yum! Brands,US,SP500,Consumer Discretionary,stage4_breakdown,C,live,True,Stage 4,-53.6,5.2,53.4,-14.47,-1.5163,-7.1591,0.88,Improving,140.8699951171875,140.0695,156.8778,114.2402,91.8062,12.0,1.54,0,clear,57.0,False,,ok,242166181.81978488,2026-09-21,2.0,138.63,151.17,134.26,True,2026-09-14,False,,False,,0.35,0.09,open,,,
BROS@2026-09-07,2026-09-07,BROS,Dutch Bros Inc.,US,SP400,Consumer Discretionary,stage4_breakdown,C,late,True,Stage 4,-70.2,2.4,65.2,-28.4358,-1.5163,-22.4226,0.88,Improving,43.900001525878906,43.0594,48.2265,17.832,1.1145,12.0,4.88,0,clear,58.0,False,,ok,145462806.3977011,2026-09-21,2.0,37.89,47.48,37.72,True,2026-09-14,False,,False,,1.03,1.0,open,,,
ELS@2026-09-07,2026-09-07,ELS,Equity Lifestyle Properties,US,SP400,Real Estate,stage4_breakdown,C,live,True,Stage 3 to 4,-54.0,6.5,64.1,-11.5457,-7.2719,-4.5737,0.7,Improving,60.08000183105469,59.4366,66.569,51.4694,44.5753,12.0,1.12,0,clear,44.0,False,,ok,61944218.28914807,2026-09-21,2.0,59.23,61.9796,58.7,True,2026-09-07,False,,False,,0.1,0.03,open,,,
ESAB@2026-09-07,2026-09-07,ESAB,ESAB,US,SP400,Industrials,stage4_breakdown,C,late,True,Stage 4,-83.5,2.9,67.4,-37.6738,-4.5757,-31.9838,0.7,Improving,70.69000244140625,71.0126,79.5341,29.282,1.8301,12.0,4.9,0,clear,52.0,False,,ok,46683425.26811068,2026-09-21,2.0,71.91,75.485,64.83,True,2026-09-07,False,,False,,0.73,-0.11,open,,,
GLPI@2026-09-07,2026-09-07,GLPI,Gaming and Leisure Properties,US,SP400,Real Estate,stage4_breakdown,C,live,True,Stage 3 to 4,-55.4,8.6,66.1,-14.4798,-7.2719,-7.7339,0.7,Improving,40.2400016784668,40.0956,44.9071,32.847,26.6595,12.0,1.51,0,clear,52.0,False,,ok,70661600.39217404,2026-09-21,2.0,38.79,42.084,38.32,True,2026-09-07,False,,False,,0.37,0.27,open,,,
GMED@2026-09-07,2026-09-07,GMED,Globus Medical,US,SP400,Health Care,stage4_breakdown,C,live,True,Stage 4,-68.3,6.5,58.1,-16.5248,9.0582,-23.7468,0.88,Improving,74.19000244140625,72.805,81.5416,43.6854,19.1217,12.0,3.33,0,clear,59.0,False,,ok,88713329.08541429,2026-09-21,2.0,74.52,78.29,72.84,False,,False,,False,,,,watching,,,
ROIV@2026-09-07,2026-09-07,ROIV,Roivant Sciences,US,SP400,Health Care,stage2_breakout,D,late,False,Stage 2,83.8,15.5,6.1,41.5641,9.0582,30.9269,1.15,Improving,40.81999969482422,38.6528,34.0144,50.22,60.02,12.0,2.49,0,clear,63.0,False,,ok,118258470.75490984,2026-09-21,2.0,35.8,42.5,35.515,True,2026-09-07,False,,False,,0.83,-0.62,open,,,
SUI@2026-09-07,2026-09-07,SUI,Sun Communities,US,SP400,Real Estate,stage4_breakdown,C,live,True,Stage 3 to 4,-58.2,8.6,58.6,-14.9681,-7.2719,-8.2371,0.7,Improving,114.4800033569336,114.9513,128.7455,96.6549,80.879,12.0,1.33,0,clear,51.0,False,,ok,90370728.12241676,2026-09-21,2.0,112.26,120.43,110.39,True,2026-09-07,False,,False,,0.33,0.2,open,,,
VVV@2026-09-07,2026-09-07,VVV,Valvoline,US,SP400,Consumer Discretionary,stage4_breakdown,C,late,True,Stage 4,-64.1,5.2,68.3,-17.9849,-1.5163,-11.0636,0.88,Improving,30.549999237060547,30.6688,34.3491,21.54,13.724,12.0,2.48,0,clear,72.0,False,,ok,48194981.09507398,2026-09-21,2.0,28.92,31.75,26.21,True,2026-09-07,False,,False,,1.21,0.48,open,,,
WH@2026-09-07,2026-09-07,WH,Wyndham Hotels & Resorts,US,SP400,Consumer Discretionary,stage4_breakdown,C,late,True,Stage 4,-55.1,7.2,55.8,-17.5862,-1.5163,-10.5434,0.88,Improving,69.30999755859375,68.6947,76.938,50.1794,34.3068,12.0,2.25,0,clear,44.0,False,,ok,71726343.07057488,2026-09-21,2.0,69.99,71.8011,66.87,True,2026-09-07,False,,False,,0.22,-0.16,open,,,
WHR@2026-09-07,2026-09-07,WHR,Whirlpool Corporation,US,SP400,Consumer Discretionary,stage4_breakdown,C,late,True,Stage 4,-85.6,7.0,51.5,-45.9971,-1.5163,-40.7097,0.88,Improving,35.209999084472656,34.2035,38.308,14.18,0.8863,12.0,4.88,0,clear,51.0,False,,ok,75551267.36166051,2026-09-21,2.0,31.71,39.36,31.52,True,2026-09-14,False,,False,,0.65,0.61,open,,,
BEZ.L@2026-09-07,2026-09-07,BEZ.L,Beazley,UK,FTSE100,Financials,stage2_breakout,A,live,True,Stage 2,58.4,49.8,16.3,10.9545,4.409,6.3323,1.15,Improving,1304.0,1306.706,1278.1917,1394.2339,1468.421,2.18,3.07,0,clear,177.0,False,,ok,46279259.1245,2026-09-21,2.0,1306.0,1310.0,1299.0,True,2026-09-21,False,,False,,0.12,-0.02,open,,,
SN.L@2026-09-07,2026-09-07,SN.L,Smith & Nephew,UK,FTSE100,Health care equipment & supplies,stage4_breakdown,C,late,True,Stage 4,-72.1,8.0,51.1,-20.7859,,,1.0,Improving,1008.5,1025.7548,1148.8454,686.7046,402.8684,12.0,2.75,0,clear,175.0,False,,ok,29458383.08402344,2026-09-21,2.0,1008.0,1075.5,990.9181,True,2026-09-07,False,,False,,0.28,0.14,open,,,
STAN.L@2026-09-07,2026-09-07,STAN.L,Standard Chartered,UK,FTSE100,Financials,stage2_breakout,D,late,False,Stage 2,64.2,41.1,5.3,20.9547,4.409,16.1026,1.15,Improving,2298.0,2308.5305,2031.5068,3084.2155,3729.356,12.0,2.8,0,clear,51.0,False,,ok,116829064.58015856,2026-09-21,2.0,2313.0,2345.0,2238.0,True,2026-09-14,False,,False,,0.13,0.02,open,,,
PNN.L@2026-09-07,2026-09-07,PNN.L,Pennon Group,UK,FTSE250,"Gas, Water & Multiutilities",stage4_breakdown,C,live,True,Stage 4,-65.6,10.8,45.8,-16.3316,,,1.0,Improving,449.3999938964844,444.9798,498.3774,299.6445,177.6002,12.0,2.72,0,clear,85.0,False,,ok,7082001.739383971,2026-09-21,2.0,448.0,467.641,439.246,True,2026-09-07,False,,False,,0.11,-0.06,open,,,
SAFE.L@2026-09-07,2026-09-07,SAFE.L,Safestore,UK,FTSE250,Real Estate,stage4_breakdown,C,late,True,Stage 4,-83.4,4.6,60.0,-24.4343,-5.6981,-19.7436,0.7,Improving,540.5,540.8278,605.7272,291.3656,83.2581,12.0,3.84,0,clear,129.0,False,,ok,3353558.499048706,2026-09-21,2.0,522.0,577.5,509.5,True,2026-09-07,False,,False,,0.48,0.29,open,,,
THG.L@2026-09-07,2026-09-07,THG.L,THG,UK,FTSE250,Personal Products,stage4_breakdown,C,late,True,Stage 4,-72.0,4.3,61.0,-31.3154,,,1.0,Improving,26.26000022888184,26.2703,29.4227,10.88,0.68,12.0,4.88,0,event_driven_and_ahead,3.0,True,,ok,1244875.1919142455,2026-09-07,0.0,26.26,33.84,26.12,True,2026-09-07,True,2026-09-07,False,,0.05,0.0,stopped out,,,
TRY.L@2026-09-07,2026-09-07,TRY.L,TR Property Investment Trust,UK,FTSE250,Investment Trusts,stage4_breakdown,C,live,True,Stage 4,-66.2,14.9,56.2,-13.7195,28.5948,-37.6719,0.88,Improving,290.0,286.9514,321.3856,193.2868,115.1923,12.0,2.72,0,unknown,,,,ok,2510880.123,2026-09-21,2.0,282.5,305.0,282.125,True,2026-09-07,False,,False,,0.14,0.13,open,,,
SMWH.L@2026-09-07,2026-09-07,SMWH.L,WHSmith,UK,FTSE250,Consumer Discretionary,stage4_breakdown,C,late,True,Stage 4,-84.7,9.2,47.5,-36.9737,52.3807,-73.452,0.88,Improving,374.2000122070313,368.4075,412.6165,151.44,9.465,12.0,4.91,0,clear,65.0,False,,ok,2509031.6588699343,2026-09-21,2.0,371.0,389.2,345.6,True,2026-09-14,False,,False,,0.52,-0.06,open,,,
FSJ.L@2026-09-07,2026-09-07,FSJ.L,James Fisher & Sons,UK,FTSE_SMALL,Marine Shipping,stage4_breakdown,D,live,False,Stage 4,-52.3,17.5,65.3,-6.8752,,,1.0,Improving,428.0,420.9272,471.4385,304.582,204.8148,12.0,2.3,0,event_driven_and_ahead,1.0,True,,thin,210786.656,2026-09-21,2.0,421.0,465.342,406.0,True,2026-09-14,False,,False,,0.3,-0.0,open,,,
SDY.L@2026-09-07,2026-09-07,SDY.L,Speedy Hire,UK,FTSE_SMALL,Rental & Leasing Services,stage4_breakdown,C,late,True,Stage 4,-78.5,3.8,53.6,-35.2958,,,1.0,Improving,15.31999969482422,16.4724,18.4491,7.1096,0.425,12.0,4.74,0,unknown,,,,thin,270232.8371955948,2026-09-21,2.0,14.44,17.92,14.12,True,2026-09-07,False,,False,,1.19,1.03,open,,,
ACVA@2026-09-07,2026-09-07,ACVA,ACV Auctions Inc. Class A Common Stock,US,USALL,Consumer Discretionary,stage2_breakout,D,late,False,Stage 2,66.0,18.1,2.5,35.1257,-1.5163,46.6237,1.0,Improving,10.40999984741211,8.6529,7.6145,12.685,16.133,12.0,3.88,0,clear,58.0,False,,ok,14092821.144203383,2026-09-07,0.0,10.41,10.46,6.68,True,2026-09-07,True,2026-09-07,False,,1.74,1.69,stopped out,,,
AMTM@2026-09-07,2026-09-07,AMTM,"Amentum Holdings, Inc. Common Stock",US,USALL,Industrials,stage4_breakdown,C,late,True,Stage 4,-82.9,4.3,62.6,-30.5146,-4.5757,-24.241,0.7,Improving,19.459999084472656,19.2861,21.6004,7.92,0.495,12.0,4.91,0,clear,98.0,False,,ok,30678192.978083484,2026-09-21,2.0,19.19,20.4,19.01,True,2026-09-07,False,,False,,0.12,0.04,open,,,
AOUT@2026-09-07,2026-09-07,AOUT,"American Outdoor Brands, Inc. - Common Stock",US,USALL,Consumer Discretionary,stage2_breakout,D,late,False,Stage 2,76.4,14.7,5.7,51.7461,-1.5163,63.1781,1.0,Improving,15.68000030517578,15.3559,13.5132,22.19,27.966,12.0,3.71,0,event_driven,94.0,True,,ok,334301.3762588402,2026-09-21,2.0,17.55,17.689,13.85,True,2026-09-07,False,,False,,1.27,1.19,open,,,
AQN@2026-09-07,2026-09-07,AQN,Algonquin Power & Utilities Corp. Common Shares,US,USALL,Utilities,stage4_breakdown,C,live,True,Stage 4,-70.6,6.1,65.0,-17.8886,-9.6498,-9.0052,0.7,Improving,5.309999942779541,5.3652,6.009,3.9216,2.7069,12.0,2.24,0,clear,60.0,False,,ok,18235557.668032825,2026-09-21,2.0,5.0,5.73,4.96,True,2026-09-07,False,,False,,0.63,0.57,open,,,
AS@2026-09-07,2026-09-07,AS,"Amer Sports, Inc. Ordinary Shares",US,USALL,Consumer Discretionary,stage4_breakdown,C,late,True,Stage 4,-73.2,0.9,67.4,-25.7199,-1.5163,-19.3507,0.88,Improving,28.06999969482422,27.3528,30.6351,11.238,0.7024,12.0,4.91,0,clear,71.0,False,,ok,98643016.74632268,2026-09-21,2.0,27.77,29.48,26.1,True,2026-09-07,False,,False,,0.38,-0.13,open,,,
AVA@2026-09-07,2026-09-07,AVA,Avista Corporation Common Stock,US,USALL,Utilities,stage4_breakdown,C,live,True,Stage 4,-56.0,4.7,67.4,-12.8151,-9.6498,-3.4752,0.7,Improving,36.790000915527344,36.6158,41.0097,30.8034,25.8461,12.0,1.32,0,clear,58.0,False,,ok,15988677.048357105,2026-09-21,2.0,35.11,37.91,34.66,True,2026-09-14,False,,False,,0.45,0.34,open,,,
BBUC@2026-09-07,2026-09-07,BBUC,Brookfield Business Corporation Class A Subordinate Voting Shares,US,USALL,Industrials,stage4_breakdown,C,late,True,Stage 4,-73.2,4.7,70.1,-26.2188,-4.5757,-19.7143,0.7,Improving,26.40999984741211,26.3581,29.521,15.8489,6.9841,12.0,3.32,0,clear,59.0,False,,ok,7366673.716804194,2026-09-21,2.0,25.46,28.09,24.84,True,2026-09-07,False,,False,,0.48,0.28,open,,,
BGR@2026-09-07,2026-09-07,BGR,BlackRock Energy and Resources Trust,US,USALL,Financials,stage2_breakout,D,live,False,Stage 2,73.5,51.3,5.3,10.7663,1.5121,9.139,1.15,Improving,17.6299991607666,17.7829,15.6489,21.0377,23.7878,12.0,1.53,0,unknown,,,,ok,1197056.5110880504,2026-09-21,2.0,17.06,17.92,16.88,True,2026-09-14,False,,False,,0.06,-0.34,open,,,
BNT@2026-09-07,2026-09-07,BNT,Brookfield Wealth Solutions Ltd. Class A Exchangeable Limited Voting Shares,US,USALL,Financials,stage4_breakdown,C,late,True,Stage 4,-71.6,12.6,48.1,-20.9214,1.5121,-22.1671,0.88,Improving,38.18999862670898,39.0065,43.6873,30.547,23.3126,12.0,1.81,0,clear,66.0,False,,ok,671925.5719179732,2026-09-21,2.0,36.82,41.3241,36.28,True,2026-09-07,False,,False,,0.58,0.47,open,,,
BRBS@2026-09-07,2026-09-07,BRBS,"Blue Ridge Bankshares, Inc. Common Stock",US,USALL,Financials,stage2_breakout,C,late,True,Stage 2,61.3,41.8,8.8,5.4512,1.5121,3.8689,1.15,Improving,4.090000152587891,4.0956,3.6041,5.3331,6.3595,12.0,2.52,0,clear,51.0,False,,ok,713132.2792983494,2026-09-21,2.0,3.85,4.195,3.795,True,2026-09-07,False,,False,,0.2,-0.5,open,,,
CCAP@2026-09-07,2026-09-07,CCAP,"Crescent Capital BDC, Inc. - Common Stock",US,USALL,Financials,stage4_breakdown,C,late,True,Stage 4,-77.4,4.1,47.1,-24.969,1.5121,-26.1333,0.88,Improving,9.920000076293944,10.1044,11.3169,6.9412,4.2862,12.0,2.61,0,clear,65.0,False,,ok,1839623.6538169235,2026-09-21,2.0,9.57,10.43,9.475,True,2026-09-07,False,,False,,0.52,0.44,open,,,
CPS@2026-09-07,2026-09-07,CPS,Cooper-Standard Holdings Inc. Common Stock,US,USALL,Consumer Discretionary,stage4_breakdown,C,late,True,Stage 4,-72.7,2.9,60.7,-29.2095,-1.5163,-22.9047,0.88,Improving,24.100000381469727,24.1702,27.0706,10.02,0.6262,12.0,4.88,0,clear,52.0,False,,ok,3376819.80712212,2026-09-07,0.0,24.1,27.61,23.25,True,2026-09-07,True,2026-09-07,False,,0.32,0.02,stopped out,,,
CRGY@2026-09-07,2026-09-07,CRGY,Crescent Energy Company Class A Common Stock,US,USALL,Energy,stage2_breakout,D,late,False,Stage 2,81.7,30.7,6.6,28.8662,-0.5736,,1.0,Improving,14.65999984741211,14.817,13.039,20.0199,24.4078,12.0,2.93,0,clear,56.0,False,,ok,54461474.84832237,2026-09-21,2.0,13.15,15.47,12.95,True,2026-09-14,True,2026-09-21,False,,0.37,-0.94,stopped out,,,
CRI@2026-09-07,2026-09-07,CRI,"Carter's, Inc. Common Stock",US,USALL,Consumer Discretionary,stage4_breakdown,C,late,True,Stage 4,-66.3,2.5,69.3,-18.9047,-1.5163,-12.2708,0.88,Improving,30.43000030517578,30.3071,33.944,17.4819,6.5074,12.0,3.53,0,clear,56.0,False,,ok,27350665.088783093,2026-09-21,2.0,31.31,33.73,28.86,True,2026-09-07,False,,False,,0.4,-0.28,open,,,
CVI@2026-09-07,2026-09-07,CVI,CVR Energy Inc. Common Stock,US,USALL,Energy,stage2_breakout,D,late,False,Stage 2,83.2,23.7,6.5,44.2599,-0.5736,,1.0,Improving,49.65999984741211,45.7574,40.2665,69.8013,89.9223,12.0,4.38,0,clear,51.0,False,,ok,23457110.86580046,2026-09-21,2.0,51.52,55.19,44.88,True,2026-09-07,False,,False,,1.72,1.05,open,,,
CXW@2026-09-07,2026-09-07,CXW,"CoreCivic, Inc. Common Stock",US,USALL,Industrials,stage2_breakout,D,late,False,Stage 2,87.3,16.3,5.7,43.5683,-4.5757,54.1038,0.88,Improving,34.93000030517578,35.4512,31.197,53.98,69.276,12.0,4.36,0,clear,58.0,False,,ok,24728144.492637526,2026-09-21,2.0,32.13,36.55,30.55,True,2026-09-14,True,2026-09-21,False,,0.26,-0.78,stopped out,,,
CYD@2026-09-07,2026-09-07,CYD,China Yuchai International Limited Common Stock,US,USALL,Consumer Discretionary,stage4_breakdown,C,late,True,Stage 4,-70.4,4.6,64.5,-21.2573,-1.5163,-14.8244,0.88,Improving,35.81999969482422,34.5747,38.7236,14.3356,0.896,12.0,4.88,0,clear,170.0,False,,ok,4078699.845494327,2026-09-21,2.0,33.03,38.35,31.06,True,2026-09-14,False,,False,,0.85,0.37,open,,,
DAKT@2026-09-07,2026-09-07,DAKT,"Daktronics, Inc. - Common Stock",US,USALL,Information Technology,stage4_breakdown,C,late,True,Stage 4,-72.7,1.9,51.9,-19.1273,9.5405,-27.2116,0.88,Improving,17.889999389648438,18.3933,20.6005,8.6846,0.5603,12.0,4.4,0,event_driven,93.0,True,,ok,5470234.714229358,2026-09-21,2.0,17.02,19.95,16.965,True,2026-09-07,False,,False,,0.65,0.62,open,,,
DHT@2026-09-07,2026-09-07,DHT,"DHT Holdings, Inc.",US,USALL,Energy,stage2_breakout,D,late,False,Stage 2,85.5,20.3,6.7,38.6863,-0.5736,,1.0,Improving,22.0,21.4584,18.8834,29.1895,35.669,12.0,3.0,0,clear,51.0,False,,ok,41362647.915586784,2026-09-21,2.0,21.78,23.56,20.57,True,2026-09-07,False,,False,,0.82,0.12,open,,,
DJCO@2026-09-07,2026-09-07,DJCO,Daily Journal Corp. (S.C.) - Common Stock,US,USALL,Information Technology,stage2_breakout,D,late,False,Stage 2,66.1,17.9,10.5,17.3353,9.5405,6.3887,1.15,Improving,661.9000244140625,665.5768,585.7076,903.2538,1104.5289,12.0,2.98,0,clear,113.0,False,,ok,16910216.77246104,2026-09-21,2.0,656.86,692.5,610.0,True,2026-09-07,False,,False,,0.34,-0.11,open,,,
DRS@2026-09-07,2026-09-07,DRS,"Leonardo DRS, Inc. - Common Stock",US,USALL,Industrials,stage4_breakdown,C,late,True,Stage 4,-65.1,5.2,73.9,-19.1552,-4.5757,-12.3611,0.7,Improving,36.06999969482422,35.4962,39.7558,22.2108,10.8994,12.0,3.12,0,clear,52.0,False,,ok,29718924.346005782,2026-09-21,2.0,37.16,38.25,35.12,True,2026-09-14,False,,False,,0.09,-0.39,open,,,
DSM@2026-09-07,2026-09-07,DSM,"BNY Mellon Strategic Municipal Bond Fund, Inc. Common Stock",US,USALL,Financials,stage4_breakdown,C,live,True,Stage 3 to 4,-53.8,9.4,48.9,-12.3223,1.5121,-13.676,0.88,Improving,5.579999923706055,5.6031,6.1215,4.98,4.4551,9.25,1.2,0,unknown,,,,ok,459611.9211947583,2026-09-21,2.0,5.26,5.6992,5.23,True,2026-09-07,False,,False,,0.72,0.66,open,,,
EFSI@2026-09-07,2026-09-07,EFSI,Eagle Financial Services Inc - Common Stock,US,USALL,Financials,stage2_breakout,D,late,False,Stage 2,67.3,46.9,3.6,10.1053,1.5121,8.4673,1.15,Improving,45.52000045776367,46.1348,40.5986,59.9351,71.5313,12.0,2.49,0,clear,45.0,False,,ok,925427.7150570204,2026-09-21,2.0,45.72,48.17,42.76,True,2026-09-07,False,,False,,0.37,-0.07,open,,,
ELC@2026-09-07,2026-09-07,ELC,"Entergy Louisiana, Inc. Collateral Trust Mortgage Bonds, 4.875 % Series due September 1, 2066",US,USALL,,stage4_breakdown,C,live,True,Stage 3 to 4,-35.0,33.2,47.1,-10.2982,,,1.0,Improving,19.309999465942383,19.2699,20.11,17.1181,15.3347,4.36,2.56,0,unknown,,,,ok,247745.1069382516,2026-09-21,2.0,18.69,19.69,18.69,True,2026-09-21,False,,False,,0.69,0.69,open,,,
ENB@2026-09-07,2026-09-07,ENB,Enbridge Inc Common Stock,US,USALL,Energy,stage4_breakdown,D,live,False,Stage 3 to 4,-50.8,7.2,54.0,-12.0865,-0.5736,,1.0,Improving,47.7599983215332,47.5678,53.2759,38.5739,30.9407,12.0,1.58,0,clear,60.0,False,,ok,164068574.56304735,2026-09-21,2.0,46.74,50.78,46.478,True,2026-09-21,False,,False,,0.19,0.15,open,,,
EPRT@2026-09-07,2026-09-07,EPRT,"Essential Properties Realty Trust, Inc. Common Stock",US,USALL,Real Estate,stage4_breakdown,C,live,True,Stage 3 to 4,-55.1,6.4,66.8,-12.9894,-7.2719,-6.1167,0.7,Improving,28.790000915527344,28.5993,32.0312,23.6314,19.3977,12.0,1.45,0,clear,44.0,False,,ok,40410344.56194153,2026-09-21,2.0,26.53,29.98,26.21,True,2026-09-14,False,,False,,0.7,0.6,open,,,
EQNR@2026-09-07,2026-09-07,EQNR,Equinor ASA,US,USALL,Energy,stage2_breakout,D,late,False,Stage 2,86.3,34.6,8.0,32.5837,-0.5736,,1.0,Improving,44.79999923706055,45.0743,39.6654,62.3572,76.779,12.0,3.2,0,clear,51.0,False,,ok,109042644.0522418,2026-09-21,2.0,42.19,45.84,41.33,True,2026-09-07,False,,False,,0.14,-0.53,open,,,
FER@2026-09-07,2026-09-07,FER,Ferrovial N.V. - Ordinary Shares,US,USALL,Industrials,stage4_breakdown,C,late,True,Stage 4,-75.2,3.8,77.5,-20.3892,-4.5757,-13.6134,0.7,Improving,56.150001525878906,56.8099,63.627,40.4209,26.7096,12.0,2.4,0,clear,50.0,False,,ok,66400773.28994093,2026-09-21,2.0,55.83,58.29,53.91,True,2026-09-07,False,,False,,0.43,0.14,open,,,
FLO@2026-09-07,2026-09-07,FLO,"Flowers Foods, Inc. Common Stock",US,USALL,Consumer Staples,stage4_breakdown,C,late,True,Stage 4,-81.6,2.8,63.6,-38.2229,-5.8776,-34.1489,0.7,Improving,6.090000152587891,5.9593,6.6744,2.4567,0.1535,12.0,4.9,0,clear,59.0,False,,ok,32982617.35155816,2026-09-21,2.0,5.74,6.36,5.615,True,2026-09-14,False,,False,,0.48,0.31,open,,,
FRO@2026-09-07,2026-09-07,FRO,Frontline Plc Ordinary Shares,US,USALL,Energy,stage2_breakout,D,late,False,Stage 2,86.9,17.8,7.7,47.9463,-0.5736,,1.0,Improving,49.209999084472656,47.8981,42.1504,67.4422,83.764,12.0,3.4,0,clear,84.0,False,,ok,75770839.36269428,2026-09-21,2.0,47.73,54.91,43.05,True,2026-09-14,False,,False,,1.22,-0.03,open,,,
FT@2026-09-07,2026-09-07,FT,Franklin Universal Trust Common Stock,US,USALL,Financials,stage4_breakdown,C,live,True,Stage 3 to 4,-45.3,18.6,45.5,-10.792,1.5121,-12.1649,0.88,Improving,7.53000020980835,7.5756,8.1284,7.0635,6.6243,7.3,0.93,0,unknown,,,,ok,202048.75215165183,2026-09-21,2.0,7.09,7.6646,7.03,True,2026-09-07,False,,True,2026-09-21,0.99,0.88,reached first target,,,
FUSB@2026-09-07,2026-09-07,FUSB,"First US Bancshares, Inc. - Common Stock",US,USALL,Financials,stage2_breakout,C,live,True,Stage 2,59.5,46.8,13.3,5.794,1.5121,4.2382,1.15,Improving,16.989999771118164,17.0673,15.5434,20.2368,22.892,8.93,2.08,0,clear,,False,,thin,53993.858536542815,2026-09-21,2.0,16.44,16.99,15.47,False,,False,,False,,,,watching,,,
GNE@2026-09-07,2026-09-07,GNE,Genie Energy Ltd. Class B Common Stock Stock,US,USALL,Utilities,stage2_breakout,D,live,False,Stage 2,48.0,40.0,10.7,2.0991,-9.6498,12.9066,0.88,Improving,15.779999732971191,15.933,14.021,22.8654,28.5898,12.0,3.63,0,clear,57.0,False,,ok,732058.3404311225,2026-09-21,2.0,15.92,16.55,15.4,True,2026-09-14,False,,False,,0.32,-0.01,open,,,
GRAB@2026-09-07,2026-09-07,GRAB,Grab Holdings Limited - Class A Ordinary Shares,US,USALL,Information Technology,stage4_breakdown,C,late,True,Stage 4,-73.3,6.7,41.3,-35.5365,9.5405,-42.4202,0.88,Improving,3.049999952316284,3.0927,3.4638,1.85,0.786,12.0,3.35,0,clear,57.0,False,,ok,126645607.5909844,2026-09-21,2.0,3.13,3.4,2.74,True,2026-09-07,False,,False,,0.95,-0.1,open,,,
GT@2026-09-07,2026-09-07,GT,The Goodyear Tire & Rubber Company - Common Stock,US,USALL,Consumer Discretionary,stage4_breakdown,C,late,True,Stage 4,-80.0,6.7,57.0,-33.4115,-1.5163,-27.3985,0.88,Improving,5.369999885559082,5.2584,5.8894,2.172,0.1357,12.0,4.89,0,clear,57.0,False,,ok,42892565.5239201,2026-09-21,2.0,5.125,6.22,4.91,True,2026-09-14,False,,False,,0.55,0.21,open,,,
HAFN@2026-09-07,2026-09-07,HAFN,Hafnia Limited Common Shares,US,USALL,Industrials,stage2_breakout,D,late,False,Stage 2,85.3,15.8,5.7,36.5193,-4.5757,47.1838,0.88,Improving,9.380000114440918,8.8934,7.8262,11.9014,14.4239,12.0,2.82,0,clear,72.0,False,,ok,8594023.271504689,2026-09-21,2.0,8.92,10.12,8.41,True,2026-09-07,False,,False,,1.15,0.02,open,,,
HUN@2026-08-24,2026-09-07,HUN,Huntsman Corporation Common Stock,US,USALL,Materials,stage4_breakdown,C,late,True,Stage 4,-65.8,4.2,78.9,-21.4586,-4.5757,-14.9835,0.7,Improving,9.539999961853027,8.9486,10.0224,3.712,0.232,12.0,4.88,2,clear,59.0,False,,ok,40451366.32932408,2026-09-21,2.0,8.9,9.8955,8.7,True,2026-09-21,False,,False,,0.23,0.05,open,,,
IBTA@2026-09-07,2026-09-07,IBTA,"Ibotta, Inc. Class A Common Stock",US,USALL,Information Technology,stage2_breakout,D,late,False,Stage 2,79.4,37.9,4.5,30.7468,9.5405,19.4876,1.15,Improving,41.13999938964844,41.6448,36.6474,60.985,77.385,12.0,3.87,0,clear,65.0,False,,ok,4311421.956166618,2026-09-07,0.0,41.14,41.81,36.58,True,2026-09-07,True,2026-09-07,False,,0.03,-0.1,stopped out,,,
IMPP@2026-09-07,2026-09-07,IMPP,Imperial Petroleum Inc. - Common Shares,US,USALL,Energy,stage2_breakout,D,late,False,Stage 2,79.0,34.4,4.8,15.3083,-0.5736,,1.0,Improving,5.789999961853027,5.8646,5.1608,9.184,11.9392,12.0,4.72,0,event_driven_and_ahead,2.0,True,,ok,1609449.0202389865,2026-09-07,0.0,5.79,5.87,5.06,True,2026-09-07,True,2026-09-07,False,,0.01,-0.11,stopped out,,,
IRD@2026-09-07,2026-09-07,IRD,"Opus Genetics, Inc. - Common Stock",US,USALL,Health Care,stage2_breakout,D,late,False,Stage 2,74.3,13.7,4.7,63.6843,9.0582,51.6623,1.15,Improving,6.039999961853027,6.0149,5.2931,8.8,11.192,12.0,3.86,0,clear,65.0,False,,ok,2510587.086280808,2026-09-07,0.0,6.04,7.07,4.31,True,2026-09-07,True,2026-09-07,False,,1.46,0.03,stopped out,,,
IVR@2026-09-07,2026-09-07,IVR,INVESCO MORTGAGE CAPITAL INC Common Stock,US,USALL,Real Estate,stage4_breakdown,C,live,True,Stage 4,-66.8,3.2,69.2,-13.7687,-7.2719,-7.0063,0.7,Improving,6.800000190734863,6.845,7.6663,5.2604,3.9269,12.0,1.93,0,clear,52.0,False,,ok,13102730.392819917,2026-09-21,2.0,6.41,7.29,6.35,True,2026-09-07,False,,False,,0.6,0.53,open,,,
JBSS@2026-09-07,2026-09-07,JBSS,"John B. Sanfilippo & Son, Inc. - Common Stock",US,USALL,Consumer Staples,stage4_breakdown,C,live,True,Stage 3 to 4,-59.0,3.8,66.6,-10.8505,-5.8776,-5.3235,0.7,Improving,70.26000213623047,69.0368,77.3212,50.7106,35.012,12.0,2.21,0,clear,51.0,False,,ok,6074217.153666556,2026-09-21,2.0,67.24,72.43,66.38,True,2026-09-14,False,,False,,0.32,0.22,open,,,
KAI@2026-09-07,2026-09-07,KAI,Kadant Inc Common Stock,US,USALL,Industrials,stage4_breakdown,C,late,True,Stage 4,-67.6,7.1,64.8,-19.3674,-4.5757,-12.5593,0.7,Improving,266.29998779296875,270.757,303.2479,156.1522,58.7562,12.0,3.53,0,clear,57.0,False,,ok,32583144.983764417,2026-09-21,2.0,273.89,302.14,260.25,True,2026-09-07,False,,False,,0.32,-0.1,open,,,
KPLT@2026-09-07,2026-09-07,KPLT,"Katapult Holdings, Inc. - Common Stock",US,USALL,Information Technology,stage2_breakout,D,late,False,Stage 2,65.1,16.7,0.9,10.271,9.5405,-0.8104,0.88,Improving,9.43000030517578,9.1289,8.0334,14.096,18.3248,12.0,4.53,0,clear,65.0,False,,thin,79071.19736917582,2026-09-07,0.0,9.43,9.59,7.296,True,2026-09-07,True,2026-09-07,False,,0.42,0.27,stopped out,,,
LSBK@2026-09-07,2026-09-07,LSBK,"Lake Shore Bancorp, Inc. - Common Stock",US,USALL,Financials,stage2_breakout,C,late,True,Stage 2,79.4,46.1,5.2,11.2819,1.5121,9.6556,1.15,Improving,18.420000076293945,17.9966,16.1166,21.3593,24.154,10.45,1.79,0,clear,44.0,False,,ok,108992.00892003137,2026-09-21,2.0,17.82,19.09,17.08,True,2026-09-07,False,,False,,0.58,-0.09,open,,,
LZB@2026-09-07,2026-09-07,LZB,La-Z-Boy Incorporated Common Stock,US,USALL,Consumer Discretionary,stage4_breakdown,C,late,True,Stage 4,-68.6,2.8,67.8,-20.5039,-1.5163,-13.8905,0.88,Improving,30.63999938964844,30.0736,33.6824,12.3249,0.7703,12.0,4.92,0,clear,71.0,False,,ok,11388018.508592818,2026-09-21,2.0,29.88,32.61,29.09,True,2026-09-14,False,,False,,0.27,0.05,open,,,
MATW@2026-09-07,2026-09-07,MATW,Matthews International Corporation - Class A Common Stock,US,USALL,Industrials,stage4_breakdown,C,late,True,Stage 4,-73.8,0.1,76.1,-26.0626,-4.5757,-19.7708,0.7,Improving,20.0,19.7261,22.0932,8.1558,0.5052,12.0,4.89,0,clear,73.0,False,,ok,4920667.954154605,2026-09-21,2.0,18.95,20.88,18.94,True,2026-09-07,False,,False,,0.33,0.33,open,,,
MDU@2026-09-07,2026-09-07,MDU,"MDU Resources Group, Inc. Common Stock (Holding Company)",US,USALL,Utilities,stage4_breakdown,C,live,True,Stage 3 to 4,-56.3,14.6,64.7,-11.896,-9.6498,-2.4488,0.7,Improving,19.200000762939453,19.1151,21.4089,16.0328,13.3823,12.0,1.34,0,clear,59.0,False,,ok,22889170.355797622,2026-09-21,2.0,18.76,20.11,18.25,True,2026-09-07,False,,False,,0.38,0.15,open,,,
MFA@2026-09-07,2026-09-07,MFA,"MFA Financial, Inc.",US,USALL,Real Estate,stage4_breakdown,C,live,True,Stage 3 to 4,-55.6,5.8,64.3,-11.9021,-7.2719,-4.9754,0.7,Improving,8.5600004196167,8.5345,9.5586,7.2104,6.0748,12.0,1.29,0,clear,59.0,False,,ok,9680501.24351927,2026-09-21,2.0,8.17,8.99,8.115,True,2026-09-07,False,,False,,0.41,0.36,open,,,
MGPI@2026-09-07,2026-09-07,MGPI,"MGP Ingredients, Inc. - Common Stock",US,USALL,Consumer Staples,stage4_breakdown,C,late,True,Stage 4,-80.7,4.4,58.5,-34.2784,-5.8776,-30.0115,0.7,Improving,14.760000228881836,15.2005,17.0245,6.2464,0.3904,12.0,4.91,0,clear,51.0,False,,ok,2497919.868786578,2026-09-21,2.0,12.82,16.53,12.66,True,2026-09-07,False,,False,,1.39,1.31,open,,,
MMU@2026-09-07,2026-09-07,MMU,"Western Asset Managed Municipals Fund, Inc. Common Stock",US,USALL,Financials,stage4_breakdown,C,live,True,Stage 3 to 4,-49.6,21.2,47.4,-11.3672,1.5121,-12.7271,0.88,Improving,9.630000114440918,9.6125,10.4599,8.8373,8.1742,8.82,0.91,0,unknown,,,,ok,925109.64391688,2026-09-21,2.0,8.98,9.8818,8.96,True,2026-09-07,False,,False,,0.77,0.75,open,,,
MNTK@2026-09-07,2026-09-07,MNTK,"Montauk Renewables, Inc. - Common Stock",US,USALL,Materials,stage2_breakout,D,late,False,Stage 2,72.3,17.7,3.0,42.5837,-4.5757,54.612,0.88,Improving,2.640000104904175,2.3688,2.0846,3.53,4.514,12.0,4.08,0,clear,58.0,False,,thin,227540.06459867832,2026-09-21,2.0,2.93,3.04,2.16,True,2026-09-07,False,,False,,2.36,1.97,open,,,
MPA@2026-09-07,2026-09-07,MPA,Blackrock MuniYield Pennsylvania Quality Fund Common Stock,US,USALL,Financials,stage4_breakdown,C,live,True,Stage 3 to 4,-55.0,7.8,50.3,-12.7162,1.5121,-14.0702,0.88,Improving,10.399999618530272,10.5003,11.424,9.2646,8.2256,8.8,1.34,0,unknown,,,,ok,222447.5994839648,2026-09-21,2.0,9.83,10.6602,9.81,True,2026-09-07,False,,False,,0.75,0.73,open,,,
MUA@2026-09-07,2026-09-07,MUA,"Blackrock MuniAssets Fund, Inc Common Stock",US,USALL,Financials,stage4_breakdown,C,live,True,Stage 4,-56.1,8.7,49.4,-13.2224,1.5121,-14.5629,0.88,Improving,9.8100004196167,9.789,10.9637,7.6704,5.9268,12.0,1.8,0,unknown,,,,ok,869356.8319649261,2026-09-21,2.0,9.55,9.84,9.43,True,2026-09-07,False,,False,,0.31,0.2,open,,,
NAT@2026-09-07,2026-09-07,NAT,Nordic American Tankers Limited Common Stock,US,USALL,Energy,stage2_breakout,D,late,False,Stage 2,88.0,17.1,7.6,50.1392,-0.5736,,1.0,Improving,7.460000038146973,7.2083,6.3433,10.3854,13.0321,12.0,3.67,0,clear,81.0,False,,ok,15098002.194606869,2026-09-21,2.0,7.72,8.33,7.0,True,2026-09-07,False,,False,,1.3,0.59,open,,,
NMCO@2026-09-07,2026-09-07,NMCO,Nuveen Municipal Credit Opportunities Fund Common Shares,US,USALL,Financials,stage4_breakdown,C,live,True,Stage 3 to 4,-56.7,12.0,49.3,-13.1841,1.5121,-14.5308,0.88,Improving,9.670000076293944,9.6248,10.7798,8.5409,7.6137,12.0,0.94,0,unknown,,,,ok,1250693.4581625485,2026-09-21,2.0,9.07,9.99,8.99,True,2026-09-07,False,,False,,0.55,0.48,open,,,
NVS@2026-09-07,2026-09-07,NVS,Novartis AG Common Stock,US,USALL,Health Care,stage4_breakdown,D,live,False,Stage 4,-57.0,6.1,49.9,-11.8818,9.0582,-19.509,0.88,Improving,137.16000366210938,140.1421,156.9591,118.1836,98.9306,12.0,1.31,0,clear,50.0,False,,ok,180158664.1764784,2026-09-21,2.0,145.46,145.51,137.0,True,2026-09-07,False,,False,,0.19,-0.32,open,,,
NXRT@2026-09-07,2026-09-07,NXRT,"NexPoint Residential Trust, Inc. Common Stock",US,USALL,Real Estate,stage4_breakdown,C,late,True,Stage 4,-66.8,1.0,55.0,-24.0461,-7.2719,-17.9945,0.7,Improving,22.790000915527344,22.6902,25.413,15.5084,9.4351,12.0,2.64,0,clear,50.0,False,,ok,4175139.4597879127,2026-09-21,2.0,19.64,23.0189,19.62,True,2026-09-07,False,,False,,1.13,1.12,open,,,
OBIO@2026-09-07,2026-09-07,OBIO,"Orchestra BioMed Holdings, Inc. - Ordinary Shares",US,USALL,Health Care,stage2_breakout,D,late,False,Stage 2,75.0,18.6,4.5,37.1058,9.0582,25.6165,1.15,Improving,6.119999885559082,5.9279,5.2166,8.9463,11.4794,12.0,4.24,0,clear,59.0,False,,ok,697288.9642508806,2026-09-07,0.0,6.12,6.25,4.8,True,2026-09-07,True,2026-09-07,False,,0.45,0.27,stopped out,,,
OFLX@2026-09-07,2026-09-07,OFLX,"Omega Flex, Inc. - Common Stock",US,USALL,Industrials,stage4_breakdown,C,late,True,Stage 4,-72.6,4.3,78.3,-21.0995,-4.5757,-14.3201,0.7,Improving,25.57999992370605,25.1656,28.1855,12.6367,2.146,12.0,4.15,0,clear,51.0,False,,ok,798637.6291848003,2026-09-21,2.0,25.54,26.86,24.86,True,2026-09-21,False,,False,,0.1,-0.12,open,,,
ONON@2026-09-07,2026-09-07,ONON,On Holding AG Class A Ordinary Shares,US,USALL,Consumer Discretionary,stage4_breakdown,C,late,True,Stage 4,-80.1,3.1,56.1,-36.5518,-1.5163,-30.859,0.88,Improving,27.40999984741211,26.7062,29.9109,11.024,0.689,12.0,4.89,0,clear,65.0,False,,ok,136489298.29986662,2026-09-21,2.0,29.96,31.16,26.365,True,2026-09-07,True,2026-09-21,False,,0.11,-1.02,stopped out,,,
PATK@2026-09-07,2026-09-07,PATK,"Patrick Industries, Inc. - Common Stock",US,USALL,Consumer Discretionary,stage4_breakdown,C,late,True,Stage 4,-85.6,7.8,69.0,-33.8683,-1.5163,-27.8091,0.88,Improving,73.4000015258789,78.7417,88.1908,32.248,2.0155,12.0,4.92,0,clear,52.0,False,,ok,31028733.529708195,2026-09-21,2.0,68.49,82.8,67.0,True,2026-09-07,False,,False,,1.24,1.08,open,,,
PCM@2026-09-07,2026-09-07,PCM,"PCM Fund, Inc. Common Stock",US,USALL,Financials,stage4_breakdown,C,live,True,Stage 1,-57.6,10.5,23.1,-14.6207,1.5121,-15.9539,0.88,Improving,5.099999904632568,5.1119,5.7253,4.6082,4.1699,12.0,0.82,0,unknown,,,,ok,166569.8009602568,2026-09-21,2.0,4.96,5.34,4.9,True,2026-09-07,False,,False,,0.35,0.25,open,,,
PDT@2026-09-07,2026-09-07,PDT,John Hancock Premium Dividend Fund,US,USALL,Financials,stage4_breakdown,C,live,True,Stage 3 to 4,-40.1,26.4,38.0,-9.9736,1.5121,-11.3573,0.88,Improving,12.130000114440918,12.2021,12.9933,11.4764,10.8421,6.48,0.92,0,unknown,,,,ok,1084590.059370831,2026-09-21,2.0,11.78,12.55,11.665,True,2026-09-07,False,,False,,0.68,0.53,open,,,
QRVO@2026-09-07,2026-09-07,QRVO,"Qorvo, Inc. - Common Stock",US,USALL,Information Technology,stage2_breakout,D,late,False,Stage 2,76.2,26.4,3.9,21.1889,9.5405,9.9382,1.15,Improving,116.6500015258789,111.4282,98.0568,144.06,171.716,12.0,2.44,0,clear,63.0,False,,ok,73893232.9805225,2026-09-21,2.0,117.97,121.09,102.35,True,2026-09-07,False,,False,,0.72,0.49,open,,,
REPX@2026-09-07,2026-09-07,REPX,"Riley Exploration Permian, Inc. Common Stock",US,USALL,Energy,stage2_breakout,D,late,False,Stage 2,83.3,31.9,6.5,29.8105,-0.5736,,1.0,Improving,43.5099983215332,42.8199,37.6815,58.4805,71.5769,12.0,3.05,0,clear,58.0,False,,ok,7262239.678430542,2026-09-21,2.0,40.55,45.31,39.7,True,2026-09-07,False,,False,,0.48,-0.44,open,,,
RWT@2026-09-07,2026-09-07,RWT,"Redwood Trust, Inc. Common Stock",US,USALL,Real Estate,stage4_breakdown,C,late,True,Stage 4,-75.1,0.3,74.4,-36.0799,-7.2719,-30.9675,0.7,Improving,3.549999952316284,4.0845,4.5747,1.8822,0.1048,12.0,4.49,0,clear,51.0,False,,ok,5522109.971855271,2026-09-21,2.0,3.72,4.3316,3.079,True,2026-09-07,False,,False,,2.05,0.74,open,,,
SFL@2026-09-07,2026-09-07,SFL,SFL Corporation Ltd,US,USALL,Industrials,stage2_breakout,D,late,False,Stage 2,85.7,28.4,7.7,27.1328,-4.5757,36.8923,0.88,Improving,13.18000030517578,12.833,11.293,16.6886,19.9156,12.0,2.5,0,clear,64.0,False,,ok,10742255.521820337,2026-09-21,2.0,12.78,13.98,12.28,True,2026-09-07,False,,False,,0.74,-0.03,open,,,
SMID@2026-09-07,2026-09-07,SMID,Smith-Midland Corporation - Common Stock,US,USALL,Materials,stage4_breakdown,C,late,True,Stage 4,-72.6,3.1,57.1,-31.5696,-4.5757,-25.4101,0.7,Improving,24.489999771118164,23.798,26.6537,9.852,0.6157,12.0,4.88,0,clear,66.0,False,,thin,263691.35089853685,2026-09-21,2.0,24.28,26.39,23.51,True,2026-09-14,False,,False,,0.1,-0.17,open,,,
SMPL@2026-09-07,2026-09-07,SMPL,The Simply Good Foods Company - Common Stock,US,USALL,Consumer Staples,stage4_breakdown,C,late,True,Stage 4,-73.8,8.0,51.7,-43.9969,-5.8776,-40.2183,0.7,Improving,9.84000015258789,9.5278,10.6711,3.95,0.2469,12.0,4.88,0,clear,45.0,False,,ok,19354153.140845507,2026-09-21,2.0,9.6,11.425,9.375,True,2026-09-21,False,,False,,0.13,-0.06,open,,,
SNN@2026-09-07,2026-09-07,SNN,"Smith & Nephew SNATS, Inc. Common Stock",US,USALL,Health Care,stage4_breakdown,C,live,True,Stage 4,-67.1,3.1,53.6,-21.6454,9.0582,-29.1483,0.88,Improving,27.5,28.0791,31.4486,20.424,13.9792,12.0,2.27,0,clear,175.0,False,,ok,28982482.34323881,2026-09-21,2.0,26.91,29.16,26.4,True,2026-09-07,False,,False,,0.5,0.35,open,,,
SSBI@2026-09-07,2026-09-07,SSBI,Summit State Bank - Common Stock,US,USALL,Financials,stage4_breakdown,C,live,True,Stage 4,-59.7,7.1,54.7,-11.7028,1.5121,-13.0208,0.88,Improving,12.204999923706056,12.2639,13.7355,10.4085,8.8232,12.0,1.26,0,clear,,False,,thin,42620.852941873614,2026-09-21,2.0,12.435,13.5,12.0,True,2026-09-07,False,,False,,0.18,-0.12,open,,,
STKS@2026-09-07,2026-09-07,STKS,"The ONE Group Hospitality, Inc. - Common Stock",US,USALL,Consumer Discretionary,stage4_breakdown,C,late,True,Stage 4,-71.5,4.5,55.2,-26.2755,-1.5163,-19.7087,0.88,Improving,1.590000033378601,1.5668,1.7548,0.648,0.0405,12.0,4.89,0,clear,59.0,False,,thin,37419.75374397328,2026-09-21,2.0,1.64,1.71,1.5,True,2026-09-07,False,,False,,0.36,-0.39,open,,,
SUPN@2026-09-07,2026-09-07,SUPN,"Supernus Pharmaceuticals, Inc. - Common Stock",US,USALL,Health Care,stage4_breakdown,C,late,True,Stage 4,-69.2,5.4,48.3,-20.7905,9.0582,-28.139,0.88,Improving,41.63999938964844,41.5729,46.5616,16.98,1.0613,12.0,4.93,0,clear,57.0,False,,ok,21533835.49188776,2026-09-21,2.0,42.66,44.46,40.51,True,2026-09-07,False,,False,,0.21,-0.22,open,,,
SWVL@2026-09-07,2026-09-07,SWVL,Swvl Holdings Corp - Ordinary Shares,US,USALL,Industrials,stage2_breakout,D,late,False,Stage 2,75.8,16.7,4.0,203.0004,-4.5757,229.316,0.88,Improving,7.114999771118164,5.7871,5.0927,8.96,11.648,12.0,4.57,0,clear,,False,,untradeable,19269.975393077653,2026-09-07,0.0,7.115,8.476,5.05,True,2026-09-07,True,2026-09-07,False,,3.87,1.91,stopped out,,,
TEN@2026-09-07,2026-09-07,TEN,Tsakos Energy Navigation Ltd Common Shares,US,USALL,Energy,stage2_breakout,D,late,False,Stage 2,86.7,25.6,7.2,38.2955,-0.5736,,1.0,Improving,47.900001525878906,45.493,40.0338,63.0697,77.7752,12.0,3.22,0,event_driven_and_ahead,3.0,True,,ok,8049757.42339811,2026-09-21,2.0,46.23,53.84,43.07,True,2026-09-07,False,,False,,1.53,0.14,open,,,
TK@2026-09-07,2026-09-07,TK,Teekay Corporation Ltd. Common Stock,US,USALL,Energy,stage2_breakout,D,late,False,Stage 2,80.6,28.9,6.6,26.9922,-0.5736,,1.0,Improving,14.380000114440918,14.1184,12.4242,18.1274,21.5412,12.0,2.37,0,clear,58.0,False,,ok,4592087.434952597,2026-09-21,2.0,13.7,14.93,13.25,True,2026-09-07,False,,False,,0.48,-0.25,open,,,
TRMD@2026-09-07,2026-09-07,TRMD,TORM plc - Class A Common Stock,US,USALL,Energy,stage2_breakout,D,late,False,Stage 2,83.0,18.4,6.6,35.4959,-0.5736,,1.0,Improving,35.08000183105469,33.6563,29.6175,44.2896,53.2496,12.0,2.63,0,clear,58.0,False,,ok,14228456.368937826,2026-09-21,2.0,34.32,38.73,32.43,True,2026-09-07,False,,False,,1.26,0.16,open,,,
TV@2026-09-07,2026-09-07,TV,Grupo Televisa S.A.B. Common Stock,US,USALL,Communication Services,stage4_breakdown,C,late,True,Stage 4,-73.4,1.4,70.9,-22.9173,-4.5757,-16.2822,0.7,Improving,2.380000114440918,2.4919,2.791,1.02,0.0637,12.0,4.92,0,clear,52.0,False,,ok,1909691.7302800752,2026-09-21,2.0,2.37,2.59,2.18,True,2026-09-07,False,,False,,1.04,0.41,open,,,
VCV@2026-09-07,2026-09-07,VCV,Invesco California Value Municipal Income Trust Common Stock,US,USALL,Financials,stage4_breakdown,C,live,True,Stage 3 to 4,-57.4,7.7,42.4,-12.1807,1.5121,-13.534,0.88,Improving,9.93000030517578,9.8965,10.8711,8.9136,8.0819,9.85,1.01,0,unknown,,,,ok,716500.3573951485,2026-09-21,2.0,9.14,10.1829,8.96,True,2026-09-07,False,,False,,0.96,0.78,open,,,
VTN@2026-09-07,2026-09-07,VTN,Invesco Trust for Investment Grade New York Municipals Common Stock,US,USALL,Financials,stage4_breakdown,C,live,True,Stage 4,-64.3,4.1,56.7,-14.3874,1.5121,-15.6916,0.88,Improving,10.0600004196167,10.1021,11.3144,8.5839,7.2976,12.0,1.25,0,unknown,,,,ok,177676.6061515191,2026-09-21,2.0,9.4,10.3783,9.3,True,2026-09-07,False,,False,,0.66,0.58,open,,,
WIT@2026-09-07,2026-09-07,WIT,Wipro Limited Common Stock,US,USALL,Information Technology,stage4_breakdown,C,late,True,Stage 4,-76.3,9.0,45.1,-32.8786,9.5405,-39.9629,0.88,Improving,1.690000057220459,1.6862,1.8886,0.9294,0.2887,12.0,3.74,0,clear,38.0,False,,ok,14407472.383618273,2026-09-21,2.0,1.65,1.79,1.62,True,2026-09-07,False,,False,,0.33,0.18,open,,,
ZIM@2026-09-07,2026-09-07,ZIM,ZIM Integrated Shipping Services Ltd. Ordinary Shares,US,USALL,Industrials,stage2_breakout,D,late,False,Stage 2,72.1,32.0,5.7,21.6408,-4.5757,31.1235,0.88,Improving,29.56999969482422,30.0624,26.4549,39.9854,48.3258,12.0,2.75,0,clear,73.0,False,,ok,21934289.90692,2026-09-21,2.0,29.19,30.96,28.85,True,2026-09-07,False,,False,,0.25,-0.24,open,,,
ZUMZ@2026-09-07,2026-09-07,ZUMZ,Zumiez Inc. - Common Stock,US,USALL,Consumer Discretionary,stage4_breakdown,C,late,True,Stage 4,-78.5,2.2,50.9,-40.0412,-1.5163,-34.6711,0.88,Improving,14.550000190734863,14.5516,16.2978,6.036,0.3773,12.0,4.88,0,event_driven_and_ahead,3.0,True,,ok,2597939.2319795885,2026-09-07,0.0,14.55,18.17,13.84,True,2026-09-07,True,2026-09-07,False,,0.41,0.0,stopped out,,,
ABBV@2026-07-01,2026-09-09,ABBV,AbbVie,US,SP500,Health Care,stage2_breakout,C,late,True,Stage 2,63.2,50.6,4.0,13.9664,17.6631,-4.1526,0.88,Improving,257.1199951171875,271.0102,238.489,345.5381,407.9927,12.0,2.29,10,clear,52.0,False,rebalance_week,ok,906000918.9650732,2026-09-21,1.0,264.34,269.39,257.8,False,,False,,False,,,,watching,,,
ADBE@2026-06-17,2026-09-09,ADBE,Adobe Inc.,US,SP500,Information Technology,stage4_breakdown,D,failed,True,Stage 4,-30.3,20.8,23.5,-10.2696,18.0891,-26.4048,0.88,Improving,252.22999572753903,183.8861,205.9524,104.566,36.1228,12.0,3.59,12,event_driven_and_ahead,3.0,True,rebalance_week,ok,878804132.2853504,2026-09-21,1.0,235.47,266.1,234.96,False,,False,,False,,,,watching,,,
AFL@2026-07-15,2026-09-09,AFL,Aflac,US,SP500,Financials,stage2_breakout,D,failed,False,Stage 1 to 2,5.5,35.9,33.1,2.393,9.876,-6.9269,0.88,Improving,115.27999877929688,130.6937,115.0105,154.447,174.3506,12.0,1.51,8,clear,58.0,False,clear,ok,186139356.69284263,2026-09-21,1.0,113.72,118.09,113.015,False,,False,,False,,,,watching,,,
A@2026-08-19,2026-09-09,A,Agilent Technologies,US,SP500,Health Care,stage2_breakout,D,late,False,Stage 2,48.1,31.3,5.7,10.5698,17.6631,-7.3922,0.88,Improving,146.92999267578125,166.0717,146.1431,219.358,263.8444,12.0,2.67,3,clear,79.0,False,clear,ok,204404341.50687265,2026-09-21,1.0,172.79,174.77,144.65,True,2026-09-21,False,,False,,0.44,0.34,open,,,
APD@2026-07-01,2026-09-09,APD,Air Products,US,SP500,Materials,stage2_breakout,D,live,False,Stage 2,18.6,46.7,27.8,5.4208,0.0,5.4208,1.0,Improving,291.42999267578125,318.502,284.368,364.9356,404.988,10.72,1.36,10,clear,59.0,False,rebalance_week,ok,241885539.8908886,2026-09-21,1.0,281.76,293.35,279.37,False,,False,,False,,,,watching,,,
ABNB@2026-07-01,2026-09-09,ABNB,Airbnb,US,SP500,Consumer Discretionary,stage2_breakout,D,late,False,Stage 2,54.6,25.2,11.3,23.7515,0.0,23.7515,1.0,Improving,170.19000244140625,196.2618,172.7104,271.376,333.7144,12.0,3.19,10,clear,59.0,False,rebalance_week,ok,375032120.0703243,2026-09-21,1.0,157.47,173.51,149.0,False,,False,,False,,,,watching,,,
ALGN@2026-09-09,2026-09-09,ALGN,Align Technology,US,SP500,Health Care,stage4_breakdown,C,late,True,Stage 4,-63.4,12.9,49.0,-7.8997,17.6631,-22.2621,0.88,Improving,150.82000732421875,147.9827,165.7407,83.369,28.8002,12.0,3.64,0,clear,51.0,False,rebalance_week,ok,120604639.91143844,2026-09-21,1.0,146.78,154.1,144.2,True,2026-09-14,False,,False,,0.21,0.07,open,,,
ALL@2026-07-08,2026-09-09,ALL,Allstate,US,SP500,Financials,stage2_breakout,D,live,False,Stage 2,54.8,45.7,8.8,16.9802,9.876,6.6356,1.15,Improving,253.7100067138672,279.1731,245.6723,356.8159,421.4118,12.0,2.32,9,clear,58.0,False,clear,ok,267770242.58140355,2026-09-21,1.0,227.6,258.76,225.58,False,,False,,False,,,,watching,,,
AEE@2026-06-24,2026-09-09,AEE,Ameren,US,SP500,Utilities,stage2_breakout,D,failed,False,Stage 3 to 4,-18.7,17.8,58.5,-0.4526,-2.0203,1.6207,1.0,Improving,104.9000015258789,118.5726,104.3439,133.1693,145.7156,12.0,1.03,11,clear,58.0,False,rebalance_week,ok,128464508.56834915,2026-09-21,1.0,99.39,105.67,98.25,False,,False,,False,,,,watching,,,
AWK@2026-09-02,2026-09-09,AWK,American Water Works,US,SP500,Utilities,stage2_breakout,D,live,False,Stage 2,41.9,64.5,9.1,5.1929,-2.0203,7.1941,1.0,Improving,137.69000244140625,143.8281,126.5687,179.7248,209.6887,12.0,2.08,1,clear,51.0,False,clear,ok,201792857.23689905,2026-09-21,1.0,130.91,139.73,129.8,False,,False,,False,,,,watching,,,
AMP@2026-08-12,2026-09-09,AMP,Ameriprise Financial,US,SP500,Financials,stage2_breakout,D,late,False,Stage 2,49.0,57.8,8.3,15.3221,9.876,4.9108,1.15,Improving,557.6099853515625,578.8044,509.3478,725.5976,848.0276,12.0,2.11,4,clear,52.0,False,clear,ok,206239888.4273852,2026-09-21,1.0,493.0,562.35,477.91,False,,False,,False,,,,watching,,,
AME@2026-08-05,2026-09-09,AME,Ametek,US,SP500,Industrials,stage2_breakout,D,live,False,Stage 2,30.8,38.1,21.9,10.3401,0.0,10.3401,1.0,Improving,241.8699951171875,264.0276,232.3443,315.3104,358.6306,12.0,1.62,5,event_driven,52.0,True,clear,ok,197579642.0205384,2026-09-21,1.0,250.74,252.78,230.01,False,,False,,False,,,,watching,,,
AMGN@2026-08-19,2026-09-09,AMGN,Amgen,US,SP500,Health Care,stage2_breakout,D,live,False,Stage 2,33.6,26.8,14.2,9.6272,17.6631,-7.226,0.88,Improving,377.3500061035156,453.0404,398.6756,577.7905,682.399,12.0,2.29,3,clear,57.0,False,clear,ok,662263453.7244966,2026-09-21,1.0,414.61,415.76,374.46,False,,False,,False,,,,watching,,,
AON@2026-07-15,2026-09-09,AON,Aon plc,US,SP500,Financials,stage2_breakout,D,failed,False,Stage 3 to 4,-59.1,15.8,53.1,-10.4836,9.876,-18.8185,0.88,Improving,302.69000244140625,386.3982,340.0304,459.8432,522.5415,12.0,1.58,8,clear,53.0,False,clear,ok,330880984.7144634,2026-09-21,1.0,277.99,312.39,275.38,False,,False,,False,,,,watching,,,
APTV@2026-08-26,2026-09-09,APTV,Aptiv,US,SP500,Consumer Discretionary,stage4_breakdown,C,late,True,Stage 4,-79.2,3.0,64.2,-33.9901,0.0,-33.9901,0.88,Improving,45.540000915527344,43.1727,48.3534,24.486,8.4588,12.0,3.61,2,clear,52.0,False,clear,ok,129875842.73319116,2026-09-21,1.0,44.79,45.38,42.99,True,2026-09-14,False,,False,,0.04,-0.31,open,,,
ADM@2026-07-15,2026-09-09,ADM,Archer Daniels Midland,US,SP500,Consumer Staples,stage2_breakout,D,late,False,Stage 2,75.8,68.7,5.2,25.1105,2.0049,22.9252,1.15,Improving,86.72000122070312,89.2077,78.5028,111.6273,130.6075,12.0,2.09,8,clear,57.0,False,clear,ok,200534901.1007154,2026-09-21,1.0,81.12,88.73,80.4,False,,False,,False,,,,watching,,,
ANET@2026-07-08,2026-09-09,ANET,Arista Networks,US,SP500,Information Technology,stage2_breakout,D,late,False,Stage 2,54.0,34.7,8.3,31.8822,18.0891,11.4192,1.15,Improving,199.58999633789065,219.8286,193.4492,311.5905,388.9509,12.0,3.48,9,clear,57.0,False,clear,ok,900296348.6456944,2026-09-21,1.0,206.55,212.0,186.11,False,,False,,False,,,,watching,,,
T@2026-07-01,2026-09-09,T,AT&T,US,SP500,Communication Services,stage4_breakdown,D,failed,True,Stage 1 to 2,43.1,51.8,12.6,4.7546,0.0,4.7546,1.0,Improving,26.059999465942383,19.265,21.5768,10.795,3.7292,12.0,3.66,10,clear,44.0,False,rebalance_week,ok,754346156.0052823,2026-09-21,1.0,25.38,26.93,24.94,False,,False,,False,,,,watching,,,
ATO@2026-09-09,2026-09-09,ATO,Atmos Energy,US,SP500,Utilities,stage4_breakdown,C,live,True,Stage 3 to 4,-45.8,25.3,51.1,-5.4245,-2.0203,-3.5227,0.88,Improving,163.19000244140625,163.1326,182.7085,138.96,118.432,12.0,1.23,0,clear,58.0,False,rebalance_week,ok,135694134.3514553,2026-09-21,1.0,157.21,165.08,155.0,True,2026-09-14,False,,False,,0.42,0.3,open,,,
ADSK@2026-06-17,2026-09-09,ADSK,Autodesk,US,SP500,Information Technology,stage4_breakdown,C,live,True,Stage 4,-62.5,16.0,27.9,-17.2269,18.0891,-32.0151,0.88,Improving,212.3999938964844,179.9612,201.5566,102.025,35.245,12.0,3.61,12,clear,81.0,False,rebalance_week,ok,347977223.7425761,2026-09-21,1.0,209.4,232.64,209.05,False,,False,,False,,,,watching,,,
ADP@2026-08-19,2026-09-09,ADP,Automatic Data Processing,US,SP500,Industrials,stage2_breakout,D,late,False,Stage 2,58.2,43.5,1.4,11.4464,0.0,11.4464,1.0,Improving,268.260009765625,289.6038,254.8514,386.7814,467.2718,12.0,2.8,3,clear,51.0,False,clear,ok,429783256.7107434,2026-09-21,1.0,263.67,278.52,261.31,False,,False,,False,,,,watching,,,
AZO@2026-09-09,2026-09-09,AZO,AutoZone,US,SP500,Consumer Discretionary,stage4_breakdown,C,live,True,Stage 4,-68.6,7.0,47.3,-17.1327,0.0,-17.1327,0.88,Improving,2876.75,2855.8841,3198.5902,1917.3699,1129.5058,12.0,2.74,0,event_ahead,15.0,False,rebalance_week,ok,591896503.4341466,2026-09-21,1.0,2872.1599,2999.3,2764.8799,True,2026-09-14,False,,False,,0.27,-0.05,open,,,
BAC@2026-07-15,2026-09-09,BAC,Bank of America,US,SP500,Financials,stage2_breakout,D,late,False,Stage 2,53.7,56.5,7.4,16.4111,9.876,6.0405,1.15,Improving,62.68999862670898,65.5218,57.6592,84.1491,99.5492,12.0,2.37,8,event_driven,37.0,True,clear,ok,1350916538.7652445,2026-09-21,1.0,56.7,62.44,55.74,False,,False,,False,,,,watching,,,
BAX@2026-07-01,2026-09-09,BAX,Baxter International,US,SP500,Health Care,stage2_breakout,D,late,False,Stage 2,45.7,28.2,13.5,15.5262,17.6631,-2.7333,0.88,Improving,23.799999237060547,30.4835,26.8255,43.4832,54.2791,12.0,3.55,10,clear,52.0,False,rebalance_week,ok,92796680.77187696,2026-09-21,1.0,23.37,24.3,22.56,False,,False,,False,,,,watching,,,
BDX@2026-08-19,2026-09-09,BDX,Becton Dickinson,US,SP500,Health Care,stage2_breakout,D,live,False,Stage 2,46.3,43.0,9.6,14.1927,17.6631,-3.8903,0.88,Improving,177.85000610351562,194.3047,170.9881,244.5876,286.7073,12.0,2.16,3,clear,59.0,False,clear,ok,248954782.4007489,2026-09-21,1.0,183.82,186.63,177.87,False,,False,,False,,,,watching,,,
BRK-B@2026-08-05,2026-09-09,BRK-B,Berkshire Hathaway,US,SP500,Financials,stage2_breakout,D,live,False,Stage 1 to 2,31.4,51.9,19.4,3.4168,9.876,-6.1968,0.88,Improving,510.3699951171875,541.5271,482.2729,611.47,670.454,10.94,1.18,5,clear,61.0,False,clear,ok,1600579530.3840916,2026-09-21,1.0,505.48,523.74,501.41,False,,False,,False,,,,watching,,,
TECH@2026-07-15,2026-09-09,TECH,Bio-Techne,US,SP500,Health Care,stage2_breakout,D,late,False,Stage 2,51.2,56.0,12.5,18.6752,17.6631,0.046,1.15,Improving,72.12000274658203,73.3361,64.5358,102.0875,125.6935,12.0,3.27,8,clear,63.0,False,clear,ok,110781963.35791644,2026-09-21,1.0,72.61,72.69,72.17,False,,False,,False,,,,watching,,,
BIIB@2026-06-24,2026-09-09,BIIB,Biogen,US,SP500,Health Care,stage2_breakout,D,live,False,Stage 2,57.9,47.6,7.6,17.421,17.6631,-0.493,0.88,Improving,217.1499938964844,229.2286,201.7212,282.96,328.688,12.0,1.95,11,clear,52.0,False,rebalance_week,ok,146778710.69444284,2026-09-21,1.0,227.6,229.19,213.54,False,,False,,False,,,,watching,,,
BLK@2026-08-12,2026-09-09,BLK,BlackRock,US,SP500,Financials,stage2_breakout,D,live,False,Stage 1,8.4,40.9,23.1,2.1534,9.876,-7.2889,0.88,Improving,1079.6500244140625,1195.4543,1051.9998,1454.6258,1673.4394,12.0,1.81,4,clear,37.0,False,clear,ok,498466955.3541964,2026-09-21,1.0,1086.3101,1098.11,1017.46,False,,False,,False,,,,watching,,,
XYZ@2026-07-01,2026-09-09,XYZ,"Block, Inc.",US,SP500,Financials,stage2_breakout,D,live,False,Stage 2,48.5,54.9,8.0,13.2439,9.876,3.0967,1.15,Improving,79.20999908447266,88.5673,77.9393,125.63,156.598,12.0,3.49,10,clear,63.0,False,rebalance_week,ok,272844870.33435595,2026-09-21,1.0,76.42,80.57,74.36,False,,False,,False,,,,watching,,,
BMY@2026-07-29,2026-09-09,BMY,Bristol Myers Squibb,US,SP500,Health Care,stage2_breakout,D,live,False,Stage 2,46.0,44.8,12.7,15.3773,17.6631,-2.1435,0.88,Improving,63.63999938964844,69.4365,61.1042,84.4365,97.0737,12.0,1.8,6,event_driven,52.0,True,clear,ok,415992896.8000271,2026-09-21,1.0,62.86,65.29,60.6,False,,False,,False,,,,watching,,,
BLDR@2026-09-09,2026-09-09,BLDR,Builders FirstSource,US,SP500,Industrials,stage4_breakdown,C,late,True,Stage 4,-85.2,7.4,56.6,-36.2217,0.0,-36.2217,0.88,Improving,60.369998931884766,60.2075,67.4325,34.2705,11.8389,12.0,3.59,0,clear,52.0,False,rebalance_week,ok,125280440.02743152,2026-09-21,1.0,59.17,61.82,56.56,True,2026-09-14,False,,False,,0.5,0.14,open,,,
CHRW@2026-07-29,2026-09-09,CHRW,C.H. Robinson,US,SP500,Industrials,stage4_breakdown,D,live,False,Stage 4,-46.9,8.9,47.9,-7.1077,0.0,-7.1077,0.88,Improving,152.77999877929688,137.1556,153.6143,77.3484,26.7203,12.0,3.63,6,event_driven,51.0,True,clear,ok,178221061.92180145,2026-09-21,1.0,147.1,158.07,145.4,False,,False,,False,,,,watching,,,
CAH@2026-06-24,2026-09-09,CAH,Cardinal Health,US,SP500,Health Care,stage2_breakout,D,live,False,Stage 2,39.8,36.4,27.4,12.951,17.6631,-4.3782,0.88,Improving,234.57000732421875,261.6938,230.2906,336.5419,399.1355,12.0,2.38,11,clear,59.0,False,rebalance_week,ok,310288845.8045825,2026-09-21,1.0,220.22,237.57,219.1,False,,False,,False,,,,watching,,,
CCL@2026-09-09,2026-09-09,CCL,Carnival Corporation,US,SP500,Consumer Discretionary,stage4_breakdown,C,late,True,Stage 4,-73.2,6.4,57.6,-17.5129,0.0,-17.5129,0.88,Improving,22.75,22.5011,25.2012,12.7902,4.5584,12.0,3.6,0,event_ahead,21.0,False,rebalance_week,ok,439342181.0331564,2026-09-21,1.0,22.25,23.35,21.45,True,2026-09-14,False,,False,,0.39,0.09,open,,,
CARR@2026-06-24,2026-09-09,CARR,Carrier Global,US,SP500,Industrials,stage2_breakout,D,failed,False,Stage 3 to 4,-50.5,10.5,68.7,-4.8277,0.0,-4.8277,0.88,Improving,57.459999084472656,77.6173,68.3032,99.5828,118.061,12.0,2.36,11,clear,50.0,False,rebalance_week,ok,276116909.2894882,2026-09-21,1.0,56.37,58.19,52.96,False,,False,,False,,,,watching,,,
CASY@2026-09-09,2026-09-09,CASY,Casey's,US,SP500,Consumer Staples,stage4_breakdown,D,late,False,Stage 4,-55.1,12.9,45.1,-10.907,2.0049,-12.3875,0.88,Improving,615.469970703125,610.0379,683.2424,344.6218,119.0512,12.0,3.63,0,event_driven_and_ahead,1.0,True,rebalance_week,ok,228848896.8613509,2026-09-21,1.0,598.46,628.09,575.1,True,2026-09-14,False,,False,,0.48,0.16,open,,,
CDW@2026-07-29,2026-09-09,CDW,CDW Corporation,US,SP500,Information Technology,stage2_breakout,D,late,False,Stage 2,69.4,52.4,0.0,14.4325,18.0891,-4.9359,0.88,Improving,153.7899932861328,161.5137,142.1321,220.0115,269.5807,12.0,3.02,6,clear,57.0,False,clear,ok,170467900.14812922,2026-09-21,1.0,135.43,154.99,135.33,False,,False,,False,,,,watching,,,
CNP@2026-06-24,2026-09-09,CNP,CenterPoint Energy,US,SP500,Utilities,stage2_breakout,D,failed,False,Stage 3 to 4,-39.9,10.7,74.2,-3.4764,-2.0203,-1.4479,0.88,Improving,39.11000061035156,45.4403,39.9874,51.5322,56.7651,12.0,1.12,11,clear,45.0,False,rebalance_week,ok,162146094.03658977,2026-09-21,1.0,36.84,39.4,36.485,False,,False,,False,,,,watching,,,
CRL@2026-07-01,2026-09-09,CRL,Charles River Laboratories,US,SP500,Health Care,stage2_breakout,D,late,False,Stage 2,54.1,20.9,9.1,41.3865,17.6631,20.4012,1.15,Improving,278.260009765625,308.3543,271.3518,439.7995,548.9911,12.0,3.55,10,clear,58.0,False,rebalance_week,ok,124702241.6410448,2026-09-21,1.0,292.84,298.4,267.27,False,,False,,False,,,,watching,,,
SCHW@2026-08-19,2026-09-09,SCHW,Charles Schwab Corporation,US,SP500,Financials,stage2_breakout,D,live,False,Stage 2,42.5,54.0,11.0,11.2848,9.876,1.1515,1.15,Improving,107.25,115.7311,101.8434,145.3441,169.9954,12.0,2.13,3,clear,38.0,False,clear,ok,628754714.7659632,2026-09-21,1.0,99.03,109.56,98.06,False,,False,,False,,,,watching,,,
CVX@2026-09-09,2026-09-09,CVX,Chevron Corporation,US,SP500,Energy,stage2_breakout,D,late,False,Stage 2,75.9,44.3,7.7,23.1444,7.5984,,1.0,Improving,214.0599975585937,215.7647,189.8729,263.0456,302.9221,12.0,1.83,0,clear,53.0,False,rebalance_week,ok,1210401912.3096728,2026-09-21,1.0,204.45,217.78,200.78,True,2026-09-14,False,,False,,0.08,-0.44,open,,,
CB@2026-07-01,2026-09-09,CB,Chubb Limited,US,SP500,Financials,stage2_breakout,D,live,False,Stage 2,29.2,39.6,28.2,6.7956,9.876,-2.8161,0.88,Improving,338.25,368.2347,329.6073,422.8924,469.36,10.49,1.41,10,clear,50.0,False,rebalance_week,ok,401455894.18420994,2026-09-21,1.0,333.37,344.52,332.78,False,,False,,False,,,,watching,,,
CINF@2026-07-01,2026-09-09,CINF,Cincinnati Financial,US,SP500,Financials,stage2_breakout,D,live,False,Stage 2 to 3,14.1,33.7,32.9,3.2038,9.876,-6.1885,0.88,Improving,169.8000030517578,196.8428,173.2216,237.0561,270.853,12.0,1.7,10,clear,49.0,False,rebalance_week,ok,80697315.45547858,2026-09-21,1.0,162.54,172.2182,161.17,False,,False,,False,,,,watching,,,
CFG@2026-06-24,2026-09-09,CFG,Citizens Financial Group,US,SP500,Financials,stage2_breakout,D,live,False,Stage 2,40.5,62.9,12.5,15.2638,9.876,5.2397,1.15,Improving,70.4800033569336,76.1896,67.0468,95.9218,112.3951,12.0,2.16,11,clear,39.0,False,rebalance_week,ok,193470171.20712227,2026-09-21,1.0,65.53,71.11,63.85,False,,False,,False,,,,watching,,,
CME@2026-06-24,2026-09-09,CME,CME Group,US,SP500,Financials,stage4_breakdown,D,failed,True,Stage 1,10.9,35.2,23.8,1.4513,9.876,-8.1012,0.88,Improving,275.5400085449219,213.4374,239.0499,119.5095,41.2851,12.0,3.67,11,clear,44.0,False,rebalance_week,ok,487760348.7068209,2026-09-21,1.0,264.48,281.36,258.8695,False,,False,,False,,,,watching,,,
CMS@2026-09-09,2026-09-09,CMS,CMS Energy,US,SP500,Utilities,stage4_breakdown,C,live,True,Stage 3 to 4,-55.7,16.2,60.8,-7.0136,-2.0203,-5.1356,0.88,Improving,67.1500015258789,66.4423,74.4154,55.2777,45.7479,12.0,1.4,0,clear,52.0,False,rebalance_week,ok,154330350.72749665,2026-09-21,1.0,62.95,67.8,62.38,True,2026-09-14,False,,False,,0.51,0.44,open,,,
CMCSA@2026-06-17,2026-09-09,CMCSA,Comcast,US,SP500,Communication Services,stage4_breakdown,C,live,True,Stage 4,-40.9,19.6,32.4,-4.5155,0.0,-4.5155,0.88,Improving,25.200000762939453,20.8387,23.3393,11.704,4.0432,12.0,3.65,12,clear,52.0,False,rebalance_week,ok,541800003.5100809,2026-09-21,1.0,21.91,25.45,21.41,False,,False,,False,,,,watching,,,
COP@2026-08-19,2026-09-09,COP,ConocoPhillips,US,SP500,Energy,stage2_breakout,D,late,False,Stage 2,79.3,59.6,7.0,27.5348,7.5984,,1.0,Improving,137.35000610351562,139.3176,122.5994,172.8304,201.1587,12.0,2.0,3,clear,59.0,False,clear,ok,613936899.7959297,2026-09-21,1.0,127.3,141.62,124.47,True,2026-09-14,False,,False,,0.14,-0.72,open,,,
STZ@2026-09-09,2026-09-09,STZ,Constellation Brands,US,SP500,Consumer Staples,stage4_breakdown,C,late,True,Stage 4,-73.5,7.4,49.1,-13.1709,2.0049,-15.0244,0.88,Improving,122.4499969482422,125.1537,140.1721,70.048,24.1984,12.0,3.67,0,clear,29.0,False,rebalance_week,ok,205254005.6887585,2026-09-21,1.0,113.63,125.74,113.335,True,2026-09-14,False,,False,,0.79,0.77,open,,,
CEG@2026-07-01,2026-09-09,CEG,Constellation Energy,US,SP500,Utilities,stage4_breakdown,D,failed,True,Stage 1,-18.0,31.0,10.5,-7.0061,-2.0203,-5.5303,0.88,Improving,284.75,221.6601,248.2593,125.5535,43.373,12.0,3.61,10,clear,63.0,False,rebalance_week,ok,591479693.3770916,2026-09-21,1.0,263.27,276.515,250.55,False,,False,,False,,,,watching,,,
COO@2026-09-09,2026-09-09,COO,Cooper Companies (The),US,SP500,Health Care,stage4_breakdown,C,late,True,Stage 4,-75.0,0.4,47.1,-25.7855,17.6631,-38.0417,0.88,Improving,53.90999984741211,57.6178,64.532,33.16,12.576,12.0,3.54,0,event_driven_and_ahead,2.0,True,rebalance_week,ok,105158779.70632194,2026-09-21,1.0,55.38,56.64,52.78,True,2026-09-14,False,,False,,0.7,0.32,open,,,
CPAY@2026-08-12,2026-09-09,CPAY,Corpay,US,SP500,Financials,stage2_breakout,D,late,False,Stage 2,52.1,48.5,9.0,23.8154,9.876,13.0315,1.15,Improving,408.2200012207031,433.4602,381.445,573.76,690.8,12.0,2.7,4,event_driven,58.0,True,clear,ok,131769189.19469497,2026-09-21,1.0,398.11,415.29,388.19,False,,False,,False,,,,watching,,,
CTVA@2026-07-22,2026-09-09,CTVA,Corteva,US,SP500,Materials,stage2_breakout,D,live,False,Stage 2,61.3,54.5,4.1,12.0487,0.0,12.0487,1.0,Improving,83.9000015258789,92.0813,81.0315,110.3783,125.985,12.0,1.66,7,clear,57.0,False,clear,ok,225256547.1199452,2026-09-21,1.0,78.52,85.19,77.33,False,,False,,False,,,,watching,,,
COST@2026-09-09,2026-09-09,COST,Costco,US,SP500,Consumer Staples,stage4_breakdown,C,live,True,Stage 3 to 4,-50.5,10.1,56.3,-4.7932,2.0049,-6.7914,0.88,Improving,904.77001953125,895.1881,998.1318,716.7804,565.5887,11.5,1.73,0,event_ahead,17.0,False,rebalance_week,ok,1369179779.46034,2026-09-21,1.0,922.765,925.14,883.1,True,2026-09-14,False,,False,,0.12,-0.27,open,,,
CRH@2026-07-29,2026-09-09,CRH,CRH plc,US,SP500,Materials,stage4_breakdown,C,late,True,Stage 4,-78.1,6.7,54.0,-20.2368,0.0,-20.2368,0.88,Improving,88.55000305175781,88.4652,99.081,52.0093,21.4488,12.0,3.43,6,event_driven,52.0,True,clear,ok,345671086.0298543,2026-09-21,1.0,85.04,89.52,83.48,True,2026-09-14,False,,False,,0.47,0.32,open,,,
DRI@2026-08-12,2026-09-09,DRI,Darden Restaurants,US,SP500,Consumer Discretionary,stage2_breakout,D,live,False,Stage 1 to 2,21.5,46.7,22.0,6.8776,0.0,6.8776,1.0,Improving,209.88999938964844,232.8528,204.9105,274.1096,309.5892,12.0,1.48,4,event_ahead,17.0,False,clear,ok,168326936.61145866,2026-09-21,1.0,199.75,219.69,198.06,False,,False,,False,,,,watching,,,
DECK@2026-09-09,2026-09-09,DECK,Deckers Brands,US,SP500,Consumer Discretionary,stage4_breakdown,C,late,True,Stage 4,-75.3,0.8,56.8,-19.4996,0.0,-19.4996,0.88,Improving,81.2699966430664,81.2434,90.9926,45.7875,15.8175,12.0,3.64,0,clear,45.0,False,rebalance_week,ok,150947424.880275,2026-09-21,1.0,78.67,83.0,77.37,True,2026-09-14,False,,False,,0.4,0.26,open,,,
DE@2026-09-02,2026-09-09,DE,Deere & Company,US,SP500,Industrials,stage2_breakout,D,late,False,Stage 2,73.5,48.9,7.5,22.9711,0.0,22.9711,1.0,Improving,675.739990234375,716.4867,630.5083,905.3288,1064.8878,12.0,2.2,1,clear,79.0,False,clear,ok,505348248.7890608,2026-09-21,1.0,690.46,721.22,665.45,True,2026-09-21,False,,False,,0.06,-0.3,open,,,
DELL@2026-09-02,2026-09-09,DELL,Dell Technologies,US,SP500,Information Technology,stage2_breakout,D,late,False,Stage 2,86.5,21.9,4.5,134.5931,18.0891,109.7957,1.15,Improving,567.2899780273438,550.1504,484.1324,775.7355,968.3319,12.0,3.42,1,event_driven,81.0,True,clear,ok,1695598648.1658044,2026-09-21,1.0,562.89,595.51,525.85,True,2026-09-14,False,,False,,0.69,0.19,open,,,
DXCM@2026-08-19,2026-09-09,DXCM,Dexcom,US,SP500,Health Care,stage2_breakout,D,late,False,Stage 2,47.1,38.2,6.6,18.5938,17.6631,0.2092,1.15,Improving,83.02999877929688,94.0522,82.7659,128.46,157.156,12.0,3.05,3,clear,52.0,False,clear,ok,263081071.07244283,2026-09-21,1.0,86.62,90.39,83.26,False,,False,,False,,,,watching,,,
DASH@2026-08-26,2026-09-09,DASH,DoorDash,US,SP500,Consumer Discretionary,stage2_breakout,D,late,False,Stage 2,18.6,40.9,7.5,1.4749,0.0,1.4749,1.0,Improving,201.9499969482422,243.756,214.5053,334.356,410.7784,12.0,3.1,2,clear,58.0,False,clear,ok,529536744.0676119,2026-09-21,1.0,193.36,204.09,182.14,False,,False,,False,,,,watching,,,
DOV@2026-09-02,2026-09-09,DOV,Dover Corporation,US,SP500,Industrials,stage4_breakdown,C,live,True,Stage 4,-60.9,6.2,88.7,-6.2299,0.0,-6.2299,0.88,Improving,189.0500030517578,185.0515,207.2577,135.9507,94.5352,12.0,2.21,1,clear,45.0,False,clear,ok,151193880.93521208,2026-09-21,1.0,191.88,192.75,184.0,True,2026-09-14,False,,False,,0.05,-0.31,open,,,
DTE@2026-06-24,2026-09-09,DTE,DTE Energy,US,SP500,Utilities,stage2_breakout,D,failed,False,Stage 3 to 4,-46.6,11.0,76.2,-4.817,-2.0203,-2.8418,0.88,Improving,132.5800018310547,157.1807,138.319,179.5639,198.615,12.0,1.19,11,clear,52.0,False,rebalance_week,ok,137015436.71323928,2026-09-21,1.0,121.44,132.389,120.24,False,,False,,False,,,,watching,,,
ETN@2026-08-05,2026-09-09,ETN,Eaton Corporation,US,SP500,Industrials,stage2_breakout,D,live,False,Stage 2,38.1,33.0,11.4,12.6616,0.0,12.6616,1.0,Improving,425.3699951171875,486.1358,427.7995,619.5101,732.7182,12.0,2.29,5,event_driven,57.0,True,clear,ok,635953497.5634706,2026-09-21,1.0,439.98,447.33,387.0,False,,False,,False,,,,watching,,,
ECHO@2026-07-29,2026-09-09,ECHO,EchoStar,US,SP500,Communication Services,stage4_breakdown,C,late,True,Stage 4,-58.7,11.3,44.0,-8.1196,0.0,-8.1196,0.88,Improving,93.13999938964844,79.8886,89.4752,45.364,15.6712,12.0,3.6,6,clear,59.0,False,clear,ok,435795824.6582934,2026-09-21,1.0,90.11,96.46,89.85,False,,False,,False,,,,watching,,,
EIX@2026-07-15,2026-09-09,EIX,Edison International,US,SP500,Utilities,stage2_breakout,D,failed,False,Stage 4,-62.1,4.1,70.7,-13.6175,-2.0203,-11.6066,0.88,Improving,56.0,82.9526,72.9983,110.74,134.036,12.0,2.79,8,clear,50.0,False,clear,ok,144631320.41520005,2026-09-21,1.0,52.65,57.57,52.295,False,,False,,False,,,,watching,,,
EW@2026-07-01,2026-09-09,EW,Edwards Lifesciences,US,SP500,Health Care,stage2_breakout,D,failed,False,Stage 1 to 2,-5.8,39.6,31.6,0.8209,17.6631,-15.2374,0.88,Improving,84.37000274658203,97.5642,85.8565,117.92,135.224,12.0,1.74,10,clear,52.0,False,rebalance_week,ok,268024867.76235104,2026-09-21,1.0,86.29,89.7,84.47,False,,False,,False,,,,watching,,,
EOG@2026-08-19,2026-09-09,EOG,EOG Resources,US,SP500,Energy,stage2_breakout,D,live,False,Stage 2,66.5,52.2,6.7,18.9727,7.5984,,1.0,Improving,147.36000061035156,155.8808,137.1751,196.8345,231.366,12.0,2.19,3,clear,59.0,False,clear,ok,326390705.33130485,2026-09-21,1.0,140.35,154.16,138.06,False,,False,,False,,,,watching,,,
EQT@2026-07-08,2026-09-09,EQT,EQT Corporation,US,SP500,Energy,stage4_breakdown,C,live,True,Stage 3,-25.7,29.9,33.6,-2.6961,7.5984,,1.0,Improving,54.06999969482422,46.9701,52.6065,27.7447,11.7084,12.0,3.41,9,clear,43.0,False,clear,ok,273459776.88516456,2026-09-21,1.0,50.81,54.92,48.93,False,,False,,False,,,,watching,,,
EG@2026-07-15,2026-09-09,EG,Everest Group,US,SP500,Financials,stage2_breakout,D,live,False,Stage 2,54.8,43.5,3.6,9.7131,9.876,-0.2221,0.88,Improving,371.7099914550781,403.0281,354.6647,488.0894,559.44,12.0,1.76,8,clear,51.0,False,clear,ok,88263054.57290497,2026-09-21,1.0,370.43,383.04,366.49,False,,False,,False,,,,watching,,,
EVRG@2026-07-01,2026-09-09,EVRG,Evergy,US,SP500,Utilities,stage2_breakout,D,failed,False,Stage 2,15.9,43.2,31.7,4.0725,-2.0203,6.2781,1.0,Improving,81.62000274658203,88.6485,79.0876,101.3407,112.1043,10.79,1.33,10,clear,59.0,False,rebalance_week,ok,115713651.52726488,2026-09-21,1.0,78.04,82.13,77.11,False,,False,,False,,,,watching,,,
EXPE@2026-08-12,2026-09-09,EXPE,Expedia Group,US,SP500,Consumer Discretionary,stage2_breakout,D,live,False,Stage 2,40.5,36.0,10.6,11.2279,0.0,11.2279,1.0,Improving,280.8299865722656,348.6925,306.8494,495.9,619.02,12.0,3.52,4,event_driven,59.0,True,clear,ok,288056283.26481056,2026-09-21,1.0,264.17,294.84,256.5,False,,False,,False,,,,watching,,,
FDS@2026-08-26,2026-09-09,FDS,FactSet,US,SP500,Financials,stage2_breakout,D,live,False,Stage 2,21.9,38.6,7.2,2.4987,9.876,-6.9803,0.88,Improving,259.7099914550781,326.9222,287.6915,463.7992,578.4545,12.0,3.49,2,event_ahead,23.0,False,clear,ok,158237886.4946087,2026-09-21,1.0,273.08,289.78,269.38,False,,False,,False,,,,watching,,,
FAST@2026-08-05,2026-09-09,FAST,Fastenal,US,SP500,Industrials,stage2_breakout,D,live,False,Stage 2,40.0,43.3,11.6,9.9496,0.0,9.9496,1.0,Improving,49.31999969482422,53.5604,47.1331,63.1642,71.3595,12.0,1.49,5,clear,37.0,False,clear,ok,226003807.75576177,2026-09-21,1.0,50.43,51.41,48.53,False,,False,,False,,,,watching,,,
FITB@2026-07-01,2026-09-09,FITB,Fifth Third Bancorp,US,SP500,Financials,stage2_breakout,D,live,False,Stage 2,34.6,51.2,23.4,11.6497,9.876,1.8724,1.15,Improving,54.720001220703125,60.1572,52.9383,76.7442,90.5396,12.0,2.3,10,clear,42.0,False,rebalance_week,ok,259709774.4535829,2026-09-21,1.0,52.1,55.48,50.78,False,,False,,False,,,,watching,,,
FISV@2026-06-17,2026-09-09,FISV,Fiserv,US,SP500,Financials,stage4_breakdown,C,live,True,Stage 4,-44.8,15.2,33.3,-22.4056,9.876,-30.4178,0.88,Improving,51.58000183105469,45.8794,51.385,28.79,14.19,12.0,3.1,12,clear,51.0,False,rebalance_week,ok,251317156.12367088,2026-09-21,1.0,46.48,52.9,45.13,True,2026-09-21,False,,False,,0.14,-0.11,open,,,
FOXA@2026-06-24,2026-09-09,FOXA,Fox Corporation (Class A),US,SP500,Communication Services,stage4_breakdown,D,failed,True,Stage 1,24.1,50.3,12.8,4.9342,0.0,4.9342,1.0,Improving,65.94000244140625,47.0152,52.657,26.4701,9.1442,12.0,3.64,11,clear,52.0,False,rebalance_week,ok,173134310.60542333,2026-09-21,1.0,63.07,68.74,62.62,False,,False,,False,,,,watching,,,
FOX@2026-06-24,2026-09-09,FOX,Fox Corporation (Class B),US,SP500,Communication Services,stage4_breakdown,D,failed,True,Stage 1,17.6,54.0,12.8,3.6658,0.0,3.6658,1.0,Improving,58.45000076293945,42.9184,48.0686,25.1061,10.1001,12.0,3.46,11,clear,52.0,False,rebalance_week,ok,45414027.54501592,2026-09-21,1.0,56.54,61.27,56.05,False,,False,,False,,,,watching,,,
FCX@2026-08-19,2026-09-09,FCX,Freeport-McMoRan,US,SP500,Materials,stage2_breakout,D,live,False,Stage 2,63.9,34.0,8.8,24.4015,0.0,24.4015,1.0,Improving,71.06999969482422,81.9321,72.1003,109.9243,133.6717,12.0,2.85,3,clear,45.0,False,clear,ok,683880201.4647143,2026-09-21,1.0,72.31,74.9,67.01,False,,False,,False,,,,watching,,,
GRMN@2026-08-05,2026-09-09,GRMN,Garmin,US,SP500,Consumer Discretionary,stage2_breakout,D,late,False,Stage 2,53.4,32.1,11.1,20.0209,0.0,20.0209,1.0,Improving,282.6700134277344,317.2736,279.2008,427.3671,518.8065,12.0,2.89,5,event_driven,51.0,True,clear,ok,138548687.2949528,2026-09-21,1.0,294.14,297.19,270.93,False,,False,,False,,,,watching,,,
GE@2026-06-24,2026-09-09,GE,GE Aerospace,US,SP500,Industrials,stage2_breakout,D,failed,False,Stage 2 to 3,-1.6,35.8,38.9,1.9997,0.0,1.9997,1.0,Improving,323.6600036621094,394.3411,347.0202,509.1048,605.3166,12.0,2.43,11,clear,43.0,False,rebalance_week,ok,1089437256.6546826,2026-09-21,1.0,327.09,329.17,306.8,False,,False,,False,,,,watching,,,
GEN@2026-08-26,2026-09-09,GEN,Gen Digital,US,SP500,Information Technology,stage2_breakout,D,late,False,Stage 2,75.4,50.9,0.8,21.0093,18.0891,1.1207,1.15,Improving,30.26000022888184,32.1473,28.2896,45.6924,56.9263,12.0,3.51,2,clear,59.0,False,clear,ok,107863507.63389102,2026-09-21,1.0,21.62,31.5,21.36,False,,False,,False,,,,watching,,,
GD@2026-07-22,2026-09-09,GD,General Dynamics,US,SP500,Industrials,stage2_breakout,D,failed,False,Stage 2 to 3,-0.3,36.4,36.6,1.9016,0.0,1.9016,1.0,Improving,355.8999938964844,404.0035,355.5231,494.5742,570.2336,12.0,1.87,7,clear,51.0,False,clear,ok,300830617.774412,2026-09-21,1.0,336.72,362.39,335.0,False,,False,,False,,,,watching,,,
GM@2026-07-29,2026-09-09,GM,General Motors,US,SP500,Consumer Discretionary,stage2_breakout,D,live,False,Stage 2,37.1,52.0,22.4,11.5226,0.0,11.5226,1.0,Improving,85.62000274658203,92.9143,81.7646,113.1883,130.4105,12.0,1.82,6,event_driven,43.0,True,clear,ok,384694069.9685763,2026-09-21,1.0,82.63,87.86,80.04,False,,False,,False,,,,watching,,,
GPN@2026-08-12,2026-09-09,GPN,Global Payments,US,SP500,Financials,stage2_breakout,D,late,False,Stage 2,49.2,44.1,5.1,15.3834,9.876,4.8271,1.15,Improving,88.29000091552734,97.2573,85.5864,130.2313,157.9289,12.0,2.83,4,event_driven,57.0,True,clear,ok,181705376.59656805,2026-09-21,1.0,86.49,90.55,83.14,False,,False,,False,,,,watching,,,
HSY@2026-06-17,2026-09-09,HSY,Hershey Company (The),US,SP500,Consumer Staples,stage4_breakdown,D,live,False,Stage 4,-63.0,11.5,59.0,-7.5343,2.0049,-9.5279,0.88,Improving,173.32000732421875,163.8688,183.5331,97.1234,41.6532,12.0,3.39,12,clear,59.0,False,rebalance_week,ok,238267797.1322932,2026-09-21,1.0,166.37,178.03,166.04,False,,False,,False,,,,watching,,,
HON@2026-09-09,2026-09-09,HON,Honeywell Technologies,US,SP500,Industrials,stage4_breakdown,C,late,True,Stage 4,-67.3,6.1,68.4,-9.3862,0.0,-9.3862,0.88,Improving,202.3600006103516,201.1827,225.3246,147.4357,101.5363,12.0,2.23,0,clear,45.0,False,rebalance_week,ok,609713229.5403515,2026-09-21,1.0,212.55,213.64,196.98,True,2026-09-14,False,,False,,0.17,-0.47,open,,,
HPQ@2026-08-12,2026-09-09,HPQ,HP Inc.,US,SP500,Information Technology,stage2_breakout,D,late,False,Stage 2,84.2,25.9,3.8,52.3889,18.0891,28.3296,1.15,Improving,35.47999954223633,33.159,29.1799,47.0735,58.7608,12.0,3.5,4,clear,78.0,False,clear,ok,292578672.16240513,2026-09-21,1.0,31.3,35.19,30.81,True,2026-09-14,False,,False,,0.51,-0.47,open,,,
HII@2026-06-17,2026-09-09,HII,Huntington Ingalls Industries,US,SP500,Industrials,stage4_breakdown,C,late,True,Stage 4,-82.6,9.6,60.5,-16.2071,0.0,-16.2071,0.88,Improving,279.69000244140625,256.6915,287.4944,144.3179,49.8553,12.0,3.65,12,clear,52.0,False,rebalance_week,ok,102324102.72233585,2026-09-21,1.0,264.02,283.25,261.71,False,,False,,False,,,,watching,,,
IEX@2026-06-17,2026-09-09,IEX,IDEX Corporation,US,SP500,Industrials,stage2_breakout,D,live,False,Stage 2,37.8,45.6,16.8,13.2616,0.0,13.2616,1.0,Improving,224.2100067138672,246.3698,216.8055,305.8445,355.4801,12.0,2.01,12,clear,51.0,False,rebalance_week,ok,97346828.15721084,2026-09-21,1.0,230.08,231.79,219.44,False,,False,,False,,,,watching,,,
IDXX@2026-09-09,2026-09-09,IDXX,Idexx Laboratories,US,SP500,Health Care,stage4_breakdown,C,live,True,Stage 4,-73.9,8.1,39.4,-17.6217,17.6631,-31.6577,0.88,Improving,504.7000122070313,509.1743,570.2752,370.96,252.8879,12.0,2.26,0,clear,56.0,False,rebalance_week,ok,235086134.7162416,2026-09-21,1.0,519.26,524.12,501.98,True,2026-09-14,False,,False,,0.12,-0.17,open,,,
INCY@2026-07-01,2026-09-09,INCY,Incyte,US,SP500,Health Care,stage2_breakout,D,late,False,Stage 2,53.3,42.3,9.0,18.0875,17.6631,-0.1257,0.88,Improving,121.47000122070312,134.5961,118.4446,175.95,210.63,12.0,2.56,10,clear,50.0,False,rebalance_week,ok,120445135.3690148,2026-09-21,1.0,123.89,128.72,119.97,False,,False,,False,,,,watching,,,
ICE@2026-06-24,2026-09-09,ICE,Intercontinental Exchange,US,SP500,Financials,stage4_breakdown,D,failed,True,Stage 1 to 2,19.4,42.3,15.2,1.6083,9.876,-7.971,0.88,Improving,157.39999389648438,119.7903,134.1652,73.8904,35.5708,12.0,3.19,11,clear,52.0,False,rebalance_week,ok,397709966.56726855,2026-09-21,1.0,154.31,160.53,151.42,False,,False,,False,,,,watching,,,
IFF@2026-07-01,2026-09-09,IFF,International Flavors & Fragrances,US,SP500,Materials,stage2_breakout,D,live,False,Stage 2,45.9,51.3,11.6,15.3147,0.0,15.3147,1.0,Improving,83.61000061035156,90.6483,79.7705,113.4945,132.834,12.0,2.1,10,clear,57.0,False,rebalance_week,ok,95966599.63007411,2026-09-21,1.0,85.69,86.68,82.7,False,,False,,False,,,,watching,,,
ISRG@2026-07-22,2026-09-09,ISRG,Intuitive Surgical,US,SP500,Health Care,stage4_breakdown,C,late,True,Stage 4,-75.1,9.9,38.0,-20.7021,17.6631,-34.3943,0.88,Improving,369.1499938964844,320.9972,359.5168,180.7135,62.4283,12.0,3.64,7,event_driven,43.0,True,clear,ok,688644672.6555387,2026-09-21,1.0,405.18,406.39,368.85,False,,False,,False,,,,watching,,,
IVZ@2026-08-26,2026-09-09,IVZ,Invesco,US,SP500,Financials,stage2_breakout,D,late,False,Stage 2,49.8,51.1,8.6,22.9006,9.876,12.1733,1.15,Improving,32.279998779296875,34.1473,30.0497,45.813,55.5354,12.0,2.85,2,clear,50.0,False,clear,ok,95544572.07853408,2026-09-21,1.0,30.92,31.94,29.56,False,,False,,False,,,,watching,,,
INVH@2026-06-24,2026-09-09,INVH,Invitation Homes,US,SP500,Real Estate,stage2_breakout,D,failed,False,Stage 2 to 3,-8.2,32.0,38.8,0.0179,0.4739,-0.4185,0.88,Improving,27.540000915527344,31.1886,27.4459,38.0708,43.813,12.0,1.84,11,clear,51.0,False,rebalance_week,ok,102058123.3198709,2026-09-21,1.0,26.62,27.5892,26.195,False,,False,,False,,,,watching,,,
IQV@2026-09-02,2026-09-09,IQV,IQVIA,US,SP500,Health Care,stage2_breakout,D,late,False,Stage 2,75.7,49.4,4.5,28.6183,17.6631,8.0808,1.15,Improving,261.7699890136719,276.1632,243.0236,394.11,491.958,12.0,3.56,1,clear,57.0,False,clear,ok,198271277.8370339,2026-09-21,1.0,270.37,277.4,262.56,True,2026-09-21,False,,False,,0.04,-0.17,open,,,
J@2026-08-26,2026-09-09,J,Jacobs Solutions,US,SP500,Industrials,stage2_breakout,D,live,False,Stage 2,34.9,50.4,5.3,4.746,0.0,4.746,1.0,Improving,141.85000610351562,155.4076,136.7587,201.51,240.0779,12.0,2.47,2,clear,73.0,False,clear,ok,90326839.79166196,2026-09-21,1.0,138.37,145.71,134.23,False,,False,,False,,,,watching,,,
JNJ@2026-09-02,2026-09-09,JNJ,Johnson & Johnson,US,SP500,Health Care,stage2_breakout,D,live,False,Stage 2,56.8,41.3,10.8,17.7376,17.6631,-0.1676,0.88,Improving,265.5799865722656,284.2082,250.1033,344.1055,394.5338,12.0,1.76,1,clear,36.0,False,clear,ok,1323186414.531407,2026-09-21,1.0,271.22,275.23,260.68,False,,False,,False,,,,watching,,,
JCI@2026-08-05,2026-09-09,JCI,Johnson Controls,US,SP500,Industrials,stage2_breakout,D,live,False,Stage 2,33.9,44.4,16.8,12.0279,0.0,12.0279,1.0,Improving,146.00999450683594,159.2514,140.1412,188.5574,213.7554,12.0,1.53,5,event_driven,58.0,True,clear,ok,356867216.879648,2026-09-21,1.0,150.2,150.66,135.4109,False,,False,,False,,,,watching,,,
JPM@2026-07-22,2026-09-09,JPM,JPMorgan Chase,US,SP500,Financials,stage2_breakout,D,live,False,Stage 2,52.9,65.5,5.5,13.1747,9.876,2.9847,1.15,Improving,356.2300109863281,369.9572,325.5623,456.5664,528.6195,12.0,1.95,7,event_driven,36.0,True,clear,ok,1888718531.60139,2026-09-21,1.0,343.06,355.6,335.28,False,,False,,False,,,,watching,,,
KVUE@2026-07-01,2026-09-09,KVUE,Kenvue,US,SP500,Consumer Staples,stage2_breakout,D,failed,False,Stage 2 to 3,4.4,36.6,31.2,2.9488,2.0049,1.0021,1.15,Improving,17.780000686645508,20.1144,17.7006,23.5556,26.4735,12.0,1.43,10,clear,59.0,False,rebalance_week,ok,241556740.9408185,2026-09-21,1.0,17.8,17.986,17.49,False,,False,,False,,,,watching,,,
KDP@2026-06-24,2026-09-09,KDP,Keurig Dr Pepper,US,SP500,Consumer Staples,stage2_breakout,B,live,True,Stage 2,46.9,54.8,7.8,10.1064,2.0049,8.0407,1.15,Improving,31.38999938964844,34.2992,30.1833,42.936,50.2287,12.0,2.1,11,clear,49.0,False,rebalance_week,ok,231570011.88233185,2026-09-21,1.0,31.95,32.14,30.56,False,,False,,False,,,,watching,,,
KEY@2026-06-24,2026-09-09,KEY,KeyCorp,US,SP500,Financials,stage2_breakout,D,live,False,Stage 1 to 2,20.1,36.9,27.5,7.1557,9.876,-2.3288,0.88,Improving,21.84000015258789,24.0914,21.2005,29.313,33.69,12.0,1.81,11,clear,43.0,False,rebalance_week,ok,172686833.33681437,2026-09-21,1.0,20.61,22.16,20.04,False,,False,,False,,,,watching,,,
KMB@2026-07-01,2026-09-09,KMB,Kimberly-Clark,US,SP500,Consumer Staples,stage2_breakout,D,failed,False,Stage 3 to 4,-36.3,23.6,47.6,-4.4612,2.0049,-6.4022,0.88,Improving,98.1500015258789,116.798,102.7822,140.7829,161.0613,12.0,1.71,10,clear,57.0,False,rebalance_week,ok,297186613.3203368,2026-09-21,1.0,98.43,100.92,96.72,False,,False,,False,,,,watching,,,
KHC@2026-07-15,2026-09-09,KHC,Kraft Heinz,US,SP500,Consumer Staples,stage2_breakout,D,live,False,Stage 2,32.9,33.9,14.8,5.186,2.0049,3.0662,1.15,Improving,24.600000381469727,28.0257,24.6626,34.9605,40.8106,12.0,2.06,8,clear,51.0,False,clear,ok,235376687.5573402,2026-09-21,1.0,23.63,25.2,23.48,False,,False,,False,,,,watching,,,
KR@2026-06-17,2026-09-09,KR,Kroger,US,SP500,Consumer Staples,stage4_breakdown,C,live,True,Stage 4,-39.2,21.0,43.1,-8.0283,2.0049,-10.1464,0.88,Improving,58.4900016784668,52.8481,59.1898,31.9024,14.3995,12.0,3.3,12,event_driven_and_ahead,4.0,True,rebalance_week,ok,271871962.1993102,2026-09-21,1.0,58.74,62.55,57.56,False,,False,,False,,,,watching,,,
LHX@2026-09-09,2026-09-09,LHX,L3Harris,US,SP500,Industrials,stage4_breakdown,C,late,True,Stage 4,-81.3,2.6,66.4,-19.5382,0.0,-19.5382,0.88,Improving,245.5399932861328,251.4863,281.6646,140.8275,48.6495,12.0,3.67,0,clear,52.0,False,rebalance_week,ok,302707592.1133933,2026-09-21,1.0,237.69,253.12,236.79,True,2026-09-14,False,,False,,0.49,0.46,open,,,
LH@2026-08-05,2026-09-09,LH,Labcorp,US,SP500,Health Care,stage2_breakout,D,live,False,Stage 2,51.3,28.8,7.9,13.6817,17.6631,-4.4391,0.88,Improving,311.5400085449219,345.8333,304.3333,436.2216,511.7588,12.0,2.18,5,event_driven,50.0,True,clear,ok,117796666.72866444,2026-09-21,1.0,309.64,327.95,303.13,False,,False,,False,,,,watching,,,
LVS@2026-09-09,2026-09-09,LVS,Las Vegas Sands,US,SP500,Consumer Discretionary,stage4_breakdown,C,late,True,Stage 4,-75.0,6.7,48.1,-19.9524,0.0,-19.9524,0.88,Improving,42.83000183105469,42.5941,47.7053,28.1668,16.0122,12.0,2.82,0,clear,44.0,False,rebalance_week,ok,155338557.93593115,2026-09-21,1.0,38.99,43.03,38.06,True,2026-09-14,False,,False,,0.89,0.71,open,,,
LEN@2026-09-09,2026-09-09,LEN,Lennar,US,SP500,Consumer Discretionary,stage4_breakdown,C,live,True,Stage 4,-74.9,6.1,52.8,-21.633,0.0,-21.633,0.88,Improving,79.5999984741211,78.2448,87.6342,43.9065,15.1677,12.0,3.66,0,event_ahead,9.0,False,rebalance_week,ok,165064944.81842285,2026-09-21,1.0,82.15,83.37,75.7,True,2026-09-14,False,,False,,0.27,-0.42,open,,,
LII@2026-08-19,2026-09-09,LII,Lennox International,US,SP500,Industrials,stage4_breakdown,C,late,True,Stage 4,-77.0,3.2,56.3,-26.2399,0.0,-26.2399,0.88,Improving,366.0400085449219,361.7974,405.2131,204.4075,70.6135,12.0,3.63,3,clear,51.0,False,clear,ok,146025957.45605367,2026-09-21,1.0,373.77,377.84,350.22,True,2026-09-14,False,,False,,0.27,-0.28,open,,,
LLY@2026-06-24,2026-09-09,LLY,Lilly (Eli),US,SP500,Health Care,stage2_breakout,D,live,False,Stage 2,29.6,31.6,20.4,8.8886,17.6631,-7.71,0.88,Improving,1115.699951171875,1312.5391,1155.0344,1737.4666,2093.3198,12.0,2.7,11,clear,52.0,False,rebalance_week,ok,2169434952.3042126,2026-09-21,1.0,1183.46,1197.79,1130.5,False,,False,,False,,,,watching,,,
LYV@2026-07-01,2026-09-09,LYV,Live Nation Entertainment,US,SP500,Communication Services,stage2_breakout,D,live,False,Stage 2,26.2,39.0,17.3,7.0074,0.0,7.0074,1.0,Improving,170.14999389648438,191.8468,168.8252,238.05,277.09,12.0,2.01,10,clear,57.0,False,rebalance_week,ok,272814604.8691977,2026-09-21,1.0,170.87,174.7,166.11,False,,False,,False,,,,watching,,,
L@2026-07-01,2026-09-09,L,Loews Corporation,US,SP500,Financials,stage2_breakout,D,failed,False,Stage 3 to 4,-2.3,16.4,48.8,1.4822,9.876,-7.798,0.88,Improving,108.79000091552734,121.9963,107.3568,139.7717,154.8352,12.0,1.21,10,clear,56.0,False,rebalance_week,ok,60541171.75463624,2026-09-21,1.0,104.82,110.28,103.915,False,,False,,False,,,,watching,,,
LOW@2026-09-09,2026-09-09,LOW,Lowe's,US,SP500,Consumer Discretionary,stage4_breakdown,C,late,True,Stage 4,-80.4,5.1,56.2,-16.0828,0.0,-16.0828,0.88,Improving,196.82000732421875,196.1097,219.6429,109.637,37.8746,12.0,3.67,0,clear,72.0,False,rebalance_week,ok,450007091.4843439,2026-09-21,1.0,189.28,199.78,187.145,True,2026-09-14,False,,False,,0.38,0.29,open,,,
LULU@2026-09-02,2026-09-09,LULU,Lululemon Athletica,US,SP500,Consumer Discretionary,stage4_breakdown,C,late,True,Stage 4,-84.2,4.5,69.1,-36.15,0.0,-36.15,0.88,Improving,98.97000122070312,94.7935,106.1687,53.8945,18.6181,12.0,3.6,1,event_driven,94.0,True,clear,ok,268390302.628064,2026-09-21,1.0,101.3,104.24,95.35,False,,False,,False,,,,watching,,,
MTB@2026-07-15,2026-09-09,MTB,M&T Bank,US,SP500,Financials,stage2_breakout,D,live,False,Stage 2,39.6,54.2,17.0,12.9903,9.876,3.042,1.15,Improving,239.8300018310547,256.7645,225.9527,317.2489,367.6009,12.0,1.96,8,event_driven,39.0,True,clear,ok,157381631.2229693,2026-09-21,1.0,221.19,241.58,217.21,False,,False,,False,,,,watching,,,
MPC@2026-07-15,2026-09-09,MPC,Marathon Petroleum,US,SP500,Energy,stage2_breakout,D,late,False,Stage 2,92.3,36.9,6.5,69.2084,7.5984,,1.0,Improving,395.9299926757813,404.0858,355.5955,577.854,721.3212,12.0,3.58,8,clear,57.0,False,clear,ok,466302051.944096,2026-09-21,1.0,393.52,431.08,378.8,True,2026-09-14,False,,False,,0.56,-0.22,open,,,
MLM@2026-09-02,2026-09-09,MLM,Martin Marietta Materials,US,SP500,Materials,stage4_breakdown,C,live,True,Stage 4,-74.8,3.0,81.5,-15.1787,0.0,-15.1787,0.88,Improving,509.9599914550781,494.0935,553.3847,297.1839,132.883,12.0,3.32,1,clear,57.0,False,clear,ok,227433052.89129943,2026-09-21,1.0,484.3,510.81,477.38,True,2026-09-14,False,,False,,0.28,0.17,open,,,
MAS@2026-07-01,2026-09-09,MAS,Masco,US,SP500,Industrials,stage2_breakout,D,failed,False,Stage 3 to 4,-18.6,14.5,49.2,-0.0451,0.0,-0.0451,0.88,Improving,68.5199966430664,84.5598,74.4127,108.9195,129.4353,12.0,2.4,10,clear,52.0,False,rebalance_week,ok,119466337.7760078,2026-09-21,1.0,68.85,70.33,67.03,False,,False,,False,,,,watching,,,
MA@2026-08-26,2026-09-09,MA,Mastercard,US,SP500,Financials,stage2_breakout,D,live,False,Stage 2,48.3,53.4,5.1,6.2792,9.876,-3.5928,0.88,Improving,569.1900024414062,607.1038,534.2513,738.7174,848.7073,12.0,1.81,2,clear,52.0,False,clear,ok,1225610206.0424163,2026-09-21,1.0,567.65,578.9,553.12,False,,False,,False,,,,watching,,,
MCD@2026-09-09,2026-09-09,MCD,McDonald's,US,SP500,Consumer Discretionary,stage4_breakdown,C,live,True,Stage 4,-76.1,7.1,64.4,-13.504,0.0,-13.504,0.88,Improving,252.52999877929688,252.7733,283.1061,173.9279,108.6783,12.0,2.6,0,clear,59.0,False,rebalance_week,ok,827909936.203297,2026-09-21,1.0,236.5,258.45,234.03,True,2026-09-14,False,,False,,0.62,0.54,open,,,
MRK@2026-07-01,2026-09-09,MRK,Merck & Co.,US,SP500,Health Care,stage2_breakout,D,late,False,Stage 2,70.7,37.3,5.3,27.8006,17.6631,8.9081,1.15,Improving,143.92999267578125,158.9473,139.8736,206.7104,246.5427,12.0,2.5,10,clear,52.0,False,rebalance_week,ok,812942638.5497535,2026-09-21,1.0,148.78,153.57,142.32,False,,False,,False,,,,watching,,,
MSFT@2026-08-26,2026-09-09,MSFT,Microsoft,US,SP500,Information Technology,stage2_breakout,D,late,False,Stage 2,59.2,39.3,1.1,11.4186,18.0891,-7.5444,0.88,Improving,495.6300048828125,525.1939,462.1707,687.0162,822.4051,12.0,2.57,2,clear,51.0,False,clear,ok,9335191995.097565,2026-09-21,1.0,516.17,519.4,487.23,False,,False,,False,,,,watching,,,
MRNA@2026-07-01,2026-09-09,MRNA,Moderna,US,SP500,Health Care,stage2_breakout,D,late,False,Stage 2,87.1,15.3,4.5,178.4626,17.6631,146.2422,1.15,Improving,143.97000122070312,181.0756,159.3465,256.157,319.7546,12.0,3.46,10,clear,59.0,False,rebalance_week,ok,268549311.7573822,2026-09-21,1.0,198.88,202.67,139.02,True,2026-09-21,True,2026-09-21,False,,0.99,0.82,stopped out,,,
MNST@2026-06-24,2026-09-09,MNST,Monster Beverage,US,SP500,Consumer Staples,stage2_breakout,D,live,False,Stage 2,20.4,40.4,17.4,7.0408,2.0049,5.1664,1.15,Improving,43.400001525878906,50.7632,44.6716,64.91,76.702,12.0,2.32,11,clear,59.0,False,rebalance_week,ok,330913998.54689306,2026-09-21,1.0,43.11,45.08,42.11,False,,False,,False,,,,watching,,,
NTAP@2026-08-12,2026-09-09,NTAP,NetApp,US,SP500,Information Technology,stage2_breakout,D,late,False,Stage 2,59.4,25.3,9.7,54.2306,18.0891,32.1045,1.15,Improving,199.27999877929688,212.9134,187.3638,303.137,378.3986,12.0,3.53,4,clear,85.0,False,clear,ok,284820870.82739794,2026-09-21,1.0,201.145,203.91,186.13,False,,False,,False,,,,watching,,,
NFLX@2026-07-15,2026-09-09,NFLX,Netflix,US,SP500,Communication Services,stage4_breakdown,C,live,True,Stage 4,-42.7,27.4,28.6,-15.6071,0.0,-15.6071,0.88,Improving,77.4000015258789,63.6987,71.3426,35.794,12.3652,12.0,3.65,8,event_driven,43.0,True,clear,ok,2259414484.760997,2026-09-21,1.0,71.145,81.02,70.11,False,,False,,False,,,,watching,,,
NEM@2026-07-15,2026-09-09,NEM,Newmont,US,SP500,Materials,stage4_breakdown,D,failed,False,Stage 2,63.1,52.1,5.0,21.5831,0.0,21.5831,1.0,Improving,126.80999755859376,86.0269,96.3501,48.7111,16.8275,12.0,3.61,8,clear,45.0,False,clear,ok,620602385.4891093,2026-09-21,1.0,121.43,128.09,119.9,False,,False,,False,,,,watching,,,
NWSA@2026-07-15,2026-09-09,NWSA,News Corp (Class A),US,SP500,Communication Services,stage2_breakout,D,live,False,Stage 2,63.6,50.8,0.2,11.7683,0.0,11.7683,1.0,Improving,29.440000534057617,31.9529,28.1185,41.0742,48.6905,12.0,2.38,8,clear,59.0,False,clear,ok,73467302.8472802,2026-09-21,1.0,28.49,30.7,28.06,False,,False,,False,,,,watching,,,
NWS@2026-07-15,2026-09-09,NWS,News Corp (Class B),US,SP500,Communication Services,stage2_breakout,D,live,False,Stage 2,51.2,54.7,2.2,9.1665,0.0,9.1665,1.0,Improving,32.709999084472656,36.1131,31.7795,45.9853,54.2513,12.0,2.28,8,clear,59.0,False,clear,ok,29774957.880687617,2026-09-21,1.0,31.75,34.06,31.16,False,,False,,False,,,,watching,,,
NEE@2026-08-26,2026-09-09,NEE,NextEra Energy,US,SP500,Utilities,stage4_breakdown,D,live,False,Stage 3 to 4,-43.4,10.1,78.3,-3.2978,-2.0203,-1.2456,0.88,Improving,82.30999755859375,79.8641,89.4478,63.5632,49.8137,12.0,1.7,2,clear,50.0,False,clear,ok,644587146.4706945,2026-09-21,1.0,76.08,82.73,75.38,True,2026-09-21,False,,False,,0.47,0.39,open,,,
NKE@2026-09-09,2026-09-09,NKE,"Nike, Inc.",US,SP500,Consumer Discretionary,stage4_breakdown,C,late,True,Stage 4,-81.8,4.2,51.0,-30.1077,0.0,-30.1077,0.88,Improving,36.79999923706055,36.9938,41.4331,20.7731,7.1762,12.0,3.65,0,event_ahead,24.0,False,rebalance_week,ok,675131051.6692275,2026-09-21,1.0,35.75,37.41,35.2159,True,2026-09-14,False,,False,,0.4,0.28,open,,,
NI@2026-06-24,2026-09-09,NI,NiSource,US,SP500,Utilities,stage2_breakout,D,failed,False,Stage 4,-51.8,13.9,74.7,-6.0187,-2.0203,-4.0377,0.88,Improving,41.40999984741211,49.3368,43.4164,57.6749,64.7088,12.0,1.41,11,clear,51.0,False,rebalance_week,ok,141668726.72044063,2026-09-21,1.0,39.42,41.68,38.95,False,,False,,False,,,,watching,,,
NDSN@2026-08-19,2026-09-09,NDSN,Nordson Corporation,US,SP500,Industrials,stage2_breakout,D,live,False,Stage 2,54.8,37.1,9.5,16.6324,0.0,16.6324,1.0,Improving,314.4700012207031,341.8223,300.8036,423.8344,492.4182,12.0,2.0,3,event_driven,93.0,True,clear,ok,71942598.3714433,2026-09-21,1.0,325.77,326.7,306.03,False,,False,,False,,,,watching,,,
NSC@2026-07-22,2026-09-09,NSC,Norfolk Southern,US,SP500,Industrials,stage2_breakout,D,live,False,Stage 2,25.3,36.2,14.6,5.6065,0.0,5.6065,1.0,Improving,320.2699890136719,360.8739,317.569,438.7607,504.0201,12.0,1.8,7,event_driven,45.0,True,clear,ok,267175575.76481867,2026-09-21,1.0,313.0,323.83,308.44,False,,False,,False,,,,watching,,,
NRG@2026-08-26,2026-09-09,NRG,NRG Energy,US,SP500,Utilities,stage4_breakdown,C,late,True,Stage 4,-73.8,6.2,63.8,-23.7309,-2.0203,-22.3885,0.88,Improving,113.45999908447266,104.8144,117.3922,59.587,20.5846,12.0,3.6,2,clear,59.0,False,clear,ok,234055168.63691044,2026-09-21,1.0,100.37,111.47,97.5,True,2026-09-14,False,,False,,0.58,0.35,open,,,
OMC@2026-08-12,2026-09-09,OMC,Omnicom Group,US,SP500,Communication Services,stage2_breakout,D,live,False,Stage 1 to 2,10.8,46.7,25.1,3.0913,0.0,3.0913,1.0,Improving,79.01000213623047,90.9523,80.038,113.8367,133.25,12.0,2.1,4,clear,43.0,False,clear,ok,196449356.5693144,2026-09-21,1.0,76.15,81.69,73.97,False,,False,,False,,,,watching,,,
OKE@2026-08-12,2026-09-09,OKE,Oneok,US,SP500,Energy,stage2_breakout,D,live,False,Stage 2,57.4,59.6,10.1,19.6155,7.5984,,1.0,Improving,96.62000274658205,101.256,89.1053,121.8424,139.4364,12.0,1.69,4,event_driven,50.0,True,clear,ok,250367264.0397505,2026-09-21,1.0,88.63,99.04,87.74,False,,False,,False,,,,watching,,,
PCAR@2026-07-22,2026-09-09,PCAR,Paccar,US,SP500,Industrials,stage2_breakout,D,live,False,Stage 1,15.4,42.0,27.6,6.6567,0.0,6.6567,1.0,Improving,122.7300033569336,140.4624,123.6069,171.2566,197.164,12.0,1.83,7,clear,50.0,False,clear,ok,246190502.75419545,2026-09-21,1.0,111.31,123.56,110.17,False,,False,,False,,,,watching,,,
PKG@2026-07-22,2026-09-09,PKG,Packaging Corporation of America,US,SP500,Materials,stage2_breakout,D,live,False,Stage 2,22.7,39.4,30.2,6.9554,0.0,6.9554,1.0,Improving,234.3999938964844,263.318,231.7198,320.0327,368.0748,12.0,1.79,7,event_driven,44.0,True,clear,ok,102836604.7849551,2026-09-21,1.0,237.18,242.63,228.84,False,,False,,False,,,,watching,,,
PLTR@2026-08-26,2026-09-09,PLTR,Palantir Technologies,US,SP500,Information Technology,stage2_breakout,D,late,False,Stage 2,38.1,35.7,4.2,6.8699,18.0891,-11.7166,0.88,Improving,167.22999572753906,192.9014,169.7533,270.37,335.97,12.0,3.35,2,clear,56.0,False,clear,ok,4090528633.662741,2026-09-21,1.0,189.67,194.68,166.42,True,2026-09-21,False,,False,,0.08,-0.14,open,,,
PSKY@2026-07-29,2026-09-09,PSKY,Paramount Skydance Corporation,US,SP500,Communication Services,stage4_breakdown,D,failed,True,Stage 1,-8.2,29.9,15.8,-11.3658,0.0,-11.3658,0.88,Improving,10.600000381469728,7.3471,8.2287,4.191,1.4478,12.0,3.58,6,clear,63.0,False,clear,ok,76064672.14815918,2026-09-21,1.0,9.96,11.49,9.77,False,,False,,False,,,,watching,,,
PH@2026-08-05,2026-09-09,PH,Parker Hannifin,US,SP500,Industrials,stage2_breakout,D,live,False,Stage 1,10.7,39.0,37.2,5.1775,0.0,5.1775,1.0,Improving,950.22998046875,1111.8471,978.4254,1382.0863,1609.5721,12.0,2.03,5,event_driven,59.0,True,clear,ok,421674405.3875998,2026-09-21,1.0,978.33,981.97,911.41,False,,False,,False,,,,watching,,,
PAYX@2026-07-29,2026-09-09,PAYX,Paychex,US,SP500,Industrials,stage2_breakout,D,late,False,Stage 2,49.3,38.5,5.0,10.039,0.0,10.039,1.0,Improving,115.8000030517578,129.6609,114.1016,172.4645,208.0521,12.0,2.75,6,event_ahead,16.0,False,clear,ok,228117976.1703841,2026-09-21,1.0,101.37,119.61,100.32,False,,False,,False,,,,watching,,,
PYPL@2026-08-12,2026-09-09,PYPL,PayPal,US,SP500,Financials,stage2_breakout,D,live,False,Stage 2 to 3,12.3,31.1,18.0,0.2972,9.876,-9.3247,0.88,Improving,53.720001220703125,63.6434,56.0062,87.0271,106.5885,12.0,3.06,4,clear,50.0,False,clear,ok,486140084.9054713,2026-09-21,1.0,55.04,55.545,51.811,False,,False,,False,,,,watching,,,
PNR@2026-07-15,2026-09-09,PNR,Pentair,US,SP500,Industrials,stage4_breakdown,C,late,True,Stage 4,-89.0,2.8,54.7,-36.118,0.0,-36.118,0.88,Improving,56.58000183105469,56.0638,62.7915,31.5422,10.8964,12.0,3.64,8,clear,43.0,False,clear,ok,109411988.2515532,2026-09-21,1.0,53.66,57.79,52.64,True,2026-09-14,False,,False,,0.51,0.36,open,,,
PFE@2026-08-19,2026-09-09,PFE,Pfizer,US,SP500,Health Care,stage2_breakout,D,live,False,Stage 2,56.1,43.6,9.0,10.2058,17.6631,-7.4267,0.88,Improving,27.71999931335449,29.5149,25.9731,35.2061,40.003,12.0,1.61,3,clear,57.0,False,clear,ok,700699499.1385486,2026-09-21,1.0,28.67,28.85,27.25,False,,False,,False,,,,watching,,,
PCG@2026-09-02,2026-09-09,PCG,PG&E Corporation,US,SP500,Utilities,stage4_breakdown,D,late,False,Stage 4,-64.3,3.4,64.8,-16.34,-2.0203,-14.5976,0.88,Improving,13.800000190734863,12.2842,13.7583,6.9245,2.3921,12.0,3.64,1,clear,45.0,False,clear,ok,275283767.35217965,2026-09-21,1.0,12.34,14.02,12.02,True,2026-09-21,False,,False,,0.18,-0.04,open,,,
PM@2026-07-15,2026-09-09,PM,Philip Morris International,US,SP500,Consumer Staples,stage2_breakout,D,live,False,Stage 2,45.5,46.5,14.5,12.6619,2.0049,10.5756,1.15,Improving,191.0599975585937,210.5563,185.2895,265.1367,311.0381,12.0,2.16,8,clear,44.0,False,clear,ok,568535867.1773199,2026-09-21,1.0,190.48,195.49,185.84,False,,False,,False,,,,watching,,,
PSX@2026-07-15,2026-09-09,PSX,Phillips 66,US,SP500,Energy,stage2_breakout,D,late,False,Stage 2,90.7,36.1,6.5,57.0397,7.5984,,1.0,Improving,259.4700012207031,264.0928,232.4017,374.0767,464.794,12.0,3.47,8,clear,52.0,False,clear,ok,375825793.9061658,2026-09-21,1.0,255.75,277.12,250.0862,True,2026-09-14,False,,False,,0.41,-0.26,open,,,
PNW@2026-07-01,2026-09-09,PNW,Pinnacle West Capital,US,SP500,Utilities,stage2_breakout,D,failed,False,Stage 2 to 3,-12.8,35.4,55.9,0.8637,-2.0203,3.0627,1.0,Improving,96.0999984741211,111.1174,97.7833,129.3969,144.7878,12.0,1.37,10,clear,57.0,False,rebalance_week,ok,85271240.89924495,2026-09-21,1.0,91.74,97.1,90.27,False,,False,,False,,,,watching,,,
PNC@2026-07-01,2026-09-09,PNC,PNC Financial Services,US,SP500,Financials,stage2_breakout,D,live,False,Stage 2,39.2,58.4,17.3,13.017,9.876,3.1092,1.15,Improving,244.2400054931641,261.4416,230.0686,323.4167,374.9821,12.0,1.98,10,clear,38.0,False,rebalance_week,ok,295042288.14183235,2026-09-21,1.0,225.64,245.32,220.65,False,,False,,False,,,,watching,,,
PPL@2026-08-26,2026-09-09,PPL,PPL Corporation,US,SP500,Utilities,stage4_breakdown,C,live,True,Stage 3 to 4,-45.0,23.0,66.9,-4.4425,-2.0203,-2.5441,0.88,Improving,34.08000183105469,33.0972,37.0689,27.501,22.7166,12.0,1.41,2,clear,58.0,False,clear,ok,204865333.18173832,2026-09-21,1.0,32.03,34.31,31.555,True,2026-09-21,False,,False,,0.39,0.27,open,,,
PGR@2026-07-01,2026-09-09,PGR,Progressive Corporation,US,SP500,Financials,stage2_breakout,D,live,False,Stage 2,41.7,52.6,14.1,3.6834,9.876,-5.9465,0.88,Improving,217.6199951171875,242.3486,213.2668,289.644,329.8552,12.0,1.63,10,clear,37.0,False,rebalance_week,ok,422650394.1276437,2026-09-21,1.0,205.5,222.08,200.96,False,,False,,False,,,,watching,,,
PRU@2026-07-29,2026-09-09,PRU,Prudential Financial,US,SP500,Financials,stage2_breakout,D,late,False,Stage 2,49.1,57.3,6.4,13.9509,9.876,3.7504,1.15,Improving,119.23999786376952,127.6197,112.3053,162.9049,192.2189,12.0,2.3,6,clear,51.0,False,clear,ok,138725909.149146,2026-09-21,1.0,119.45,120.0,115.32,False,,False,,False,,,,watching,,,
PEG@2026-08-19,2026-09-09,PEG,Public Service Enterprise Group,US,SP500,Utilities,stage4_breakdown,C,live,True,Stage 4,-57.5,14.0,77.1,-7.8745,-2.0203,-6.0889,0.88,Improving,72.38999938964844,71.1039,79.6363,58.3465,47.5233,12.0,1.5,3,clear,56.0,False,clear,ok,154206497.9998564,2026-09-21,1.0,67.02,72.72,66.15,True,2026-09-14,False,,False,,0.58,0.48,open,,,
PSA@2026-07-01,2026-09-09,PSA,Public Storage,US,SP500,Real Estate,stage2_breakout,D,failed,False,Stage 2 to 3,-6.5,42.8,29.4,1.4151,0.4739,1.0364,1.15,Improving,296.5,339.2897,298.5749,410.5306,470.5151,12.0,1.75,10,clear,51.0,False,rebalance_week,ok,201361950.32347423,2026-09-21,1.0,287.97,302.06,283.32,False,,False,,False,,,,watching,,,
DGX@2026-07-22,2026-09-09,DGX,Quest Diagnostics,US,SP500,Health Care,stage2_breakout,C,late,True,Stage 2,59.3,48.9,7.9,19.1611,17.6631,0.6239,1.15,Improving,235.0200042724609,249.9822,219.9844,308.9041,358.2754,12.0,1.96,7,event_driven,43.0,True,clear,ok,126616489.46551748,2026-09-21,1.0,236.32,248.84,227.24,False,,False,,False,,,,watching,,,
RL@2026-06-17,2026-09-09,RL,Ralph Lauren Corporation,US,SP500,Consumer Discretionary,stage2_breakout,D,failed,False,Stage 3 to 4,-50.3,9.9,68.1,-5.1501,0.0,-5.1501,0.88,Improving,339.0899963378906,427.0756,375.8265,524.6875,607.9799,12.0,1.9,12,clear,59.0,False,rebalance_week,ok,165496036.30093488,2026-09-21,1.0,357.1,357.38,329.9895,False,,False,,False,,,,watching,,,
RJF@2026-07-29,2026-09-09,RJF,Raymond James Financial,US,SP500,Financials,stage2_breakout,D,live,False,Stage 2,36.9,51.4,12.8,8.2395,9.876,-1.6561,0.88,Improving,173.4600067138672,184.898,162.7103,227.1331,262.6555,12.0,1.9,6,event_driven,51.0,True,clear,ok,149389747.867561,2026-09-21,1.0,159.87,174.09,155.5,False,,False,,False,,,,watching,,,
RTX@2026-08-05,2026-09-09,RTX,RTX Corporation,US,SP500,Industrials,stage2_breakout,D,live,False,Stage 2 to 3,14.6,35.0,26.3,5.4222,0.0,5.4222,1.0,Improving,197.67999267578125,229.5104,201.9692,284.2515,330.1488,12.0,1.99,5,clear,43.0,False,clear,ok,670941618.2378594,2026-09-21,1.0,189.4,197.67,187.04,False,,False,,False,,,,watching,,,
REG@2026-07-15,2026-09-09,REG,Regency Centers,US,SP500,Real Estate,stage2_breakout,D,failed,False,Stage 2 to 3,1.1,42.5,43.7,1.8459,0.4739,1.3873,1.15,Improving,74.62000274658203,83.5047,73.4841,93.1582,101.4277,12.0,0.96,8,clear,51.0,False,clear,ok,73366521.47403547,2026-09-21,1.0,73.23,75.83,72.19,False,,False,,False,,,,watching,,,
REGN@2026-08-19,2026-09-09,REGN,Regeneron Pharmaceuticals,US,SP500,Health Care,stage2_breakout,D,live,False,Stage 2,35.4,33.5,21.4,9.9382,17.6631,-7.5265,0.88,Improving,781.489990234375,871.7544,767.1439,1179.4865,1435.6036,12.0,2.94,3,clear,51.0,False,clear,ok,419610533.6926405,2026-09-21,1.0,788.04,813.53,769.57,False,,False,,False,,,,watching,,,
RF@2026-07-15,2026-09-09,RF,Regions Financial Corporation,US,SP500,Financials,stage2_breakout,D,live,False,Stage 2,35.7,56.3,15.7,10.4072,9.876,0.6097,1.15,Improving,30.1299991607666,32.4787,28.5813,40.0478,46.3708,12.0,1.94,8,event_driven,39.0,True,clear,ok,206273301.981695,2026-09-21,1.0,27.62,30.41,27.08,False,,False,,False,,,,watching,,,
RVTY@2026-09-02,2026-09-09,RVTY,Revvity,US,SP500,Health Care,stage2_breakout,D,late,False,Stage 2,68.7,48.9,4.5,23.1399,17.6631,4.114,1.15,Improving,124.30999755859376,135.1354,118.9191,190.8114,237.0605,12.0,3.43,1,clear,49.0,False,clear,ok,93851348.85856263,2026-09-21,1.0,151.11,152.26,123.95,True,2026-09-14,False,,False,,1.06,0.99,open,,,
HOOD@2026-09-02,2026-09-09,HOOD,Robinhood Markets,US,SP500,Financials,stage2_breakout,D,late,False,Stage 2,67.2,32.4,2.3,10.2806,9.876,-0.2897,0.88,Improving,112.56999969482422,128.5458,113.1203,181.076,226.0328,12.0,3.41,1,clear,58.0,False,clear,ok,1565484448.4995658,2026-09-21,1.0,119.4,126.74,101.705,False,,False,,False,,,,watching,,,
ROP@2026-08-26,2026-09-09,ROP,Roper Technologies,US,SP500,Information Technology,stage2_breakout,D,failed,False,Stage 1 to 2,12.7,39.1,6.7,-1.3774,18.0891,-18.6192,0.88,Improving,388.5199890136719,435.6219,383.3472,558.7903,662.1425,12.0,2.36,2,clear,45.0,False,clear,ok,255718027.56905508,2026-09-21,1.0,358.56,403.36,357.75,False,,False,,False,,,,watching,,,
CRM@2026-06-17,2026-09-09,CRM,Salesforce,US,SP500,Information Technology,stage4_breakdown,D,failed,True,Stage 2,70.2,22.0,0.3,18.3616,18.0891,-2.5426,0.88,Improving,247.72000122070312,141.1617,158.1011,80.476,27.8008,12.0,3.58,12,clear,86.0,False,rebalance_week,ok,1778407241.5358734,2026-09-21,1.0,234.02,262.34,229.81,False,,False,,False,,,,watching,,,
SWKS@2026-09-09,2026-09-09,SWKS,Skyworks Solutions,US,SP500,Information Technology,stage2_breakout,D,late,False,Stage 2,73.3,20.3,1.8,35.0427,18.0891,13.0268,1.15,Improving,88.3499984741211,87.1508,76.6927,123.511,154.1758,12.0,3.48,0,clear,57.0,False,rebalance_week,ok,234822426.2935221,2026-09-21,1.0,89.34,92.8,79.04,True,2026-09-14,False,,False,,0.54,0.21,open,,,
SJM@2026-07-29,2026-09-09,SJM,J.M. Smucker Company (The),US,SP500,Consumer Staples,stage2_breakout,D,live,False,Stage 2,55.5,38.2,6.1,15.1603,2.0049,13.0187,1.15,Improving,121.13999938964844,137.6644,121.1447,185.3092,224.8445,12.0,2.88,6,clear,78.0,False,clear,ok,120126700.89832371,2026-09-21,1.0,121.0,124.66,119.37,False,,False,,False,,,,watching,,,
SNA@2026-07-01,2026-09-09,SNA,Snap-on,US,SP500,Industrials,stage2_breakout,D,failed,False,Stage 2 to 3,2.8,39.4,47.2,2.9893,0.0,2.9893,1.0,Improving,375.4400024414063,424.5197,373.5773,490.4334,546.4508,12.0,1.29,10,clear,38.0,False,rebalance_week,ok,93164249.23176996,2026-09-21,1.0,369.2,379.85,366.99,False,,False,,False,,,,watching,,,
SOLV@2026-08-26,2026-09-09,SOLV,Solventum,US,SP500,Health Care,stage2_breakout,D,late,False,Stage 2,48.9,44.4,6.4,13.8424,17.6631,-4.2528,0.88,Improving,87.44999694824219,95.5116,84.0502,125.94,151.364,12.0,2.65,2,clear,59.0,False,clear,ok,68288334.1654232,2026-09-21,1.0,89.5,91.87,86.53,False,,False,,False,,,,watching,,,
SWK@2026-06-24,2026-09-09,SWK,Stanley Black & Decker,US,SP500,Industrials,stage2_breakout,D,live,False,Stage 2,38.7,34.0,13.4,13.6782,0.0,13.6782,1.0,Improving,89.23999786376953,105.3504,92.7084,143.0505,174.4695,12.0,2.98,11,clear,57.0,False,rebalance_week,ok,102249998.92433298,2026-09-21,1.0,91.4,92.28,87.25,False,,False,,False,,,,watching,,,
SYK@2026-09-09,2026-09-09,SYK,Stryker Corporation,US,SP500,Health Care,stage4_breakdown,C,late,True,Stage 4,-72.5,3.4,45.2,-19.1194,17.6631,-32.7765,0.88,Improving,275.5599975585937,274.714,307.6796,173.2581,87.6632,12.0,3.08,0,clear,52.0,False,rebalance_week,ok,571977051.3858235,2026-09-21,1.0,272.36,290.51,268.69,True,2026-09-14,False,,False,,0.18,0.07,open,,,
TROW@2026-07-01,2026-09-09,TROW,T. Rowe Price,US,SP500,Financials,stage2_breakout,D,live,False,Stage 2,24.4,35.4,26.6,4.5275,9.876,-4.8676,0.88,Improving,106.29000091552734,123.32,108.5216,159.7904,190.0228,12.0,2.46,10,clear,53.0,False,rebalance_week,ok,145216405.30076447,2026-09-21,1.0,105.51,106.99,101.45,False,,False,,False,,,,watching,,,
TPR@2026-08-05,2026-09-09,TPR,"Tapestry, Inc.",US,SP500,Consumer Discretionary,stage2_breakout,D,failed,False,Stage 4,-66.1,3.2,57.0,-10.1419,0.0,-10.1419,0.88,Improving,118.48999786376952,167.0547,147.0081,208.0453,243.1394,12.0,2.04,5,clear,59.0,False,clear,ok,239669790.2420849,2026-09-21,1.0,113.88,121.16,109.79,False,,False,,False,,,,watching,,,
TSLA@2026-07-22,2026-09-09,TSLA,"Tesla, Inc.",US,SP500,Consumer Discretionary,stage4_breakdown,C,live,True,Stage 4,-33.3,15.3,31.4,-9.5147,0.0,-9.5147,0.88,Improving,365.4400024414063,288.7424,323.3915,163.559,56.5022,12.0,3.61,7,event_driven,44.0,True,clear,ok,12896410369.69418,2026-09-21,1.0,372.11,386.83,354.05,False,,False,,False,,,,watching,,,
TXT@2026-09-02,2026-09-09,TXT,Textron,US,SP500,Industrials,stage4_breakdown,C,live,True,Stage 4,-67.2,3.3,73.5,-8.6155,0.0,-8.6155,0.88,Improving,81.0,77.1531,86.4115,55.3199,36.8476,12.0,2.36,1,clear,45.0,False,clear,ok,87771684.57156546,2026-09-21,1.0,76.59,82.79,75.86,True,2026-09-21,False,,False,,0.14,0.06,open,,,
TJX@2026-09-09,2026-09-09,TJX,TJX Companies,US,SP500,Consumer Discretionary,stage4_breakdown,C,late,True,Stage 4,-72.7,3.5,66.6,-16.6286,0.0,-16.6286,0.88,Improving,126.0199966430664,128.2037,143.5881,90.8347,59.3824,12.0,2.43,0,clear,72.0,False,rebalance_week,ok,589728853.3430091,2026-09-21,1.0,130.06,132.75,122.78,True,2026-09-14,False,,False,,0.35,-0.12,open,,,
TRV@2026-07-15,2026-09-09,TRV,Travelers Companies (The),US,SP500,Financials,stage2_breakout,D,late,False,Stage 2,67.1,45.7,7.8,23.0514,9.876,12.242,1.15,Improving,375.2000122070313,401.3784,353.213,512.174,604.04,12.0,2.3,8,event_driven,39.0,True,clear,ok,354793976.76492304,2026-09-21,1.0,363.04,383.99,359.32,False,,False,,False,,,,watching,,,
TYL@2026-06-17,2026-09-09,TYL,Tyler Technologies,US,SP500,Information Technology,stage4_breakdown,D,failed,True,Stage 4 to 1,-14.1,20.2,20.2,-11.9672,18.0891,-28.0017,0.88,Improving,336.6700134277344,262.8691,294.4133,148.8905,51.4349,12.0,3.61,12,clear,51.0,False,rebalance_week,ok,156937740.26633105,2026-09-21,1.0,325.57,362.0,323.59,False,,False,,False,,,,watching,,,
TSN@2026-09-02,2026-09-09,TSN,Tyson Foods,US,SP500,Consumer Staples,stage4_breakdown,C,live,True,Stage 4,-66.0,3.6,59.7,-8.2783,2.0049,-10.1869,0.88,Improving,52.97999954223633,49.8492,55.8311,33.158,19.1163,12.0,2.79,1,clear,63.0,False,clear,ok,131607362.97239892,2026-09-21,1.0,50.92,54.24,50.68,False,,False,,False,,,,watching,,,
USB@2026-07-08,2026-09-09,USB,U.S. Bancorp,US,SP500,Financials,stage2_breakout,D,live,False,Stage 2,44.6,68.2,10.1,15.311,9.876,5.2158,1.15,Improving,62.84000015258789,66.7179,58.7117,82.7769,96.1344,12.0,2.01,9,clear,38.0,False,clear,ok,338392457.7616668,2026-09-21,1.0,59.33,63.21,57.95,False,,False,,False,,,,watching,,,
UBER@2026-07-22,2026-09-09,UBER,Uber,US,SP500,Industrials,stage4_breakdown,C,live,True,Stage 1,-44.8,19.6,17.7,-9.6751,0.0,-9.6751,0.88,Improving,71.66999816894531,63.9657,71.6416,48.455,34.891,12.0,2.02,7,clear,57.0,False,clear,ok,902484691.2229428,2026-09-21,1.0,69.62,72.803,68.55,False,,False,,False,,,,watching,,,
UDR@2026-07-01,2026-09-09,UDR,"UDR, Inc.",US,SP500,Real Estate,stage2_breakout,D,failed,False,Stage 3 to 4,-38.0,12.0,59.2,-2.9506,0.4739,-3.3872,0.88,Improving,35.119998931884766,42.0799,37.0303,50.5587,57.6537,12.0,1.68,10,clear,51.0,False,rebalance_week,ok,93432003.07379732,2026-09-21,1.0,33.84,35.44,33.35,False,,False,,False,,,,watching,,,
ULTA@2026-06-17,2026-09-09,ULTA,Ulta Beauty,US,SP500,Consumer Discretionary,stage4_breakdown,D,failed,True,Stage 4 to 1,1.8,29.4,24.5,-1.1114,0.0,-1.1114,0.88,Improving,546.780029296875,433.5164,485.5384,243.98,84.284,12.0,3.64,12,clear,87.0,False,rebalance_week,ok,238958017.0252285,2026-09-21,1.0,545.2,566.1,529.01,False,,False,,False,,,,watching,,,
UNP@2026-07-22,2026-09-09,UNP,Union Pacific Corporation,US,SP500,Industrials,stage2_breakout,D,live,False,Stage 2,45.8,39.5,14.4,12.7815,0.0,12.7815,1.0,Improving,284.3999938964844,317.8763,279.7311,399.6032,467.6615,12.0,2.14,7,event_driven,45.0,True,clear,ok,512270687.4588939,2026-09-21,1.0,273.79,288.47,268.26,False,,False,,False,,,,watching,,,
UAL@2026-06-24,2026-09-09,UAL,United Airlines Holdings,US,SP500,Industrials,stage2_breakout,D,live,False,Stage 3,4.2,18.7,35.6,3.0128,0.0,3.0128,1.0,Improving,109.81999969482422,141.4475,124.4738,192.9,236.204,12.0,3.03,11,clear,44.0,False,rebalance_week,ok,425878639.13421744,2026-09-21,1.0,113.99,118.26,104.59,False,,False,,False,,,,watching,,,
URI@2026-06-24,2026-09-09,URI,United Rentals,US,SP500,Industrials,stage2_breakout,D,live,False,Stage 2,25.3,36.7,21.4,6.7902,0.0,6.7902,1.0,Improving,989.1199951171876,1196.8505,1053.2284,1655.3597,2037.9284,12.0,3.19,11,clear,44.0,False,rebalance_week,ok,340340143.7612361,2026-09-21,1.0,1047.0601,1056.99,968.51,False,,False,,False,,,,watching,,,
VLO@2026-07-15,2026-09-09,VLO,Valero Energy,US,SP500,Energy,stage2_breakout,D,late,False,Stage 2,92.3,22.9,6.5,71.2981,7.5984,,1.0,Improving,390.4200134277344,380.5796,334.91,543.9095,678.9491,12.0,3.58,8,clear,45.0,False,clear,ok,560940102.0974591,2026-09-21,1.0,387.18,419.04,364.96,True,2026-09-14,False,,False,,0.84,0.14,open,,,
VEEV@2026-08-26,2026-09-09,VEEV,Veeva Systems,US,SP500,Health Care,stage2_breakout,D,late,False,Stage 2,76.6,26.0,0.0,21.7281,17.6631,0.5753,1.15,Improving,262.3999938964844,301.5472,265.3615,429.548,536.1944,12.0,3.54,2,event_driven,79.0,True,clear,ok,277807307.33359545,2026-09-21,1.0,280.68,282.81,257.87,False,,False,,False,,,,watching,,,
VTR@2026-07-22,2026-09-09,VTR,Ventas,US,SP500,Real Estate,stage2_breakout,D,live,False,Stage 2,34.3,42.3,14.1,9.5161,0.4739,9.1182,1.15,Improving,89.98999786376953,102.7919,90.4569,125.5747,144.7544,12.0,1.85,7,clear,51.0,False,clear,ok,221439548.3938752,2026-09-21,1.0,86.59,92.09,85.62,False,,False,,False,,,,watching,,,
VZ@2026-08-26,2026-09-09,VZ,Verizon,US,SP500,Communication Services,stage2_breakout,D,live,False,Stage 2,66.2,60.0,5.7,15.278,0.0,15.278,1.0,Improving,50.61000061035156,51.5255,45.3424,61.7832,70.4658,12.0,1.66,2,clear,43.0,False,clear,ok,806207511.0285953,2026-09-21,1.0,47.08,51.67,46.16,True,2026-09-14,False,,False,,0.02,-0.72,open,,,
VRTX@2026-07-01,2026-09-09,VRTX,Vertex Pharmaceuticals,US,SP500,Health Care,stage2_breakout,C,live,True,Stage 2,52.4,45.4,7.1,12.6653,17.6631,-4.9751,0.88,Improving,515.4400024414062,567.9816,499.8238,708.23,826.614,12.0,2.06,10,clear,56.0,False,rebalance_week,ok,426394663.12952167,2026-09-21,1.0,526.19,528.99,501.01,False,,False,,False,,,,watching,,,
VICI@2026-07-08,2026-09-09,VICI,Vici Properties,US,SP500,Real Estate,stage4_breakdown,C,live,True,Stage 4,-61.5,14.3,54.3,-10.2728,0.4739,-10.8974,0.88,Improving,24.82999992370605,25.0561,27.9339,21.1789,17.85,11.49,1.35,9,clear,52.0,False,clear,ok,165730305.226123,2026-09-21,1.0,23.51,25.33,23.18,True,2026-09-14,False,,False,,0.65,0.54,open,,,
V@2026-07-01,2026-09-09,V,Visa Inc.,US,SP500,Financials,stage2_breakout,D,live,False,Stage 2,63.8,65.0,1.1,10.6559,9.876,0.5492,1.15,Improving,370.4500122070313,389.1096,342.4164,478.4018,552.6673,12.0,1.91,10,clear,50.0,False,rebalance_week,ok,1748267021.4551551,2026-09-21,1.0,367.38,377.17,359.8,False,,False,,False,,,,watching,,,
WAB@2026-07-22,2026-09-09,WAB,Wabtec,US,SP500,Industrials,stage2_breakout,C,live,True,Stage 2,42.7,41.9,15.0,15.9111,0.0,15.9111,1.0,Improving,283.2200012207031,310.0019,272.8017,380.3703,439.6074,12.0,1.89,7,event_driven,44.0,True,clear,ok,164744060.69409674,2026-09-21,1.0,288.0,293.95,273.01,False,,False,,False,,,,watching,,,
WMT@2026-08-19,2026-09-09,WMT,Walmart,US,SP500,Consumer Staples,stage4_breakdown,C,live,True,Stage 4,-65.0,3.4,60.3,-6.9394,2.0049,-8.9005,0.88,Improving,107.1500015258789,100.5255,112.5885,69.4628,43.313,12.0,2.58,3,event_driven,73.0,True,clear,ok,1752457997.820787,2026-09-21,1.0,107.98,111.23,106.08,False,,False,,False,,,,watching,,,
WBD@2026-07-22,2026-09-09,WBD,Warner Bros. Discovery,US,SP500,Communication Services,stage4_breakdown,D,failed,False,Stage 1,22.7,59.1,27.0,7.4393,0.0,7.4393,1.0,Improving,28.040000915527344,25.0021,28.0023,21.3,18.14,12.0,1.23,7,clear,59.0,False,clear,ok,409017336.3743364,2026-09-21,1.0,30.86,30.92,27.74,False,,False,,False,,,,watching,,,
WAT@2026-08-12,2026-09-09,WAT,Waters Corporation,US,SP500,Health Care,stage2_breakout,D,late,False,Stage 2,45.9,42.1,14.8,14.0309,17.6631,-4.0288,0.88,Improving,408.3399963378906,432.5265,380.6234,569.67,684.43,12.0,2.64,4,event_driven,53.0,True,clear,ok,218578882.6491809,2026-09-21,1.0,433.54,436.34,402.13,True,2026-09-21,False,,False,,0.07,0.02,open,,,
WEC@2026-06-24,2026-09-09,WEC,WEC Energy Group,US,SP500,Utilities,stage2_breakout,D,failed,False,Stage 3 to 4,-43.3,10.0,78.3,-4.1679,-2.0203,-2.2403,0.88,Improving,105.33000183105467,119.9479,105.5541,132.8876,144.0986,12.0,0.9,11,clear,52.0,False,rebalance_week,ok,155023642.38984782,2026-09-21,1.0,101.45,106.0,100.14,False,,False,,False,,,,watching,,,
WYNN@2026-09-09,2026-09-09,WYNN,Wynn Resorts,US,SP500,Consumer Discretionary,stage4_breakdown,C,late,True,Stage 4,-72.9,4.5,47.2,-19.5344,0.0,-19.5344,0.88,Improving,87.69999694824219,87.6477,98.1655,60.5507,37.4392,12.0,2.58,0,clear,59.0,False,rebalance_week,ok,103779765.63298652,2026-09-21,1.0,81.12,88.25,77.06,True,2026-09-14,False,,False,,1.01,0.62,open,,,
YUM@2026-09-09,2026-09-09,YUM,Yum! Brands,US,SP500,Consumer Discretionary,stage4_breakdown,C,live,True,Stage 4,-55.2,5.9,57.3,-7.1591,0.0,-7.1591,0.88,Improving,140.8699951171875,140.0695,156.8778,114.2402,91.8062,12.0,1.54,0,clear,57.0,False,rebalance_week,ok,239246634.4061722,2026-09-21,1.0,138.63,147.11,134.26,True,2026-09-14,False,,False,,0.35,0.09,open,,,
ZBRA@2026-08-05,2026-09-09,ZBRA,Zebra Technologies,US,SP500,Information Technology,stage2_breakout,D,late,False,Stage 2,53.7,15.5,7.3,32.4818,18.0891,11.2342,1.15,Improving,350.3699951171875,392.7561,345.6254,560.0335,699.0763,12.0,3.55,5,event_driven,57.0,True,clear,ok,139961142.05351648,2026-09-21,1.0,370.04,374.94,338.67,False,,False,,False,,,,watching,,,
AAL@2026-06-24,2026-09-09,AAL,American Airlines Group,US,SP400,Industrials,stage2_breakout,D,failed,False,Stage 4,-47.8,9.3,60.8,-4.9952,0.0,-4.9952,0.88,Improving,13.010000228881836,19.1308,16.8351,27.2455,34.0099,12.0,3.53,11,clear,45.0,False,rebalance_week,ok,641949549.2450453,2026-09-21,1.0,13.87,14.06,12.55,False,,False,,False,,,,watching,,,
ACI@2026-06-17,2026-09-09,ACI,Albertsons,US,SP400,Consumer Staples,stage4_breakdown,C,late,True,Stage 4,-65.7,8.1,32.2,-23.6378,2.0049,-25.5358,0.88,Improving,12.079999923706056,10.5874,11.8579,5.973,2.0634,12.0,3.63,12,clear,36.0,False,rebalance_week,ok,70616884.25228593,2026-09-21,1.0,11.67,13.03,11.6,False,,False,,False,,,,watching,,,
ACM@2026-08-12,2026-09-09,ACM,AECOM,US,SP400,Industrials,stage4_breakdown,C,late,True,Stage 4,-58.4,8.0,46.3,-30.0814,0.0,-30.0814,0.88,Improving,63.52999877929688,58.851,65.9131,33.1925,11.4665,12.0,3.63,4,event_driven,71.0,True,clear,ok,79578994.8022579,2026-09-21,1.0,60.89,65.6,58.42,True,2026-09-21,False,,False,,0.06,-0.29,open,,,
ADC@2026-07-15,2026-09-09,ADC,Agree Realty,US,SP400,Real Estate,stage2_breakout,D,failed,False,Stage 3 to 4,-36.4,8.7,67.1,-3.1078,0.4739,-3.645,0.88,Improving,71.2300033569336,82.1692,72.3089,92.5301,101.3529,12.0,1.05,8,clear,43.0,False,clear,ok,62052856.16882,2026-09-21,1.0,67.48,72.2,66.5,False,,False,,False,,,,watching,,,
AFG@2026-07-01,2026-09-09,AFG,American Financial Group,US,SP400,Financials,stage2_breakout,D,live,False,Stage 2,38.1,57.3,10.7,6.5013,9.876,-3.2439,0.88,Improving,141.9600067138672,150.0843,133.547,175.7244,197.3359,11.02,1.55,10,clear,57.0,False,rebalance_week,ok,43633671.57444309,2026-09-21,1.0,138.22,144.84,137.53,False,,False,,False,,,,watching,,,
AGCO@2026-07-29,2026-09-09,AGCO,AGCO,US,SP400,Industrials,stage4_breakdown,D,failed,False,Stage 2 to 3,46.8,32.5,13.6,6.9534,0.0,6.9534,1.0,Improving,121.0999984741211,95.7844,107.2785,54.021,18.6618,12.0,3.63,6,event_driven,53.0,True,clear,ok,61667651.453660846,2026-09-21,1.0,118.02,125.6,115.16,False,,False,,False,,,,watching,,,
AHR@2026-07-15,2026-09-09,AHR,American Healthcare REIT,US,SP400,Real Estate,stage2_breakout,D,live,False,Stage 2,36.9,48.2,12.1,8.9918,0.4739,8.547,1.15,Improving,53.58000183105469,59.4406,52.3077,72.8054,84.0898,12.0,1.87,8,clear,59.0,False,clear,ok,93575615.82811873,2026-09-21,1.0,52.02,54.725,51.31,False,,False,,False,,,,watching,,,
AMH@2026-06-24,2026-09-09,AMH,American Homes 4 Rent,US,SP400,Real Estate,stage2_breakout,D,failed,False,Stage 1 to 2,-5.5,39.8,34.5,0.3538,0.4739,-0.1117,0.88,Improving,31.479999542236328,35.4075,31.1586,43.1898,49.6857,12.0,1.83,11,clear,51.0,False,rebalance_week,ok,54911912.83345436,2026-09-21,1.0,30.64,31.96,30.33,False,,False,,False,,,,watching,,,
ANF@2026-08-26,2026-09-09,ANF,Abercrombie & Fitch,US,SP400,Consumer Discretionary,stage2_breakout,D,late,False,Stage 2,76.8,23.6,5.7,52.9436,0.0,52.9436,1.0,Improving,145.22999572753906,157.8078,138.8708,224.141,279.7898,12.0,3.5,2,event_driven,79.0,True,clear,ok,79891896.23383561,2026-09-21,1.0,135.71,144.95,130.81,False,,False,,False,,,,watching,,,
ASB@2026-06-24,2026-09-09,ASB,Associated Bank,US,SP400,Financials,stage2_breakout,D,live,False,Stage 2,39.4,60.9,10.0,10.7764,9.876,0.9716,1.15,Improving,30.040000915527344,32.5477,28.642,40.9325,47.9141,12.0,2.15,11,clear,45.0,False,rebalance_week,ok,43009783.88762124,2026-09-21,1.0,29.37,30.43,28.6,False,,False,,False,,,,watching,,,
ASH@2026-06-17,2026-09-09,ASH,Ashland Global,US,SP400,Materials,stage2_breakout,D,late,False,Stage 2,45.5,36.4,15.0,20.9674,0.0,20.9674,1.0,Improving,70.91000366210938,79.0364,69.552,108.0372,132.2255,12.0,3.06,12,clear,57.0,False,rebalance_week,ok,31251703.012968503,2026-09-21,1.0,69.06,71.73,68.12,False,,False,,False,,,,watching,,,
AVNT@2026-08-05,2026-09-09,AVNT,Avient,US,SP400,Materials,stage2_breakout,D,live,False,Stage 2,41.0,32.0,11.9,16.9501,0.0,16.9501,1.0,Improving,41.40999984741211,47.0904,41.4395,61.5569,73.7364,12.0,2.56,5,event_driven,63.0,True,clear,ok,20262762.563370693,2026-09-21,1.0,41.28,41.98,39.72,False,,False,,False,,,,watching,,,
AVT@2026-08-05,2026-09-09,AVT,Avnet,US,SP400,Information Technology,stage2_breakout,D,late,False,Stage 2,69.6,24.9,8.9,46.8252,18.0891,25.9375,1.15,Improving,99.62999725341795,101.3323,89.1724,141.6094,175.2172,12.0,3.31,5,event_driven,51.0,True,clear,ok,73285220.90938161,2026-09-21,1.0,103.075,104.58,90.9,True,2026-09-21,False,,False,,0.27,0.14,open,,,
AVTR@2026-07-29,2026-09-09,AVTR,Avantor,US,SP400,Health Care,stage2_breakout,D,late,False,Stage 2,78.4,45.7,2.3,35.5487,17.6631,13.3086,1.15,Improving,14.8100004196167,15.4622,13.6067,22.04,27.512,12.0,3.55,6,event_driven,51.0,True,clear,ok,60687263.05444167,2026-09-21,1.0,15.25,16.05,14.67,True,2026-09-14,False,,False,,0.32,-0.11,open,,,
AXTA@2026-08-05,2026-09-09,AXTA,Axalta,US,SP400,Materials,stage2_breakout,D,live,False,Stage 2,30.7,41.7,24.3,8.6594,0.0,8.6594,1.0,Improving,34.15999984741211,39.1842,34.4821,52.283,63.2214,12.0,2.79,5,event_driven,51.0,True,clear,ok,44352584.22509217,2026-09-21,1.0,32.89,33.855,31.84,False,,False,,False,,,,watching,,,
BCO@2026-06-24,2026-09-09,BCO,Brink's,US,SP400,Industrials,stage4_breakdown,D,failed,True,Stage 4 to 1,-7.0,23.8,28.7,-0.1861,0.0,-0.1861,0.88,Improving,111.9800033569336,88.9006,99.5687,49.9728,17.2633,12.0,3.65,11,clear,58.0,False,rebalance_week,ok,33264156.343021,2026-09-21,1.0,106.82,113.89,104.4,False,,False,,False,,,,watching,,,
BIO@2026-08-26,2026-09-09,BIO,Bio-Rad Laboratories,US,SP400,Health Care,stage2_breakout,D,late,False,Stage 2,69.7,43.4,3.6,21.8564,17.6631,2.4371,1.15,Improving,369.3200073242188,402.1528,353.8945,555.73,683.33,12.0,3.18,2,clear,52.0,False,clear,ok,71365185.32626732,2026-09-21,1.0,381.0,389.38,365.66,False,,False,,False,,,,watching,,,
BMRN@2026-08-12,2026-09-09,BMRN,BioMarin Pharmaceutical,US,SP400,Health Care,stage2_breakout,D,live,False,Stage 2,47.4,43.2,7.4,14.3508,17.6631,-3.8235,0.88,Improving,65.68000030517578,71.9424,63.3093,92.7,110.076,12.0,2.4,4,event_driven,49.0,True,clear,ok,75511109.0844897,2026-09-21,1.0,60.26,66.88,60.17,False,,False,,False,,,,watching,,,
BROS@2026-09-09,2026-09-09,BROS,Dutch Bros Inc.,US,SP400,Consumer Discretionary,stage4_breakdown,C,late,True,Stage 4,-70.8,2.8,65.2,-22.4226,0.0,-22.4226,0.88,Improving,43.900001525878906,43.0594,48.2265,24.519,8.4702,12.0,3.59,0,clear,58.0,False,rebalance_week,ok,145386249.82403323,2026-09-21,1.0,37.89,44.298,37.72,True,2026-09-14,False,,False,,1.03,1.0,open,,,
BSY@2026-06-17,2026-09-09,BSY,Bentley Systems,US,SP400,Information Technology,stage4_breakdown,C,live,True,Stage 1,-61.3,21.8,17.2,-18.1685,18.0891,-32.8233,0.88,Improving,30.96999931335449,27.2888,30.5635,15.8742,6.1119,12.0,3.49,12,clear,58.0,False,rebalance_week,ok,61283480.74619623,2026-09-21,1.0,31.44,33.05,30.5879,False,,False,,False,,,,watching,,,
BURL@2026-07-29,2026-09-09,BURL,Burlington Stores,US,SP400,Consumer Discretionary,stage2_breakout,D,failed,False,Stage 4,-66.9,4.8,67.6,-21.2448,0.0,-21.2448,0.88,Improving,239.0399932861328,385.0427,338.8376,504.05,604.626,12.0,2.58,6,clear,81.0,False,clear,ok,173832782.14406136,2026-09-21,1.0,254.69,261.71,226.85,False,,False,,False,,,,watching,,,
BWXT@2026-08-26,2026-09-09,BWXT,BWX Technologies,US,SP400,Industrials,stage4_breakdown,C,late,True,Stage 4,-76.3,4.1,79.5,-21.3397,0.0,-21.3397,0.88,Improving,150.1199951171875,143.7536,161.004,81.257,28.0706,12.0,3.62,2,clear,56.0,False,clear,ok,136505059.81564295,2026-09-21,1.0,138.47,150.51,136.5,True,2026-09-21,False,,False,,0.42,0.31,open,,,
CART@2026-06-24,2026-09-09,CART,Maplebear Inc.,US,SP400,Consumer Staples,stage2_breakout,D,late,False,Stage 2,56.9,50.2,2.2,16.4319,2.0049,14.2233,1.15,Improving,48.72999954223633,53.7171,47.2711,72.63,88.59,12.0,2.93,11,clear,63.0,False,rebalance_week,ok,117068713.30085078,2026-09-21,1.0,43.19,50.22,42.115,False,,False,,False,,,,watching,,,
CBSH@2026-07-01,2026-09-09,CBSH,Commerce Bancshares,US,SP400,Financials,stage2_breakout,D,live,False,Stage 2,45.3,57.0,11.7,9.6009,9.876,-0.3032,0.88,Improving,58.25,61.1588,53.8198,74.7426,86.0302,12.0,1.85,10,clear,38.0,False,rebalance_week,ok,44587183.69500868,2026-09-21,1.0,56.44,59.1,55.28,False,,False,,False,,,,watching,,,
CCK@2026-07-15,2026-09-09,CCK,Crown Holdings,US,SP400,Materials,stage2_breakout,D,live,False,Stage 2,32.0,43.4,21.4,8.4499,0.0,8.4499,1.0,Improving,112.63999938964844,124.3304,109.4108,154.7717,180.261,12.0,2.04,8,clear,42.0,False,clear,ok,78103327.62874603,2026-09-21,1.0,108.06,114.28,105.42,False,,False,,False,,,,watching,,,
CFR@2026-06-24,2026-09-09,CFR,Frost Bank,US,SP400,Financials,stage2_breakout,D,live,False,Stage 2,49.9,58.5,10.0,17.762,9.876,7.4166,1.15,Improving,162.9199981689453,171.3896,150.8229,212.5598,246.838,12.0,2.0,11,clear,52.0,False,rebalance_week,ok,54549957.35543027,2026-09-21,1.0,157.42,165.4,153.74,False,,False,,False,,,,watching,,,
CG@2026-06-24,2026-09-09,CG,Carlyle Group (The),US,SP400,Financials,stage4_breakdown,C,live,True,Stage 4,-72.2,9.8,41.3,-17.3177,9.876,-25.2783,0.88,Improving,42.34000015258789,38.3299,42.9295,21.6253,7.4706,12.0,3.63,11,clear,52.0,False,rebalance_week,ok,106085272.7853972,2026-09-21,1.0,40.03,42.81,38.76,False,,False,,False,,,,watching,,,
CHE@2026-07-15,2026-09-09,CHE,Chemed Corp.,US,SP400,Health Care,stage2_breakout,D,late,False,Stage 2,48.4,36.4,9.8,15.3846,17.6631,-2.859,0.88,Improving,515.969970703125,563.6259,495.9908,748.3044,901.9333,12.0,2.73,8,clear,50.0,False,clear,ok,63148030.29510917,2026-09-21,1.0,512.16,521.5,491.88,False,,False,,False,,,,watching,,,
CNH@2026-09-02,2026-09-09,CNH,CNH Industrial,US,SP400,Industrials,stage2_breakout,C,late,True,Stage 2,68.6,34.7,3.4,26.6777,0.0,26.6777,1.0,Improving,13.579999923706056,14.7468,12.9772,20.967,26.1726,12.0,3.51,1,clear,63.0,False,clear,ok,108580724.74263649,2026-09-21,1.0,13.09,14.36,12.95,False,,False,,False,,,,watching,,,
CNM@2026-07-22,2026-09-09,CNM,Core & Main,US,SP400,Industrials,stage4_breakdown,C,late,True,Stage 4,-78.7,6.3,53.1,-18.834,0.0,-18.834,0.88,Improving,40.619998931884766,40.7241,45.611,23.44,8.952,12.0,3.54,7,event_ahead,2.0,False,clear,ok,74411275.87542024,2026-09-21,1.0,42.64,43.85,40.03,True,2026-09-14,False,,False,,0.14,-0.39,open,,,
CNX@2026-07-08,2026-09-09,CNX,CNX Resources,US,SP400,Energy,stage4_breakdown,C,live,True,Stage 4,-18.2,30.5,35.9,-1.222,7.5984,,1.0,Improving,35.90999984741211,30.989,34.7077,19.42,9.74,12.0,3.11,9,clear,52.0,False,clear,ok,44793605.4317468,2026-09-21,1.0,32.79,36.57,32.31,False,,False,,False,,,,watching,,,
COLB@2026-07-15,2026-09-09,COLB,Columbia Banking System,US,SP400,Financials,stage2_breakout,D,live,False,Stage 1 to 2,19.5,32.4,30.2,6.4823,9.876,-2.999,0.88,Improving,30.11000061035156,33.6755,29.6345,41.4942,48.0704,12.0,1.93,8,clear,52.0,False,clear,ok,57571403.33100276,2026-09-21,1.0,29.64,30.55,28.76,False,,False,,False,,,,watching,,,
CPRI@2026-07-22,2026-09-09,CPRI,Capri Holdings,US,SP400,Consumer Discretionary,stage4_breakdown,C,late,True,Stage 4,-79.3,3.6,46.0,-30.616,0.0,-30.616,0.88,Improving,13.890000343322754,12.1325,13.5884,6.9135,2.3883,12.0,3.58,7,clear,57.0,False,clear,ok,37411417.90595091,2026-09-21,1.0,15.1,16.2,13.65,False,,False,,False,,,,watching,,,
CR@2026-06-24,2026-09-09,CR,Crane,US,SP400,Industrials,stage2_breakout,D,live,False,Stage 1 to 2,15.5,36.8,36.0,4.6811,0.0,4.6811,1.0,Improving,201.82000732421875,233.5487,205.5228,301.2726,358.1179,12.0,2.42,11,clear,49.0,False,rebalance_week,ok,65871029.51496084,2026-09-21,1.0,206.83,207.96,194.56,False,,False,,False,,,,watching,,,
CRBG@2026-08-12,2026-09-09,CRBG,Corebridge Financial,US,SP400,Financials,stage2_breakout,D,late,False,Stage 2,59.0,65.3,1.3,18.7021,9.876,7.9307,1.15,Improving,34.66999816894531,35.3246,31.0857,47.7432,58.0818,12.0,2.93,4,event_driven,56.0,True,clear,ok,88503518.88313812,2026-09-21,1.0,34.87,35.64,33.545,True,2026-09-14,False,,False,,0.07,-0.11,open,,,
CRUS@2026-08-26,2026-09-09,CRUS,Cirrus Logic,US,SP400,Information Technology,stage4_breakdown,C,late,True,Stage 4,-60.3,1.3,49.9,-13.0633,18.0891,-27.3784,0.88,Improving,118.79000091552734,103.4613,115.8766,58.443,20.1894,12.0,3.63,2,clear,57.0,False,clear,ok,69608459.99860324,2026-09-21,1.0,119.92,124.75,114.71,False,,False,,False,,,,watching,,,
CTRE@2026-07-22,2026-09-09,CTRE,CareTrust REIT,US,SP400,Real Estate,stage2_breakout,D,failed,False,Stage 3,4.9,21.9,25.5,2.4114,0.4739,1.967,1.15,Improving,38.619998931884766,44.1545,38.856,52.3092,59.2607,12.0,1.54,7,clear,63.0,False,clear,ok,64716997.48571509,2026-09-21,1.0,37.41,39.39,36.851,False,,False,,False,,,,watching,,,
CUZ@2026-06-24,2026-09-09,CUZ,Cousins Properties,US,SP400,Real Estate,stage2_breakout,D,live,False,Stage 2,38.4,44.1,12.8,8.0402,0.4739,7.7361,1.15,Improving,28.190000534057617,33.3173,29.3192,45.3829,55.3293,12.0,3.02,11,clear,52.0,False,rebalance_week,ok,32064297.891190656,2026-09-21,1.0,28.65,29.09,27.7,False,,False,,False,,,,watching,,,
CVLT@2026-07-01,2026-09-09,CVLT,CommVault Systems,US,SP400,Information Technology,stage2_breakout,D,late,False,Stage 2,38.2,36.8,11.5,5.7219,18.0891,-11.4835,0.88,Improving,130.07000732421875,158.1696,139.1892,224.5035,280.2423,12.0,3.49,10,clear,50.0,False,rebalance_week,ok,57512280.23108786,2026-09-21,1.0,145.54,151.62,131.69,False,,False,,False,,,,watching,,,
CW@2026-09-02,2026-09-09,CW,Curtiss-Wright,US,SP400,Industrials,stage4_breakdown,C,late,True,Stage 4,-68.2,1.4,92.1,-13.9613,0.0,-13.9613,0.88,Improving,558.9000244140625,544.7596,610.1308,307.5001,107.2361,12.0,3.63,1,clear,58.0,False,clear,ok,142431602.08621275,2026-09-21,1.0,539.73,584.6905,535.0,True,2026-09-14,False,,False,,0.15,0.08,open,,,
DAR@2026-08-12,2026-09-09,DAR,Darling Ingredients,US,SP400,Consumer Staples,stage2_breakout,D,live,False,Stage 2,48.5,43.8,14.1,30.236,2.0049,28.253,1.15,Improving,65.11000061035156,71.2343,62.6862,92.64,110.768,12.0,2.5,4,clear,52.0,False,clear,ok,109369534.8270421,2026-09-21,1.0,61.29,67.37,60.02,False,,False,,False,,,,watching,,,
DBX@2026-08-05,2026-09-09,DBX,Dropbox,US,SP400,Information Technology,stage2_breakout,D,late,False,Stage 2,73.4,45.5,1.7,25.8042,18.0891,5.2672,1.15,Improving,35.560001373291016,36.946,32.5125,51.037,62.7738,12.0,3.18,5,event_driven,59.0,True,clear,ok,74276423.24829422,2026-09-21,1.0,32.32,38.17,32.205,True,2026-09-14,True,2026-09-21,False,,0.28,-1.04,stopped out,,,
DINO@2026-07-15,2026-09-09,DINO,HF Sinclair,US,SP400,Energy,stage2_breakout,D,late,False,Stage 2,90.7,38.0,6.5,70.0883,7.5984,,1.0,Improving,107.83999633789062,110.0206,96.8181,156.9625,195.9325,12.0,3.56,8,clear,52.0,False,clear,ok,129160204.07435612,2026-09-21,1.0,106.82,118.39,103.0,True,2026-09-14,False,,False,,0.63,-0.24,open,,,
DKS@2026-06-24,2026-09-09,DKS,Dick's Sporting Goods,US,SP400,Consumer Discretionary,stage2_breakout,D,failed,False,Stage 4,-74.6,0.1,64.8,-34.2783,0.0,-34.2783,0.88,Improving,135.02999877929688,246.8013,217.1852,351.0241,438.1749,12.0,3.52,11,clear,78.0,False,rebalance_week,ok,184722709.77320543,2026-09-21,1.0,136.43,136.6,120.15,False,,False,,False,,,,watching,,,
DOCU@2026-09-02,2026-09-09,DOCU,Docusign,US,SP400,Information Technology,stage2_breakout,D,late,False,Stage 2,73.1,33.3,0.0,14.5029,18.0891,-5.4679,0.88,Improving,65.6500015258789,71.8406,63.2197,102.08,127.424,12.0,3.51,1,event_driven,87.0,True,clear,ok,125479056.57939824,2026-09-21,1.0,67.5,74.065,65.57,True,2026-09-14,False,,False,,0.26,-0.5,open,,,
DT@2026-08-26,2026-09-09,DT,Dynatrace,US,SP400,Information Technology,stage2_breakout,D,late,False,Stage 2,74.2,32.9,0.6,18.8286,18.0891,-0.8095,0.88,Improving,51.06999969482422,55.825,49.126,78.035,96.595,12.0,3.32,2,clear,58.0,False,clear,ok,160830444.35965535,2026-09-21,1.0,57.95,59.41,51.26,True,2026-09-14,False,,False,,0.54,0.32,open,,,
EHC@2026-08-05,2026-09-09,EHC,Encompass Health,US,SP400,Health Care,stage2_breakout,D,late,False,Stage 2,55.3,42.0,3.0,10.9542,17.6631,-7.3504,0.88,Improving,121.70999908447266,129.1575,113.6586,160.1985,186.3573,12.0,2.0,5,event_driven,51.0,True,clear,ok,65057564.25610809,2026-09-21,1.0,123.47,125.08,119.48,False,,False,,False,,,,watching,,,
ELF@2026-08-26,2026-09-09,ELF,e.l.f. Beauty,US,SP400,Consumer Staples,stage2_breakout,D,late,False,Stage 2,70.1,29.4,0.0,15.0766,2.0049,12.7032,1.15,Improving,96.91000366210938,112.4912,98.9922,159.5,199.1,12.0,3.48,2,clear,58.0,False,clear,ok,132485181.079033,2026-09-21,1.0,99.51,103.3,91.4,False,,False,,False,,,,watching,,,
ELS@2026-09-09,2026-09-09,ELS,Equity Lifestyle Properties,US,SP400,Real Estate,stage4_breakdown,C,live,True,Stage 3 to 4,-44.8,10.6,49.0,-4.0341,0.4739,-4.5737,0.88,Improving,60.08000183105469,59.4366,66.569,51.4694,44.5753,12.0,1.12,0,clear,44.0,False,rebalance_week,ok,61335990.92568924,2026-09-21,1.0,59.23,61.4248,58.7,True,2026-09-21,False,,False,,0.1,0.03,open,,,
EPR@2026-07-22,2026-09-09,EPR,EPR Properties,US,SP400,Real Estate,stage2_breakout,D,live,False,Stage 2,36.2,44.4,16.1,9.04,0.4739,8.6752,1.15,Improving,59.18000030517578,65.2669,57.4349,82.4517,96.7076,12.0,2.19,7,clear,51.0,False,clear,ok,29137059.82976209,2026-09-21,1.0,56.83,60.06,56.1,False,,False,,False,,,,watching,,,
EQH@2026-08-12,2026-09-09,EQH,Equitable Holdings,US,SP400,Financials,stage2_breakout,D,late,False,Stage 2,61.4,57.4,0.3,18.6129,9.876,7.8055,1.15,Improving,53.34000015258789,54.3423,47.8212,72.4003,87.4726,12.0,2.77,4,event_driven,57.0,True,clear,ok,106153662.08622508,2026-09-21,1.0,53.84,55.06,51.78,True,2026-09-14,False,,False,,0.11,-0.08,open,,,
ESAB@2026-09-09,2026-09-09,ESAB,ESAB,US,SP400,Industrials,stage4_breakdown,C,late,True,Stage 4,-84.2,4.2,58.6,-31.9838,0.0,-31.9838,0.88,Improving,70.69000244140625,71.0126,79.5341,40.2628,13.909,12.0,3.61,0,clear,52.0,False,rebalance_week,ok,46658855.94228704,2026-09-21,1.0,71.91,71.99,64.83,True,2026-09-14,False,,False,,0.73,-0.11,open,,,
ESNT@2026-08-05,2026-09-09,ESNT,Essent Group Ltd.,US,SP400,Financials,stage2_breakout,D,live,False,Stage 2,48.6,64.3,3.6,10.1424,9.876,0.103,1.15,Improving,68.18000030517578,70.8065,62.3098,85.0811,97.09,12.0,1.68,5,event_driven,60.0,True,clear,ok,28455044.50656396,2026-09-21,1.0,63.73,69.19,63.225,False,,False,,False,,,,watching,,,
EWBC@2026-08-12,2026-09-09,EWBC,East West Bancorp,US,SP400,Financials,stage2_breakout,D,live,False,Stage 2,39.6,65.2,11.0,11.541,9.876,1.7273,1.15,Improving,129.1699981689453,138.9112,122.2419,173.9408,203.1175,12.0,2.1,4,clear,43.0,False,clear,ok,70655034.3260018,2026-09-21,1.0,127.23,130.64,124.09,False,,False,,False,,,,watching,,,
EXLS@2026-06-17,2026-09-09,EXLS,EXL Service,US,SP400,Industrials,stage4_breakdown,D,failed,True,Stage 1 to 2,29.8,44.4,7.6,0.9092,0.0,0.9092,1.0,Improving,35.2599983215332,24.1741,27.075,13.6675,4.7215,12.0,3.62,12,clear,50.0,False,rebalance_week,ok,52368270.9044084,2026-09-21,1.0,34.75,36.83,34.505,False,,False,,False,,,,watching,,,
FAF@2026-07-22,2026-09-09,FAF,First American Financial Corporation,US,SP400,Financials,stage2_breakout,D,live,False,Stage 2,38.9,33.5,13.0,9.4353,9.876,-0.3851,0.88,Improving,71.77999877929688,80.879,71.1735,104.0012,123.3062,12.0,2.38,7,event_driven,44.0,True,clear,ok,40316255.38877736,2026-09-21,1.0,66.27,74.22,65.14,False,,False,,False,,,,watching,,,
FFIN@2026-06-24,2026-09-09,FFIN,First Financial Bankshares,US,SP400,Financials,stage2_breakout,C,live,True,Stage 3,10.3,19.3,33.6,3.2364,9.876,-6.145,0.88,Improving,32.94000244140625,36.6605,32.2612,44.8065,51.6296,12.0,1.85,11,clear,45.0,False,rebalance_week,ok,17220662.662611414,2026-09-21,1.0,32.45,33.72,31.67,False,,False,,False,,,,watching,,,
FHI@2026-06-17,2026-09-09,FHI,Federated Hermes,US,SP400,Financials,stage2_breakout,D,live,False,Stage 2,34.1,32.1,11.3,9.0978,9.876,-0.677,0.88,Improving,59.56999969482422,68.0157,59.8538,83.0146,95.6663,12.0,1.84,12,clear,52.0,False,rebalance_week,ok,27299464.70518454,2026-09-21,1.0,57.82,59.86,55.69,False,,False,,False,,,,watching,,,
FLR@2026-08-05,2026-09-09,FLR,Fluor,US,SP400,Industrials,stage2_breakout,D,live,False,Stage 2,57.5,43.9,6.4,14.3539,0.0,14.3539,1.0,Improving,54.20000076293945,59.5562,52.4095,75.1,88.5,12.0,2.17,5,event_driven,60.0,True,clear,ok,94457371.9153892,2026-09-21,1.0,50.38,56.0,50.07,False,,False,,False,,,,watching,,,
FNB@2026-06-24,2026-09-09,FNB,FNB Corporation,US,SP400,Financials,stage2_breakout,D,live,False,Stage 2,24.5,45.2,27.9,6.7163,9.876,-2.8353,0.88,Improving,18.309999465942383,19.6523,17.5579,23.5073,26.753,10.66,1.84,11,clear,38.0,False,rebalance_week,ok,60272960.49477513,2026-09-21,1.0,17.64,18.46,17.28,False,,False,,False,,,,watching,,,
FR@2026-07-15,2026-09-09,FR,First Industrial Realty Trust,US,SP400,Real Estate,stage2_breakout,D,failed,False,Stage 2 to 3,12.1,44.1,29.4,3.9772,0.4739,3.5546,1.15,Improving,61.380001068115234,70.564,62.0963,84.0281,95.3465,12.0,1.59,8,clear,44.0,False,clear,ok,44373920.11234705,2026-09-21,1.0,61.17,62.52,60.39,False,,False,,False,,,,watching,,,
FTI@2026-08-12,2026-09-09,FTI,TechnipFMC,US,SP400,Energy,stage2_breakout,D,live,False,Stage 2,47.7,46.4,16.0,26.9717,7.5984,,1.0,Improving,76.33999633789062,81.9987,72.1588,102.8526,120.5747,12.0,2.12,4,clear,45.0,False,clear,ok,191116656.39851287,2026-09-21,1.0,70.99,76.4,69.75,False,,False,,False,,,,watching,,,
GAP@2026-07-01,2026-09-09,GAP,Gap Inc.,US,SP400,Consumer Discretionary,stage4_breakdown,C,live,True,Stage 4,-36.9,8.9,29.2,-7.9239,0.0,-7.9239,0.88,Improving,21.51000022888184,17.4146,19.5043,9.8691,3.4093,12.0,3.61,10,clear,73.0,False,rebalance_week,ok,115255758.03990114,2026-09-21,1.0,21.82,21.9,19.85,False,,False,,False,,,,watching,,,
GBCI@2026-07-15,2026-09-09,GBCI,Glacier Bancorp,US,SP400,Financials,stage2_breakout,D,failed,False,Stage 4,-35.0,24.4,54.4,-1.717,9.876,-10.619,0.88,Improving,45.83000183105469,55.2496,48.6196,67.8492,78.4645,12.0,1.9,8,clear,38.0,False,clear,ok,32586689.253473528,2026-09-21,1.0,44.75,46.42,43.87,False,,False,,False,,,,watching,,,
GEF@2026-08-05,2026-09-09,GEF,"Greif, Inc.",US,SP400,Materials,stage2_breakout,D,late,False,Stage 2,46.1,28.6,13.9,19.202,0.0,19.202,1.0,Improving,82.31999969482422,91.7433,80.7341,121.1208,145.5615,12.0,2.67,5,event_driven,51.0,True,clear,ok,12226870.010285504,2026-09-21,1.0,82.66,85.39,79.57,False,,False,,False,,,,watching,,,
GLPI@2026-09-09,2026-09-09,GLPI,Gaming and Leisure Properties,US,SP400,Real Estate,stage4_breakdown,C,live,True,Stage 3 to 4,-56.4,11.8,54.4,-7.1923,0.4739,-7.7339,0.88,Improving,40.2400016784668,40.0956,44.9071,32.847,26.6595,12.0,1.51,0,clear,52.0,False,rebalance_week,ok,70624411.43542364,2026-09-21,1.0,38.79,41.33,38.32,True,2026-09-14,False,,False,,0.37,0.27,open,,,
GME@2026-08-19,2026-09-09,GME,GameStop,US,SP400,Consumer Discretionary,stage4_breakdown,C,live,True,Stage 4,-27.1,11.9,38.5,-5.4228,0.0,-5.4228,0.88,Improving,21.14999961853028,17.3851,19.4713,9.7845,3.3801,12.0,3.64,3,event_ahead,1.0,False,clear,ok,81277542.31272635,2026-09-21,1.0,23.39,25.25,20.73,False,,False,,False,,,,watching,,,
GMED@2026-09-09,2026-09-09,GMED,Globus Medical,US,SP400,Health Care,stage4_breakdown,C,live,True,Stage 4,-66.3,6.9,57.8,-9.4386,17.6631,-23.7394,0.88,Improving,74.19000244140625,72.805,81.5416,43.6854,19.1217,12.0,3.33,0,clear,59.0,False,rebalance_week,ok,84149218.65432417,2026-09-21,1.0,74.52,76.89,73.17,False,,False,,False,,,,watching,,,
GWRE@2026-08-26,2026-09-09,GWRE,Guidewire Software,US,SP400,Information Technology,stage2_breakout,D,failed,False,Stage 4,-47.5,23.2,22.0,-17.1858,18.0891,-32.0624,0.88,Improving,140.9199981689453,213.1808,187.5991,300.8605,375.5569,12.0,3.43,2,clear,87.0,False,clear,ok,145179919.0100059,2026-09-21,1.0,145.56,155.45,140.11,False,,False,,False,,,,watching,,,
H@2026-06-17,2026-09-09,H,Hyatt,US,SP400,Consumer Discretionary,stage2_breakout,D,failed,False,Stage 3 to 4,-28.7,27.7,53.0,-1.2082,0.0,-1.2082,0.88,Improving,163.07000732421875,209.747,184.5774,276.0678,331.5739,12.0,2.63,12,clear,59.0,False,rebalance_week,ok,99165420.08657296,2026-09-21,1.0,158.48,164.65,154.16,False,,False,,False,,,,watching,,,
HAE@2026-08-19,2026-09-09,HAE,Haemonetics,US,SP400,Health Care,stage2_breakout,D,late,False,Stage 2,86.7,35.4,4.5,45.9562,17.6631,24.3779,1.15,Improving,102.69000244140624,111.2176,97.8715,158.8765,198.3217,12.0,3.57,3,clear,59.0,False,clear,ok,42026931.32996354,2026-09-21,1.0,105.3,110.45,102.84,False,,False,,False,,,,watching,,,
HALO@2026-08-19,2026-09-09,HALO,Halozyme,US,SP400,Health Care,stage2_breakout,D,late,False,Stage 2,83.0,36.1,4.5,44.8216,17.6631,22.6238,1.15,Improving,107.1999969482422,112.7665,99.2345,160.97,200.826,12.0,3.56,3,clear,56.0,False,clear,ok,90632523.82007104,2026-09-21,1.0,113.9,116.85,105.5,True,2026-09-21,False,,False,,0.3,0.08,open,,,
HLI@2026-07-29,2026-09-09,HLI,Houlihan Lokey,US,SP400,Financials,stage4_breakdown,C,live,True,Stage 4,-39.8,14.5,25.6,-13.7469,9.876,-22.2294,0.88,Improving,136.61000061035156,109.5998,122.7518,61.7306,21.3251,12.0,3.64,6,event_driven,52.0,True,clear,ok,69281386.2817492,2026-09-21,1.0,129.07,139.77,125.34,False,,False,,False,,,,watching,,,
HOMB@2026-07-15,2026-09-09,HOMB,Home BancShares,US,SP400,Financials,stage2_breakout,D,live,False,Stage 1 to 2,33.8,43.9,16.4,7.7157,9.876,-2.0867,0.88,Improving,29.96999931335449,31.8423,28.0212,37.7942,42.7975,12.0,1.56,8,event_driven,37.0,True,clear,ok,30032232.929300915,2026-09-21,1.0,29.19,30.36,28.71,False,,False,,False,,,,watching,,,
HQY@2026-07-29,2026-09-09,HQY,HealthEquity,US,SP400,Health Care,stage2_breakout,D,live,False,Stage 2,35.9,31.3,7.6,6.5694,17.6631,-10.7527,0.88,Improving,96.26000213623048,109.4153,96.2855,142.48,170.368,12.0,2.52,6,clear,86.0,False,clear,ok,55905128.73247869,2026-09-21,1.0,88.25,98.02,87.27,False,,False,,False,,,,watching,,,
HRB@2026-08-12,2026-09-09,HRB,H&R Block,US,SP400,Consumer Discretionary,stage2_breakout,D,late,False,Stage 2,49.8,30.9,6.4,12.9371,0.0,12.9371,1.0,Improving,45.119998931884766,59.138,52.0414,84.3036,105.2341,12.0,3.55,4,event_driven,59.0,True,clear,ok,54842269.58809632,2026-09-21,1.0,42.19,46.85,41.23,False,,False,,False,,,,watching,,,
HWC@2026-07-15,2026-09-09,HWC,Hancock Whitney,US,SP400,Financials,stage2_breakout,D,live,False,Stage 2,39.5,66.4,15.8,13.2171,9.876,3.2514,1.15,Improving,75.25,80.4968,70.8372,100.0573,116.4231,12.0,2.02,8,clear,36.0,False,clear,ok,42436299.55194867,2026-09-21,1.0,73.85,76.5,72.16,False,,False,,False,,,,watching,,,
HXL@2026-07-22,2026-09-09,HXL,Hexcel,US,SP400,Industrials,stage2_breakout,D,live,False,Stage 2,21.1,35.0,19.8,9.8229,0.0,9.8229,1.0,Improving,92.73999786376952,113.1444,99.5671,147.1024,175.5479,12.0,2.5,7,clear,44.0,False,clear,ok,62363019.75984637,2026-09-21,1.0,85.8,93.0,84.27,False,,False,,False,,,,watching,,,
IBOC@2026-06-24,2026-09-09,IBOC,Intl Bancshares Corp,US,SP400,Financials,stage2_breakout,D,failed,True,Stage 3 to 4,-0.9,19.2,36.2,1.6035,9.876,-7.638,0.88,Improving,70.94000244140625,78.4628,69.0472,91.7782,103.0569,12.0,1.41,11,clear,59.0,False,rebalance_week,ok,16585430.43725503,2026-09-21,1.0,69.94,72.18,68.68,False,,False,,False,,,,watching,,,
IDA@2026-07-01,2026-09-09,IDA,Idacorp,US,SP400,Utilities,stage2_breakout,D,failed,False,Stage 3 to 4,-23.1,15.9,64.7,-0.5788,-2.0203,1.5336,1.0,Improving,135.5399932861328,155.3932,136.746,175.2429,192.2637,12.0,1.06,10,clear,52.0,False,rebalance_week,ok,50991045.74625655,2026-09-21,1.0,129.78,136.53,126.06,False,,False,,False,,,,watching,,,
JLL@2026-08-19,2026-09-09,JLL,Jones Lang LaSalle,US,SP400,Real Estate,stage2_breakout,D,live,False,Stage 2,30.3,42.0,10.8,7.3374,0.4739,6.8022,1.15,Improving,346.9700012207031,399.967,351.971,527.85,635.058,12.0,2.66,3,clear,58.0,False,clear,ok,86644036.0144802,2026-09-21,1.0,321.91,351.99,321.62,False,,False,,False,,,,watching,,,
KNF@2026-08-05,2026-09-09,KNF,Knife River Corporation,US,SP400,Materials,stage4_breakdown,C,late,True,Stage 4,-72.0,0.9,56.4,-24.2847,0.0,-24.2847,0.88,Improving,57.630001068115234,58.2104,65.1957,33.0385,11.4133,12.0,3.6,5,event_driven,57.0,True,clear,ok,31681237.567083217,2026-09-21,1.0,54.58,57.614,50.665,True,2026-09-14,False,,False,,1.08,0.52,open,,,
LAD@2026-07-29,2026-09-09,LAD,Lithia Motors,US,SP400,Consumer Discretionary,stage2_breakout,C,late,True,Stage 2,43.6,34.2,7.7,14.8344,0.0,14.8344,1.0,Improving,358.0199890136719,445.4076,391.9587,636.0734,793.9951,12.0,3.57,6,event_driven,44.0,True,clear,ok,58333081.54332061,2026-09-21,1.0,316.42,367.55,302.18,False,,False,,False,,,,watching,,,
LOPE@2026-06-17,2026-09-09,LOPE,Grand Canyon Education,US,SP400,Consumer Discretionary,stage4_breakdown,C,live,True,Stage 4,-30.0,15.4,28.0,-8.9048,0.0,-8.9048,0.88,Improving,151.1999969482422,131.7003,147.5044,92.24,58.616,12.0,2.5,12,clear,58.0,False,rebalance_week,ok,33623312.45246708,2026-09-21,1.0,147.28,158.14,145.11,False,,False,,False,,,,watching,,,
M@2026-06-24,2026-09-09,M,Macy's,US,SP400,Consumer Discretionary,stage2_breakout,D,live,False,Stage 2,20.0,36.6,39.1,5.8256,0.0,5.8256,1.0,Improving,22.07999992370605,27.1014,23.8492,36.6163,44.6374,12.0,2.93,11,event_ahead,3.0,False,rebalance_week,ok,83235436.83888817,2026-09-21,1.0,22.64,23.22,21.54,False,,False,,False,,,,watching,,,
MIDD@2026-06-17,2026-09-09,MIDD,Middleby,US,SP400,Industrials,stage2_breakout,D,failed,False,Stage 4,-62.9,6.1,75.2,-8.1552,0.0,-8.1552,0.88,Improving,108.30999755859376,150.8431,132.7419,195.4508,232.9714,12.0,2.46,12,clear,59.0,False,rebalance_week,ok,57929576.95416522,2026-09-21,1.0,107.66,113.85,106.4,False,,False,,False,,,,watching,,,
MOG-A@2026-06-17,2026-09-09,MOG-A,Moog Inc.,US,SP400,Industrials,stage2_breakout,D,live,False,Stage 2,34.2,34.9,26.9,19.4855,0.0,19.4855,1.0,Improving,367.0199890136719,456.4901,401.7113,615.659,749.1063,12.0,2.91,12,clear,74.0,False,rebalance_week,ok,70590490.74009219,2026-09-21,1.0,387.8,393.04,349.71,False,,False,,False,,,,watching,,,
MOH@2026-06-24,2026-09-09,MOH,Molina Healthcare,US,SP400,Health Care,stage2_breakout,D,live,False,Stage 2,43.5,39.1,15.1,15.2303,17.6631,-2.6777,0.88,Improving,204.22999572753903,249.4446,219.5113,355.0905,443.2509,12.0,3.53,11,clear,44.0,False,rebalance_week,ok,118082240.39260171,2026-09-21,1.0,190.86,214.36,185.8,False,,False,,False,,,,watching,,,
MTG@2026-07-29,2026-09-09,MTG,MGIC Investment Corporation,US,SP400,Financials,stage2_breakout,D,live,False,Stage 2,55.9,63.8,3.5,11.7249,9.876,1.5256,1.15,Improving,30.739999771118164,32.0097,28.1685,38.8753,44.6036,12.0,1.79,6,event_driven,51.0,True,clear,ok,34333784.463250175,2026-09-21,1.0,28.48,31.16,28.12,False,,False,,False,,,,watching,,,
NJR@2026-07-15,2026-09-09,NJR,New Jersey Resources,US,SP400,Utilities,stage2_breakout,D,failed,False,Stage 2 to 3,0.6,36.1,47.9,3.1995,-2.0203,5.4958,1.0,Improving,53.15999984741211,61.4612,54.0858,71.1806,79.437,12.0,1.32,8,clear,70.0,False,clear,ok,23316084.859929465,2026-09-21,1.0,50.61,53.92,50.25,False,,False,,False,,,,watching,,,
NNN@2026-07-01,2026-09-09,NNN,NNN Reit,US,SP400,Real Estate,stage2_breakout,D,failed,False,Stage 2 to 3,7.1,43.5,36.0,3.0319,0.4739,2.6181,1.15,Improving,43.869998931884766,50.226,44.1989,59.0927,66.5189,12.0,1.47,10,clear,57.0,False,rebalance_week,ok,47909125.60881352,2026-09-21,1.0,41.3,44.48,40.87,False,,False,,False,,,,watching,,,
NTNX@2026-08-12,2026-09-09,NTNX,Nutanix,US,SP400,Information Technology,stage2_breakout,D,late,False,Stage 2,69.5,18.2,1.1,24.1015,18.0891,3.7698,1.15,Improving,65.91999816894531,75.6359,66.5596,107.909,134.7002,12.0,3.56,4,clear,79.0,False,clear,ok,113941968.2221084,2026-09-21,1.0,68.03,71.08,66.41,False,,False,,False,,,,watching,,,
NXST@2026-06-17,2026-09-09,NXST,Nexstar Media Group,US,SP400,Communication Services,stage4_breakdown,C,live,True,Stage 4,-70.4,9.6,51.9,-12.7132,0.0,-12.7132,0.88,Improving,169.08999633789062,149.1301,167.0257,84.1209,29.0599,12.0,3.63,12,clear,59.0,False,rebalance_week,ok,47087266.61844865,2026-09-21,1.0,162.1,173.41,155.13,False,,False,,False,,,,watching,,,
OC@2026-07-01,2026-09-09,OC,Owens Corning,US,SP400,Industrials,stage2_breakout,B,live,True,Stage 2,22.7,35.4,16.9,6.0525,0.0,6.0525,1.0,Improving,131.89999389648438,162.7107,143.1854,221.4626,270.7287,12.0,3.01,10,clear,58.0,False,rebalance_week,ok,98126779.03297237,2026-09-21,1.0,123.91,132.76,120.0,False,,False,,False,,,,watching,,,
OHI@2026-07-22,2026-09-09,OHI,Omega Healthcare Investors,US,SP400,Real Estate,stage2_breakout,D,live,False,Stage 2,31.9,47.2,14.8,5.9535,0.4739,5.4815,1.15,Improving,46.9900016784668,52.2466,45.977,61.0787,68.5926,12.0,1.41,7,clear,52.0,False,clear,ok,68846211.3694816,2026-09-21,1.0,46.28,48.0,45.88,False,,False,,False,,,,watching,,,
OKTA@2026-08-26,2026-09-09,OKTA,"Okta, Inc.",US,SP400,Information Technology,stage2_breakout,D,late,False,Stage 2,83.6,34.0,4.5,64.5479,18.0891,40.9596,1.15,Improving,166.5,178.8179,157.3597,253.5325,316.4785,12.0,3.48,2,event_driven,85.0,True,clear,ok,271158207.1067754,2026-09-21,1.0,195.19,212.5,170.217,True,2026-09-14,False,,False,,1.57,0.76,open,,,
OLED@2026-07-01,2026-09-09,OLED,Universal Display,US,SP400,Information Technology,stage4_breakdown,C,live,True,Stage 4,-66.4,9.2,39.7,-20.6115,18.0891,-35.1434,0.88,Improving,83.55999755859375,74.5744,83.5234,42.031,14.5198,12.0,3.64,10,clear,59.0,False,rebalance_week,ok,45626241.0288076,2026-09-21,1.0,77.39,82.96,73.23,True,2026-09-21,False,,False,,0.15,-0.31,open,,,
OLN@2026-07-29,2026-09-09,OLN,Olin Corporation,US,SP400,Materials,stage4_breakdown,C,late,True,Stage 4,-71.9,5.6,60.1,-23.4742,0.0,-23.4742,0.88,Improving,17.200000762939453,16.1669,18.1069,9.2015,3.1787,12.0,3.59,6,event_driven,52.0,True,clear,ok,43194159.62012943,2026-09-21,1.0,16.4,17.46,16.09,True,2026-09-21,False,,False,,0.04,-0.12,open,,,
ONB@2026-07-15,2026-09-09,ONB,Old National Bank,US,SP400,Financials,stage2_breakout,D,live,False,Stage 2,34.3,55.5,16.7,10.0679,9.876,0.3126,1.15,Improving,25.65999984741211,27.4907,24.1918,33.8558,39.1746,12.0,1.93,8,clear,44.0,False,clear,ok,59167685.03550961,2026-09-21,1.0,25.49,26.02,24.69,False,,False,,False,,,,watching,,,
ORA@2026-07-29,2026-09-09,ORA,Ormat Technologies,US,SP400,Utilities,stage4_breakdown,C,late,True,Stage 4,-71.1,7.8,69.3,-15.7989,-2.0203,-14.0256,0.88,Improving,94.88999938964844,90.609,101.4821,51.1435,17.6677,12.0,3.63,6,clear,58.0,False,clear,ok,72800686.21777105,2026-09-21,1.0,93.63,98.77,90.62,False,,False,,False,,,,watching,,,
OVV@2026-07-22,2026-09-09,OVV,Ovintiv,US,SP400,Energy,stage2_breakout,D,live,False,Stage 2,58.8,42.1,13.2,27.1248,7.5984,,1.0,Improving,63.68999862670898,68.543,60.3178,90.8359,109.4965,12.0,2.71,7,event_driven,58.0,True,clear,ok,144424225.19467205,2026-09-21,1.0,60.13,67.41,58.59,False,,False,,False,,,,watching,,,
P@2026-08-12,2026-09-09,P,Everpure,US,SP400,Information Technology,stage2_breakout,D,late,False,Stage 2,47.2,13.5,6.7,25.8426,18.0891,5.4667,1.15,Improving,98.18000030517578,122.0257,107.3827,172.695,215.571,12.0,3.46,4,clear,85.0,False,clear,ok,145168346.9266844,2026-09-21,1.0,126.0,131.41,92.27,True,2026-09-21,True,2026-09-21,False,,0.64,0.27,stopped out,,,
PATH@2026-08-26,2026-09-09,PATH,UiPath,US,SP400,Information Technology,stage2_breakout,D,late,False,Stage 2,29.6,27.7,7.9,4.5367,18.0891,-13.4087,0.88,Improving,13.75,19.3028,16.9865,27.3035,34.0823,12.0,3.45,2,clear,86.0,False,clear,ok,407839239.8885512,2026-09-21,1.0,12.46,14.94,12.36,False,,False,,False,,,,watching,,,
PBF@2026-07-29,2026-09-09,PBF,PBF Energy,US,SP400,Energy,stage2_breakout,D,late,False,Stage 2,69.5,10.6,9.6,84.5722,7.5984,,1.0,Improving,78.30000305175781,79.8804,70.2947,113.013,141.0714,12.0,3.46,6,event_driven,52.0,True,clear,ok,109265563.298037,2026-09-21,1.0,73.69,78.48,68.4,False,,False,,False,,,,watching,,,
PCTY@2026-08-26,2026-09-09,PCTY,Paylocity,US,SP400,Industrials,stage2_breakout,D,late,False,Stage 2,45.3,36.8,2.5,8.5539,0.0,8.5539,1.0,Improving,141.66000366210938,164.9615,145.1661,230.87,286.022,12.0,3.33,2,clear,57.0,False,clear,ok,56729854.25035634,2026-09-21,1.0,143.35,148.71,141.65,False,,False,,False,,,,watching,,,
PFGC@2026-07-01,2026-09-09,PFGC,Performance Food Group,US,SP400,Consumer Staples,stage2_breakout,D,failed,False,Stage 3 to 4,-39.2,22.4,49.8,-3.9421,2.0049,-5.7729,0.88,Improving,93.94000244140624,119.0104,104.7292,154.13,183.454,12.0,2.46,10,clear,58.0,False,rebalance_week,ok,112410546.47233269,2026-09-21,1.0,91.55,95.05,88.95,False,,False,,False,,,,watching,,,
PK@2026-08-19,2026-09-09,PK,Park Hotels & Resorts,US,SP400,Real Estate,stage2_breakout,D,late,False,Stage 2,63.7,42.9,8.0,29.9737,0.4739,29.9275,1.15,Improving,15.279999732971191,16.4134,14.4438,22.6404,27.7928,12.0,3.16,3,clear,58.0,False,clear,ok,39876935.25077423,2026-09-21,1.0,15.43,15.49,14.62,False,,False,,False,,,,watching,,,
PR@2026-08-19,2026-09-09,PR,Permian Resources,US,SP400,Energy,stage2_breakout,D,late,False,Stage 2,83.5,52.9,7.9,35.8152,7.5984,,1.0,Improving,23.780000686645508,24.453,21.5186,32.005,38.3369,12.0,2.57,3,clear,58.0,False,clear,ok,148076705.7172627,2026-09-21,1.0,21.36,24.645,21.27,True,2026-09-14,True,2026-09-21,False,,0.07,-1.05,stopped out,,,
PRI@2026-07-15,2026-09-09,PRI,Primerica,US,SP400,Financials,stage2_breakout,D,live,False,Stage 2,34.6,31.6,10.5,8.0189,9.876,-1.6794,0.88,Improving,292.44000244140625,329.4203,289.8899,424.7866,503.8466,12.0,2.41,8,clear,58.0,False,clear,ok,39354143.47746573,2026-09-21,1.0,275.59,296.99,273.61,False,,False,,False,,,,watching,,,
QLYS@2026-08-05,2026-09-09,QLYS,Qualys,US,SP400,Information Technology,stage2_breakout,D,late,False,Stage 2,48.2,21.0,7.5,18.7114,18.0891,-0.3727,0.88,Improving,150.27999877929688,205.9675,181.2514,292.233,364.7874,12.0,3.49,5,event_driven,57.0,True,clear,ok,70618779.53318658,2026-09-21,1.0,172.43,190.0,153.34,False,,False,,False,,,,watching,,,
RBA@2026-08-12,2026-09-09,RBA,RB Global,US,SP400,Industrials,stage4_breakdown,C,late,True,Stage 4,-60.1,2.0,61.8,-18.4883,0.0,-18.4883,0.88,Improving,83.5999984741211,79.7653,89.3371,44.825,15.485,12.0,3.65,4,event_driven,59.0,True,clear,ok,81552323.53279555,2026-09-21,1.0,82.49,86.63,81.625,False,,False,,False,,,,watching,,,
RBC@2026-09-02,2026-09-09,RBC,RBC Bearings,US,SP400,Industrials,stage4_breakdown,D,late,False,Stage 4,-52.4,7.4,88.3,-4.1199,0.0,-4.1199,0.88,Improving,494.8299865722656,472.4928,529.1919,295.15,146.134,12.0,3.13,1,clear,53.0,False,clear,ok,91980055.04477176,2026-09-21,1.0,506.1,510.33,475.91,False,,False,,False,,,,watching,,,
RGA@2026-07-15,2026-09-09,RGA,Reinsurance Group of America,US,SP400,Financials,stage2_breakout,D,late,False,Stage 2,58.0,54.3,7.1,19.1508,9.876,8.5904,1.15,Improving,248.72000122070312,260.5306,229.2669,321.2941,372.0814,12.0,1.94,8,clear,52.0,False,clear,ok,53336856.31498532,2026-09-21,1.0,248.65,250.98,241.84,False,,False,,False,,,,watching,,,
RNR@2026-07-01,2026-09-09,RNR,RenaissanceRe,US,SP400,Financials,stage2_breakout,D,live,False,Stage 2,47.1,59.9,7.0,11.848,9.876,1.8604,1.15,Improving,324.989990234375,344.0107,302.7294,405.2555,457.2679,12.0,1.48,10,clear,57.0,False,rebalance_week,ok,68648952.60958457,2026-09-21,1.0,325.6,334.2,321.8,False,,False,,False,,,,watching,,,
ROIV@2026-09-09,2026-09-09,ROIV,Roivant Sciences,US,SP400,Health Care,stage2_breakout,D,late,False,Stage 2,82.7,15.5,6.1,52.0995,17.6631,30.9414,1.15,Improving,40.81999969482422,38.6528,34.0144,50.22,60.02,12.0,2.49,0,clear,63.0,False,rebalance_week,ok,118196231.72933067,2026-09-21,1.0,35.8,41.6,35.515,True,2026-09-14,False,,False,,0.64,-0.62,open,,,
SAIC@2026-08-19,2026-09-09,SAIC,Science Applications Intl Corp,US,SP400,Industrials,stage2_breakout,D,late,False,Stage 2,67.2,32.1,3.4,26.3086,0.0,26.3086,1.0,Improving,129.89999389648438,144.8831,127.4971,204.8177,254.5439,12.0,3.45,3,clear,87.0,False,clear,ok,36109768.96440144,2026-09-21,1.0,132.61,136.08,129.26,False,,False,,False,,,,watching,,,
SBRA@2026-07-22,2026-09-09,SBRA,Sabra Health Care REIT,US,SP400,Real Estate,stage2_breakout,D,live,False,Stage 2,42.1,50.0,7.0,7.923,0.4739,7.3961,1.15,Improving,20.520000457763672,22.7114,19.9861,27.5831,31.7048,12.0,1.79,7,clear,58.0,False,clear,ok,35648589.88619717,2026-09-21,1.0,19.85,20.88,19.59,False,,False,,False,,,,watching,,,
SEIC@2026-07-29,2026-09-09,SEIC,SEI Investments Company,US,SP400,Financials,stage2_breakout,D,late,False,Stage 2,65.8,48.3,4.7,22.1997,9.876,11.4362,1.15,Improving,106.93000030517578,113.274,99.6811,149.6566,179.6619,12.0,2.68,6,event_driven,44.0,True,clear,ok,46392503.04613857,2026-09-21,1.0,105.65,108.05,101.47,False,,False,,False,,,,watching,,,
SN@2026-07-01,2026-09-09,SN,SharkNinja,US,SP400,Consumer Discretionary,stage2_breakout,D,late,False,Stage 2,51.4,25.4,15.4,30.2249,0.0,30.2249,1.0,Improving,160.8000030517578,198.0528,174.2865,282.083,352.1174,12.0,3.54,10,clear,59.0,False,rebalance_week,ok,162702259.19965053,2026-09-21,1.0,177.74,181.085,158.82,False,,False,,False,,,,watching,,,
SON@2026-07-22,2026-09-09,SON,Sonoco,US,SP400,Materials,stage2_breakout,D,failed,False,Stage 3 to 4,-31.5,24.3,56.0,-1.5064,0.0,-1.5064,0.88,Improving,47.84000015258789,61.0533,53.7269,74.728,86.4261,12.0,1.87,7,event_driven,52.0,True,clear,ok,43517080.15942136,2026-09-21,1.0,50.06,51.16,47.82,False,,False,,False,,,,watching,,,
SR@2026-06-17,2026-09-09,SR,Spire,US,SP400,Utilities,stage4_breakdown,C,live,True,Stage 3 to 4,-35.7,26.8,49.8,-3.3518,-2.0203,-1.4217,0.88,Improving,80.19999694824219,74.1271,83.0224,56.7888,42.1542,12.0,1.95,12,clear,67.0,False,rebalance_week,ok,26465843.6694988,2026-09-21,1.0,77.21,81.52,76.145,False,,False,,False,,,,watching,,,
SSB@2026-08-12,2026-09-09,SSB,South State Bank,US,SP400,Financials,stage2_breakout,D,live,False,Stage 2,35.4,48.8,16.9,9.5776,9.876,-0.3113,0.88,Improving,105.9800033569336,113.378,99.7727,137.9877,158.6179,12.0,1.81,4,clear,44.0,False,clear,ok,58009670.861977056,2026-09-21,1.0,102.46,107.25,101.57,False,,False,,False,,,,watching,,,
STAG@2026-07-15,2026-09-09,STAG,STAG Industrial,US,SP400,Real Estate,stage2_breakout,D,failed,False,Stage 3,-6.4,12.8,45.7,-0.6813,0.4739,-1.2293,0.88,Improving,37.13999938964844,42.9985,37.8387,50.1852,56.2453,12.0,1.39,8,clear,51.0,False,clear,ok,37380685.77702059,2026-09-21,1.0,36.79,37.95,36.63,False,,False,,False,,,,watching,,,
STWD@2026-07-29,2026-09-09,STWD,Starwood Property Trust,US,SP400,Financials,stage4_breakdown,C,live,True,Stage 4,-53.3,16.2,58.2,-7.2534,9.876,-15.9703,0.88,Improving,15.619999885559082,15.3266,17.1658,13.0133,11.0319,12.0,1.26,6,clear,63.0,False,clear,ok,40255296.89340778,2026-09-21,1.0,14.36,15.77,14.26,True,2026-09-14,False,,False,,0.58,0.53,open,,,
SUI@2026-09-09,2026-09-09,SUI,Sun Communities,US,SP400,Real Estate,stage4_breakdown,C,live,True,Stage 3 to 4,-58.1,11.3,47.6,-7.6208,0.4739,-8.2371,0.88,Improving,114.4800033569336,114.9513,128.7455,96.6549,80.879,12.0,1.33,0,clear,51.0,False,rebalance_week,ok,90323166.31966968,2026-09-21,1.0,112.26,118.38,110.39,True,2026-09-14,False,,False,,0.33,0.2,open,,,
TEX@2026-06-24,2026-09-09,TEX,Terex,US,SP400,Industrials,stage2_breakout,D,failed,False,Stage 2 to 3,-6.9,37.1,42.6,3.191,0.0,3.191,1.0,Improving,60.81999969482422,75.9514,66.8372,95.118,111.6136,12.0,2.1,11,clear,52.0,False,rebalance_week,ok,50155297.68610761,2026-09-21,1.0,57.33,61.04,55.64,False,,False,,False,,,,watching,,,
TLN@2026-08-26,2026-09-09,TLN,Talen Energy,US,SP400,Utilities,stage4_breakdown,C,live,True,Stage 4,-66.4,6.4,62.7,-14.553,-2.0203,-12.9909,0.88,Improving,312.739990234375,278.5808,312.0105,158.719,54.8302,12.0,3.59,2,clear,58.0,False,clear,ok,182335785.2128388,2026-09-21,1.0,304.42,307.41,279.77,False,,False,,False,,,,watching,,,
TREX@2026-06-24,2026-09-09,TREX,Trex,US,SP400,Industrials,stage2_breakout,D,live,False,Stage 2,26.1,36.7,30.6,6.4206,0.0,6.4206,1.0,Improving,44.95000076293945,51.9718,45.7351,66.81,79.49,12.0,2.38,11,clear,58.0,False,rebalance_week,ok,53343488.89877643,2026-09-21,1.0,44.79,45.05,42.25,False,,False,,False,,,,watching,,,
TWLO@2026-08-05,2026-09-09,TWLO,Twilio,US,SP400,Information Technology,stage2_breakout,D,late,False,Stage 2,55.5,26.2,11.2,45.2435,18.0891,25.0945,1.15,Improving,227.3500061035156,264.1731,232.4724,374.6118,467.6189,12.0,3.48,5,event_driven,52.0,True,clear,ok,288416365.2961955,2026-09-21,1.0,275.8,304.75,225.52,True,2026-09-21,False,,False,,1.28,0.37,open,,,
TXRH@2026-07-15,2026-09-09,TXRH,Texas Roadhouse,US,SP400,Consumer Discretionary,stage2_breakout,D,live,False,Stage 1 to 2,3.3,41.5,32.5,2.7423,0.0,2.7423,1.0,Improving,181.22000122070312,218.3946,192.1872,278.3563,328.6649,12.0,2.29,8,clear,59.0,False,clear,ok,123547922.86697756,2026-09-21,1.0,159.75,182.19,158.2,False,,False,,False,,,,watching,,,
UBSI@2026-06-24,2026-09-09,UBSI,United Bankshares,US,SP400,Financials,stage2_breakout,D,live,False,Stage 2,44.5,68.7,11.4,14.3272,9.876,4.2861,1.15,Improving,47.220001220703125,49.6741,43.7132,60.6143,69.7285,12.0,1.84,11,clear,45.0,False,rebalance_week,ok,27461518.016453814,2026-09-21,1.0,46.86,48.25,46.04,False,,False,,False,,,,watching,,,
UMBF@2026-06-24,2026-09-09,UMBF,UMB Financial Corp.,US,SP400,Financials,stage2_breakout,D,live,False,Stage 2,38.4,47.3,11.3,11.9248,9.876,2.1109,1.15,Improving,139.49000549316406,154.671,136.1105,199.1618,236.2695,12.0,2.4,11,clear,50.0,False,rebalance_week,ok,55059112.03229995,2026-09-21,1.0,135.82,140.81,132.6,False,,False,,False,,,,watching,,,
UNM@2026-09-02,2026-09-09,UNM,Unum,US,SP400,Financials,stage2_breakout,D,late,False,Stage 2,62.1,60.4,7.6,18.3329,9.876,7.8158,1.15,Improving,94.41999816894533,97.9211,86.1706,125.3291,148.1764,12.0,2.33,1,clear,57.0,False,clear,ok,80566243.12383425,2026-09-21,1.0,92.09,96.75,91.03,False,,False,,False,,,,watching,,,
USFD@2026-07-01,2026-09-09,USFD,US Foods,US,SP400,Consumer Staples,stage2_breakout,D,live,False,Stage 2,24.3,48.3,14.4,8.4298,2.0049,6.5845,1.15,Improving,95.33999633789062,112.9477,99.394,143.32,168.84,12.0,2.24,10,clear,59.0,False,rebalance_week,ok,162356677.844104,2026-09-21,1.0,93.33,96.98,90.19,False,,False,,False,,,,watching,,,
VFC@2026-07-29,2026-09-09,VFC,VF Corporation,US,SP400,Consumer Discretionary,stage4_breakdown,C,late,True,Stage 4,-78.3,6.6,67.0,-21.4115,0.0,-21.4115,0.88,Improving,13.170000076293944,12.4706,13.9671,7.0674,2.4415,12.0,3.61,6,event_driven,49.0,True,clear,ok,71952286.47774181,2026-09-21,1.0,14.15,14.16,12.6,False,,False,,False,,,,watching,,,
VNO@2026-07-01,2026-09-09,VNO,Vornado Realty Trust,US,SP400,Real Estate,stage2_breakout,D,live,False,Stage 2,24.4,44.7,25.8,3.6486,0.4739,3.2744,1.15,Improving,35.439998626708984,42.2074,37.1425,58.63,72.254,12.0,3.24,10,clear,56.0,False,rebalance_week,ok,38551576.2926089,2026-09-21,1.0,34.73,36.42,33.83,False,,False,,False,,,,watching,,,
VVV@2026-09-09,2026-09-09,VVV,Valvoline,US,SP400,Consumer Discretionary,stage4_breakdown,C,late,True,Stage 4,-64.9,5.6,68.9,-11.0636,0.0,-11.0636,0.88,Improving,30.549999237060547,30.6688,34.3491,21.54,13.724,12.0,2.48,0,clear,72.0,False,rebalance_week,ok,47474918.977255024,2026-09-21,1.0,28.92,30.96,26.21,True,2026-09-14,False,,False,,1.21,0.48,open,,,
WEX@2026-06-17,2026-09-09,WEX,WEX Inc.,US,SP400,Financials,stage4_breakdown,D,failed,True,Stage 2,57.0,40.8,3.8,21.1089,9.876,10.1798,1.15,Improving,191.5200042724609,121.9674,136.6035,68.9095,23.8051,12.0,3.63,12,clear,51.0,False,rebalance_week,ok,63230504.41957531,2026-09-21,1.0,178.28,203.97,177.94,False,,False,,False,,,,watching,,,
WH@2026-09-09,2026-09-09,WH,Wyndham Hotels & Resorts,US,SP400,Consumer Discretionary,stage4_breakdown,C,late,True,Stage 4,-59.7,7.5,59.9,-10.5434,0.0,-10.5434,0.88,Improving,69.30999755859375,68.6947,76.938,50.1794,34.3068,12.0,2.25,0,clear,44.0,False,rebalance_week,ok,69490003.32890673,2026-09-21,1.0,69.99,70.565,66.87,True,2026-09-14,False,,False,,0.22,-0.16,open,,,
WHR@2026-09-09,2026-09-09,WHR,Whirlpool Corporation,US,SP400,Consumer Discretionary,stage4_breakdown,C,late,True,Stage 4,-88.6,7.7,53.8,-40.7097,0.0,-40.7097,0.88,Improving,35.209999084472656,34.2035,38.308,19.4975,6.7355,12.0,3.58,0,clear,51.0,False,rebalance_week,ok,74167676.25896855,2026-09-21,1.0,31.71,35.7,31.52,True,2026-09-14,False,,False,,0.65,0.61,open,,,
WLK@2026-07-29,2026-09-09,WLK,Westlake Corporation,US,SP400,Materials,stage4_breakdown,D,late,False,Stage 4,-70.9,9.6,61.2,-15.431,0.0,-15.431,0.88,Improving,70.80999755859375,66.2413,74.1902,37.4015,12.9205,12.0,3.63,6,clear,52.0,False,clear,ok,67324433.20610683,2026-09-21,1.0,67.71,72.48,65.66,True,2026-09-21,False,,False,,0.07,-0.18,open,,,
WSO@2026-07-29,2026-09-09,WSO,Watsco,US,SP400,Industrials,stage4_breakdown,D,late,False,Stage 4,-55.5,6.9,54.6,-14.5196,0.0,-14.5196,0.88,Improving,314.2200012207031,288.884,323.55,162.6625,56.1925,12.0,3.64,6,event_driven,51.0,True,clear,ok,107363637.04900166,2026-09-21,1.0,317.23,329.58,301.95,False,,False,,False,,,,watching,,,
WTFC@2026-07-15,2026-09-09,WTFC,Wintrust Financial,US,SP400,Financials,stage2_breakout,D,live,False,Stage 1,13.7,42.0,30.5,5.3346,9.876,-4.0614,0.88,Improving,152.16000366210938,168.4732,148.2565,205.0734,235.8119,12.0,1.81,8,clear,42.0,False,clear,ok,51047978.130891606,2026-09-21,1.0,146.11,153.36,142.67,False,,False,,False,,,,watching,,,
WTRG@2026-09-02,2026-09-09,WTRG,Essential Utilities,US,SP400,Utilities,stage2_breakout,D,live,False,Stage 2,46.5,61.9,7.3,6.6944,-2.0203,8.7653,1.0,Improving,41.06999969482422,42.6208,37.5063,48.6291,53.7964,12.0,1.17,1,clear,58.0,False,clear,ok,56369143.4314412,2026-09-21,1.0,39.53,41.77,39.24,False,,False,,False,,,,watching,,,
WTS@2026-06-24,2026-09-09,WTS,Watts Water Technologies,US,SP400,Industrials,stage2_breakout,B,live,True,Stage 2,43.4,40.4,18.7,15.2432,0.0,15.2432,1.0,Improving,356.0199890136719,398.9882,351.1097,505.9039,595.5387,12.0,2.23,11,clear,51.0,False,rebalance_week,ok,59698493.34056081,2026-09-21,1.0,357.79,360.91,345.6,False,,False,,False,,,,watching,,,
WWD@2026-06-17,2026-09-09,WWD,"Woodward, Inc.",US,SP400,Industrials,stage2_breakout,D,failed,False,Stage 3 to 4,-34.7,13.4,84.7,-0.6205,0.0,-0.6205,0.88,Improving,337.260009765625,457.6228,402.7081,569.3483,664.4116,12.0,2.03,12,clear,77.0,False,rebalance_week,ok,172346332.18534338,2026-09-21,1.0,330.31,331.03,312.43,False,,False,,False,,,,watching,,,
ZION@2026-06-24,2026-09-09,ZION,Zions Bancorporation,US,SP400,Financials,stage2_breakout,D,live,False,Stage 2,43.6,55.9,9.8,14.3287,9.876,4.3302,1.15,Improving,68.75,73.6516,64.8134,93.7477,110.4655,12.0,2.27,11,clear,42.0,False,rebalance_week,ok,66945947.40493085,2026-09-21,1.0,63.83,70.13,62.3,False,,False,,False,,,,watching,,,
ALW.L@2026-08-05,2026-09-09,ALW.L,Alliance Witan,UK,FTSE100,Investment Trusts,stage2_breakout,D,failed,False,Stage 2 to 3,-0.7,40.2,27.6,-28.2324,-0.8836,-27.4655,0.88,Improving,1353.0,1403.1167,1300.7399,1609.9799,1782.8229,7.3,2.02,5,event_driven,179.0,True,clear,ok,9732946.748922486,2026-09-21,1.0,1386.0,1386.0,1336.981,False,,False,,False,,,,watching,,,
AAL.L@2026-08-26,2026-09-09,AAL.L,Anglo American plc,UK,FTSE100,Materials,stage2_breakout,D,failed,False,Stage 2 to 3,7.1,25.6,29.1,-16.7608,-19.8355,2.7778,0.88,Improving,3990.0,4405.3909,3876.744,6125.7976,7569.6356,12.0,3.25,2,clear,165.0,False,clear,ok,169207837.90802026,2026-09-21,1.0,4042.0,4202.0,3804.0,False,,False,,False,,,,watching,,,
BEZ.L@2026-09-09,2026-09-09,BEZ.L,Beazley,UK,FTSE100,Financials,stage2_breakout,D,failed,False,Stage 2,19.0,33.5,40.1,-16.8807,-24.0041,6.3323,0.88,Improving,1304.0,1306.706,1278.1917,1394.2339,1468.421,2.18,3.07,0,clear,177.0,False,rebalance_week,ok,46279259.1245,2026-09-21,1.0,1306.0,1310.0,1304.0,True,2026-09-21,False,,False,,0.12,-0.02,open,,,
BNZL.L@2026-07-01,2026-09-09,BNZL.L,Bunzl,UK,FTSE100,Industrials,stage2_breakout,D,failed,False,Stage 2 to 3,1.5,21.7,28.8,-24.5252,18.5734,-43.6499,0.88,Improving,2566.0,2929.3822,2577.8563,3706.4631,4353.2337,12.0,2.21,10,clear,,False,rebalance_week,ok,27847649.91892993,2026-09-21,1.0,2638.0,2696.0,2544.0,False,,False,,False,,,,watching,,,
CNA.L@2026-07-29,2026-09-09,CNA.L,Centrica,UK,FTSE100,Multiline utilities,stage4_breakdown,C,late,True,Stage 4,-54.8,13.7,58.8,-42.3854,,,1.0,Improving,150.89999389648438,144.2636,161.5752,80.734,27.8899,12.0,3.67,6,event_driven,164.0,True,clear,ok,29258858.495806657,2026-09-21,1.0,147.4,153.65,145.8,False,,False,,False,,,,watching,,,
CRDA.L@2026-08-19,2026-09-09,CRDA.L,Croda International,UK,FTSE100,Materials,stage2_breakout,D,failed,False,Stage 1 to 2,1.8,17.1,32.0,-24.4852,-19.8355,-5.5459,0.7,Improving,3177.0,3570.8595,3142.3564,4553.341,5379.8242,12.0,2.29,3,clear,169.0,False,clear,ok,11803486.826148927,2026-09-21,1.0,3236.0,3314.0,3117.0,False,,False,,False,,,,watching,,,
EDV.L@2026-07-15,2026-09-09,EDV.L,Endeavour Mining,UK,FTSE100,Materials,stage4_breakdown,D,failed,False,Stage 1 to 2,0.9,33.4,11.8,-19.2895,-19.8355,0.7104,0.88,Improving,4593.0,3245.7619,3635.2534,1847.6241,638.2701,12.0,3.59,8,clear,66.0,False,clear,ok,32655054.8670957,2026-09-21,1.0,4525.0,4790.0,4389.0,False,,False,,False,,,,watching,,,
HSBA.L@2026-06-17,2026-09-09,HSBA.L,HSBC,UK,FTSE100,Financials,stage2_breakout,D,failed,False,Stage 2,16.3,41.8,25.4,-13.8216,-24.0041,11.6497,0.88,Improving,1552.5999755859375,1629.2625,1433.751,2100.9255,2493.7497,12.0,2.41,12,clear,50.0,False,rebalance_week,ok,279348505.70813257,2026-09-21,1.0,1512.2,1560.08,1496.2,False,,False,,False,,,,watching,,,
IMB.L@2026-08-19,2026-09-09,IMB.L,Imperial Brands,UK,FTSE100,Consumer Staples,stage4_breakdown,C,late,True,Stage 4,-55.4,7.3,65.4,-43.4992,-26.6613,-21.0515,0.7,Improving,2490.0,2426.4194,2717.5897,1591.0347,891.8624,12.0,2.87,3,clear,71.0,False,clear,ok,65433738.34878149,2026-09-21,1.0,2442.0,2560.0,2434.0,False,,False,,False,,,,watching,,,
MNG.L@2026-07-01,2026-09-09,MNG.L,M&G,UK,FTSE100,Financials,stage2_breakout,D,failed,False,Stage 2 to 3,-8.9,20.5,26.8,-23.0775,-24.0041,0.627,0.88,Improving,332.3999938964844,370.7112,326.2259,472.9067,557.61,12.0,2.3,10,clear,185.0,False,rebalance_week,ok,16945782.504502688,2026-09-21,1.0,326.7,343.4,325.0,False,,False,,False,,,,watching,,,
NG.L@2026-09-02,2026-09-09,NG.L,National Grid plc,UK,FTSE100,Multiline utilities,stage4_breakdown,C,live,True,Stage 4,-48.7,11.3,78.1,-35.5227,,,1.0,Improving,1130.5,1116.8751,1250.9001,809.9663,553.5393,12.0,2.29,1,clear,59.0,False,clear,ok,116621334.97562024,2026-09-21,1.0,1127.0,1158.5,1096.5,True,2026-09-14,False,,False,,0.15,-0.08,open,,,
PSON.L@2026-06-24,2026-09-09,PSON.L,Pearson plc,UK,FTSE100,Communication Services,stage2_breakout,D,failed,False,Stage 2 to 3,7.0,28.4,28.6,-24.934,-27.7504,1.7438,0.88,Improving,1160.5,1351.8089,1189.5918,1793.0308,2157.929,12.0,2.72,11,clear,172.0,False,rebalance_week,ok,19719478.817608766,2026-09-21,1.0,1218.5,1232.0,1162.5,False,,False,,False,,,,watching,,,
PSH.L@2026-06-24,2026-09-09,PSH.L,Pershing Square Holdings,UK,FTSE100,Financials,stage4_breakdown,C,live,True,Stage 4,-45.8,12.9,48.0,-42.8312,-24.0041,-22.2191,0.7,Improving,3790.0,3547.1621,3972.8216,1999.7057,690.8074,12.0,3.64,11,clear,164.0,False,rebalance_week,ok,6529965.215945801,2026-09-21,1.0,3722.0,3852.0,3582.198,False,,False,,False,,,,watching,,,
RTO.L@2026-07-29,2026-09-09,RTO.L,Rentokil Initial,UK,FTSE100,Industrials,stage4_breakdown,C,late,True,Stage 4,-63.8,5.1,35.9,-48.0851,18.5734,-61.6617,0.88,Improving,327.70001220703125,323.0375,361.802,181.2634,62.6183,12.0,3.66,6,event_driven,178.0,True,clear,ok,35035879.02202008,2026-09-21,1.0,308.7,333.7,306.0,True,2026-09-14,False,,False,,0.44,0.37,open,,,
SGRO.L@2026-06-24,2026-09-09,SGRO.L,Segro,UK,FTSE100,Real Estate,stage2_breakout,D,failed,False,Stage 2,16.1,27.2,25.5,-14.489,-32.5245,23.7969,0.88,Improving,933.4000244140624,1008.0646,887.0968,1362.4578,1654.5874,12.0,2.93,11,clear,165.0,False,rebalance_week,ok,31109920.09027887,2026-09-21,1.0,941.2,963.2,924.0,False,,False,,False,,,,watching,,,
SN.L@2026-09-09,2026-09-09,SN.L,Smith & Nephew,UK,FTSE100,Health care equipment & supplies,stage4_breakdown,C,late,True,Stage 4,-56.3,10.5,44.2,-44.1385,,,1.0,Improving,1008.5,1025.7548,1148.8454,686.7046,402.8684,12.0,2.75,0,clear,175.0,False,rebalance_week,ok,29458383.08402344,2026-09-21,1.0,1008.0,1056.0,990.9181,True,2026-09-14,False,,False,,0.28,0.14,open,,,
STJ.L@2026-07-22,2026-09-09,STJ.L,St. James's Place,UK,FTSE100,Financials,stage4_breakdown,C,live,True,Stage 4,-48.3,6.8,49.0,-40.2933,-24.0041,-19.1886,0.7,Improving,1127.0,1017.4826,1139.5806,571.2823,197.3521,12.0,3.65,7,clear,170.0,False,clear,ok,29753575.14273804,2026-09-21,1.0,1071.0,1158.5,1053.0,False,,False,,False,,,,watching,,,
ATG.L@2026-07-29,2026-09-09,ATG.L,Auction Technology Group,UK,FTSE250,Information Technology,stage2_breakout,D,failed,False,Stage 2,15.6,27.1,31.4,-11.7781,-19.328,7.823,0.88,Improving,436.0,498.5791,438.7496,686.5,843.7,12.0,3.14,6,clear,79.0,False,clear,ok,1815381.5330342103,2026-09-21,1.0,434.4,452.6,423.956,False,,False,,False,,,,watching,,,
BOY.L@2026-08-05,2026-09-09,BOY.L,Bodycote,UK,FTSE250,Industrials,stage2_breakout,D,failed,False,Stage 2,19.5,19.9,22.0,-8.9895,18.5734,-32.4241,0.88,Improving,940.0,971.8893,855.2626,1323.1397,1615.2514,12.0,3.01,5,event_driven,184.0,True,clear,ok,2857027.1415,2026-09-21,1.0,946.5,967.5,936.0,False,,False,,False,,,,watching,,,
CHG.L@2026-08-05,2026-09-09,CHG.L,Chemring Group,UK,FTSE250,Industrials,stage2_breakout,D,failed,False,Stage 3 to 4,-40.0,18.9,30.6,-31.1576,18.5734,-49.0667,0.88,Improving,532.0,662.8802,583.3346,854.9988,1018.3978,12.0,2.42,5,clear,92.0,False,clear,ok,5231598.624063599,2026-09-21,1.0,535.5,548.5,524.0,False,,False,,False,,,,watching,,,
CSN.L@2026-08-26,2026-09-09,CSN.L,Chesnara,UK,FTSE250,Financials,stage2_breakout,D,failed,False,Stage 2 to 3,11.8,30.7,25.8,-19.6766,-24.0041,5.4029,0.88,Improving,354.5,382.5596,336.6525,473.2003,549.3606,12.0,1.97,2,event_driven,199.0,True,clear,ok,1690961.603997009,2026-09-21,1.0,352.5,364.924,349.85,False,,False,,False,,,,watching,,,
DSCV.L@2026-08-05,2026-09-09,DSCV.L,discoverIE,UK,FTSE250,Industrials,stage2_breakout,D,failed,False,Stage 2 to 3,12.4,30.7,23.2,-14.8268,18.5734,-36.4284,0.88,Improving,790.0,855.1958,752.5723,1175.0651,1443.1172,12.0,3.12,5,clear,85.0,False,clear,ok,1931134.8672046508,2026-09-21,1.0,813.0,862.0,747.0,True,2026-09-21,False,,False,,0.07,-0.41,open,,,
DRX.L@2026-08-05,2026-09-09,DRX.L,Drax Group,UK,FTSE250,Utilities,stage4_breakdown,D,failed,True,Stage 4,-25.6,16.3,29.4,-30.245,,,1.0,Improving,812.5,696.8256,780.4447,478.6875,295.2376,12.0,2.61,5,event_driven,171.0,True,clear,ok,6599026.64,2026-09-21,1.0,807.5,862.3645,786.3764,False,,False,,False,,,,watching,,,
EZJ.L@2026-07-08,2026-09-09,EZJ.L,EasyJet,UK,FTSE250,Consumer Discretionary,stage2_breakout,D,failed,False,Stage 2,28.2,26.4,22.1,-6.1562,28.3742,-39.4983,0.88,Improving,667.2000122070312,694.3059,610.9892,991.51,1237.678,12.0,3.57,9,clear,78.0,False,clear,ok,32585033.600976776,2026-09-21,1.0,675.0,675.0,663.6,False,,False,,False,,,,watching,,,
ELM.L@2026-08-05,2026-09-09,ELM.L,Elementis,UK,FTSE250,Materials,stage2_breakout,D,failed,False,Stage 1 to 2,-6.4,20.6,26.4,-27.8356,-19.8355,-8.7276,0.7,Improving,171.60000610351562,198.3884,174.5818,254.7848,302.3019,12.0,2.37,5,event_driven,176.0,True,clear,ok,1780389.0309002076,2026-09-21,1.0,177.4,182.8,165.0,False,,False,,False,,,,watching,,,
ENOG.L@2026-06-17,2026-09-09,ENOG.L,Energean,UK,FTSE250,Energy,stage4_breakdown,C,live,True,Stage 4,-27.3,9.2,27.3,-37.0838,-20.0393,-18.659,0.7,Improving,791.0,658.7259,737.773,407.1271,193.2288,12.0,3.18,12,event_ahead,2.0,False,rebalance_week,ok,2864287.7206611326,2026-09-21,1.0,718.0,817.5,718.0,False,,False,,False,,,,watching,,,
FCSS.L@2026-06-24,2026-09-09,FCSS.L,Fidelity China Special Situations,UK,FTSE250,Investment Trusts,stage4_breakdown,C,live,True,Stage 4,-58.6,13.6,56.4,-43.7747,-0.8836,-43.0583,0.88,Improving,247.5,237.3273,265.8066,140.4835,60.0582,12.0,3.4,11,unknown,,,rebalance_week,ok,1450581.3498636477,2026-09-21,1.0,253.5,259.5,239.5,False,,False,,False,,,,watching,,,
FSG.L@2026-07-15,2026-09-09,FSG.L,Foresight Group,UK,FTSE250,Financials,stage2_breakout,D,failed,False,Stage 2 to 3,2.2,21.3,25.5,-26.2876,-24.0041,-1.386,0.7,Improving,472.0,522.4231,459.7323,746.75,932.15,12.0,3.58,8,clear,85.0,False,clear,ok,1250050.329,2026-09-21,1.0,430.5,479.15,425.5,False,,False,,False,,,,watching,,,
FCH.L@2026-07-22,2026-09-09,FCH.L,Funding Circle,UK,FTSE250,Financials,stage2_breakout,D,failed,False,Stage 2 to 3,-10.2,15.0,37.8,-10.7985,-24.0041,15.0811,0.88,Improving,189.3999938964844,257.396,226.5085,365.4362,456.1652,12.0,3.5,7,event_ahead,1.0,False,clear,ok,1644433.9157694243,2026-09-21,1.0,183.4,195.0,179.0,False,,False,,False,,,,watching,,,
GFRD.L@2026-07-22,2026-09-09,GFRD.L,Galliford Try,UK,FTSE250,Construction,stage2_breakout,D,failed,False,Stage 3 to 4,-21.5,23.4,32.0,-26.8679,,,1.0,Improving,568.0,650.006,572.0053,811.01,947.818,12.0,2.06,7,event_ahead,10.0,False,clear,ok,1257022.656,2026-09-14,0.0,684.0,684.0,555.0,True,2026-09-14,True,2026-09-14,False,,0.44,0.44,stopped out,,,
GAMA.L@2026-08-26,2026-09-09,GAMA.L,Gamma Communications,UK,FTSE250,Communication Services,stage2_breakout,D,failed,False,Stage 2,15.6,23.8,16.5,-16.7215,-27.7504,14.8685,0.88,Improving,1140.0,1226.5202,1079.3377,1727.1043,2143.1878,12.0,3.4,2,event_ahead,0.0,False,clear,ok,5050640.911516601,2026-09-21,1.0,1122.0,1155.0,1110.0,False,,False,,False,,,,watching,,,
HAS.L@2026-08-12,2026-09-09,HAS.L,Hays,UK,FTSE250,Industrials,stage2_breakout,D,failed,False,Stage 2,23.2,5.4,16.9,-7.729,18.5734,-33.6732,0.88,Improving,66.8499984741211,80.0259,70.4228,113.7525,141.9945,12.0,3.51,4,clear,172.0,False,clear,ok,2024912.163467396,2026-09-21,1.0,63.95,69.95,62.55,False,,False,,False,,,,watching,,,
IHP.L@2026-07-01,2026-09-09,IHP.L,IntegraFin Holdings,UK,FTSE250,Financials,stage2_breakout,D,failed,False,Stage 1 to 2,-3.5,32.2,29.1,-26.9268,-24.0041,-2.7572,0.7,Improving,372.0,407.6873,358.7649,511.0321,598.2577,12.0,2.11,10,clear,93.0,False,rebalance_week,ok,2135111.7740696413,2026-09-21,1.0,365.5,385.0,358.5,False,,False,,False,,,,watching,,,
ITV.L@2026-07-08,2026-09-09,ITV.L,ITV,UK,FTSE250,Communication Services,stage4_breakdown,C,live,True,Stage 4,-44.9,11.8,81.6,-38.7096,-27.7504,-15.5878,0.7,Improving,70.44999694824219,68.1431,76.3202,51.0862,36.5952,12.0,2.09,9,clear,178.0,False,clear,ok,6617049.743868713,2026-09-21,1.0,68.55,71.1,67.6,True,2026-09-21,False,,False,,0.07,-0.05,open,,,
JMAT.L@2026-08-19,2026-09-09,JMAT.L,Johnson Matthey,UK,FTSE250,Materials,stage4_breakdown,C,late,True,Stage 4,-76.1,3.5,87.9,-44.6995,-19.8355,-29.5492,0.7,Improving,2236.0,2161.2026,2420.5469,1246.5326,469.3586,12.0,3.53,3,clear,73.0,False,clear,ok,11383642.088255616,2026-09-21,1.0,2372.0,2396.0,2192.0,False,,False,,False,,,,watching,,,
LWDB.L@2026-08-05,2026-09-09,LWDB.L,Law Debenture,UK,FTSE250,Investment Trusts,stage2_breakout,D,failed,False,Stage 1 to 2,-3.3,41.4,33.6,-25.19,-0.8836,-24.4118,0.88,Improving,1216.0,1299.6694,1175.2376,1570.0735,1794.1323,9.57,2.17,5,unknown,,,clear,ok,2001291.447499756,2026-09-21,1.0,1234.0,1248.0,1198.0,False,,False,,False,,,,watching,,,
MTO.L@2026-07-22,2026-09-09,MTO.L,Mitie,UK,FTSE250,Industrials,stage2_breakout,D,failed,False,Stage 2,18.8,27.6,24.2,-14.9913,18.5734,-36.6701,0.88,Improving,209.0,216.2827,190.3288,285.0,341.8,12.0,2.65,7,clear,73.0,False,clear,ok,7964425.363093659,2026-09-21,1.0,210.2,211.0,208.6,False,,False,,False,,,,watching,,,
GROW.L@2026-08-12,2026-09-09,GROW.L,Molten Ventures,UK,FTSE250,Financials,stage2_breakout,D,failed,False,Stage 2 to 3,13.6,24.2,22.7,-10.0056,-24.0041,18.6905,0.88,Improving,675.0,730.2182,642.592,1004.6,1234.68,12.0,3.13,4,clear,77.0,False,clear,ok,4259092.794,2026-09-21,1.0,670.5,701.0,629.5,False,,False,,False,,,,watching,,,
MONY.L@2026-07-15,2026-09-09,MONY.L,MONY Group,UK,FTSE250,Communication Services,stage2_breakout,D,failed,False,Stage 1 to 2,-3.5,26.8,19.4,-28.5909,-27.7504,-1.186,0.7,Improving,192.0,216.9001,190.8721,288.4053,347.9296,12.0,2.75,8,clear,171.0,False,clear,ok,2715762.639359924,2026-09-21,1.0,177.3,204.0,172.861,False,,False,,False,,,,watching,,,
MOON.L@2026-07-08,2026-09-09,MOON.L,Moonpig,UK,FTSE250,Consumer Discretionary,stage2_breakout,D,failed,False,Stage 2 to 3,-6.2,13.5,27.6,-20.4748,28.3742,-48.4551,0.88,Improving,257.20001220703125,297.6926,261.9694,389.6,466.88,12.0,2.57,9,clear,92.0,False,clear,ok,2601239.0485980986,2026-09-21,1.0,262.8,270.0,238.6,False,,False,,False,,,,watching,,,
MGAM.L@2026-08-05,2026-09-09,MGAM.L,Morgan Advanced Materials,UK,FTSE250,Industrials,stage2_breakout,D,failed,False,"Stage 1 or 3, undetermined",-1.3,36.6,23.7,-24.1037,18.5734,-44.0132,0.88,Improving,243.5,264.8979,233.1102,342.256,407.2607,12.0,2.43,5,event_driven,176.0,True,clear,ok,1990429.1742316887,2026-09-21,1.0,259.0,264.0,235.3,False,,False,,False,,,,watching,,,
PNN.L@2026-09-09,2026-09-09,PNN.L,Pennon Group,UK,FTSE250,"Gas, Water & Multiutilities",stage4_breakdown,C,live,True,Stage 4,-51.1,15.0,42.2,-40.407,,,1.0,Improving,449.3999938964844,444.9798,498.3774,299.6445,177.6002,12.0,2.72,0,clear,85.0,False,rebalance_week,ok,7082001.2899839785,2026-09-21,1.0,448.0,467.641,439.246,True,2026-09-14,False,,False,,0.11,-0.06,open,,,
PETS.L@2026-06-17,2026-09-09,PETS.L,Pets at Home,UK,FTSE250,Consumer Discretionary,stage4_breakdown,D,failed,True,"Stage 1 or 3, undetermined",-2.4,33.5,22.0,-29.259,28.3742,-55.2909,0.88,Improving,208.6000061035156,163.5846,183.2147,105.0333,55.2999,12.0,2.98,12,clear,79.0,False,rebalance_week,ok,1947780.423047272,2026-09-21,1.0,211.2,217.0,204.0,False,,False,,False,,,,watching,,,
PCGH.L@2026-07-01,2026-09-09,PCGH.L,Polar Capital Global Healthcare Trust,UK,FTSE250,Investment Trusts,stage2_breakout,D,failed,False,Stage 1 to 2,-6.3,42.9,39.7,-27.5887,-0.8836,-26.6242,0.88,Improving,430.5,465.0782,409.2688,568.9026,655.6247,12.0,1.86,10,unknown,,,rebalance_week,ok,1212878.680706482,2026-09-21,1.0,438.5,452.5,427.0,False,,False,,False,,,,watching,,,
QQ.L@2026-08-05,2026-09-09,QQ.L,Qinetiq,UK,FTSE250,Industrials,stage2_breakout,D,failed,False,Stage 3 to 4,-44.8,8.7,35.6,-32.2294,18.5734,-49.9984,0.88,Improving,472.3999938964844,585.9077,515.5988,752.1668,892.7003,12.0,2.36,5,clear,66.0,False,clear,ok,9885014.249384737,2026-09-21,1.0,489.2,506.0,468.8,False,,False,,False,,,,watching,,,
QLT.L@2026-07-01,2026-09-09,QLT.L,Quilter,UK,FTSE250,Financials,stage2_breakout,D,failed,False,Stage 3 to 4,-34.3,20.2,51.2,-31.4338,-24.0041,-9.1701,0.7,Improving,184.1999969482422,211.6765,186.2753,254.7101,291.2963,12.0,1.69,10,clear,177.0,False,rebalance_week,ok,5824971.559946289,2026-09-21,1.0,178.6,188.7,177.9,False,,False,,False,,,,watching,,,
RAT.L@2026-06-17,2026-09-09,RAT.L,Rathbones,UK,FTSE250,Financials,stage4_breakdown,D,late,False,Stage 4,-58.3,10.9,62.9,-41.7135,-24.0041,-21.9831,0.7,Improving,1626.0,1550.379,1736.4245,868.833,300.1423,12.0,3.66,12,clear,172.0,False,rebalance_week,ok,1852282.38090918,2026-09-21,1.0,1550.0,1656.0,1512.0,True,2026-09-21,False,,False,,0.21,0.0,open,,,
ROR.L@2026-07-22,2026-09-09,ROR.L,Rotork,UK,FTSE250,Industrials,stage2_breakout,D,failed,False,Stage 2,34.6,18.2,26.3,-6.0674,18.5734,-30.2672,0.88,Improving,484.2000122070313,493.9194,434.6491,691.9573,854.1873,12.0,3.34,7,clear,183.0,False,clear,ok,10079364.856775757,2026-09-21,1.0,485.6,489.0,484.0,False,,False,,False,,,,watching,,,
RTW.L@2026-07-01,2026-09-09,RTW.L,RTW Biotech Opportunities,UK,FTSE250,Investment Trusts,stage2_breakout,D,failed,False,Stage 2 to 3,-14.1,22.7,33.0,-21.1232,-0.8836,-90.8973,0.88,Improving,2.359999895095825,2.6701,2.3497,3.41,4.026,12.0,2.31,10,unknown,,,rebalance_week,untradeable,7902.98382178855,2026-09-21,1.0,2.36,2.42,2.3,False,,False,,False,,,,watching,,,
SAFE.L@2026-09-09,2026-09-09,SAFE.L,Safestore,UK,FTSE250,Real Estate,stage4_breakdown,C,late,True,Stage 4,-77.5,4.6,56.3,-46.8793,-32.5245,-19.7436,0.7,Improving,540.5,540.8278,605.7272,303.325,104.785,12.0,3.66,0,clear,129.0,False,rebalance_week,ok,3353558.499048706,2026-09-21,1.0,522.0,548.0,509.5,True,2026-09-14,False,,False,,0.48,0.29,open,,,
SAGA.L@2026-07-01,2026-09-09,SAGA.L,Saga,UK,FTSE250,Consumer Discretionary,stage2_breakout,D,failed,False,Stage 3 to 4,-21.5,21.2,44.4,-6.7157,28.3742,-36.855,0.88,Improving,606.0,763.2233,671.6365,1063.0,1315.8,12.0,3.27,10,event_ahead,23.0,False,rebalance_week,ok,2775705.546,2026-09-21,1.0,616.0,640.0,576.0,False,,False,,False,,,,watching,,,
SEQI.L@2026-07-29,2026-09-09,SEQI.L,Sequoia Economic Infrastructure Income Fund,UK,FTSE250,Financials,stage2_breakout,D,failed,False,Stage 1 to 2,-0.5,42.1,34.4,-27.3144,-24.0041,-3.6932,0.7,Improving,85.0999984741211,88.6152,81.4682,100.5312,110.5561,8.07,1.67,6,unknown,,,clear,ok,2091081.922984169,2026-09-21,1.0,85.2,85.9,82.9,False,,False,,False,,,,watching,,,
SRP.L@2026-06-24,2026-09-09,SRP.L,Serco,UK,FTSE250,Industrials,stage4_breakdown,C,live,True,Stage 4,-55.4,10.5,31.1,-36.1993,18.5734,-52.9061,0.88,Improving,248.1999969482422,214.5234,240.2662,120.1126,41.4935,12.0,3.67,11,clear,178.0,False,rebalance_week,ok,6227149.780737305,2026-09-21,1.0,254.2,262.4,244.4,False,,False,,False,,,,watching,,,
THRL.L@2026-07-22,2026-09-09,THRL.L,Target Healthcare REIT,UK,FTSE250,Real Estate,stage2_breakout,D,failed,False,Stage 1 to 2,-7.8,46.1,27.6,-26.058,-32.5245,7.5708,0.88,Improving,110.0,118.5542,105.4458,138.0264,154.8475,11.06,1.49,7,unknown,,,clear,ok,1045938.668354988,2026-09-21,1.0,113.0,117.0,108.2,False,,False,,False,,,,watching,,,
THG.L@2026-09-09,2026-09-09,THG.L,THG,UK,FTSE250,Personal Products,stage4_breakdown,C,late,True,Stage 4,-69.8,4.3,61.0,-52.4934,,,1.0,Improving,26.26000022888184,26.2703,29.4227,14.96,5.168,12.0,3.59,0,event_driven_and_ahead,3.0,True,rebalance_week,ok,1244875.1919142455,2026-09-21,1.0,26.34,28.22,25.78,True,2026-09-14,False,,False,,0.16,-0.02,open,,,
TRY.L@2026-09-09,2026-09-09,TRY.L,TR Property Investment Trust,UK,FTSE250,Investment Trusts,stage4_breakdown,C,live,True,Stage 4,-50.0,18.4,54.9,-38.4617,-0.8836,-37.6719,0.88,Improving,290.0,286.9514,321.3856,193.2868,115.1923,12.0,2.72,0,unknown,,,rebalance_week,ok,2510880.123,2026-09-21,1.0,282.5,295.0,282.125,True,2026-09-14,False,,False,,0.14,0.13,open,,,
VSVS.L@2026-07-29,2026-09-09,VSVS.L,Vesuvius,UK,FTSE250,Industrials,stage4_breakdown,D,late,False,Stage 4,-55.6,9.9,51.0,-38.9003,18.5734,-54.7073,0.88,Improving,369.6000061035156,353.1322,395.508,214.6376,97.6015,12.0,3.27,6,event_driven,185.0,True,clear,ok,1690789.6159470216,2026-09-21,1.0,372.8,382.0,356.0,False,,False,,False,,,,watching,,,
VOF.L@2026-07-22,2026-09-09,VOF.L,VinaCapital Vietnam Opportunity Fund,UK,FTSE250,General Financial,stage4_breakdown,C,live,True,Stage 4,-32.4,35.6,49.8,-35.5676,,,1.0,Improving,436.0,406.5701,455.3585,324.5585,255.4054,12.0,1.68,7,unknown,,,clear,ok,549613.8925,2026-09-21,1.0,431.0,441.0,424.0,False,,False,,False,,,,watching,,,
JDW.L@2026-08-05,2026-09-09,JDW.L,Wetherspoons,UK,FTSE250,Consumer Discretionary,stage2_breakout,D,failed,False,Stage 2 to 3,5.7,26.6,16.6,-21.9524,28.3742,-50.3211,0.88,Improving,782.5,879.7224,774.1557,1199.536,1467.1647,12.0,3.03,5,event_ahead,25.0,False,clear,ok,1509769.6815000002,2026-09-21,1.0,810.5,835.0,764.0,False,,False,,False,,,,watching,,,
SMWH.L@2026-09-09,2026-09-09,SMWH.L,WHSmith,UK,FTSE250,Consumer Discretionary,stage4_breakdown,C,late,True,Stage 4,-73.5,9.6,41.6,-56.7464,28.3742,-73.452,0.88,Improving,374.2000122070313,368.4075,412.6165,208.23,71.934,12.0,3.62,0,clear,65.0,False,rebalance_week,ok,2509031.6588699343,2026-09-21,1.0,371.0,389.2,345.6,True,2026-09-14,False,,False,,0.52,-0.06,open,,,
APTD.L@2026-07-01,2026-09-09,APTD.L,Aptitude Software Group,UK,FTSE_SMALL,Software,stage4_breakdown,C,live,True,Stage 4,-31.3,23.9,29.7,-42.2203,,,1.0,Improving,219.0,191.0937,214.0249,137.0403,90.6725,12.0,2.36,10,unknown,,,rebalance_week,thin,50792.53204368592,2026-09-21,1.0,244.0,259.0,205.9847,False,,False,,False,,,,watching,,,
BGEU.L@2026-06-17,2026-09-09,BGEU.L,Baillie Gifford European Growth Trust,UK,FTSE_SMALL,Investment Trust,stage2_breakout,D,failed,False,Stage 2 to 3,12.6,33.6,17.4,-22.1899,-25.9116,5.5274,0.88,Improving,122.0,134.4515,118.3173,174.599,207.8782,12.0,2.49,12,unknown,,,rebalance_week,ok,645834.6325116577,2026-09-21,1.0,121.0,124.5,120.0,False,,False,,False,,,,watching,,,
CAPD.L@2026-07-29,2026-09-09,CAPD.L,Capital Limited,UK,FTSE_SMALL,Other Industrial Metals & Mining,stage4_breakdown,C,live,True,Stage 4,-32.1,15.9,33.4,-34.925,,,1.0,Improving,112.0,94.2618,105.5732,53.269,18.402,12.0,3.62,6,unknown,,,clear,thin,277181.55683468626,2026-09-21,1.0,120.0,124.0,108.0,False,,False,,False,,,,watching,,,
CNE.L@2026-07-01,2026-09-09,CNE.L,Capricorn Energy,UK,FTSE_SMALL,Energy,stage2_breakout,D,late,False,Stage 2,67.7,48.1,21.2,2.8633,-20.0393,25.5353,0.88,Improving,383.0,393.891,346.624,526.5,637.3,12.0,2.81,10,event_ahead,17.0,False,rebalance_week,ok,538158.22,2026-09-21,1.0,450.0,450.0,381.0,True,2026-09-21,False,,False,,1.19,1.19,open,,,
CLIG.L@2026-07-15,2026-09-09,CLIG.L,City of London Investment Group,UK,FTSE_SMALL,Asset Management,stage2_breakout,D,failed,False,Stage 2 to 3,12.2,43.2,23.2,-19.0758,,,1.0,Improving,477.0,502.7654,442.4336,634.0,744.4,12.0,2.18,8,event_ahead,8.0,False,clear,ok,249287.79,2026-09-21,1.0,504.0,540.0,460.7999,True,2026-09-14,False,,False,,0.62,0.02,open,,,
FOXT.L@2026-07-15,2026-09-09,FOXT.L,Foxtons,UK,FTSE_SMALL,Real Estate Services,stage4_breakdown,C,late,True,Stage 4,-53.4,11.6,33.9,-50.1688,,,1.0,Improving,36.5,30.8132,34.5107,17.4339,6.0226,12.0,3.62,8,clear,178.0,False,clear,thin,133132.04241012572,2026-09-21,1.0,37.6,38.0,35.5,False,,False,,False,,,,watching,,,
FSJ.L@2026-09-09,2026-09-09,FSJ.L,James Fisher & Sons,UK,FTSE_SMALL,Marine Shipping,stage4_breakdown,D,live,False,Stage 4,-45.5,16.6,57.6,-31.5977,,,1.0,Improving,428.0,420.9272,471.4385,304.582,204.8148,12.0,2.3,0,event_driven_and_ahead,1.0,True,rebalance_week,thin,210786.656,2026-09-21,1.0,421.0,451.0,406.0,True,2026-09-14,False,,False,,0.3,-0.0,open,,,
KMR.L@2026-06-24,2026-09-09,KMR.L,Kenmare Resources,UK,FTSE_SMALL,Other Industrial Metals & Mining,stage4_breakdown,C,late,True,Stage 4,-58.3,10.4,59.1,-49.8146,,,1.0,Improving,179.1999969482422,173.5408,194.3657,98.12,33.896,12.0,3.62,11,clear,198.0,False,rebalance_week,thin,160478.85,2026-09-21,1.0,183.0,190.0,171.4,True,2026-09-14,False,,False,,0.1,-0.45,open,,,
LIO.L@2026-06-24,2026-09-09,LIO.L,Liontrust Asset Management,UK,FTSE_SMALL,Asset Management,stage2_breakout,D,failed,False,Stage 3 to 4,-15.9,28.7,35.4,-30.1704,,,1.0,Improving,288.5,364.6716,320.911,484.5792,585.8425,12.0,2.74,11,clear,73.0,False,rebalance_week,ok,625107.7294707032,2026-09-21,1.0,262.0,298.5,253.0,False,,False,,False,,,,watching,,,
MACF.L@2026-08-26,2026-09-09,MACF.L,Macfarlane Group,UK,FTSE_SMALL,Packaging & Containers,stage2_breakout,D,failed,False,Stage 1 to 2,6.4,41.5,10.0,-25.6006,,,1.0,Improving,78.80000305175781,82.3052,72.4286,112.6427,138.0223,12.0,3.07,2,unknown,,,clear,thin,116297.39439526368,2026-09-21,1.0,82.2,83.4,75.1,True,2026-09-21,False,,False,,0.11,-0.01,open,,,
MMIT.L@2026-06-17,2026-09-09,MMIT.L,Mobius Investment Trust,UK,FTSE_SMALL,Investment Trust,stage2_breakout,D,failed,False,Stage 2 to 3,10.5,42.9,29.0,-20.3663,-25.9116,6.2217,0.88,Improving,175.75,187.973,165.4163,238.0,280.0,12.0,2.22,12,unknown,,,rebalance_week,thin,136511.367,2026-09-21,1.0,186.0,186.5,172.5,False,,False,,False,,,,watching,,,
PHAR.L@2026-08-05,2026-09-09,PHAR.L,Pharos Energy,UK,FTSE_SMALL,Oil & Gas E&P,stage2_breakout,D,failed,False,Stage 2 to 3,9.0,19.6,37.9,-14.5606,,,1.0,Improving,29.600000381469727,34.9765,30.7793,48.2061,59.3311,12.0,3.15,5,event_ahead,16.0,False,clear,thin,155276.80346855737,2026-09-21,1.0,30.1,30.8,29.05,False,,False,,False,,,,watching,,,
RCH.L@2026-07-22,2026-09-09,RCH.L,Reach,UK,FTSE_SMALL,Publishing,stage4_breakdown,C,late,True,Stage 4,-55.5,13.9,58.0,-51.3062,,,1.0,Improving,41.0,38.8285,43.4879,22.0481,7.6166,12.0,3.6,7,event_driven,176.0,True,clear,ok,522658.58671247103,2026-09-21,1.0,44.1,44.65,39.0,False,,False,,False,,,,watching,,,
REC.L@2026-07-08,2026-09-09,REC.L,Record,UK,FTSE_SMALL,Asset Management,stage4_breakdown,C,live,True,Stage 4,-49.6,18.7,41.6,-43.4285,,,1.0,Improving,44.5,40.617,45.491,24.4185,10.8334,12.0,3.32,9,unknown,,,clear,thin,84420.58504560853,2026-09-21,1.0,42.0,45.0,41.5,False,,False,,False,,,,watching,,,
SBRE.L@2026-07-15,2026-09-09,SBRE.L,Sabre Insurance,UK,FTSE_SMALL,Insurance Brokers,stage2_breakout,D,failed,False,Stage 2 to 3,9.3,35.0,36.1,-19.1476,,,1.0,Improving,170.1999969482422,191.441,168.4681,249.4212,297.9533,12.0,2.52,8,clear,185.0,False,clear,ok,1176877.3067244417,2026-09-21,1.0,172.4,178.0,163.0,False,,False,,False,,,,watching,,,
INOV.L@2026-06-17,2026-09-09,INOV.L,Schroders Capital Global Innovation Trust,UK,FTSE_SMALL,Investment Trust,stage2_breakout,D,failed,False,Stage 2 to 3,9.6,46.2,21.7,-22.6454,-25.9116,4.0232,0.88,Improving,17.200000762939453,18.0219,15.8593,22.9,26.98,12.0,2.26,12,unknown,,,rebalance_week,thin,78101.28893708515,2026-09-21,1.0,16.7,18.1,16.4,True,2026-09-14,False,,False,,0.04,-0.61,open,,,
STB.L@2026-07-22,2026-09-09,STB.L,Secure Trust Bank,UK,FTSE_SMALL,Banks - Regional,stage2_breakout,D,failed,False,Stage 1 to 2,-10.7,33.5,35.6,-18.2861,,,1.0,Improving,1492.0,1685.5184,1483.2562,2145.0346,2533.1711,12.0,2.27,7,unknown,,,clear,ok,737297.4519898682,2026-09-21,1.0,1554.0,1592.0,1470.0,False,,False,,False,,,,watching,,,
SFR.L@2026-07-15,2026-09-09,SFR.L,Severfield,UK,FTSE_SMALL,Engineering & Construction,stage2_breakout,D,failed,False,Stage 2,18.0,31.2,23.4,-14.0695,,,1.0,Improving,37.5,40.7248,35.8378,58.0,72.4,12.0,3.53,8,unknown,,,clear,thin,95020.24535488128,2026-09-21,1.0,38.8,39.0,36.9,False,,False,,False,,,,watching,,,
SDY.L@2026-09-09,2026-09-09,SDY.L,Speedy Hire,UK,FTSE_SMALL,Rental & Leasing Services,stage4_breakdown,C,late,True,Stage 4,-77.3,3.8,53.6,-55.235,,,1.0,Improving,15.31999969482422,16.4724,18.4491,9.35,3.23,12.0,3.6,0,unknown,,,rebalance_week,thin,270232.8371955948,2026-09-21,1.0,14.44,17.0,14.12,True,2026-09-14,False,,False,,1.19,1.03,open,,,
STVG.L@2026-06-17,2026-09-09,STVG.L,STV Group,UK,FTSE_SMALL,Broadcasting,stage4_breakdown,C,live,True,Stage 4,-35.5,30.4,49.3,-36.4941,,,1.0,Improving,101.0,93.8523,105.1146,71.7,52.58,12.0,1.97,12,unknown,,,rebalance_week,thin,33036.636,2026-09-21,1.0,102.75,106.0,96.8,False,,False,,False,,,,watching,,,
VANQ.L@2026-07-29,2026-09-09,VANQ.L,Vanquis Banking Group,UK,FTSE_SMALL,Credit Services,stage4_breakdown,C,late,True,Stage 4,-55.0,8.2,53.9,-52.0098,,,1.0,Improving,78.9000015258789,72.5715,81.2801,41.25,14.25,12.0,3.6,6,event_driven,171.0,True,clear,ok,623319.4936841431,2026-09-21,1.0,73.0,80.9,72.0,True,2026-09-21,False,,False,,0.07,-0.05,open,,,
AAUC@2026-07-29,2026-09-09,AAUC,Allied Gold Corporation Common Shares,US,USALL,Materials,stage4_breakdown,C,late,True,Stage 4,-63.4,9.1,49.9,-7.4028,0.0,-7.4028,0.88,Improving,22.84000015258789,16.3647,18.3285,9.3115,3.2167,12.0,3.59,6,clear,58.0,False,clear,ok,10753254.448337557,2026-09-21,1.0,22.29,23.09,20.695,False,,False,,False,,,,watching,,,
ABCB@2026-06-24,2026-09-09,ABCB,Ameris Bancorp Common Stock,US,USALL,Financials,stage2_breakout,D,live,False,Stage 2 to 3,11.7,38.0,34.3,4.7134,9.876,-4.6499,0.88,Improving,84.66000366210938,94.1866,82.8842,113.5929,129.8912,12.0,1.72,11,clear,49.0,False,rebalance_week,ok,27375711.88951295,2026-09-21,1.0,82.29,85.49,81.26,False,,False,,False,,,,watching,,,
ABX@2026-07-01,2026-09-09,ABX,"Abacus Global Management, Inc. Class A Common Stock",US,USALL,Financials,stage2_breakout,D,live,False,Stage 2,36.3,42.3,13.3,13.2791,9.876,3.6334,1.15,Improving,9.510000228881836,12.6826,11.1607,17.56,21.656,12.0,3.2,10,clear,59.0,False,rebalance_week,ok,3435120.7013130547,2026-09-21,1.0,8.29,9.7,7.62,False,,False,,False,,,,watching,,,
ACA@2026-06-24,2026-09-09,ACA,"Arcosa, Inc. Common Stock",US,USALL,Industrials,stage2_breakout,C,late,True,Stage 2,60.6,51.8,12.7,22.062,0.0,22.062,1.0,Improving,145.0,147.9682,130.212,193.9578,231.6286,12.0,2.59,11,clear,52.0,False,rebalance_week,ok,33423633.84690636,2026-09-21,1.0,146.62,146.82,145.05,False,,False,,False,,,,watching,,,
ACCO@2026-06-24,2026-09-09,ACCO,Acco Brands Corporation Common Stock,US,USALL,Industrials,stage2_breakout,D,late,False,Stage 2,50.2,46.9,7.7,15.5375,0.0,15.5375,1.0,Improving,4.239999771118164,4.5498,4.0038,6.2519,7.6701,12.0,3.12,11,clear,52.0,False,rebalance_week,ok,2296918.626734121,2026-09-21,1.0,4.31,4.39,4.13,False,,False,,False,,,,watching,,,
ACHC@2026-07-15,2026-09-09,ACHC,"Acadia Healthcare Company, Inc. - Common Stock",US,USALL,Health Care,stage2_breakout,D,live,False,Stage 2,45.8,42.9,12.6,23.3951,17.6631,4.9897,1.15,Improving,28.36000061035156,36.7077,32.3027,51.9535,64.8523,12.0,3.46,8,clear,58.0,False,clear,ok,50385435.33301071,2026-09-21,1.0,28.09,29.78,26.97,False,,False,,False,,,,watching,,,
ACHV@2026-07-01,2026-09-09,ACHV,"Achieve Life Sciences, Inc.  - Common Shares",US,USALL,Health Care,stage2_breakout,D,late,False,Stage 2,50.0,18.7,9.1,41.1403,17.6631,21.4096,1.15,Improving,7.059999942779541,8.8661,7.8022,12.528,15.6384,12.0,3.44,10,clear,59.0,False,rebalance_week,ok,5695069.798424721,2026-09-21,1.0,7.54,8.42,7.02,False,,False,,False,,,,watching,,,
ACIC@2026-08-19,2026-09-09,ACIC,American Coastal Insurance Corporation - Common Stock,US,USALL,Financials,stage4_breakdown,C,late,True,Stage 4,-67.6,3.7,64.7,-14.6825,9.876,-22.7971,0.88,Improving,9.34000015258789,8.9194,9.9897,5.005,1.729,12.0,3.66,3,clear,58.0,False,clear,ok,1781363.0280088224,2026-09-21,1.0,9.4,9.49,9.03,False,,False,,False,,,,watching,,,
ACIW@2026-07-15,2026-09-09,ACIW,"ACI Worldwide, Inc. - Common Stock",US,USALL,Information Technology,stage2_breakout,D,live,False,Stage 2,48.6,32.8,7.8,10.5733,18.0891,-7.4848,0.88,Improving,52.09000015258789,62.044,54.5987,84.11,102.534,12.0,2.96,8,clear,59.0,False,clear,ok,28089709.72016365,2026-09-21,1.0,49.51,53.6,48.8,False,,False,,False,,,,watching,,,
ACOG@2026-07-08,2026-09-09,ACOG,Alpha Cognition Inc. - Common Stock,US,USALL,Health Care,stage2_breakout,D,late,False,Stage 2,65.5,19.0,0.6,33.1147,17.6631,12.6312,1.15,Improving,8.899999618530273,10.4241,9.1732,14.703,18.3534,12.0,3.42,9,clear,66.0,False,clear,thin,311394.3405189781,2026-09-21,1.0,8.47,9.24,8.3,False,,False,,False,,,,watching,,,
ACR@2026-06-17,2026-09-09,ACR,ACRES Commercial Realty Corp. Common Stock,US,USALL,Real Estate,stage4_breakdown,C,late,True,Stage 4,-69.3,5.3,42.6,-29.469,0.4739,-30.1131,0.88,Improving,13.5600004196167,13.336,14.9363,7.524,2.5992,12.0,3.63,12,clear,51.0,False,rebalance_week,thin,285025.75370184367,2026-09-21,1.0,10.48,13.99,10.21,True,2026-09-14,False,,False,,1.95,1.78,open,,,
ACT@2026-07-15,2026-09-09,ACT,"Enact Holdings, Inc. - Common Stock",US,USALL,Financials,stage2_breakout,D,late,False,Stage 2,58.3,56.6,7.3,19.2099,9.876,8.6835,1.15,Improving,49.43000030517578,51.0536,44.9272,61.7302,70.6663,12.0,1.74,8,clear,63.0,False,clear,ok,10411840.245886875,2026-09-21,1.0,46.97,50.2,46.51,False,,False,,False,,,,watching,,,
ACVA@2026-09-09,2026-09-09,ACVA,ACV Auctions Inc. Class A Common Stock,US,USALL,Consumer Discretionary,stage2_breakout,D,late,False,Stage 2,66.0,18.1,2.5,46.6237,0.0,46.6237,1.0,Improving,10.40999984741211,8.6529,7.6145,12.1438,15.1588,12.0,3.36,0,clear,58.0,False,rebalance_week,ok,14085404.14100626,2026-09-21,1.0,10.46,10.5,10.41,True,2026-09-14,False,,False,,1.78,1.74,open,,,
ADPT@2026-07-15,2026-09-09,ADPT,Adaptive Biotechnologies Corporation - Common Stock,US,USALL,Health Care,stage2_breakout,D,late,False,Stage 2,50.4,15.1,11.3,39.8486,17.6631,19.25,1.15,Improving,24.200000762939453,27.4222,24.1315,38.9615,48.6347,12.0,3.51,8,clear,58.0,False,clear,ok,29440137.383395504,2026-09-14,0.0,28.61,28.72,23.965,True,2026-09-14,True,2026-09-14,False,,0.39,0.36,stopped out,,,
AEM@2026-07-15,2026-09-09,AEM,Agnico Eagle Mines Limited Common Stock,US,USALL,Materials,stage4_breakdown,D,failed,True,Stage 1 to 2,54.4,41.7,6.2,10.1415,0.0,10.1415,1.0,Improving,200.3600006103516,129.4724,145.0091,73.7453,25.4756,12.0,3.59,8,clear,51.0,False,clear,ok,336387935.7519854,2026-09-21,1.0,194.48,204.62,190.4,False,,False,,False,,,,watching,,,
AERT@2026-06-17,2026-09-09,AERT,"Aeries Technology, Inc. - Class A Ordinary Share",US,USALL,Industrials,stage2_breakout,D,late,False,Stage 2,51.4,25.5,12.9,33.8247,0.0,33.8247,1.0,Improving,6.849999904632568,7.8716,6.927,11.0925,13.8465,12.0,3.41,12,unknown,,,rebalance_week,thin,106639.00476314237,2026-09-21,1.0,7.1,7.27,6.7,False,,False,,False,,,,watching,,,
AFRI@2026-08-05,2026-09-09,AFRI,Forafric Global PLC - Ordinary Shares,US,USALL,Consumer Staples,stage2_breakout,D,live,False,Stage 2,55.6,58.2,7.1,10.2516,2.0049,8.0402,1.15,Improving,11.06999969482422,12.1015,10.6493,15.09,17.642,12.0,2.06,5,unknown,,,clear,thin,114605.69616678036,2026-09-21,1.0,10.97,11.913,10.85,False,,False,,False,,,,watching,,,
AGIO@2026-07-08,2026-09-09,AGIO,"Agios Pharmaceuticals, Inc. - Common Stock",US,USALL,Health Care,stage2_breakout,D,live,False,Stage 2,39.1,35.3,7.6,3.8757,17.6631,-13.5163,0.88,Improving,33.599998474121094,45.0268,39.6236,63.89,79.73,12.0,3.49,9,clear,52.0,False,clear,ok,22801837.0341604,2026-09-21,1.0,32.58,35.36,31.37,False,,False,,False,,,,watching,,,
AGM@2026-07-15,2026-09-09,AGM,Federal Agricultural Mortgage Corporation Common Stock,US,USALL,Financials,stage2_breakout,D,late,False,Stage 2,56.7,31.6,7.5,27.1847,9.876,16.2009,1.15,Improving,225.509994506836,251.3594,221.1963,360.0205,449.4049,12.0,3.6,8,clear,57.0,False,clear,ok,14149231.975728355,2026-09-21,1.0,214.01,226.47,213.54,False,,False,,False,,,,watching,,,
AGM-A@2026-06-24,2026-09-09,AGM-A,Federal Agricultural Mortgage Corporation Common Stock,US,USALL,Financials,stage2_breakout,C,late,True,Stage 2,55.7,40.2,9.8,17.7221,9.876,7.329,1.15,Improving,156.02000427246094,177.4304,156.1387,238.3143,288.1657,12.0,2.86,11,unknown,,,rebalance_week,thin,33424.36448326106,2026-09-21,1.0,146.58,156.02,146.58,False,,False,,False,,,,watching,,,
AGYS@2026-08-26,2026-09-09,AGYS,"Agilysys, Inc. - Common Stock",US,USALL,Information Technology,stage2_breakout,D,late,False,Stage 2,35.1,35.7,6.6,5.9189,18.0891,-12.04,0.88,Improving,104.48999786376952,124.1936,109.2903,176.3055,220.0779,12.0,3.5,2,clear,49.0,False,clear,ok,19197041.94671247,2026-09-21,1.0,99.64,109.22,96.41,False,,False,,False,,,,watching,,,
AHRT@2026-06-24,2026-09-09,AHRT,"AH Realty Trust, Inc. Common Stock",US,USALL,Real Estate,stage2_breakout,D,failed,False,Stage 3 to 4,-17.7,14.1,47.0,-0.3901,0.4739,-0.786,0.88,Improving,6.320000171661377,7.2823,6.4085,9.3755,11.1158,12.0,2.4,11,clear,56.0,False,rebalance_week,ok,3624216.476689404,2026-09-21,1.0,5.91,6.43,5.89,False,,False,,False,,,,watching,,,
AIR@2026-06-24,2026-09-09,AIR,AAR Corp. Common Stock,US,USALL,Industrials,stage2_breakout,D,live,False,Stage 2,29.4,34.9,25.6,15.6451,0.0,15.6451,1.0,Improving,125.4800033569336,156.887,138.0605,208.82,252.676,12.0,2.76,11,event_ahead,15.0,False,rebalance_week,ok,33923616.53406066,2026-09-21,1.0,116.11,122.5,110.36,False,,False,,False,,,,watching,,,
AIRI@2026-08-19,2026-09-09,AIRI,Air Industries Group Common Stock,US,USALL,Industrials,stage4_breakdown,C,live,True,Stage 4,-46.4,13.6,42.0,-11.9371,0.0,-11.9371,0.88,Improving,2.6700000762939453,2.2458,2.5153,1.265,0.437,12.0,3.64,3,clear,,False,clear,thin,68613.28283199682,2026-09-21,1.0,2.6,2.75,2.49,False,,False,,False,,,,watching,,,
AIRT@2026-07-01,2026-09-09,AIRT,"Air T, Inc. - Common Stock",US,USALL,Industrials,stage2_breakout,C,late,True,Stage 2,68.3,15.2,7.0,32.1158,0.0,32.1158,1.0,Improving,30.690000534057617,35.8121,31.5147,49.86,61.748,12.0,3.27,10,unknown,,,rebalance_week,thin,47603.0770734706,2026-09-21,1.0,29.03,33.07,28.03,False,,False,,False,,,,watching,,,
AIV@2026-07-22,2026-09-09,AIV,Apartment Investment and Management Company Common Stock,US,USALL,Real Estate,stage4_breakdown,C,late,True,Stage 4,-75.6,7.5,47.8,-17.0392,0.4739,-17.6253,0.88,Improving,2.400000095367432,2.45,2.744,1.3695,0.4731,12.0,3.68,7,clear,59.0,False,clear,ok,2644934.1772930687,2026-09-21,1.0,2.18,2.42,2.12,True,2026-09-14,False,,False,,1.12,0.92,open,,,
ALGT@2026-07-01,2026-09-09,ALGT,Allegiant Travel Company - Common Stock,US,USALL,Industrials,stage2_breakout,D,failed,False,Stage 4,-65.4,3.5,70.2,-7.7367,0.0,-7.7367,0.88,Improving,78.2699966430664,126.3916,111.2246,177.62,220.812,12.0,3.38,10,clear,58.0,False,rebalance_week,ok,33697515.561826415,2026-09-21,1.0,79.09,85.0,74.78,False,,False,,False,,,,watching,,,
ALRM@2026-08-05,2026-09-09,ALRM,"Alarm.com Holdings, Inc. - Common Stock",US,USALL,Information Technology,stage2_breakout,D,late,False,Stage 2,57.2,44.1,1.1,11.4938,18.0891,-7.1565,0.88,Improving,55.36000061035156,58.9488,51.8749,74.8,88.124,12.0,2.24,5,event_driven,59.0,True,clear,ok,15639884.889939642,2026-09-21,1.0,53.38,56.94,52.12,False,,False,,False,,,,watching,,,
ALX@2026-06-24,2026-09-09,ALX,"Alexander's, Inc. Common Stock",US,USALL,Real Estate,stage2_breakout,D,live,False,Stage 2,18.0,39.0,15.7,6.2408,0.4739,5.9125,1.15,Improving,249.17999267578125,288.6864,254.0441,369.9973,438.2142,12.0,2.35,11,clear,56.0,False,rebalance_week,ok,6464014.688168852,2026-09-21,1.0,247.12,251.83,242.3,False,,False,,False,,,,watching,,,
AMBP@2026-07-01,2026-09-09,AMBP,Ardagh Metal Packaging S.A. Ordinary Shares,US,USALL,Consumer Discretionary,stage2_breakout,C,late,True,Stage 2,43.0,37.3,15.0,18.891,0.0,18.891,1.0,Improving,4.840000152587891,5.4473,4.7937,7.1435,8.5716,12.0,2.59,10,clear,45.0,False,rebalance_week,ok,4787304.892766637,2026-09-21,1.0,4.38,4.85,4.3,False,,False,,False,,,,watching,,,
AMCX@2026-08-05,2026-09-09,AMCX,AMC Global Media Inc. - Class A Common Stock,US,USALL,Communication Services,stage2_breakout,D,late,False,Stage 2,54.6,27.1,11.4,34.7328,0.0,34.7328,1.0,Improving,12.170000076293944,13.1936,11.6104,18.7485,23.4033,12.0,3.51,5,event_driven,60.0,True,clear,ok,3633953.578093522,2026-09-21,1.0,12.16,12.47,11.29,False,,False,,False,,,,watching,,,
AMLX@2026-08-19,2026-09-09,AMLX,"Amylyx Pharmaceuticals, Inc. - Common Stock",US,USALL,Health Care,stage2_breakout,D,late,False,Stage 2,87.1,15.6,4.5,90.8722,17.6631,64.3069,1.15,Improving,31.6200008392334,42.0177,36.9755,59.653,74.4634,12.0,3.5,3,clear,59.0,False,clear,ok,17197096.510123678,2026-09-21,1.0,29.49,34.345,29.47,False,,False,,False,,,,watching,,,
AMPL@2026-08-26,2026-09-09,AMPL,"Amplitude, Inc. - Class A Common Stock",US,USALL,Information Technology,stage2_breakout,D,late,False,Stage 2,51.1,16.0,6.1,36.4315,18.0891,13.6775,1.15,Improving,12.59000015258789,15.124,13.3091,21.402,26.7156,12.0,3.46,2,clear,58.0,False,clear,ok,12592898.678370366,2026-09-21,1.0,13.3,14.378,12.795,False,,False,,False,,,,watching,,,
AMPY@2026-06-24,2026-09-09,AMPY,Amplify Energy Corp. Common Stock,US,USALL,Energy,stage4_breakdown,C,live,True,Stage 1,-11.4,38.0,13.7,-1.8643,7.5984,,1.0,Improving,4.929999828338623,3.5295,3.953,2.0075,0.6935,12.0,3.59,11,clear,58.0,False,rebalance_week,ok,2224148.166672905,2026-09-21,1.0,4.28,5.08,4.21,False,,False,,False,,,,watching,,,
AMRX@2026-06-24,2026-09-09,AMRX,"Amneal Pharmaceuticals, Inc. - Class A Common Stock",US,USALL,Health Care,stage2_breakout,D,late,False,Stage 2,47.6,40.5,14.6,23.8945,17.6631,5.8481,1.15,Improving,17.010000228881836,19.5419,17.1969,26.81,32.85,12.0,3.1,11,clear,52.0,False,rebalance_week,ok,19125841.79654534,2026-09-21,1.0,19.77,21.175,16.56,True,2026-09-21,False,,False,,0.7,0.1,open,,,
AMSF@2026-08-19,2026-09-09,AMSF,"AMERISAFE, Inc. - Common Stock",US,USALL,Financials,stage4_breakdown,C,late,True,Stage 4,-80.1,0.4,47.3,-25.9073,9.876,-33.1725,0.88,Improving,24.770000457763672,24.7273,27.6946,13.8621,4.7887,12.0,3.66,3,clear,51.0,False,clear,ok,5180305.441820056,2026-09-21,1.0,23.51,25.43,23.5,True,2026-09-14,False,,False,,0.41,0.41,open,,,
AMTB@2026-06-24,2026-09-09,AMTB,Amerant Bancorp Inc. Class A Common Stock,US,USALL,Financials,stage2_breakout,D,late,False,Stage 2,61.1,43.2,9.2,31.0765,9.876,19.9428,1.15,Improving,29.31999969482422,30.889,27.1824,41.1522,49.6694,12.0,2.77,11,clear,50.0,False,rebalance_week,ok,4965675.742246792,2026-09-21,1.0,29.57,30.24,28.51,False,,False,,False,,,,watching,,,
AMTM@2026-09-09,2026-09-09,AMTM,"Amentum Holdings, Inc. Common Stock",US,USALL,Industrials,stage4_breakdown,C,late,True,Stage 4,-85.8,5.7,56.6,-24.241,0.0,-24.241,0.88,Improving,19.459999084472656,19.2861,21.6004,10.89,3.762,12.0,3.63,0,clear,98.0,False,rebalance_week,ok,30662047.150851864,2026-09-21,1.0,19.19,20.4,19.01,True,2026-09-21,False,,False,,0.12,0.04,open,,,
ANGO@2026-08-12,2026-09-09,ANGO,"AngioDynamics, Inc. - Common Stock",US,USALL,Health Care,stage2_breakout,D,late,False,Stage 2,55.4,37.7,9.6,25.681,17.6631,6.1858,1.15,Improving,15.270000457763672,16.5517,14.5655,23.19,28.71,12.0,3.34,4,event_ahead,24.0,False,clear,ok,3382435.4985052594,2026-09-21,1.0,15.49,15.92,14.97,False,,False,,False,,,,watching,,,
ANIK@2026-08-05,2026-09-09,ANIK,Anika Therapeutics Inc. - Common Stock,US,USALL,Health Care,stage2_breakout,D,late,False,Stage 2,62.2,13.2,11.2,56.4914,17.6631,35.0271,1.15,Improving,20.86000061035156,23.2712,20.4786,33.176,41.4128,12.0,3.55,5,event_driven,58.0,True,clear,ok,1174417.829877457,2026-09-21,1.0,20.37,21.38,20.0,False,,False,,False,,,,watching,,,
ANRO@2026-08-19,2026-09-09,ANRO,"Alto Neuroscience, Inc. Common Stock",US,USALL,Health Care,stage2_breakout,D,late,False,Stage 2,55.2,17.6,9.1,60.6472,17.6631,40.8746,1.15,Improving,32.0,38.413,33.8034,54.346,67.8388,12.0,3.46,3,event_driven,65.0,True,clear,ok,7033292.840973631,2026-09-21,1.0,26.49,32.985,26.385,False,,False,,False,,,,watching,,,
AOUT@2026-09-09,2026-09-09,AOUT,"American Outdoor Brands, Inc. - Common Stock",US,USALL,Consumer Discretionary,stage2_breakout,D,late,False,Stage 2,76.4,14.7,5.7,63.1781,0.0,63.1781,1.0,Improving,15.68000030517578,15.3559,13.5132,21.7065,27.0957,12.0,3.45,0,event_driven,94.0,True,rebalance_week,ok,334125.4345966887,2026-09-21,1.0,17.55,17.689,14.92,True,2026-09-14,False,,False,,1.27,1.19,open,,,
APOG@2026-06-24,2026-09-09,APOG,"Apogee Enterprises, Inc. - Common Stock",US,USALL,Industrials,stage2_breakout,D,failed,True,Stage 3 to 4,-15.1,29.7,50.1,-0.2389,0.0,-0.2389,0.88,Improving,37.880001068115234,51.3862,45.2199,70.2965,86.1115,12.0,3.07,11,event_driven,31.0,True,rebalance_week,ok,5622389.234466611,2026-09-21,1.0,37.15,38.57,35.64,False,,False,,False,,,,watching,,,
APPN@2026-08-26,2026-09-09,APPN,Appian Corporation - Class A Common Stock,US,USALL,Information Technology,stage2_breakout,D,late,False,Stage 2,50.5,10.1,4.6,18.7069,18.0891,-1.9756,0.88,Improving,34.7599983215332,45.1036,39.6912,63.887,79.7486,12.0,3.47,2,clear,59.0,False,clear,ok,14933190.426285235,2026-09-21,1.0,36.01,39.67,35.222,False,,False,,False,,,,watching,,,
AQB@2026-08-12,2026-09-09,AQB,"AquaBounty Technologies, Inc. - Common Stock",US,USALL,Consumer Staples,stage2_breakout,D,late,False,Stage 2,41.2,30.3,5.3,11.6803,2.0049,9.3161,1.15,Improving,1.2200000286102295,1.6897,1.487,2.378,2.9684,12.0,3.39,4,clear,,False,clear,thin,31087.03973644661,2026-09-14,0.0,1.14,1.205,1.07,False,,False,,False,,,,watching,,,
AQN@2026-09-09,2026-09-09,AQN,Algonquin Power & Utilities Corp. Common Shares,US,USALL,Utilities,stage4_breakdown,C,live,True,Stage 4,-70.8,8.5,55.8,-10.791,-2.0203,-9.0052,0.88,Improving,5.309999942779541,5.3652,6.009,3.9216,2.7069,12.0,2.24,0,clear,60.0,False,rebalance_week,ok,17681333.94477321,2026-09-21,1.0,5.0,5.4,4.96,True,2026-09-14,False,,False,,0.63,0.57,open,,,
ARKR@2026-06-24,2026-09-09,ARKR,Ark Restaurants Corp. - Common Stock,US,USALL,Consumer Discretionary,stage4_breakdown,D,late,True,Stage 4,-74.9,4.9,72.8,-26.1055,0.0,-26.1055,0.88,Improving,4.829999923706055,4.6831,5.2451,2.6455,0.9139,12.0,3.63,11,clear,98.0,False,rebalance_week,untradeable,10236.263037310604,2026-09-21,1.0,4.51,4.89,4.46,True,2026-09-14,False,,False,,0.4,0.31,open,,,
ARL@2026-06-24,2026-09-09,ARL,"American Realty Investors, Inc. Common Stock",US,USALL,Real Estate,stage2_breakout,D,live,False,Stage 1 to 2,21.5,20.7,21.3,1.2864,0.4739,0.7296,1.15,Improving,16.079999923706055,24.9112,21.9219,35.438,44.2364,12.0,3.52,11,clear,,False,rebalance_week,thin,44526.76216036985,2026-09-21,1.0,16.21,16.95,14.36,False,,False,,False,,,,watching,,,
ARTNA@2026-09-02,2026-09-09,ARTNA,Artesian Resources Corporation - Class A Non-Voting Common Stock,US,USALL,Utilities,stage2_breakout,D,live,False,Stage 2,54.9,69.4,6.1,10.8084,-2.0203,13.0211,1.0,Improving,35.849998474121094,36.8531,32.5995,43.074,48.3332,11.54,1.46,1,clear,52.0,False,clear,ok,822353.4910256134,2026-09-21,1.0,33.25,36.13,32.88,False,,False,,False,,,,watching,,,
AS@2026-09-09,2026-09-09,AS,"Amer Sports, Inc. Ordinary Shares",US,USALL,Consumer Discretionary,stage4_breakdown,C,late,True,Stage 4,-73.8,0.9,67.4,-19.3507,0.0,-19.3507,0.88,Improving,28.06999969482422,27.3528,30.6351,15.4522,5.338,12.0,3.63,0,clear,71.0,False,rebalance_week,ok,98591101.26658338,2026-09-21,1.0,27.77,28.285,26.1,True,2026-09-14,False,,False,,0.38,-0.13,open,,,
ASA@2026-07-15,2026-09-09,ASA,ASA  Gold and Precious Metals Limited,US,USALL,Financials,stage4_breakdown,D,failed,True,Stage 4 to 1,12.5,31.3,25.8,3.9098,9.876,-5.5709,0.88,Improving,60.83000183105469,45.9402,51.4531,26.136,9.0288,12.0,3.59,8,unknown,,,clear,ok,2471322.283996701,2026-09-21,1.0,56.68,59.81,55.0,False,,False,,False,,,,watching,,,
ASLE@2026-08-19,2026-09-09,ASLE,AerSale Corporation - Common Stock,US,USALL,Industrials,stage4_breakdown,C,late,True,Stage 4,-72.0,4.1,63.3,-19.2299,0.0,-19.2299,0.88,Improving,5.429999828338623,5.2787,5.9122,2.9728,1.027,12.0,3.64,3,clear,59.0,False,clear,ok,1658844.0508665268,2026-09-21,1.0,5.4,5.6,5.34,False,,False,,False,,,,watching,,,
ASND@2026-07-01,2026-09-09,ASND,Ascendis Pharma A/S - Ordinary Share,US,USALL,Health Care,stage2_breakout,C,live,True,Stage 2,64.6,47.5,10.0,15.7357,17.6631,-2.1997,0.88,Improving,263.5150146484375,286.9398,252.507,360.5,423.18,12.0,2.14,10,clear,,False,rebalance_week,ok,102590653.81508724,2026-09-21,1.0,225.6,265.5,220.23,False,,False,,False,,,,watching,,,
ASO@2026-08-26,2026-09-09,ASO,"Academy Sports and Outdoors, Inc. - Common Stock",US,USALL,Consumer Discretionary,stage4_breakdown,D,failed,True,Stage 2 to 3,45.3,27.4,16.6,7.2456,0.0,7.2456,1.0,Improving,55.36000061035156,40.8201,45.7185,23.111,7.9838,12.0,3.62,2,event_ahead,2.0,False,clear,ok,50292002.00154736,2026-09-21,1.0,49.14,55.12,47.74,False,,False,,False,,,,watching,,,
ASRV@2026-08-05,2026-09-09,ASRV,AmeriServ Financial Inc. - Common Stock,US,USALL,Financials,stage2_breakout,D,late,False,Stage 2,53.9,22.8,10.6,34.4721,9.876,22.9935,1.15,Improving,4.889999866485596,5.4698,4.8134,7.4078,9.0301,12.0,2.95,5,clear,43.0,False,clear,thin,32587.41749821551,2026-09-21,1.0,4.68,5.08,4.5,False,,False,,False,,,,watching,,,
ATKR@2026-08-05,2026-09-09,ATKR,Atkore Inc. Common Stock,US,USALL,Industrials,stage2_breakout,D,late,False,Stage 2,59.4,19.7,10.0,32.7197,0.0,32.7197,1.0,Improving,94.1500015258789,95.2377,83.8091,134.5965,167.1057,12.0,3.44,5,event_driven,73.0,True,clear,ok,25124416.83618447,2026-09-21,1.0,94.57,94.65,93.87,False,,False,,False,,,,watching,,,
ATLO@2026-09-02,2026-09-09,ATLO,Ames National Corporation - Common Stock,US,USALL,Financials,stage2_breakout,D,late,False,Stage 2,65.8,67.7,7.4,24.9947,9.876,14.2427,1.15,Improving,32.4900016784668,32.8871,28.9407,39.5228,45.1171,12.0,1.68,1,clear,39.0,False,clear,ok,1102766.4870066135,2026-09-21,1.0,31.82,32.86,31.08,False,,False,,False,,,,watching,,,
ATNI@2026-08-05,2026-09-09,ATNI,"ATN International, Inc. - Common Stock",US,USALL,Communication Services,stage2_breakout,D,live,False,Stage 2,44.4,30.8,17.0,27.1674,0.0,27.1674,1.0,Improving,30.31999969482422,34.0449,29.9595,44.7872,53.889,12.0,2.63,5,event_driven,63.0,True,clear,ok,1329544.613649804,2026-09-21,1.0,28.62,30.74,28.23,False,,False,,False,,,,watching,,,
ATRC@2026-09-02,2026-09-09,ATRC,"AtriCure, Inc. - Common Stock",US,USALL,Health Care,stage2_breakout,D,late,False,Stage 2,79.7,23.1,4.5,54.6736,17.6631,30.0153,1.15,Improving,54.540000915527344,54.4361,47.9038,77.575,96.835,12.0,3.54,1,clear,50.0,False,clear,ok,18301255.405408192,2026-09-21,1.0,58.38,61.7,54.65,True,2026-09-14,False,,False,,1.11,0.6,open,,,
ATRO@2026-06-17,2026-09-09,ATRO,Astronics Corporation - Common Stock,US,USALL,Industrials,stage2_breakout,D,live,False,Stage 2,41.3,33.3,18.8,27.5547,0.0,27.5547,1.0,Improving,73.9800033569336,96.6513,85.0531,136.967,170.9726,12.0,3.48,12,clear,59.0,False,rebalance_week,ok,28813467.879030067,2026-09-21,1.0,69.22,72.0,62.66,False,,False,,False,,,,watching,,,
ATS@2026-08-05,2026-09-09,ATS,ATS Corporation Common Shares,US,USALL,Industrials,stage4_breakdown,C,late,True,Stage 4,-72.7,2.3,63.4,-30.8343,0.0,-30.8343,0.88,Improving,19.200000762939453,17.7978,19.9335,10.1255,3.4979,12.0,3.59,5,event_driven,58.0,True,clear,ok,3282664.61388935,2026-09-21,1.0,19.1,19.63,18.64,False,,False,,False,,,,watching,,,
AUB@2026-07-01,2026-09-09,AUB,Atlantic Union Bankshares Corporation Common Stock,US,USALL,Financials,stage2_breakout,D,live,False,Stage 2,22.6,35.8,31.0,7.3208,9.876,-2.1946,0.88,Improving,39.720001220703125,44.0634,38.7758,54.3458,62.9825,12.0,1.94,10,clear,45.0,False,rebalance_week,ok,27229267.8141141,2026-09-21,1.0,38.78,40.35,38.06,False,,False,,False,,,,watching,,,
AUBN@2026-06-24,2026-09-09,AUBN,"Auburn National Bancorporation, Inc. - Common Stock",US,USALL,Financials,stage2_breakout,D,live,False,Stage 2,50.8,54.8,7.5,7.1447,9.876,-2.665,0.88,Improving,26.540000915527344,28.9091,25.44,36.6009,43.0125,12.0,2.22,11,clear,,False,rebalance_week,thin,34985.835179172886,2026-09-21,1.0,27.225,28.23,26.25,False,,False,,False,,,,watching,,,
AUPH@2026-06-24,2026-09-09,AUPH,Aurinia Pharmaceuticals Inc - Common Shares,US,USALL,Health Care,stage2_breakout,C,live,True,Stage 2,46.4,45.6,10.6,7.5512,17.6631,-9.3297,0.88,Improving,16.100000381469727,19.5608,17.2135,24.98,29.564,12.0,2.31,11,clear,63.0,False,rebalance_week,ok,12259989.30800722,2026-09-21,1.0,16.44,17.16,15.93,False,,False,,False,,,,watching,,,
AVA@2026-09-09,2026-09-09,AVA,Avista Corporation Common Stock,US,USALL,Utilities,stage4_breakdown,C,live,True,Stage 4,-53.8,7.6,62.7,-5.4375,-2.0203,-3.4752,0.88,Improving,36.790000915527344,36.6158,41.0097,30.8034,25.8461,12.0,1.32,0,clear,58.0,False,rebalance_week,ok,15980262.262731712,2026-09-21,1.0,35.11,37.21,34.66,True,2026-09-14,False,,False,,0.45,0.34,open,,,
AVAH@2026-08-19,2026-09-09,AVAH,Aveanna Healthcare Holdings Inc. - Common Stock,US,USALL,Health Care,stage2_breakout,D,late,False,Stage 2,84.7,20.9,4.5,62.9811,17.6631,37.6996,1.15,Improving,14.079999923706056,14.2607,12.5494,20.3,25.34,12.0,3.53,3,event_driven,59.0,True,clear,ok,10361943.115737244,2026-09-21,1.0,12.41,14.71,12.09,True,2026-09-14,True,2026-09-21,False,,0.26,-1.08,stopped out,,,
AVBP@2026-06-24,2026-09-09,AVBP,"ArriVent BioPharma, Inc. - Common Stock",US,USALL,Health Care,stage2_breakout,D,live,False,Stage 2,30.4,30.5,23.5,14.124,17.6631,-2.4391,0.88,Improving,29.0,36.6262,32.2311,51.66,64.324,12.0,3.42,11,clear,70.0,False,rebalance_week,ok,9876540.959598197,2026-09-21,1.0,28.45,31.49,27.28,False,,False,,False,,,,watching,,,
AVPT@2026-08-26,2026-09-09,AVPT,"AvePoint, Inc. - Class A Common Stock",US,USALL,Information Technology,stage2_breakout,D,live,False,Stage 2,30.8,42.5,5.6,3.9048,18.0891,-13.7873,0.88,Improving,12.65999984741211,14.6694,12.909,19.935,24.375,12.0,2.99,2,clear,59.0,False,clear,ok,15900807.74745163,2026-09-21,1.0,13.0,13.925,12.83,False,,False,,False,,,,watching,,,
AWR@2026-07-15,2026-09-09,AWR,American States Water Company Common Stock,US,USALL,Utilities,stage2_breakout,D,live,False,Stage 2,52.3,51.0,10.0,13.0843,-2.0203,15.4177,1.0,Improving,86.4800033569336,92.6329,81.517,115.3004,134.1647,12.0,2.04,8,clear,58.0,False,clear,ok,16125603.60036161,2026-09-21,1.0,82.8,87.9,81.68,False,,False,,False,,,,watching,,,
AWX@2026-06-17,2026-09-09,AWX,Avalon Holdings Corporation Common Stock,US,USALL,Industrials,stage4_breakdown,D,failed,True,"Stage 1 or 3, undetermined",3.9,48.4,30.3,1.5416,0.0,1.5416,1.0,Improving,2.6600000858306885,2.393,2.6801,1.97,1.602,12.0,1.47,12,unknown,,,rebalance_week,untradeable,11069.596931345866,2026-09-21,1.0,2.5863,2.67,2.55,False,,False,,False,,,,watching,,,
AXGN@2026-08-26,2026-09-09,AXGN,"Axogen, Inc. - Common Stock",US,USALL,Health Care,stage2_breakout,D,live,False,Stage 2,38.5,36.1,15.0,21.822,17.6631,5.273,1.15,Improving,42.15999984741211,54.1071,47.6143,76.7195,95.7671,12.0,3.48,2,clear,51.0,False,clear,ok,30347504.942197643,2026-09-21,1.0,43.39,47.0,41.55,False,,False,,False,,,,watching,,,
AXS@2026-07-01,2026-09-09,AXS,Axis Capital Holdings Limited Common Stock,US,USALL,Financials,stage2_breakout,D,failed,False,Stage 3 to 4,-32.4,11.1,55.0,-2.8387,9.876,-11.7571,0.88,Improving,98.23999786376952,121.3988,106.8309,146.37,167.4739,12.0,1.71,10,clear,51.0,False,rebalance_week,ok,42544182.62667952,2026-09-21,1.0,94.45,100.83,94.33,False,,False,,False,,,,watching,,,
AYA@2026-08-05,2026-09-09,AYA,Aya Gold & Silver Inc. - Common Shares,US,USALL,Materials,stage2_breakout,D,late,False,Stage 2,61.3,10.4,7.3,62.172,0.0,62.172,1.0,Improving,27.96999931335449,31.0716,27.343,43.848,54.7344,12.0,3.43,5,clear,65.0,False,clear,ok,6634376.910292241,2026-09-21,1.0,28.47,30.67,25.47,False,,False,,False,,,,watching,,,
AZN@2026-07-15,2026-09-09,AZN,AstraZeneca PLC Ordinary Shares,US,USALL,Health Care,stage4_breakdown,C,late,True,Stage 4,-52.8,5.0,49.0,-10.8209,17.6631,-25.3495,0.88,Improving,160.1699981689453,150.9875,169.106,94.11,46.67,12.0,3.14,8,clear,53.0,False,clear,ok,275438209.0583422,2026-09-21,1.0,166.58,169.35,160.71,False,,False,,False,,,,watching,,,
BANR@2026-07-15,2026-09-09,BANR,Banner Corporation - Common Stock,US,USALL,Financials,stage2_breakout,A,live,True,Stage 2,46.0,55.0,6.4,11.5206,9.876,1.4723,1.15,Improving,71.30000305175781,75.6349,66.5587,93.505,108.437,12.0,1.97,8,clear,37.0,False,clear,ok,13205380.980188582,2026-09-21,1.0,69.03,72.59,67.83,False,,False,,False,,,,watching,,,
BAP@2026-06-17,2026-09-09,BAP,Credicorp Ltd. Common Stock,US,USALL,Financials,stage2_breakout,D,live,False,Stage 2,41.5,48.4,17.8,19.1939,9.876,9.0123,1.15,Improving,377.8999938964844,419.348,369.0263,528.5815,620.8467,12.0,2.17,12,clear,63.0,False,rebalance_week,ok,81186532.12981454,2026-09-21,1.0,386.16,395.0,369.71,False,,False,,False,,,,watching,,,
BBAR@2026-06-17,2026-09-09,BBAR,Banco BBVA Argentina S.A. ADS,US,USALL,Financials,stage2_breakout,D,failed,False,Stage 4,-53.7,5.1,53.6,-5.0279,9.876,-13.3212,0.88,Improving,14.890000343322754,22.8104,20.0732,32.0992,39.946,12.0,3.39,12,clear,78.0,False,rebalance_week,ok,7172161.306173636,2026-09-21,1.0,13.15,14.89,13.13,False,,False,,False,,,,watching,,,
BBDC@2026-08-12,2026-09-09,BBDC,"Barings BDC, Inc. Common Stock",US,USALL,Financials,stage2_breakout,D,live,False,Stage 2,35.2,39.6,11.2,7.1424,9.876,-2.6372,0.88,Improving,8.770000457763672,9.6398,8.4831,11.5722,13.1979,12.0,1.67,4,event_driven,59.0,True,clear,ok,3894688.745044282,2026-09-21,1.0,8.67,9.07,8.575,False,,False,,False,,,,watching,,,
BBGI@2026-06-24,2026-09-09,BBGI,"Beasley Broadcast Group, Inc. - Class A Common Stock",US,USALL,Communication Services,stage2_breakout,D,failed,False,Stage 2,29.4,37.6,25.7,39.0374,0.0,39.0374,1.0,Improving,15.949999809265137,30.3237,26.6849,42.485,53.033,12.0,3.34,11,clear,63.0,False,rebalance_week,thin,516233.5963095832,2026-09-21,1.0,15.29,18.5,14.79,False,,False,,False,,,,watching,,,
BBIO@2026-07-08,2026-09-09,BBIO,"BridgeBio Pharma, Inc. - Common Stock",US,USALL,Health Care,stage2_breakout,D,failed,True,"Stage 1 or 3, undetermined",-3.7,34.8,33.0,2.5268,17.6631,-13.2664,0.88,Improving,72.44000244140625,95.1231,83.7083,124.33,149.062,12.0,2.56,9,clear,51.0,False,clear,ok,115593860.8196646,2026-09-21,1.0,65.57,73.67,64.84,False,,False,,False,,,,watching,,,
BBSI@2026-07-15,2026-09-09,BBSI,"Barrett Business Services, Inc. - Common Stock",US,USALL,Industrials,stage2_breakout,D,failed,False,Stage 3 to 4,-3.9,28.1,44.9,-4.2662,0.0,-4.2662,0.88,Improving,33.349998474121094,42.88,37.7344,59.1676,72.783,12.0,3.17,8,clear,58.0,False,clear,ok,5436217.136219304,2026-09-21,1.0,31.14,34.35,30.98,False,,False,,False,,,,watching,,,
BBUC@2026-09-09,2026-09-09,BBUC,Brookfield Business Corporation Class A Subordinate Voting Shares,US,USALL,Industrials,stage4_breakdown,C,late,True,Stage 4,-75.7,6.4,62.5,-19.7143,0.0,-19.7143,0.88,Improving,26.40999984741211,26.3581,29.521,15.8489,6.9841,12.0,3.32,0,clear,59.0,False,rebalance_week,ok,7034060.733967045,2026-09-21,1.0,25.46,26.33,24.84,True,2026-09-14,False,,False,,0.48,0.28,open,,,
BBVA@2026-07-01,2026-09-09,BBVA,Banco Bilbao Vizcaya Argentaria S.A. Common Stock,US,USALL,Financials,stage2_breakout,D,late,False,Stage 2,64.8,52.9,6.1,29.3306,9.876,18.1816,1.15,Improving,29.549999237060547,29.9388,26.3461,39.643,47.6453,12.0,2.7,10,clear,52.0,False,rebalance_week,ok,26555485.22046374,2026-09-21,1.0,28.87,29.23,27.94,False,,False,,False,,,,watching,,,
BCAL@2026-06-24,2026-09-09,BCAL,California BanCorp - Common Stock,US,USALL,Financials,stage2_breakout,B,live,True,Stage 2,56.8,69.9,8.1,15.1296,9.876,4.8489,1.15,Improving,21.809999465942383,22.2412,19.5723,27.3113,31.5604,12.0,1.9,11,clear,51.0,False,rebalance_week,ok,2574203.0294496207,2026-09-21,1.0,21.64,22.2866,21.2126,True,2026-09-14,False,,False,,0.02,-0.23,open,,,
BCAX@2026-07-01,2026-09-09,BCAX,Bicara Therapeutics Inc. - Common Stock,US,USALL,Health Care,stage2_breakout,D,live,False,Stage 2,27.8,32.3,20.7,13.9415,17.6631,-2.4083,0.88,Improving,22.809999465942383,31.6801,27.8785,44.9355,56.0919,12.0,3.49,10,clear,64.0,False,rebalance_week,ok,8815185.86287139,2026-09-21,1.0,19.21,23.618,19.17,False,,False,,False,,,,watching,,,
BCE@2026-07-01,2026-09-09,BCE,"BCE, Inc. Common Stock",US,USALL,Communication Services,stage4_breakdown,D,failed,False,Stage 3,-7.6,38.5,29.3,0.0698,0.0,0.0698,1.0,Improving,23.38999938964844,20.6249,23.0999,15.6168,11.4142,12.0,2.02,10,clear,59.0,False,rebalance_week,ok,58589521.23086461,2026-09-21,1.0,20.97,23.66,20.87,False,,False,,False,,,,watching,,,
BCML@2026-07-01,2026-09-09,BCML,BayCom Corp - Common Stock,US,USALL,Financials,stage2_breakout,D,failed,True,Stage 2 to 3,8.5,30.7,28.3,2.7138,9.876,-6.601,0.88,Improving,30.100000381469727,35.0526,30.8463,42.446,48.698,12.0,1.76,10,clear,45.0,False,rebalance_week,ok,1120212.6789172697,2026-09-21,1.0,30.87,31.19,29.55,False,,False,,False,,,,watching,,,
BCS@2026-07-01,2026-09-09,BCS,Barclays PLC Common Stock,US,USALL,Financials,stage2_breakout,D,live,False,Stage 2,34.8,64.1,17.6,11.8154,9.876,2.0078,1.15,Improving,26.700000762939453,29.0348,25.5506,37.7604,45.0167,12.0,2.5,10,clear,45.0,False,rebalance_week,ok,95626810.71043076,2026-09-21,1.0,24.81,26.08,24.14,False,,False,,False,,,,watching,,,
BDJ@2026-07-01,2026-09-09,BDJ,Blackrock Enhanced Equity Dividend Trust,US,USALL,Financials,stage2_breakout,D,live,False,Stage 2,42.6,58.9,14.9,8.2789,9.876,-1.5043,0.88,Improving,9.6899995803833,10.0058,9.1289,11.7522,13.194,8.76,1.99,10,unknown,,,rebalance_week,ok,3112213.6331556262,2026-09-21,1.0,9.61,9.84,9.52,False,,False,,False,,,,watching,,,
BDL@2026-06-17,2026-09-09,BDL,"Flanigan's Enterprises, Inc. Common Stock",US,USALL,Consumer Discretionary,stage2_breakout,C,late,True,Stage 2,49.1,14.2,13.1,31.3716,0.0,31.3716,1.0,Improving,45.41999816894531,53.2566,46.8658,75.574,94.3372,12.0,3.49,12,unknown,,,rebalance_week,thin,148773.7089296479,2026-09-21,1.0,45.12,46.72,41.03,False,,False,,False,,,,watching,,,
BDSX@2026-06-24,2026-09-09,BDSX,"Biodesix, Inc. - Common Stock",US,USALL,Health Care,stage2_breakout,D,late,False,Stage 2,75.6,5.0,7.6,93.9458,17.6631,70.678,1.15,Improving,26.96500015258789,32.2029,28.3385,45.3995,56.6711,12.0,3.41,11,clear,57.0,False,rebalance_week,ok,864921.3711011584,2026-09-21,1.0,29.1,31.35,25.745,False,,False,,False,,,,watching,,,
BEPC@2026-07-22,2026-09-09,BEPC,Brookfield Renewable Corporation Brookfield Renewable Corporation Class A Subordinate Voting Shares,US,USALL,Utilities,stage4_breakdown,C,late,True,Stage 4,-76.1,6.2,56.0,-17.6447,-2.0203,-16.0284,0.88,Improving,30.770000457763672,30.2904,33.9252,18.0208,7.7094,12.0,3.38,7,clear,58.0,False,clear,ok,37279716.34988681,2026-09-21,1.0,28.47,30.555,28.09,True,2026-09-14,False,,False,,0.61,0.5,open,,,
BFC@2026-08-12,2026-09-09,BFC,Bank First Corporation - Common Stock,US,USALL,Financials,stage2_breakout,D,live,False,Stage 2,40.7,69.7,14.4,12.2713,9.876,2.2406,1.15,Improving,154.41000366210938,161.0951,141.7637,189.2085,213.2952,12.0,1.45,4,clear,43.0,False,clear,ok,9108843.934447194,2026-09-21,1.0,152.13,154.5627,148.23,False,,False,,False,,,,watching,,,
BFLY@2026-06-17,2026-09-09,BFLY,"Butterfly Network, Inc. Class A Common Stock",US,USALL,Health Care,stage2_breakout,D,late,False,Stage 2,51.2,26.1,10.9,56.4311,17.6631,38.1158,1.15,Improving,7.329999923706055,10.3658,9.1219,14.5725,18.1905,12.0,3.38,12,clear,53.0,False,rebalance_week,ok,25687944.804148726,2026-09-21,1.0,9.39,10.05,7.02,False,,False,,False,,,,watching,,,
BFRI@2026-08-26,2026-09-09,BFRI,Biofrontera Inc. - Common Stock,US,USALL,Health Care,stage2_breakout,D,late,False,Stage 2,80.9,31.2,4.5,55.8994,17.6631,32.3218,1.15,Improving,1.5499999523162842,1.6743,1.4734,2.3635,2.9503,12.0,3.43,2,clear,65.0,False,clear,thin,170530.16682085968,2026-09-21,1.0,1.18,1.57,1.11,False,,False,,False,,,,watching,,,
BFST@2026-06-24,2026-09-09,BFST,"Business First Bancshares, Inc. - Common Stock",US,USALL,Financials,stage2_breakout,B,live,True,Stage 2,45.5,70.8,9.3,14.196,9.876,4.0998,1.15,Improving,31.420000076293945,32.8626,28.9191,39.7098,45.4576,12.0,1.74,11,clear,45.0,False,rebalance_week,ok,4544415.43231836,2026-09-21,1.0,30.86,31.73,30.29,False,,False,,False,,,,watching,,,
BGC@2026-06-17,2026-09-09,BGC,"BGC Group, Inc. - Class A Common Stock",US,USALL,Financials,stage2_breakout,D,live,False,Stage 2,76.3,65.3,3.8,20.3741,9.876,9.7662,1.15,Improving,12.170000076293944,13.0761,11.507,17.1429,20.5638,12.0,2.59,12,clear,59.0,False,rebalance_week,ok,22346207.038321625,2026-09-21,1.0,11.84,12.51,11.45,False,,False,,False,,,,watching,,,
BGR@2026-09-09,2026-09-09,BGR,BlackRock Energy and Resources Trust,US,USALL,Financials,stage2_breakout,D,live,False,Stage 2,69.4,47.5,5.3,19.8275,9.876,9.1274,1.15,Improving,17.6299991607666,17.7829,15.6489,21.0377,23.7878,12.0,1.53,0,unknown,,,rebalance_week,ok,1187639.7254345403,2026-09-21,1.0,17.06,17.92,16.88,True,2026-09-14,False,,False,,0.06,-0.34,open,,,
BGS@2026-07-22,2026-09-09,BGS,"B&G Foods, Inc. Common Stock",US,USALL,Consumer Staples,stage4_breakdown,C,late,True,Stage 4,-76.8,7.1,50.9,-24.9341,2.0049,-26.6352,0.88,Improving,3.150000095367432,3.1977,3.5814,1.804,0.6232,12.0,3.63,7,clear,65.0,False,clear,ok,5942615.119129638,2026-09-21,1.0,3.1,3.24,2.87,True,2026-09-14,False,,False,,0.85,0.25,open,,,
BGT@2026-08-26,2026-09-09,BGT,BlackRock Floating Rate Income Trust,US,USALL,Financials,stage2_breakout,D,live,False,Stage 1 to 2,41.1,58.1,11.4,4.7049,9.876,-4.9928,0.88,Improving,10.989999771118164,11.2254,10.3126,12.6685,13.8674,8.13,1.58,2,unknown,,,clear,ok,839247.6259771734,2026-09-21,1.0,10.49,10.99,10.43,False,,False,,False,,,,watching,,,
BHB@2026-06-24,2026-09-09,BHB,"Bar Harbor Bankshares, Inc. Common Stock",US,USALL,Financials,stage2_breakout,C,late,True,Stage 2,58.9,63.1,6.7,21.1602,9.876,10.5827,1.15,Improving,40.560001373291016,41.4295,36.458,52.2652,61.3093,12.0,2.18,11,clear,43.0,False,rebalance_week,ok,2596976.212089761,2026-09-21,1.0,38.96,41.12,37.61,False,,False,,False,,,,watching,,,
BHR@2026-06-24,2026-09-09,BHR,Braemar Hotels & Resorts Inc. Common Stock,US,USALL,Real Estate,stage4_breakdown,C,late,True,Stage 4,-76.1,9.8,62.2,-25.6724,0.4739,-26.3361,0.88,Improving,1.8600000143051147,1.7817,1.9955,1.012,0.3496,12.0,3.6,11,clear,57.0,False,rebalance_week,ok,673747.0379059457,2026-09-21,1.0,1.69,1.91,1.69,True,2026-09-14,False,,False,,0.43,0.43,open,,,
BHRB@2026-06-24,2026-09-09,BHRB,Burke & Herbert Financial Services Corp. - Common Stock,US,USALL,Financials,stage2_breakout,D,live,False,Stage 2,43.1,62.2,12.2,11.0478,9.876,1.0924,1.15,Improving,71.52999877929688,75.535,66.4708,90.3281,102.8065,12.0,1.63,11,clear,45.0,False,rebalance_week,ok,6526750.862847171,2026-09-21,1.0,69.84,72.8,68.65,False,,False,,False,,,,watching,,,
BHVN@2026-06-24,2026-09-09,BHVN,Biohaven Ltd. Common Shares,US,USALL,Health Care,stage2_breakout,D,live,False,Stage 2,19.3,25.5,21.4,4.1262,17.6631,-12.5781,0.88,Improving,12.710000038146973,18.7941,16.5388,26.448,33.0144,12.0,3.39,11,clear,63.0,False,rebalance_week,ok,19686923.39220674,2026-09-21,1.0,12.99,14.97,11.93,False,,False,,False,,,,watching,,,
BIO-B@2026-08-19,2026-09-09,BIO-B,"Bio-Rad Laboratories, Inc. Class B  Common Stock",US,USALL,Health Care,stage2_breakout,D,late,False,Stage 2,88.9,66.6,4.5,21.3338,17.6631,1.9596,1.15,Improving,365.0799865722656,367.0478,323.0021,485.62,582.052,12.0,2.69,3,clear,,False,clear,untradeable,0.0,2026-09-21,1.0,365.08,365.08,365.08,False,,False,,False,,,,watching,,,
BIOA@2026-07-01,2026-09-09,BIOA,"BioAge Labs, Inc. - Common Stock",US,USALL,Health Care,stage2_breakout,D,failed,False,Stage 4,-77.9,5.1,59.1,-42.3188,17.6631,-50.5614,0.88,Improving,8.489999771118164,26.6897,23.4869,37.6347,46.9785,12.0,3.42,10,clear,59.0,False,rebalance_week,ok,5958749.977020321,2026-09-21,1.0,7.05,8.635,7.03,False,,False,,False,,,,watching,,,
BJRI@2026-06-17,2026-09-09,BJRI,"BJ's Restaurants, Inc. - Common Stock",US,USALL,Consumer Discretionary,stage2_breakout,D,late,False,Stage 2,53.1,21.8,16.0,35.7874,0.0,35.7874,1.0,Improving,60.77999877929688,75.8288,66.7293,108.17,135.026,12.0,3.55,12,clear,52.0,False,rebalance_week,ok,15526793.715335738,2026-09-21,1.0,60.13,63.4,58.2,False,,False,,False,,,,watching,,,
BLFS@2026-06-24,2026-09-09,BLFS,"BioLife Solutions, Inc. - Common Stock",US,USALL,Health Care,stage2_breakout,D,late,False,Stage 2,59.2,15.7,7.9,35.5743,17.6631,14.6067,1.15,Improving,34.95000076293945,38.744,34.0947,55.245,68.961,12.0,3.55,11,clear,59.0,False,rebalance_week,ok,12262979.856492598,2026-09-21,1.0,38.49,38.89,34.64,True,2026-09-21,False,,False,,0.03,-0.05,open,,,
BLMN@2026-06-24,2026-09-09,BLMN,"Bloomin' Brands, Inc. - Common Stock",US,USALL,Consumer Discretionary,stage2_breakout,D,live,False,Stage 2,44.4,34.2,15.1,16.4849,0.0,16.4849,1.0,Improving,8.6899995803833,12.9399,11.3871,18.3135,22.8603,12.0,3.46,11,clear,59.0,False,rebalance_week,ok,12255330.946034783,2026-09-21,1.0,7.875,8.96,7.8,False,,False,,False,,,,watching,,,
BLZE@2026-07-08,2026-09-09,BLZE,"Backblaze, Inc. - Common Stock",US,USALL,Information Technology,stage2_breakout,D,late,False,Stage 2,54.5,5.8,13.1,54.5782,18.0891,36.0863,1.15,Improving,12.399999618530272,24.6259,21.6708,34.7855,43.4219,12.0,3.44,9,clear,59.0,False,clear,ok,12003354.58125914,2026-09-21,1.0,13.19,14.61,12.19,False,,False,,False,,,,watching,,,
BME@2026-07-01,2026-09-09,BME,Blackrock Health Sciences Trust,US,USALL,Financials,stage2_breakout,D,live,False,Stage 2,53.5,57.3,6.2,11.922,9.876,1.8797,1.15,Improving,44.220001220703125,46.7689,41.1567,56.5203,64.5926,12.0,1.74,10,unknown,,,rebalance_week,ok,1395476.4743591156,2026-09-21,1.0,44.84,45.15,43.85,False,,False,,False,,,,watching,,,
BMRC@2026-07-01,2026-09-09,BMRC,Bank of Marin Bancorp - Common Stock,US,USALL,Financials,stage2_breakout,C,live,True,Stage 3,32.0,16.5,19.6,7.4583,9.876,-2.2611,0.88,Improving,27.790000915527344,31.0582,27.3313,38.3805,44.5611,12.0,1.96,10,clear,49.0,False,rebalance_week,ok,2225488.336893203,2026-09-21,1.0,27.91,28.81,27.36,False,,False,,False,,,,watching,,,
BNED@2026-06-24,2026-09-09,BNED,"Barnes & Noble Education, Inc Common Stock",US,USALL,Consumer Discretionary,stage2_breakout,D,live,False,Stage 2,36.2,34.1,19.2,13.6329,0.0,13.6329,1.0,Improving,11.229999542236328,14.9987,13.1988,21.2529,26.5295,12.0,3.47,11,event_ahead,1.0,False,rebalance_week,ok,1898861.827959328,2026-09-21,1.0,11.33,11.41,10.465,False,,False,,False,,,,watching,,,
BNT@2026-09-09,2026-09-09,BNT,Brookfield Wealth Solutions Ltd. Class A Exchangeable Limited Voting Shares,US,USALL,Financials,stage4_breakdown,C,late,True,Stage 4,-71.8,12.6,48.0,-14.1098,9.876,-22.1766,0.88,Improving,38.119998931884766,38.935,43.6072,30.491,23.2699,12.0,1.81,0,clear,66.0,False,rebalance_week,ok,670340.9791458513,2026-09-21,1.0,36.82,38.66,36.28,True,2026-09-14,False,,False,,0.57,0.45,open,,,
BOC@2026-07-01,2026-09-09,BOC,Boston Omaha Corporation Class A Common Stock,US,USALL,Industrials,stage2_breakout,D,live,False,Stage 2,28.2,36.6,22.1,4.7985,0.0,4.7985,1.0,Improving,13.56999969482422,15.4338,13.5818,19.92,23.68,12.0,2.42,10,clear,66.0,False,rebalance_week,ok,1430451.9531423454,2026-09-21,1.0,13.47,13.925,13.12,False,,False,,False,,,,watching,,,
BOH@2026-07-15,2026-09-09,BOH,Bank of Hawaii Corporation Common Stock,US,USALL,Financials,stage2_breakout,D,failed,False,Stage 2 to 3,6.4,33.6,44.4,4.4528,9.876,-4.8459,0.88,Improving,75.80000305175781,86.4687,76.0924,101.9457,115.0796,12.0,1.49,8,clear,49.0,False,clear,ok,19319262.194091227,2026-09-21,1.0,71.65,76.58,70.11,False,,False,,False,,,,watching,,,
BOKF@2026-06-24,2026-09-09,BOKF,BOK Financial Corporation - Common Stock,US,USALL,Financials,stage2_breakout,D,live,False,Stage 2,22.4,46.1,30.1,7.8948,9.876,-1.6795,0.88,Improving,135.69000244140625,148.3292,131.0308,174.2596,196.1953,11.66,1.5,11,clear,42.0,False,rebalance_week,ok,25571945.155826844,2026-09-21,1.0,131.77,137.36,129.63,False,,False,,False,,,,watching,,,
BOLD@2026-06-24,2026-09-09,BOLD,"Boundless Bio, Inc. - Common Stock",US,USALL,Health Care,stage2_breakout,D,late,False,Stage 2,61.9,14.6,9.7,77.1731,17.6631,54.0674,1.15,Improving,2.8299999237060547,3.2248,2.8378,4.5878,5.7268,12.0,3.52,11,clear,,False,rebalance_week,thin,165634.3778071241,2026-09-21,1.0,2.66,2.93,2.59,False,,False,,False,,,,watching,,,
BOW@2026-07-01,2026-09-09,BOW,Bowhead Specialty Holdings Inc. Common Stock,US,USALL,Financials,stage2_breakout,D,late,False,Stage 2,68.3,39.1,3.2,24.0675,9.876,13.129,1.15,Improving,33.66999816894531,35.522,31.2593,48.93,60.018,12.0,3.15,10,clear,57.0,False,rebalance_week,ok,3676711.570723081,2026-09-21,1.0,33.76,33.95,33.66,False,,False,,False,,,,watching,,,
BOX@2026-08-26,2026-09-09,BOX,"Box, Inc. Class A Common Stock",US,USALL,Information Technology,stage2_breakout,D,late,False,Stage 2,75.2,28.4,0.6,18.8179,18.0891,-0.9476,0.88,Improving,33.75,36.8953,32.4678,51.34,63.34,12.0,3.26,2,event_driven,85.0,True,clear,ok,44682626.6702892,2026-09-21,1.0,31.39,35.32,31.33,False,,False,,False,,,,watching,,,
BPOP@2026-06-24,2026-09-09,BPOP,"Popular, Inc. - Common Stock",US,USALL,Financials,stage2_breakout,D,live,False,Stage 2,49.1,46.0,12.7,17.1259,9.876,7.0927,1.15,Improving,163.7100067138672,180.0586,158.4516,233.347,277.4155,12.0,2.47,11,clear,45.0,False,rebalance_week,ok,54698379.22399616,2026-09-21,1.0,160.48,166.56,158.01,False,,False,,False,,,,watching,,,
BPRN@2026-07-01,2026-09-09,BPRN,"Princeton Bancorp, Inc. - Common Stock",US,USALL,Financials,stage2_breakout,C,late,True,Stage 2,56.3,47.6,7.9,22.7849,9.876,12.0104,1.15,Improving,43.34999847412109,44.5122,39.1707,56.0441,65.6754,12.0,2.16,10,clear,51.0,False,rebalance_week,ok,366262.8634636495,2026-09-21,1.0,43.41,44.045,42.26,False,,False,,False,,,,watching,,,
BRBS@2026-09-09,2026-09-09,BRBS,"Blue Ridge Bankshares, Inc. Common Stock",US,USALL,Financials,stage2_breakout,C,late,True,Stage 2,68.8,41.8,6.4,14.4377,9.876,3.8564,1.15,Improving,4.090000152587891,4.0956,3.6041,5.3331,6.3595,12.0,2.52,0,clear,51.0,False,rebalance_week,ok,712756.9602375733,2026-09-21,1.0,3.85,4.17,3.795,True,2026-09-14,False,,False,,0.15,-0.5,open,,,
BRK-A@2026-08-05,2026-09-09,BRK-A,Berkshire Hathaway Inc. Common Stock,US,USALL,Financials,stage2_breakout,D,live,False,Stage 1 to 2,31.8,51.4,19.9,3.4528,9.876,-6.1652,0.88,Improving,766000.0,811591.4582,724089.5418,914206.0,1000688.4,10.78,1.17,5,clear,61.0,False,clear,ok,95638988.32548484,2026-09-21,1.0,758506.0,785520.0,752180.0,False,,False,,False,,,,watching,,,
BRSL@2026-07-29,2026-09-09,BRSL,"Brightstar Lottery PLC Trading under the Legal Name to begin at the market open on July 21, 2025. Ordinary Shares",US,USALL,Consumer Discretionary,stage4_breakdown,C,live,True,Stage 4,-61.3,7.1,43.2,-16.2525,0.0,-16.2525,0.88,Improving,10.800000190734863,9.4878,10.6263,5.7389,2.5674,12.0,3.29,6,clear,64.0,False,clear,ok,11413756.75880232,2026-09-21,1.0,9.96,10.82,9.63,False,,False,,False,,,,watching,,,
BRSP@2026-07-29,2026-09-09,BRSP,"BrightSpire Capital, Inc. Class A Common Stock",US,USALL,Real Estate,stage4_breakdown,C,late,True,Stage 4,-75.8,7.1,56.9,-15.6324,0.4739,-16.1352,0.88,Improving,4.449999809265137,4.5493,5.0952,3.279,2.2102,12.0,2.33,6,event_driven,50.0,True,clear,ok,3914341.861481671,2026-09-21,1.0,4.09,4.499,3.98,True,2026-09-14,False,,False,,1.04,0.84,open,,,
BRT@2026-06-24,2026-09-09,BRT,BRT Apartments Corp. (MD) Common Stock,US,USALL,Real Estate,stage2_breakout,D,failed,True,Stage 3,-6.1,37.2,39.7,-0.4384,0.4739,-0.9693,0.88,Improving,14.1899995803833,15.8109,13.9136,18.3005,20.437,12.0,1.31,11,clear,59.0,False,rebalance_week,ok,365650.3237155339,2026-09-21,1.0,13.77,14.27,13.66,False,,False,,False,,,,watching,,,
BRZE@2026-08-26,2026-09-09,BRZE,"Braze, Inc. - Class A Common Stock",US,USALL,Information Technology,stage2_breakout,D,failed,False,Stage 4,-22.9,24.6,9.9,-5.7648,18.0891,-21.6934,0.88,Improving,23.940000534057617,36.0492,31.7233,50.779,63.3862,12.0,3.41,2,event_ahead,1.0,False,clear,ok,46542043.62355177,2026-09-21,1.0,24.37,26.302,24.0,False,,False,,False,,,,watching,,,
BSET@2026-07-15,2026-09-09,BSET,"Bassett Furniture Industries, Incorporated - Common Stock",US,USALL,Consumer Discretionary,stage2_breakout,D,live,False,Stage 2,40.4,37.2,9.1,11.73,0.0,11.73,1.0,Improving,17.690000534057617,22.3715,19.6869,31.2114,38.5539,12.0,3.29,8,clear,31.0,False,clear,ok,322685.40895118064,2026-09-21,1.0,18.28,18.38,16.86,False,,False,,False,,,,watching,,,
BSVN@2026-06-24,2026-09-09,BSVN,Bank7 Corp. - Common stock,US,USALL,Financials,stage2_breakout,C,late,True,Stage 2,74.3,45.1,2.0,22.7996,9.876,11.9089,1.15,Improving,54.88999938964844,58.4317,51.4199,77.2963,92.9894,12.0,2.69,11,clear,37.0,False,rebalance_week,ok,473114.4958962344,2026-09-21,1.0,55.85,57.28,53.51,False,,False,,False,,,,watching,,,
BTO@2026-07-01,2026-09-09,BTO,John Hancock Financial Opportunities Fund Common Stock,US,USALL,Financials,stage2_breakout,D,live,False,Stage 2,36.4,57.7,15.9,9.8089,9.876,0.0123,1.15,Improving,38.77999877929688,41.7226,36.7159,50.7168,58.2435,12.0,1.8,10,unknown,,,rebalance_week,ok,1129278.2767064015,2026-09-21,1.0,36.69,38.99,36.25,False,,False,,False,,,,watching,,,
BUSE@2026-06-24,2026-09-09,BUSE,First Busey Corporation - Common Stock,US,USALL,Financials,stage2_breakout,D,live,False,Stage 2,52.8,58.1,10.0,17.7407,9.876,7.4446,1.15,Improving,30.440000534057617,32.0161,28.1742,40.021,46.6778,12.0,2.08,11,clear,50.0,False,rebalance_week,ok,14459421.467393348,2026-09-21,1.0,30.09,30.72,29.45,False,,False,,False,,,,watching,,,
BV@2026-06-24,2026-09-09,BV,"BrightView Holdings, Inc. Common Stock",US,USALL,Industrials,stage2_breakout,D,failed,False,Stage 4,-62.4,3.0,65.7,-12.0177,0.0,-12.0177,0.88,Improving,11.1899995803833,15.2433,13.4141,19.58,23.244,12.0,2.37,11,clear,72.0,False,rebalance_week,ok,5965548.247266027,2026-09-21,1.0,10.41,11.35,9.815,False,,False,,False,,,,watching,,,
BVFL@2026-06-24,2026-09-09,BVFL,"BV Financial, Inc. - Common Stock",US,USALL,Financials,stage2_breakout,C,live,True,Stage 2,34.1,44.7,17.0,9.1091,9.876,-0.5941,0.88,Improving,20.920000076293945,22.4535,19.7591,27.14,31.116,12.0,1.74,11,clear,39.0,False,rebalance_week,ok,199440.61802151773,2026-09-21,1.0,20.87,21.48,20.3,False,,False,,False,,,,watching,,,
BVS@2026-07-29,2026-09-09,BVS,Bioventus Inc. - Class A Common Stock,US,USALL,Health Care,stage2_breakout,D,late,False,Stage 2,55.2,22.0,11.4,40.3054,17.6631,20.5504,1.15,Improving,12.979999542236328,16.1893,14.2466,23.0448,28.7663,12.0,3.53,6,clear,57.0,False,clear,ok,4735961.654364249,2026-09-21,1.0,13.81,13.94,12.34,False,,False,,False,,,,watching,,,
BWB@2026-07-15,2026-09-09,BWB,"Bridgewater Bancshares, Inc. - Common Stock",US,USALL,Financials,stage2_breakout,D,live,False,Stage 2,42.0,55.1,9.8,13.4806,9.876,3.4217,1.15,Improving,21.38999938964844,22.9161,20.1662,28.62,33.42,12.0,2.07,8,clear,43.0,False,clear,ok,1246365.2493360746,2026-09-21,1.0,20.77,21.63,20.36,False,,False,,False,,,,watching,,,
BWIN@2026-08-12,2026-09-09,BWIN,"The Baldwin Insurance Group, Inc. - Class A Common Stock",US,USALL,Financials,stage2_breakout,D,late,False,Stage 2,49.9,37.2,4.5,20.568,9.876,9.6267,1.15,Improving,29.64999961853028,33.3239,29.325,47.2555,58.9879,12.0,3.48,4,clear,57.0,False,clear,ok,23192910.870294232,2026-09-21,1.0,31.85,32.705,31.7,False,,False,,False,,,,watching,,,
BWLP@2026-08-19,2026-09-09,BWLP,BW LPG Limited Common Shares,US,USALL,Energy,stage2_breakout,D,late,False,Stage 2,87.3,14.4,8.2,56.4302,7.5984,,1.0,Improving,25.1299991607666,24.9298,21.9383,35.5272,44.3477,12.0,3.54,3,clear,77.0,False,clear,ok,5219353.43838539,2026-09-21,1.0,24.23,26.47,23.95,True,2026-09-14,False,,False,,0.51,-0.23,open,,,
BWMN@2026-07-15,2026-09-09,BWMN,Bowman Consulting Group Ltd. - Common Stock,US,USALL,Industrials,stage4_breakdown,D,failed,True,Stage 2,61.0,23.7,1.4,23.854,0.0,23.854,1.0,Improving,42.41999816894531,24.3626,27.2861,13.7885,4.7633,12.0,3.62,8,clear,58.0,False,clear,ok,2899770.375813256,2026-09-21,1.0,42.57,42.63,42.39,False,,False,,False,,,,watching,,,
BXMT@2026-06-24,2026-09-09,BXMT,"Blackstone Mortgage Trust, Inc. Common Stock",US,USALL,Real Estate,stage4_breakdown,C,late,True,Stage 4,-79.6,4.8,46.6,-23.1811,0.4739,-23.7693,0.88,Improving,13.350000381469728,13.3822,14.9881,7.4855,2.5859,12.0,3.67,11,clear,51.0,False,rebalance_week,ok,19067778.61875865,2026-09-21,1.0,12.5,13.61,12.31,True,2026-09-14,False,,False,,0.67,0.55,open,,,
BY@2026-06-24,2026-09-09,BY,"Byline Bancorp, Inc. Common Stock",US,USALL,Financials,stage2_breakout,D,live,False,Stage 2,54.8,57.8,9.8,19.9351,9.876,9.5317,1.15,Improving,38.66999816894531,40.4155,35.5656,50.5555,58.9759,12.0,2.09,11,clear,45.0,False,rebalance_week,ok,5821908.500765534,2026-09-21,1.0,37.44,39.116,36.765,False,,False,,False,,,,watching,,,
BYFC@2026-08-12,2026-09-09,BYFC,Broadway Financial Corporation - Class A Common Stock,US,USALL,Financials,stage2_breakout,D,late,False,Stage 2,60.6,41.1,9.1,39.3865,9.876,27.7936,1.15,Improving,11.850000381469728,12.5032,11.0028,17.58,21.764,12.0,3.38,4,unknown,,,clear,untradeable,15644.214370731712,2026-09-21,1.0,11.91,12.15,11.8,False,,False,,False,,,,watching,,,
BZH@2026-07-15,2026-09-09,BZH,"Beazer Homes USA, Inc. Common Stock",US,USALL,Consumer Discretionary,stage2_breakout,D,late,False,Stage 2,62.7,30.9,9.9,32.6958,0.0,32.6958,1.0,Improving,33.25,35.0037,30.8033,50.083,62.5174,12.0,3.59,8,clear,66.0,False,clear,ok,8874743.895258531,2026-09-21,1.0,33.37,33.42,33.23,False,,False,,False,,,,watching,,,
CAC@2026-06-24,2026-09-09,CAC,Camden National Corporation - Common Stock,US,USALL,Financials,stage2_breakout,D,late,False,Stage 2,49.7,53.7,11.5,23.0576,9.876,12.478,1.15,Improving,57.93999862670898,61.443,54.0698,78.3346,92.5302,12.0,2.29,11,clear,50.0,False,rebalance_week,ok,3560169.3928364306,2026-09-21,1.0,57.82,58.69,56.25,False,,False,,False,,,,watching,,,
CAKE@2026-06-17,2026-09-09,CAKE,The Cheesecake Factory Incorporated - Common Stock,US,USALL,Consumer Discretionary,stage2_breakout,D,late,False,Stage 2,61.3,2.9,14.4,55.1733,0.0,55.1733,1.0,Improving,102.6999969482422,120.2766,105.8434,171.767,214.4126,12.0,3.57,12,clear,50.0,False,rebalance_week,ok,75981396.17492667,2026-09-21,1.0,104.49,106.04,94.54,False,,False,,False,,,,watching,,,
CASS@2026-07-15,2026-09-09,CASS,"Cass Information Systems, Inc - Common Stock",US,USALL,Industrials,stage2_breakout,D,live,False,Stage 2,51.1,39.6,13.0,20.7616,0.0,20.7616,1.0,Improving,55.18000030517578,60.0273,52.824,76.5694,90.3933,12.0,2.3,8,clear,45.0,False,clear,ok,2768872.4107261985,2026-09-21,1.0,54.13,56.08,53.72,False,,False,,False,,,,watching,,,
CBAN@2026-07-22,2026-09-09,CBAN,"Colony Bankcorp, Inc. Common Stock",US,USALL,Financials,stage2_breakout,D,live,False,Stage 2,37.0,58.3,17.8,12.1827,9.876,2.2389,1.15,Improving,21.459999084472656,22.721,19.9945,26.1875,29.1695,12.0,1.27,7,event_driven,44.0,True,clear,ok,3714418.861961203,2026-09-21,1.0,20.68,21.71,20.4,False,,False,,False,,,,watching,,,
CBNA@2026-07-01,2026-09-09,CBNA,"Chain Bridge Bancorp, Inc. Class A Common Stock",US,USALL,Financials,stage2_breakout,C,late,True,Stage 2,53.1,35.5,10.3,26.1365,9.876,15.2374,1.15,Improving,46.31999969482422,49.9064,43.9177,64.25,76.35,12.0,2.4,10,clear,50.0,False,rebalance_week,ok,337900.19062045484,2026-09-21,1.0,47.76,49.71,43.9,False,,False,,False,,,,watching,,,
CBNK@2026-07-01,2026-09-09,CBNK,"Capital Bancorp, Inc. - Common Stock",US,USALL,Financials,stage2_breakout,D,live,False,Stage 2,49.5,53.9,8.0,15.5688,9.876,5.3761,1.15,Improving,36.25,39.1272,34.4319,49.5424,58.2274,12.0,2.22,10,clear,49.0,False,rebalance_week,ok,1463056.8934570928,2026-09-21,1.0,36.05,36.77,35.5,False,,False,,False,,,,watching,,,
CBRL@2026-07-01,2026-09-09,CBRL,"Cracker Barrel Old Country Store, Inc. - Common Stock",US,USALL,Consumer Discretionary,stage2_breakout,D,late,False,Stage 2,54.8,25.5,11.5,32.7068,0.0,32.7068,1.0,Improving,49.47999954223633,61.4971,54.1174,87.377,109.0706,12.0,3.51,10,event_ahead,16.0,False,rebalance_week,ok,28209545.6595638,2026-09-21,1.0,51.81,52.68,42.87,False,,False,,False,,,,watching,,,
CBU@2026-06-24,2026-09-09,CBU,"Community Financial System, Inc. Common Stock",US,USALL,Financials,stage2_breakout,D,failed,True,Stage 3 to 4,-0.6,16.8,38.2,2.6078,9.876,-6.6365,0.88,Improving,62.540000915527344,71.9311,63.2994,87.7099,100.9898,12.0,1.83,11,clear,50.0,False,rebalance_week,ok,10513865.547315389,2026-09-21,1.0,61.57,63.63,60.3,False,,False,,False,,,,watching,,,
CCAP@2026-09-09,2026-09-09,CCAP,"Crescent Capital BDC, Inc. - Common Stock",US,USALL,Financials,stage4_breakdown,C,late,True,Stage 4,-79.7,4.6,48.2,-18.2855,9.876,-26.1426,0.88,Improving,9.920000076293944,10.1044,11.3169,6.9412,4.2862,12.0,2.61,0,clear,65.0,False,rebalance_week,ok,1838655.466228204,2026-09-21,1.0,9.57,10.15,9.475,True,2026-09-14,False,,False,,0.52,0.44,open,,,
CCBG@2026-06-24,2026-09-09,CCBG,Capital City Bank Group - Common Stock,US,USALL,Financials,stage2_breakout,B,live,True,Stage 2,47.3,60.5,7.3,13.5891,9.876,3.523,1.15,Improving,50.70000076293945,53.9461,47.4726,66.4508,76.9547,12.0,1.93,11,clear,43.0,False,rebalance_week,ok,2630733.176408422,2026-09-21,1.0,49.86,51.05,48.63,False,,False,,False,,,,watching,,,
CCEL@2026-08-19,2026-09-09,CCEL,"Cryo-Cell International, Inc. Common Stock",US,USALL,Health Care,stage2_breakout,D,late,False,Stage 2,70.8,31.5,0.0,17.5564,17.6631,-2.398,0.88,Improving,4.400000095367432,5.0509,4.4448,7.08,8.824,12.0,3.35,3,clear,,False,clear,thin,25126.931677882905,2026-09-21,1.0,4.24,4.63,3.49,False,,False,,False,,,,watching,,,
CCNE@2026-06-24,2026-09-09,CCNE,CNB Financial Corporation - Common Stock,US,USALL,Financials,stage2_breakout,D,live,False,Stage 2,53.4,59.2,9.9,19.1785,9.876,8.8479,1.15,Improving,34.47999954223633,36.3904,32.0236,45.9928,54.0135,12.0,2.2,11,clear,52.0,False,rebalance_week,ok,3654786.366122213,2026-09-21,1.0,34.09,34.84,33.37,False,,False,,False,,,,watching,,,
CCZ@2026-07-01,2026-09-09,CCZ,Comcast Holdings ZONES,US,USALL,,stage2_breakout,D,live,False,Stage 1,28.0,69.5,45.7,2.5241,,,1.0,Improving,64.66999816894531,66.7964,61.9036,71.7205,75.8968,7.32,1.01,10,unknown,,,rebalance_week,untradeable,1893.4269136044927,2026-09-21,1.0,64.67,64.67,64.67,False,,False,,False,,,,watching,,,
CDNA@2026-07-01,2026-09-09,CDNA,"CareDx, Inc. - Common Stock",US,USALL,Health Care,stage2_breakout,D,late,False,Stage 2,66.8,11.1,9.5,109.8126,17.6631,83.9158,1.15,Improving,50.2599983215332,54.6951,48.1317,77.823,97.1445,12.0,3.52,10,clear,57.0,False,rebalance_week,ok,17354371.31117328,2026-09-21,1.0,63.68,65.19,50.17,True,2026-09-14,False,,False,,1.6,1.37,open,,,
CDRO@2026-06-17,2026-09-09,CDRO,"Codere Online Luxembourg, S.A. - Ordinary Shares",US,USALL,Consumer Discretionary,stage2_breakout,D,live,False,Stage 2,48.0,46.6,13.9,12.996,0.0,12.996,1.0,Improving,9.31999969482422,10.4189,9.1687,12.92,15.048,12.0,2.0,12,clear,70.0,False,rebalance_week,thin,142816.4738359894,2026-09-21,1.0,10.01,10.19,8.8,False,,False,,False,,,,watching,,,
CENT@2026-06-24,2026-09-09,CENT,Central Garden & Pet Company - Common Stock,US,USALL,Consumer Staples,stage2_breakout,D,failed,True,Stage 2,22.9,34.0,14.5,7.9902,2.0049,6.1421,1.15,Improving,40.18999862670898,47.6388,41.9221,58.84,68.336,12.0,1.96,11,clear,79.0,False,rebalance_week,ok,2216832.039567355,2026-09-21,1.0,39.51,41.21,39.09,False,,False,,False,,,,watching,,,
CENTA@2026-06-24,2026-09-09,CENTA,Central Garden & Pet Company - Class A Common Stock Nonvoting,US,USALL,Consumer Staples,stage2_breakout,D,failed,True,Stage 2 to 3,10.2,40.4,26.7,4.9159,2.0049,3.0716,1.15,Improving,34.72999954223633,41.384,36.4179,50.81,58.818,12.0,1.9,11,clear,79.0,False,rebalance_week,ok,7590924.093012524,2026-09-21,1.0,34.06,37.18,33.74,False,,False,,False,,,,watching,,,
CERS@2026-07-01,2026-09-09,CERS,Cerus Corporation - Common Stock,US,USALL,Health Care,stage2_breakout,D,live,False,Stage 2,17.9,32.4,19.6,11.4861,17.6631,-4.4538,0.88,Improving,2.490000009536743,3.5683,3.1401,5.0315,6.2807,12.0,3.42,10,clear,59.0,False,rebalance_week,ok,4449313.855406715,2026-09-21,1.0,2.62,2.69,2.45,False,,False,,False,,,,watching,,,
CET@2026-08-05,2026-09-09,CET,Central Securities Corporation Common Stock,US,USALL,Financials,stage2_breakout,D,live,False,Stage 2,52.0,48.1,18.3,8.9271,9.876,-1.0029,0.88,Improving,56.0,56.3526,51.7974,63.8459,70.1306,8.08,1.64,5,unknown,,,clear,ok,1309725.9246724849,2026-09-21,1.0,56.39,57.39,55.12,True,2026-09-21,False,,False,,0.23,0.01,open,,,
CFBK@2026-07-29,2026-09-09,CFBK,CF Bankshares Inc. - Common Stock,US,USALL,Financials,stage2_breakout,D,late,False,Stage 2,48.3,62.7,12.3,23.0745,9.876,12.4379,1.15,Improving,35.18000030517578,37.3902,32.9034,47.525,55.985,12.0,2.26,6,event_driven,57.0,True,clear,ok,954464.5702180088,2026-09-21,1.0,34.51,38.11,33.72,True,2026-09-14,False,,False,,0.16,-0.64,open,,,
CFFI@2026-06-24,2026-09-09,CFFI,C&F Financial Corporation - Common Stock,US,USALL,Financials,stage2_breakout,C,late,True,Stage 2,75.2,50.7,5.1,26.6882,9.876,15.4704,1.15,Improving,95.0,97.4265,85.7353,122.9917,144.5851,12.0,2.19,11,clear,45.0,False,rebalance_week,ok,336279.2436794435,2026-09-21,1.0,93.6,97.07,91.35,False,,False,,False,,,,watching,,,
CFFN@2026-06-24,2026-09-09,CFFN,"Capitol Federal Financial, Inc. - Common Stock",US,USALL,Financials,stage2_breakout,D,live,False,Stage 2,60.4,54.2,8.7,21.3094,9.876,10.8233,1.15,Improving,8.819999694824219,9.3539,8.2314,11.9078,14.0261,12.0,2.28,11,clear,51.0,False,rebalance_week,ok,4498954.400747172,2026-09-21,1.0,8.68,8.97,8.49,False,,False,,False,,,,watching,,,
CGAU@2026-08-19,2026-09-09,CGAU,Centerra Gold Inc. Common Shares,US,USALL,Materials,stage2_breakout,D,late,False,Stage 2,54.5,23.6,9.8,38.6376,0.0,38.6376,1.0,Improving,22.6299991607666,25.0239,22.021,34.3845,42.2761,12.0,3.12,3,clear,50.0,False,clear,ok,21567160.26476521,2026-09-21,1.0,22.56,23.8,21.46,False,,False,,False,,,,watching,,,
CGEM@2026-06-24,2026-09-09,CGEM,"Cullinan Therapeutics, Inc. - Common Stock",US,USALL,Health Care,stage2_breakout,D,late,False,Stage 2,53.6,21.3,9.1,53.8499,17.6631,33.687,1.15,Improving,20.59000015258789,23.7479,20.8981,33.6255,41.9739,12.0,3.47,11,clear,68.0,False,rebalance_week,ok,9448379.108901378,2026-09-21,1.0,14.81,21.88,14.67,False,,False,,False,,,,watching,,,
CGON@2026-08-19,2026-09-09,CGON,"CG Oncology, Inc. - Common stock",US,USALL,Health Care,stage2_breakout,D,live,False,Stage 2,43.4,41.6,11.2,24.9917,17.6631,7.1778,1.15,Improving,72.3499984741211,82.6517,72.7335,112.69,138.066,12.0,3.03,3,clear,63.0,False,clear,ok,44109767.25877788,2026-09-21,1.0,67.15,80.63,66.76,False,,False,,False,,,,watching,,,
CHCI@2026-09-02,2026-09-09,CHCI,"Comstock Holding Companies, Inc. - Class A Common Stock",US,USALL,Real Estate,stage2_breakout,D,late,False,Stage 2,81.6,35.2,1.9,35.0099,0.4739,34.3959,1.15,Improving,20.06999969482422,22.2097,19.5445,31.4505,39.2589,12.0,3.47,1,clear,66.0,False,clear,thin,287679.4962489481,2026-09-21,1.0,19.33,21.48,19.03,False,,False,,False,,,,watching,,,
CHCO@2026-06-24,2026-09-09,CHCO,City Holding Company - Common Stock,US,USALL,Financials,stage2_breakout,B,live,True,Stage 2,53.9,59.9,6.6,14.6037,9.876,4.3326,1.15,Improving,143.9600067138672,150.3394,132.2987,186.2725,216.0985,12.0,1.99,11,clear,44.0,False,rebalance_week,ok,10201874.10369962,2026-09-21,1.0,141.97,146.02,138.48,False,,False,,False,,,,watching,,,
CHCT@2026-06-24,2026-09-09,CHCT,Community Healthcare Trust Incorporated Common Stock,US,USALL,Real Estate,stage2_breakout,D,failed,False,Stage 4,-49.4,4.0,64.4,-5.713,0.4739,-6.0412,0.88,Improving,14.609999656677246,18.9677,16.6916,23.0968,26.5843,12.0,1.81,11,clear,50.0,False,rebalance_week,ok,2659945.376321852,2026-09-21,1.0,14.41,14.845,14.11,False,,False,,False,,,,watching,,,
CHMI@2026-08-12,2026-09-09,CHMI,Cherry Hill Mortgage Investment Corporation Common Stock,US,USALL,Real Estate,stage2_breakout,C,late,True,Stage 2,52.8,51.2,4.7,20.5284,0.4739,19.9301,1.15,Improving,2.869999885559082,3.0176,2.6555,3.7746,4.4103,12.0,2.09,4,event_driven,59.0,True,clear,ok,364208.56693482015,2026-09-21,1.0,2.74,2.91,2.73,False,,False,,False,,,,watching,,,
CHPT@2026-09-02,2026-09-09,CHPT,"ChargePoint Holdings, Inc. Common Stock",US,USALL,Consumer Discretionary,stage2_breakout,D,late,False,Stage 2,68.5,15.3,0.0,23.712,0.0,23.712,1.0,Improving,9.0600004196167,10.6148,9.3411,14.906,18.6068,12.0,3.37,1,event_driven,86.0,True,clear,ok,2137323.119462536,2026-09-14,0.0,10.32,10.72,8.62,True,2026-09-14,True,2026-09-14,False,,0.08,-0.23,stopped out,,,
CHT@2026-09-09,2026-09-09,CHT,"Chunghwa Telecom Co., Ltd.",US,USALL,Communication Services,stage2_breakout,D,live,False,Stage 2,59.6,45.9,8.8,7.7829,0.0,7.7829,1.0,Improving,44.84999847412109,45.0443,40.8111,51.642,57.1834,9.4,1.56,0,clear,59.0,False,rebalance_week,ok,4706147.854308503,2026-09-21,1.0,46.15,46.41,44.47,True,2026-09-14,False,,False,,0.32,0.26,open,,,
CIFR@2026-06-17,2026-09-09,CIFR,Cipher Digital Inc. - Common Stock,US,USALL,Information Technology,stage2_breakout,D,failed,False,Stage 4,-54.1,6.7,56.1,-5.8917,18.0891,-20.4856,0.88,Improving,16.850000381469727,31.3131,27.5556,43.703,54.5534,12.0,3.3,12,clear,56.0,False,rebalance_week,ok,387943950.2882539,2026-09-21,1.0,17.73,19.745,14.85,False,,False,,False,,,,watching,,,
CION@2026-06-24,2026-09-09,CION,CION Investment Corporation Common Stock,US,USALL,Financials,stage4_breakdown,D,failed,True,Stage 4 to 1,-4.7,25.3,21.3,-2.2916,9.876,-11.701,0.88,Improving,7.179999828338623,5.5535,6.2199,3.2637,1.3356,12.0,3.44,11,clear,,False,rebalance_week,ok,2323985.3662785343,2026-09-21,1.0,7.16,7.34,6.995,False,,False,,False,,,,watching,,,
CIVB@2026-06-24,2026-09-09,CIVB,"Civista Bancshares, Inc.  - Common Stock",US,USALL,Financials,stage2_breakout,B,live,True,Stage 2,42.0,40.1,14.0,13.8835,9.876,3.9357,1.15,Improving,27.440000534057617,30.3576,26.7146,38.63,45.5579,12.0,2.27,11,clear,45.0,False,rebalance_week,ok,2137660.56657374,2026-09-21,1.0,27.06,27.72,26.27,False,,False,,False,,,,watching,,,
CIX@2026-06-24,2026-09-09,CIX,CompX International Inc. Common Stock,US,USALL,Industrials,stage2_breakout,C,late,True,Stage 2,82.4,29.3,5.7,46.9293,0.0,46.9293,1.0,Improving,35.650001525878906,36.8522,32.4299,50.73,62.314,12.0,3.14,11,clear,58.0,False,rebalance_week,thin,89360.18300606395,2026-09-21,1.0,37.8,40.29,35.37,True,2026-09-14,False,,False,,0.78,0.21,open,,,
CLB@2026-06-24,2026-09-09,CLB,Core Laboratories Inc. Common Stock,US,USALL,Energy,stage4_breakdown,C,live,True,Stage 4,-64.0,14.5,32.1,-14.8354,7.5984,,1.0,Improving,12.5,9.448,10.5817,5.3798,1.8585,12.0,3.59,11,clear,51.0,False,rebalance_week,ok,5097451.132940519,2026-09-21,1.0,10.39,12.56,10.38,False,,False,,False,,,,watching,,,
CLDX@2026-07-01,2026-09-09,CLDX,"Celldex Therapeutics, Inc. - Common Stock",US,USALL,Health Care,stage2_breakout,D,live,False,Stage 2,49.6,43.1,9.9,20.7142,17.6631,2.8085,1.15,Improving,36.900001525878906,45.9887,40.47,65.453,81.7034,12.0,3.53,10,clear,63.0,False,rebalance_week,ok,23005880.172173657,2026-09-21,1.0,31.1,41.62,30.39,False,,False,,False,,,,watching,,,
CLMT@2026-07-15,2026-09-09,CLMT,"Calumet, Inc - Common Stock",US,USALL,Materials,stage2_breakout,D,late,False,Stage 2,90.0,18.2,5.7,90.2651,0.0,90.2651,1.0,Improving,56.79999923706055,55.7778,49.0845,79.315,99.007,12.0,3.52,8,clear,60.0,False,clear,ok,28321121.82543881,2026-09-21,1.0,53.65,59.87,51.92,True,2026-09-14,False,,False,,0.61,-0.32,open,,,
CLW@2026-08-05,2026-09-09,CLW,Clearwater Paper Corporation Common Stock,US,USALL,Materials,stage2_breakout,D,late,False,Stage 2,43.3,21.1,6.9,16.1703,0.0,16.1703,1.0,Improving,20.239999771118164,24.0821,21.1923,34.2055,42.6979,12.0,3.5,5,event_driven,50.0,True,clear,ok,2001665.144761936,2026-09-21,1.0,20.34,22.1,19.83,False,,False,,False,,,,watching,,,
CLWT@2026-06-17,2026-09-09,CLWT,Euro Tech Holdings Company Limited - Ordinary Shares,US,USALL,Industrials,stage2_breakout,D,late,False,Stage 2,40.8,40.2,11.9,18.7112,0.0,18.7112,1.0,Improving,1.5800000429153442,2.7408,2.4119,3.886,4.8508,12.0,3.48,12,unknown,,,rebalance_week,untradeable,16576.6917100807,2026-09-21,1.0,1.37,1.61,1.37,False,,False,,False,,,,watching,,,
CMBT@2026-09-02,2026-09-09,CMBT,CMB.TECH NV Ordinary Shares,US,USALL,Energy,stage2_breakout,D,late,False,Stage 2,86.7,37.9,6.9,54.1312,7.5984,,1.0,Improving,19.479999542236328,19.9115,17.5221,27.9888,34.6918,12.0,3.38,1,event_driven,80.0,True,clear,ok,13340696.241782892,2026-09-21,1.0,19.01,20.82,18.69,True,2026-09-14,False,,False,,0.38,-0.38,open,,,
CMRE@2026-07-01,2026-09-09,CMRE,Costamare Inc. Common Stock $0.0001 par value,US,USALL,Industrials,stage4_breakdown,D,failed,False,"Stage 1 or 3, undetermined",-1.5,39.8,40.1,0.7528,0.0,0.7528,1.0,Improving,15.279999732971191,13.4981,15.1179,9.7366,6.515,12.0,2.32,10,clear,57.0,False,rebalance_week,ok,4449262.45602064,2026-09-21,1.0,14.53,15.61,14.41,False,,False,,False,,,,watching,,,
CNA@2026-07-22,2026-09-09,CNA,CNA Financial Corporation Common Stock,US,USALL,Financials,stage2_breakout,D,live,False,Stage 2,18.6,32.8,24.9,4.916,9.876,-4.5655,0.88,Improving,47.66999816894531,55.7382,49.0496,69.2322,80.4694,12.0,2.02,7,clear,56.0,False,clear,ok,15330585.356812945,2026-09-21,1.0,45.98,48.71,45.75,False,,False,,False,,,,watching,,,
CNMD@2026-08-05,2026-09-09,CNMD,CONMED Corporation Common Stock,US,USALL,Health Care,stage2_breakout,D,late,False,Stage 2,43.2,25.9,6.7,11.7273,17.6631,-6.6896,0.88,Improving,46.29999923706055,54.6422,48.0851,75.88,93.656,12.0,3.24,5,event_driven,58.0,True,clear,ok,12302968.848961432,2026-09-21,1.0,45.38,47.94,44.39,False,,False,,False,,,,watching,,,
CNNE@2026-09-02,2026-09-09,CNNE,"Cannae Holdings, Inc. Common Stock",US,USALL,Consumer Discretionary,stage2_breakout,D,late,False,Stage 2,56.6,70.1,3.2,4.9862,0.0,4.9862,1.0,Improving,15.40999984741211,16.4444,14.471,22.0509,26.7316,12.0,2.84,1,clear,63.0,False,clear,ok,4965013.339923196,2026-09-21,1.0,15.74,15.94,14.94,False,,False,,False,,,,watching,,,
CNOB@2026-06-24,2026-09-09,CNOB,"ConnectOne Bancorp, Inc. - Common Stock",US,USALL,Financials,stage2_breakout,B,live,True,Stage 2,42.6,55.7,15.1,13.5552,9.876,3.6442,1.15,Improving,31.799999237060547,34.3455,30.224,43.5858,51.3021,12.0,2.24,11,clear,52.0,False,rebalance_week,ok,8082738.988962832,2026-09-21,1.0,31.06,32.07,30.34,False,,False,,False,,,,watching,,,
CNQ@2026-08-19,2026-09-09,CNQ,Canadian Natural Resources Limited Common Stock,US,USALL,Energy,stage2_breakout,D,live,False,Stage 2,69.7,51.0,8.6,25.3791,7.5984,,1.0,Improving,50.06999969482422,52.5498,46.2438,65.8646,77.1282,12.0,2.11,3,clear,59.0,False,clear,ok,269889749.88793385,2026-09-21,1.0,47.41,51.82,46.986,False,,False,,False,,,,watching,,,
CNTY@2026-07-15,2026-09-09,CNTY,"Century Casinos, Inc. - Common Stock",US,USALL,Consumer Discretionary,stage4_breakdown,C,late,True,Stage 4,-67.4,10.0,59.7,-25.2126,0.0,-25.2126,0.88,Improving,1.149999976158142,1.1075,1.2404,0.627,0.2166,12.0,3.62,8,clear,60.0,False,clear,thin,55552.03305381902,2026-09-21,1.0,1.1,1.18,1.09,True,2026-09-21,False,,False,,0.13,0.06,open,,,
COGT@2026-08-05,2026-09-09,COGT,"Cogent Biosciences, Inc. - Common Stock",US,USALL,Health Care,stage2_breakout,D,failed,False,Stage 3 to 4,-30.3,25.5,52.8,0.3124,17.6631,-14.2461,0.88,Improving,33.40999984741211,44.2528,38.9425,55.91,65.926,12.0,2.2,5,clear,57.0,False,clear,ok,53874848.98032068,2026-09-21,1.0,32.31,33.93,30.35,False,,False,,False,,,,watching,,,
COLL@2026-08-26,2026-09-09,COLL,"Collegium Pharmaceutical, Inc. - Common Stock",US,USALL,Health Care,stage4_breakdown,C,late,True,Stage 4,-85.9,1.7,51.6,-39.2408,17.6631,-49.6704,0.88,Improving,22.75,22.5329,25.2368,12.8535,4.4403,12.0,3.58,2,clear,59.0,False,clear,ok,11935353.142250223,2026-09-21,1.0,22.53,23.69,21.65,True,2026-09-14,False,,False,,0.33,0.0,open,,,
CORT@2026-07-22,2026-09-09,CORT,Corcept Therapeutics Incorporated - Common Stock,US,USALL,Health Care,stage2_breakout,D,late,False,Stage 2,65.1,12.0,12.7,61.1773,17.6631,37.108,1.15,Improving,112.79000091552734,128.6352,113.199,183.251,228.7478,12.0,3.54,7,clear,58.0,False,clear,ok,59665263.98094201,2026-09-21,1.0,116.1,120.44,108.41,False,,False,,False,,,,watching,,,
CPA@2026-06-24,2026-09-09,CPA,"Copa Holdings, S.A. Class A Common Stock",US,USALL,Industrials,stage2_breakout,D,failed,False,Stage 3 to 4,-3.8,16.2,49.3,2.3685,0.0,2.3685,1.0,Improving,129.14999389648438,160.8503,141.5483,211.9561,254.8401,12.0,2.65,11,clear,72.0,False,rebalance_week,ok,31695143.56814444,2026-09-21,1.0,133.72,141.35,124.87,False,,False,,False,,,,watching,,,
CPHC@2026-06-24,2026-09-09,CPHC,Canterbury Park Holding Corporation - Common Stock,US,USALL,Consumer Discretionary,stage2_breakout,D,live,True,Stage 1,17.4,56.7,28.8,1.6824,0.0,1.6824,1.0,Improving,15.84000015258789,16.9085,15.039,18.7174,20.2773,11.06,0.97,11,clear,,False,rebalance_week,untradeable,17310.734380084574,2026-09-21,1.0,15.78,15.88,15.06,False,,False,,False,,,,watching,,,
CPS@2026-09-09,2026-09-09,CPS,Cooper-Standard Holdings Inc. Common Stock,US,USALL,Consumer Discretionary,stage4_breakdown,C,late,True,Stage 4,-73.4,3.5,60.0,-22.9047,0.0,-22.9047,0.88,Improving,24.100000381469727,24.1702,27.0706,13.7775,4.7595,12.0,3.58,0,clear,52.0,False,rebalance_week,ok,3375042.5984958806,2026-09-21,1.0,22.7,24.37,21.945,True,2026-09-14,False,,False,,0.77,0.51,open,,,
CRCT@2026-08-05,2026-09-09,CRCT,"Cricut, Inc. - Class A common stock",US,USALL,Information Technology,stage2_breakout,C,late,True,Stage 2,54.9,14.5,2.4,20.5095,18.0891,0.4092,1.15,Improving,5.619999885559082,6.3817,5.6159,8.8895,10.9851,12.0,3.27,5,event_driven,57.0,True,clear,ok,1534012.6712341856,2026-09-21,1.0,6.14,6.185,5.52,False,,False,,False,,,,watching,,,
CRD-A@2026-06-24,2026-09-09,CRD-A,Crawford & Company Common Stock,US,USALL,Financials,stage2_breakout,C,late,True,Stage 2,44.2,38.8,11.5,14.3413,9.876,4.0499,1.15,Improving,12.479999542236328,14.1639,12.4643,19.0259,23.1266,12.0,2.86,11,clear,56.0,False,rebalance_week,ok,426069.24916346057,2026-09-21,1.0,12.5,13.14,12.05,False,,False,,False,,,,watching,,,
CRD-B@2026-08-12,2026-09-09,CRD-B,Crawford & Company Common Stock,US,USALL,Financials,stage2_breakout,C,late,True,Stage 2,41.6,29.1,11.8,14.3486,9.876,3.9774,1.15,Improving,11.8100004196167,13.8639,12.2002,18.521,22.4659,12.0,2.8,4,event_driven,56.0,True,clear,thin,38102.32077933458,2026-09-21,1.0,11.83,13.15,11.25,False,,False,,False,,,,watching,,,
CRDL@2026-08-19,2026-09-09,CRDL,Cardiol Therapeutics Inc. - Class A Common Shares,US,USALL,Health Care,stage2_breakout,D,late,False,Stage 2,81.3,14.7,4.5,65.8646,17.6631,41.1162,1.15,Improving,1.995000004768372,2.3336,2.0536,3.2988,4.1178,12.0,3.45,3,event_driven,66.0,True,clear,ok,653180.9630266983,2026-09-21,1.0,1.71,2.04,1.66,False,,False,,False,,,,watching,,,
CRGY@2026-09-09,2026-09-09,CRGY,Crescent Energy Company Class A Common Stock,US,USALL,Energy,stage2_breakout,D,late,False,Stage 2,81.7,31.3,6.6,39.2385,7.5984,,1.0,Improving,14.65999984741211,14.817,13.039,20.0199,24.4078,12.0,2.93,0,clear,56.0,False,rebalance_week,ok,54432811.9618118,2026-09-21,1.0,13.15,15.47,12.95,True,2026-09-14,True,2026-09-21,False,,0.37,-0.94,stopped out,,,
CRI@2026-09-09,2026-09-09,CRI,"Carter's, Inc. Common Stock",US,USALL,Consumer Discretionary,stage4_breakdown,C,late,True,Stage 4,-65.5,2.5,68.9,-12.2708,0.0,-12.2708,0.88,Improving,30.43000030517578,30.3071,33.944,17.4819,6.5074,12.0,3.53,0,clear,56.0,False,rebalance_week,ok,27336270.528011244,2026-09-21,1.0,31.31,32.07,28.86,True,2026-09-14,False,,False,,0.4,-0.28,open,,,
CRON@2026-08-26,2026-09-09,CRON,Cronos Group Inc. - Common Share,US,USALL,Health Care,stage2_breakout,D,late,False,Stage 2,53.4,28.9,6.2,15.8343,17.6631,-2.394,0.88,Improving,3.140000104904175,3.6653,3.2255,5.2316,6.5305,12.0,3.56,2,clear,59.0,False,clear,ok,2044543.6426890264,2026-09-21,1.0,3.34,3.46,3.09,False,,False,,False,,,,watching,,,
CRSR@2026-08-05,2026-09-09,CRSR,"Corsair Gaming, Inc. - Common Stock",US,USALL,Information Technology,stage2_breakout,D,late,False,Stage 2,72.8,16.5,5.9,73.5726,18.0891,49.2259,1.15,Improving,13.539999961853027,15.3779,13.5326,21.7181,27.1102,12.0,3.44,5,event_driven,57.0,True,clear,ok,10225875.351261998,2026-09-21,1.0,13.66,13.96,12.67,False,,False,,False,,,,watching,,,
CSBR@2026-08-05,2026-09-09,CSBR,"Champions Oncology, Inc. - Common Stock",US,USALL,Health Care,stage4_breakdown,C,live,True,Stage 4,-51.9,8.8,45.0,-17.3033,17.6631,-31.364,0.88,Improving,5.099999904632568,4.6715,5.2321,2.66,0.924,12.0,3.59,5,event_ahead,3.0,False,clear,thin,38422.88937688549,2026-09-14,0.0,5.3,5.64,4.59,True,2026-09-14,True,2026-09-14,False,,0.15,-1.12,stopped out,,,
CSR@2026-08-26,2026-09-09,CSR,D/B/A Centerspace Common Stock,US,USALL,Real Estate,stage4_breakdown,C,live,True,Stage 4,-16.1,21.6,24.7,-2.8054,0.4739,-3.4974,0.88,Improving,58.290000915527344,51.1443,57.2816,35.3303,21.9946,12.0,2.58,2,clear,56.0,False,clear,ok,5634703.896241374,2026-09-21,1.0,55.29,58.79,54.75,False,,False,,False,,,,watching,,,
CSTE@2026-08-19,2026-09-09,CSTE,Caesarstone Ltd. - Ordinary Shares,US,USALL,Industrials,stage2_breakout,D,late,False,Stage 2,45.7,15.9,11.4,76.6937,0.0,76.6937,1.0,Improving,3.190000057220459,3.9515,3.4773,5.568,6.9504,12.0,3.41,3,clear,65.0,False,clear,thin,205505.69826104608,2026-09-21,1.0,2.94,3.32,2.73,False,,False,,False,,,,watching,,,
CSV@2026-08-05,2026-09-09,CSV,"Carriage Services, Inc. Common Stock",US,USALL,Consumer Discretionary,stage4_breakdown,C,late,True,Stage 4,-76.2,6.6,53.3,-22.5037,0.0,-22.5037,0.88,Improving,32.52000045776367,32.3859,36.2722,18.1995,6.2871,12.0,3.65,5,event_driven,58.0,True,clear,ok,3309058.7544121146,2026-09-21,1.0,31.94,33.01,30.11,True,2026-09-14,False,,False,,0.59,0.11,open,,,
CSWC@2026-08-05,2026-09-09,CSWC,Capital Southwest Corporation - Common Stock,US,USALL,Financials,stage2_breakout,D,live,False,Stage 2,43.5,53.3,7.7,11.3019,9.876,1.4148,1.15,Improving,24.190000534057617,25.9738,22.857,31.236,35.6248,12.0,1.69,5,event_driven,56.0,True,clear,ok,10086262.335236637,2026-09-21,1.0,23.13,24.35,22.85,False,,False,,False,,,,watching,,,
CTNM@2026-08-19,2026-09-09,CTNM,"Contineum Therapeutics, Inc. - Common stock",US,USALL,Health Care,stage2_breakout,D,live,False,Stage 2,49.1,24.6,11.5,12.6798,17.6631,-4.6588,0.88,Improving,14.81999969482422,18.3033,16.1069,24.6544,30.15,12.0,2.89,3,clear,52.0,False,clear,ok,2667938.036295616,2026-09-21,1.0,12.56,15.51,11.4,False,,False,,False,,,,watching,,,
CTRI@2026-08-26,2026-09-09,CTRI,"Centuri Holdings, Inc. Common Stock",US,USALL,Utilities,stage4_breakdown,C,late,True,Stage 4,-75.6,7.4,74.2,-24.7599,-2.0203,-22.9712,0.88,Improving,20.15999984741211,19.1973,21.501,10.945,3.781,12.0,3.58,2,clear,58.0,False,clear,ok,26202221.92734272,2026-09-21,1.0,20.51,20.81,19.03,True,2026-09-14,False,,False,,0.07,-0.57,open,,,
CTRN@2026-06-17,2026-09-09,CTRN,"Citi Trends, Inc. - Common Stock",US,USALL,Consumer Discretionary,stage2_breakout,D,late,False,Stage 2,47.6,27.8,14.0,25.4958,0.0,25.4958,1.0,Improving,60.619998931884766,79.7623,70.1908,112.9695,141.0171,12.0,3.47,12,clear,85.0,False,rebalance_week,ok,5673125.46169004,2026-09-21,1.0,49.03,60.51,48.99,False,,False,,False,,,,watching,,,
CURV@2026-07-22,2026-09-09,CURV,Torrid Holdings Inc. Common Stock,US,USALL,Consumer Discretionary,stage2_breakout,D,late,False,Stage 2,67.2,27.1,7.0,38.8394,0.0,38.8394,1.0,Improving,2.25,2.9492,2.5953,4.1398,5.1676,12.0,3.36,7,clear,86.0,False,clear,thin,520180.0234173784,2026-09-21,1.0,2.35,2.52,2.125,False,,False,,False,,,,watching,,,
CVBF@2026-07-01,2026-09-09,CVBF,CVB Financial Corporation - Common Stock,US,USALL,Financials,stage2_breakout,D,live,False,Stage 2,43.3,62.4,11.0,12.0321,9.876,2.0535,1.15,Improving,22.440000534057617,23.6619,20.8224,28.8427,33.1889,12.0,1.82,10,clear,44.0,False,rebalance_week,ok,22589787.22552503,2026-09-21,1.0,22.53,23.04,21.94,False,,False,,False,,,,watching,,,
CVE@2026-08-19,2026-09-09,CVE,Cenovus Energy Inc Common Stock,US,USALL,Energy,stage2_breakout,D,late,False,Stage 2,76.5,44.8,8.5,41.9936,7.5984,,1.0,Improving,33.11000061035156,33.9611,29.8857,46.4914,56.9646,12.0,3.07,3,clear,52.0,False,clear,ok,151490653.36049947,2026-09-21,1.0,30.93,34.1,30.37,True,2026-09-14,False,,False,,0.03,-0.74,open,,,
CVI@2026-09-09,2026-09-09,CVI,CVR Energy Inc. Common Stock,US,USALL,Energy,stage2_breakout,D,late,False,Stage 2,83.2,24.7,6.5,56.2293,7.5984,,1.0,Improving,49.65999984741211,45.7574,40.2665,64.7425,80.8165,12.0,3.46,0,clear,51.0,False,rebalance_week,ok,23444765.469196983,2026-09-21,1.0,51.52,55.19,47.47,True,2026-09-14,False,,False,,1.72,1.05,open,,,
CVSA@2026-08-05,2026-09-09,CVSA,Covista Inc. Common Shares,US,USALL,Consumer Staples,stage2_breakout,D,live,False,Stage 2,28.9,36.9,9.5,6.2538,2.0049,4.2416,1.15,Improving,125.08999633789062,145.0818,127.672,193.79,235.118,12.0,2.8,5,event_driven,52.0,True,clear,ok,27057087.724860333,2026-09-21,1.0,120.75,129.04,120.7,False,,False,,False,,,,watching,,,
CVU@2026-07-01,2026-09-09,CVU,"CPI Aerostructures, Inc. Common Stock",US,USALL,Industrials,stage2_breakout,D,late,False,Stage 2,44.5,37.5,14.9,29.5409,0.0,29.5409,1.0,Improving,5.150000095367432,6.1132,5.3796,8.671,10.8238,12.0,3.49,10,clear,,False,rebalance_week,thin,239874.95442241905,2026-09-21,1.0,5.08,5.3,4.94,False,,False,,False,,,,watching,,,
CWBC@2026-06-24,2026-09-09,CWBC,Community West Bancshares - Common Stock,US,USALL,Financials,stage2_breakout,B,live,True,Stage 2,45.1,55.7,13.1,11.3673,9.876,1.4381,1.15,Improving,26.190000534057617,28.3551,24.9525,34.2864,39.286,12.0,1.74,11,clear,45.0,False,rebalance_week,ok,4170270.671548589,2026-09-21,1.0,26.77,26.83,25.18,False,,False,,False,,,,watching,,,
CWT@2026-07-15,2026-09-09,CWT,California Water Service Group Common Stock,US,USALL,Utilities,stage2_breakout,D,live,False,Stage 2,29.0,37.5,14.4,5.73,-2.0203,7.8353,1.0,Improving,48.220001220703125,54.0218,47.5392,65.6348,75.3721,12.0,1.79,8,clear,52.0,False,clear,ok,16646455.003358489,2026-09-21,1.0,46.17,48.82,45.63,False,,False,,False,,,,watching,,,
CXM@2026-08-26,2026-09-09,CXM,"Sprinklr, Inc. Class A Common Stock",US,USALL,Information Technology,stage2_breakout,D,failed,False,Stage 4,-53.0,18.6,12.0,-14.777,18.0891,-29.7932,0.88,Improving,5.480000019073486,8.4504,7.4364,11.835,14.683,12.0,3.34,2,clear,86.0,False,clear,ok,14162554.816753948,2026-09-21,1.0,5.07,5.85,5.06,False,,False,,False,,,,watching,,,
CXW@2026-09-09,2026-09-09,CXW,"CoreCivic, Inc. Common Stock",US,USALL,Industrials,stage2_breakout,D,late,False,Stage 2,80.4,13.8,5.7,54.1038,0.0,54.1038,1.0,Improving,34.93000030517578,35.4512,31.197,50.547,63.0966,12.0,3.55,0,clear,58.0,False,rebalance_week,ok,24715130.155416887,2026-09-21,1.0,32.13,36.55,30.55,True,2026-09-14,True,2026-09-21,False,,0.26,-0.78,stopped out,,,
CYD@2026-09-09,2026-09-09,CYD,China Yuchai International Limited Common Stock,US,USALL,Consumer Discretionary,stage4_breakdown,C,late,True,Stage 4,-70.1,4.9,64.2,-14.8244,0.0,-14.8244,0.88,Improving,35.81999969482422,34.5747,38.7236,19.7114,6.8094,12.0,3.58,0,clear,170.0,False,rebalance_week,ok,4076553.23982293,2026-09-21,1.0,33.03,35.89,31.06,True,2026-09-14,False,,False,,0.85,0.37,open,,,
CYRX@2026-08-19,2026-09-09,CYRX,"CryoPort, Inc. - Common Stock",US,USALL,Industrials,stage2_breakout,D,late,False,Stage 2,59.9,32.6,10.2,34.8656,0.0,34.8656,1.0,Improving,15.550000190734863,17.536,15.4317,24.94,31.132,12.0,3.52,3,clear,57.0,False,clear,ok,5560426.9454042185,2026-09-21,1.0,17.41,17.98,15.39,True,2026-09-21,False,,False,,0.21,-0.06,open,,,
CZFS@2026-06-24,2026-09-09,CZFS,"Citizens Financial Services, Inc. - Common Stock",US,USALL,Financials,stage2_breakout,C,late,True,Stage 2,56.4,38.8,7.6,28.429,9.876,17.3211,1.15,Improving,82.20999908447266,85.42,75.1696,112.5308,135.2509,12.0,2.64,11,clear,52.0,False,rebalance_week,ok,486815.4178892391,2026-09-21,1.0,79.85,83.85,77.88,False,,False,,False,,,,watching,,,
CZNC@2026-08-12,2026-09-09,CZNC,Citizens & Northern Corp - Common Stock,US,USALL,Financials,stage2_breakout,D,late,False,Stage 2,53.8,53.3,8.8,20.2811,9.876,9.6509,1.15,Improving,25.96999931335449,26.5765,23.3874,32.5428,37.569,12.0,1.87,4,clear,45.0,False,clear,ok,839730.1157473724,2026-09-21,1.0,25.7,26.37,25.14,False,,False,,False,,,,watching,,,
CZWI@2026-06-24,2026-09-09,CZWI,"Citizens Community Bancorp, Inc. - Common Stock",US,USALL,Financials,stage2_breakout,B,live,True,Stage 2,56.2,46.7,8.6,14.2145,9.876,4.2373,1.15,Improving,21.8799991607666,24.6866,21.7242,31.5225,37.2913,12.0,2.31,11,clear,49.0,False,rebalance_week,ok,719753.689380232,2026-09-21,1.0,21.34,22.16,20.99,False,,False,,False,,,,watching,,,
DAC@2026-07-29,2026-09-09,DAC,Danaos Corporation Common Stock,US,USALL,Industrials,stage2_breakout,D,late,False,Stage 2,89.4,23.6,6.1,41.6337,0.0,41.6337,1.0,Improving,159.3300018310547,157.7775,138.8442,212.9963,258.6813,12.0,2.92,6,clear,70.0,False,clear,ok,8987063.251359005,2026-09-21,1.0,154.14,163.64,151.0,True,2026-09-14,False,,False,,0.31,-0.19,open,,,
DAKT@2026-09-09,2026-09-09,DAKT,"Daktronics, Inc. - Common Stock",US,USALL,Information Technology,stage4_breakdown,C,late,True,Stage 4,-72.4,1.9,51.9,-12.1474,18.0891,-27.2424,0.88,Improving,17.889999389648438,18.3933,20.6005,10.362,3.5796,12.0,3.64,0,event_driven,93.0,True,rebalance_week,ok,5467355.748552486,2026-09-21,1.0,17.02,18.32,16.965,True,2026-09-14,False,,False,,0.65,0.62,open,,,
DB@2026-09-02,2026-09-09,DB,Deutsche Bank AG Common Stock,US,USALL,Financials,stage2_breakout,D,late,False,Stage 2,66.7,70.2,4.8,17.7384,9.876,7.0722,1.15,Improving,40.47999954223633,42.0713,37.0227,55.9894,67.533,12.0,2.76,1,clear,51.0,False,clear,ok,58846461.676235154,2026-09-21,1.0,36.57,39.79,35.16,False,,False,,False,,,,watching,,,
DBD@2026-07-22,2026-09-09,DBD,Diebold Nixdorf Incorporated Common stock,US,USALL,Information Technology,stage2_breakout,D,failed,False,Stage 4,-63.6,14.2,54.2,-9.3232,18.0891,-24.1183,0.88,Improving,65.62000274658203,93.6389,82.4023,118.43,139.506,12.0,2.21,7,clear,58.0,False,clear,ok,15934229.24299163,2026-09-21,1.0,62.72,66.17,62.14,False,,False,,False,,,,watching,,,
DCBO@2026-08-26,2026-09-09,DCBO,Docebo Inc. - Common Shares,US,USALL,Information Technology,stage2_breakout,D,late,False,Stage 2,73.8,29.1,0.0,15.6822,18.0891,-4.0654,0.88,Improving,24.25,27.5656,24.2577,39.15,48.87,12.0,3.5,2,clear,60.0,False,clear,ok,1348003.9789851266,2026-09-21,1.0,22.84,25.62,22.22,False,,False,,False,,,,watching,,,
DCO@2026-07-01,2026-09-09,DCO,Ducommun Incorporated Common Stock,US,USALL,Industrials,stage2_breakout,D,live,False,Stage 2,50.9,34.3,17.1,31.3959,0.0,31.3959,1.0,Improving,172.72999572753906,214.2517,188.5415,305.0655,380.8059,12.0,3.53,10,clear,59.0,False,rebalance_week,ok,25842102.74583249,2026-09-21,1.0,172.15,177.22,156.31,False,,False,,False,,,,watching,,,
DCTH@2026-07-01,2026-09-09,DCTH,"Delcath Systems, Inc. - Common Stock",US,USALL,Health Care,stage2_breakout,D,late,False,Stage 2,57.5,20.3,9.1,42.0645,17.6631,20.8118,1.15,Improving,15.90999984741211,17.7195,15.5931,25.259,31.5302,12.0,3.55,10,clear,57.0,False,rebalance_week,ok,3511215.951083307,2026-09-21,1.0,15.6,16.51,15.52,False,,False,,False,,,,watching,,,
DDT@2026-07-15,2026-09-09,DDT,Dillard's Capital Trust I,US,USALL,,stage2_breakout,D,live,False,Stage 1,22.7,58.5,37.7,2.5555,,,1.0,Improving,25.940000534057617,26.9072,25.6176,29.37,31.426,4.79,1.91,8,unknown,,,clear,ok,156921.00703358004,2026-09-21,1.0,26.262,26.32,25.95,False,,False,,False,,,,watching,,,
DEA@2026-07-01,2026-09-09,DEA,"Easterly Government Properties, Inc. Common Stock",US,USALL,Real Estate,stage2_breakout,D,live,False,Stage 2,29.5,57.4,18.6,7.4103,0.4739,7.0183,1.15,Improving,23.88999938964844,25.7429,22.9862,30.7802,35.0109,10.71,1.83,10,clear,49.0,False,rebalance_week,ok,5828005.950701972,2026-09-21,1.0,22.91,24.07,22.56,False,,False,,False,,,,watching,,,
DFTX@2026-06-24,2026-09-09,DFTX,"Definium Therapeutics, Inc.  - Common Shares",US,USALL,Health Care,stage2_breakout,D,late,False,Stage 2,57.9,17.9,13.9,70.2542,17.6631,51.1086,1.15,Improving,38.88999938964844,50.8323,44.7324,72.065,89.957,12.0,3.48,11,clear,59.0,False,rebalance_week,ok,41066438.956724524,2026-09-21,1.0,36.17,43.77,35.89,False,,False,,False,,,,watching,,,
DGICB@2026-06-24,2026-09-09,DGICB,"Donegal Group, Inc. - Class B Common Stock",US,USALL,Financials,stage2_breakout,D,late,False,Stage 2,61.8,26.5,10.2,36.1528,9.876,24.6217,1.15,Improving,24.989999771118164,30.3567,26.7139,43.138,53.8481,12.0,3.51,11,clear,52.0,False,rebalance_week,untradeable,12061.058051584285,2026-09-21,1.0,18.2,24.99,17.25,False,,False,,False,,,,watching,,,
DHT@2026-09-09,2026-09-09,DHT,"DHT Holdings, Inc.",US,USALL,Energy,stage2_breakout,D,late,False,Stage 2,85.5,21.4,6.7,49.3807,7.5984,,1.0,Improving,22.0,21.4584,18.8834,29.1895,35.669,12.0,3.0,0,clear,51.0,False,rebalance_week,ok,41340878.89654565,2026-09-21,1.0,21.78,23.56,20.64,True,2026-09-14,False,,False,,0.82,0.12,open,,,
DHX@2026-09-02,2026-09-09,DHX,"DHI Group, Inc. Common Stock",US,USALL,Information Technology,stage2_breakout,D,late,False,Stage 2,83.4,24.7,6.7,61.2541,18.0891,39.2273,1.15,Improving,4.53000020980835,4.9288,4.3374,6.9455,8.6699,12.0,3.41,1,clear,63.0,False,clear,thin,509436.3986379347,2026-09-21,1.0,4.73,5.19,4.5,True,2026-09-14,False,,False,,0.44,-0.34,open,,,
DIT@2026-07-22,2026-09-09,DIT,AMCON Distributing Company Common Stock,US,USALL,Consumer Staples,stage4_breakdown,D,late,True,Stage 4,-61.5,18.4,44.9,-14.3515,2.0049,-16.3157,0.88,Improving,64.77999877929688,57.7822,64.7161,32.4758,11.2189,12.0,3.65,7,unknown,,,clear,untradeable,21045.420213363228,2026-09-21,1.0,67.56,70.03,64.78,False,,False,,False,,,,watching,,,
DJCO@2026-09-09,2026-09-09,DJCO,Daily Journal Corp. (S.C.) - Common Stock,US,USALL,Information Technology,stage2_breakout,D,late,False,Stage 2,65.6,18.3,10.5,26.813,18.0891,6.3444,1.15,Improving,661.9000244140625,665.5768,585.7076,903.2538,1104.5289,12.0,2.98,0,clear,113.0,False,rebalance_week,ok,16901316.983654954,2026-09-21,1.0,656.86,692.5,640.05,True,2026-09-14,False,,False,,0.34,-0.11,open,,,
DK@2026-07-15,2026-09-09,DK,"Delek US Holdings, Inc. Common Stock",US,USALL,Energy,stage2_breakout,D,late,False,Stage 2,89.1,29.0,7.2,74.8304,7.5984,,1.0,Improving,76.0999984741211,79.0921,69.601,112.23,140.094,12.0,3.49,8,clear,60.0,False,clear,ok,45616294.220881626,2026-09-21,1.0,67.84,82.27,65.58,True,2026-09-14,True,2026-09-21,False,,0.33,-1.19,stopped out,,,
DLHC@2026-07-08,2026-09-09,DLHC,DLH Holdings Corp. - Common Stock,US,USALL,Industrials,stage4_breakdown,C,late,True,Stage 4,-79.5,6.6,56.2,-29.1401,0.0,-29.1401,0.88,Improving,3.930000066757202,3.9241,4.395,2.211,0.7638,12.0,3.64,9,clear,93.0,False,clear,thin,37172.88847770747,2026-09-21,1.0,3.55,4.15,3.55,True,2026-09-14,False,,False,,0.79,0.79,open,,,
DMC@2026-06-17,2026-09-09,DMC,Del Monte Corporation Ordinary Shares,US,USALL,Consumer Staples,stage4_breakdown,C,live,True,Stage 4,-47.7,13.9,22.3,-9.6984,2.0049,-11.827,0.88,Improving,31.34000015258789,25.7258,28.8129,14.416,4.9801,12.0,3.66,12,clear,51.0,False,rebalance_week,ok,9496177.41351136,2026-09-21,1.0,30.71,32.0,30.11,False,,False,,False,,,,watching,,,
DNLI@2026-06-24,2026-09-09,DNLI,Denali Therapeutics Inc. - Common Stock,US,USALL,Health Care,stage2_breakout,D,failed,False,Stage 2 to 3,9.4,31.8,26.4,6.4562,17.6631,-9.3427,0.88,Improving,21.09000015258789,27.8523,24.51,36.89,44.562,12.0,2.7,11,clear,59.0,False,rebalance_week,ok,25086107.111050244,2026-09-21,1.0,20.39,21.79,19.4,False,,False,,False,,,,watching,,,
DNTH@2026-07-15,2026-09-09,DNTH,"Dianthus Therapeutics, Inc. - Common Stock",US,USALL,Health Care,stage2_breakout,D,late,False,Stage 2,58.5,35.5,12.3,52.8379,17.6631,33.5852,1.15,Improving,106.1999969482422,120.3642,105.9205,170.926,213.3628,12.0,3.5,8,clear,59.0,False,clear,ok,57743305.32388947,2026-09-21,1.0,88.55,109.76,88.335,False,,False,,False,,,,watching,,,
DOLE@2026-08-12,2026-09-09,DOLE,Dole plc Ordinary Shares,US,USALL,Consumer Staples,stage4_breakdown,C,live,True,Stage 4,-48.0,8.9,42.2,-6.6359,2.0049,-8.6072,0.88,Improving,13.329999923706056,12.5625,14.07,9.1729,6.3192,12.0,2.25,4,event_driven,63.0,True,clear,ok,9153584.753921574,2026-09-21,1.0,12.98,13.635,12.76,False,,False,,False,,,,watching,,,
DORM@2026-07-15,2026-09-09,DORM,"Dorman Products, Inc. - Common Stock",US,USALL,Consumer Discretionary,stage2_breakout,D,failed,False,Stage 3,-8.9,30.7,37.1,-1.1323,0.0,-1.1323,0.88,Improving,126.66000366210938,157.9292,138.9777,212.29,257.826,12.0,2.87,8,clear,49.0,False,clear,ok,20573430.48951832,2026-09-21,1.0,124.02,127.0,118.3,False,,False,,False,,,,watching,,,
DRS@2026-09-09,2026-09-09,DRS,"Leonardo DRS, Inc. - Common Stock",US,USALL,Industrials,stage4_breakdown,C,late,True,Stage 4,-64.3,6.7,64.3,-12.3611,0.0,-12.3611,0.88,Improving,36.06999969482422,35.4962,39.7558,22.2108,10.8994,12.0,3.12,0,clear,52.0,False,rebalance_week,ok,29703283.3785491,2026-09-21,1.0,37.16,38.25,35.12,True,2026-09-14,False,,False,,0.09,-0.39,open,,,
DSGR@2026-08-05,2026-09-09,DSGR,"Distribution Solutions Group, Inc. - Common Stock",US,USALL,Industrials,stage2_breakout,D,late,False,Stage 2,60.4,37.8,5.7,19.768,0.0,19.768,1.0,Improving,34.75,35.3936,31.1463,50.837,63.4586,12.0,3.64,5,event_driven,52.0,True,clear,ok,2078730.6842286729,2026-09-21,1.0,34.96,35.0,34.75,False,,False,,False,,,,watching,,,
DSM@2026-09-09,2026-09-09,DSM,"BNY Mellon Strategic Municipal Bond Fund, Inc. Common Stock",US,USALL,Financials,stage4_breakdown,C,live,True,Stage 3 to 4,-50.6,11.4,52.5,-4.864,9.876,-13.6862,0.88,Improving,5.550000190734863,5.573,6.0885,4.9532,4.4311,9.25,1.2,0,unknown,,,rebalance_week,ok,456900.2959572657,2026-09-21,1.0,5.26,5.55,5.23,True,2026-09-14,False,,False,,0.67,0.61,open,,,
DSX@2026-09-02,2026-09-09,DSX,Diana Shipping inc. common stock,US,USALL,Industrials,stage2_breakout,D,late,False,Stage 2,75.6,34.4,6.7,35.8451,0.0,35.8451,1.0,Improving,2.970000028610229,3.1475,2.7698,4.1875,5.0656,12.0,2.75,1,clear,73.0,False,clear,ok,1143255.797314179,2026-09-21,1.0,2.8,3.2,2.77,True,2026-09-14,False,,False,,0.14,-0.92,open,,,
DTF@2026-07-01,2026-09-09,DTF,DTF Tax-Free Income 2028 Term Fund Inc. Common Stock,US,USALL,Financials,stage2_breakout,D,live,False,Stage 1,19.3,61.6,40.2,1.979,9.876,-7.4661,0.88,Improving,11.479999542236328,11.6464,11.2939,12.0614,12.4306,3.03,1.18,10,unknown,,,rebalance_week,thin,58828.02316374155,2026-09-21,1.0,11.27,11.48,11.25,False,,False,,False,,,,watching,,,
DTIL@2026-07-08,2026-09-09,DTIL,"Precision BioSciences, Inc. - Common Stock",US,USALL,Health Care,stage2_breakout,D,live,False,Stage 2,41.0,33.5,15.1,17.087,17.6631,-0.423,0.88,Improving,7.170000076293945,9.8812,8.6955,13.949,17.4122,12.0,3.43,9,clear,56.0,False,clear,ok,1424526.172757548,2026-09-21,1.0,6.22,7.313,6.18,False,,False,,False,,,,watching,,,
DV@2026-08-26,2026-09-09,DV,"DoubleVerify Holdings, Inc. Common Stock",US,USALL,Communication Services,stage2_breakout,D,late,False,Stage 2,73.3,53.3,0.4,22.2125,0.0,22.2125,1.0,Improving,13.40999984741211,13.6107,11.9775,18.22,22.068,12.0,2.82,2,clear,59.0,False,clear,ok,20651577.87598653,2026-09-21,1.0,13.41,13.65,13.36,True,2026-09-14,False,,False,,0.02,-0.12,open,,,
DWSN@2026-07-08,2026-09-09,DWSN,Dawson Geophysical Company - Common Stock,US,USALL,Energy,stage2_breakout,D,failed,False,Stage 2 to 3,14.5,31.6,21.4,9.4943,7.5984,,1.0,Improving,3.359999895095825,8.0941,7.1228,11.3825,14.2085,12.0,3.39,9,clear,,False,clear,thin,384712.0503856734,2026-09-21,1.0,2.89,3.43,2.89,False,,False,,False,,,,watching,,,
DXPE@2026-08-05,2026-09-09,DXPE,"DXP Enterprises, Inc. - Common Stock",US,USALL,Industrials,stage2_breakout,D,late,False,Stage 2,48.6,29.5,14.9,32.0081,0.0,32.0081,1.0,Improving,187.08999633789065,212.0756,186.6266,290.77,356.986,12.0,3.09,5,event_driven,59.0,True,clear,ok,17733331.96570442,2026-09-21,1.0,192.1,198.39,177.36,False,,False,,False,,,,watching,,,
DYN@2026-07-29,2026-09-09,DYN,"Dyne Therapeutics, Inc. - Common Stock",US,USALL,Health Care,stage2_breakout,D,failed,False,Stage 3 to 4,-40.2,14.1,39.2,-4.8259,17.6631,-19.0742,0.88,Improving,18.209999084472656,27.9721,24.6155,39.5923,49.4221,12.0,3.46,6,event_driven,59.0,True,clear,ok,28996783.914630044,2026-09-21,1.0,16.03,19.145,15.88,False,,False,,False,,,,watching,,,
DYNC@2026-09-09,2026-09-09,DYNC,Dynamix Corporation - Class A Ordinary Share,US,USALL,Financials,stage2_breakout,D,live,False,Stage 1 to 2,44.3,41.5,35.6,3.1782,9.876,-6.3576,0.88,Improving,10.90999984741211,10.9486,10.6938,12.035,12.939,2.33,4.26,0,unknown,,,rebalance_week,ok,595941.4504736537,2026-09-21,1.0,10.895,10.96,10.87,True,2026-09-21,False,,False,,0.04,-0.21,open,,,
EAT@2026-07-29,2026-09-09,EAT,"Brinker International, Inc. Common Stock",US,USALL,Consumer Discretionary,stage2_breakout,D,late,False,Stage 2,51.2,17.2,13.1,34.5273,0.0,34.5273,1.0,Improving,212.4900054931641,259.5906,228.4397,369.7355,461.5319,12.0,3.54,6,clear,51.0,False,clear,ok,133013594.97470632,2026-09-21,1.0,207.2,217.53,192.5,False,,False,,False,,,,watching,,,
EBC@2026-07-15,2026-09-09,EBC,"Eastern Bankshares, Inc. - Common Stock",US,USALL,Financials,stage2_breakout,D,live,False,Stage 2,30.1,38.6,28.8,9.2056,9.876,-0.4729,0.88,Improving,21.600000381469727,23.8949,21.0275,29.2141,33.6936,12.0,1.86,8,clear,45.0,False,clear,ok,31656796.662096214,2026-09-21,1.0,21.42,22.1,21.025,False,,False,,False,,,,watching,,,
EBF@2026-08-05,2026-09-09,EBF,"Ennis, Inc. Common Stock",US,USALL,Industrials,stage2_breakout,D,live,False,Stage 2,29.9,49.1,31.6,9.2877,0.0,9.2877,1.0,Improving,21.299999237060547,23.1576,20.5624,26.5604,29.4568,11.21,1.31,5,event_ahead,14.0,False,clear,ok,2057126.369216936,2026-09-21,1.0,22.13,22.4,21.0,False,,False,,False,,,,watching,,,
ECBK@2026-06-17,2026-09-09,ECBK,"ECB Bancorp, Inc. - Common Stock",US,USALL,Financials,stage2_breakout,D,late,False,Stage 2,63.3,63.6,5.0,17.5564,9.876,7.1459,1.15,Improving,21.209999084472656,22.0134,19.3718,27.68,32.4,12.0,2.15,12,unknown,,,rebalance_week,ok,136975.60326258067,2026-09-21,1.0,20.7,21.53,20.05,False,,False,,False,,,,watching,,,
ECO@2026-08-12,2026-09-09,ECO,Okeanis Eco Tankers Corp. Common Stock,US,USALL,Industrials,stage2_breakout,D,late,False,Stage 2,90.4,19.5,5.7,82.0534,0.0,82.0534,1.0,Improving,76.1500015258789,73.0367,64.2723,104.0665,129.9037,12.0,3.54,4,event_driven,65.0,True,clear,ok,16037553.903988749,2026-09-21,1.0,77.9,87.31,74.38,True,2026-09-14,False,,False,,1.63,0.55,open,,,
ECOR@2026-08-19,2026-09-09,ECOR,"electroCore, Inc. - Common Stock",US,USALL,Health Care,stage2_breakout,D,late,False,Stage 2,44.6,19.4,13.8,45.6282,17.6631,24.7087,1.15,Improving,9.619999885559082,11.3517,9.9895,15.8775,19.8195,12.0,3.32,3,clear,58.0,False,clear,thin,441121.3409218908,2026-09-14,0.0,11.68,11.93,9.45,True,2026-09-14,True,2026-09-14,False,,0.42,0.24,stopped out,,,
ECPG@2026-08-12,2026-09-09,ECPG,Encore Capital Group Inc - Common Stock,US,USALL,Financials,stage2_breakout,D,late,False,Stage 2,59.4,37.9,11.8,41.4123,9.876,30.1202,1.15,Improving,98.55999755859376,106.6471,93.8494,152.221,190.0138,12.0,3.56,4,event_driven,58.0,True,clear,ok,21592816.69070258,2026-09-21,1.0,98.41,102.97,93.6,False,,False,,False,,,,watching,,,
EDD@2026-07-01,2026-09-09,EDD,"Morgan Stanley Emerging Markets Domestic Debt Fund, Inc. Common Stock",US,USALL,Financials,stage2_breakout,B,live,True,Stage 2,52.8,82.6,9.6,10.7094,9.876,0.7595,1.15,Improving,5.909999847412109,6.081,5.4529,7.2977,8.3119,10.33,1.94,10,unknown,,,rebalance_week,ok,1354933.839006624,2026-09-21,1.0,5.6,5.88,5.46,False,,False,,False,,,,watching,,,
EDRY@2026-08-26,2026-09-09,EDRY,EuroDry Ltd. - Common Shares,US,USALL,Industrials,stage2_breakout,D,late,False,Stage 2,92.7,16.1,5.7,218.9869,0.0,218.9869,1.0,Improving,67.12000274658203,58.8694,51.8051,83.2735,103.9483,12.0,3.45,2,clear,66.0,False,clear,ok,547648.437044549,2026-09-21,1.0,48.16,73.07,46.31,True,2026-09-14,True,2026-09-21,False,,2.01,-1.52,stopped out,,,
EFSC@2026-06-24,2026-09-09,EFSC,Enterprise Financial Services Corporation - Common Stock,US,USALL,Financials,stage2_breakout,D,live,False,Stage 2,38.4,41.8,14.3,9.7222,9.876,-0.0592,0.88,Improving,64.12999725341797,69.5068,61.166,85.9443,99.7158,12.0,1.97,11,clear,49.0,False,rebalance_week,ok,10351143.359485822,2026-09-21,1.0,60.93,64.53,59.8,False,,False,,False,,,,watching,,,
EFSI@2026-09-09,2026-09-09,EFSI,Eagle Financial Services Inc - Common Stock,US,USALL,Financials,stage2_breakout,D,late,False,Stage 2,65.1,42.7,3.6,19.1241,9.876,8.4546,1.15,Improving,45.52000045776367,46.1348,40.5986,59.9351,71.5313,12.0,2.49,0,clear,45.0,False,rebalance_week,ok,924940.6656400828,2026-09-21,1.0,45.72,48.17,45.36,True,2026-09-14,False,,False,,0.37,-0.07,open,,,
EIG@2026-06-24,2026-09-09,EIG,Employers Holdings Inc Common Stock,US,USALL,Financials,stage2_breakout,D,live,False,Stage 2,60.1,62.0,7.3,15.0198,9.876,4.8383,1.15,Improving,49.65999984741211,52.7808,46.4471,67.853,80.3584,12.0,2.38,11,clear,52.0,False,rebalance_week,ok,6799960.122531277,2026-09-21,1.0,47.3,50.84,47.05,False,,False,,False,,,,watching,,,
ELC@2026-09-09,2026-09-09,ELC,"Entergy Louisiana, Inc. Collateral Trust Mortgage Bonds, 4.875 % Series due September 1, 2066",US,USALL,,stage4_breakdown,C,live,True,Stage 3,-26.6,36.8,48.7,-2.5802,,,1.0,Improving,19.309999465942383,19.2699,20.11,17.1181,15.3347,4.36,2.56,0,unknown,,,rebalance_week,ok,247614.71954232632,2026-09-21,1.0,18.69,19.65,18.69,True,2026-09-21,False,,False,,0.69,0.69,open,,,
ELLO@2026-07-01,2026-09-09,ELLO,Ellomay Capital Ltd Ordinary Shares (Israel),US,USALL,Utilities,stage4_breakdown,C,live,True,Stage 4,-44.6,13.7,31.8,-6.7347,-2.0203,-4.8293,0.88,Improving,20.88999938964844,16.87,18.8944,9.625,3.325,12.0,3.58,10,clear,,False,rebalance_week,thin,60537.85040443195,2026-09-21,1.0,21.98,22.26,20.19,False,,False,,False,,,,watching,,,
ELVN@2026-07-15,2026-09-09,ELVN,"Enliven Therapeutics, Inc.  - Common Stock",US,USALL,Health Care,stage2_breakout,D,late,False,Stage 2,59.0,29.5,12.7,54.6028,17.6631,35.2922,1.15,Improving,54.31999969482422,63.5996,55.9677,90.364,112.7992,12.0,3.51,8,clear,65.0,False,clear,ok,35002110.03107317,2026-09-21,1.0,44.75,55.83,44.175,False,,False,,False,,,,watching,,,
EMA@2026-07-15,2026-09-09,EMA,Emera Incorporated Common Shares,US,USALL,Utilities,stage2_breakout,D,failed,False,Stage 3 to 4,-27.3,15.8,61.0,-1.5908,-2.0203,0.4511,1.0,Improving,49.18999862670898,55.7679,49.0758,63.1122,69.362,12.0,1.1,8,clear,60.0,False,clear,ok,14516195.666109929,2026-09-21,1.0,47.73,49.54,47.34,False,,False,,False,,,,watching,,,
EML@2026-07-01,2026-09-09,EML,Eastern Company (The) - Common Stock,US,USALL,Industrials,stage2_breakout,C,live,True,Stage 2,47.7,39.6,6.3,13.6953,0.0,13.6953,1.0,Improving,24.479999542236328,30.326,26.6869,42.0748,51.9091,12.0,3.23,10,clear,64.0,False,rebalance_week,thin,260182.5592966508,2026-09-21,1.0,24.1,26.31,23.85,False,,False,,False,,,,watching,,,
ENB@2026-09-09,2026-09-09,ENB,Enbridge Inc Common Stock,US,USALL,Energy,stage4_breakdown,D,live,False,Stage 3 to 4,-45.5,9.6,57.2,-4.7447,7.5984,,1.0,Improving,47.7599983215332,47.5679,53.276,38.5739,30.9407,12.0,1.58,0,clear,60.0,False,rebalance_week,ok,163982219.7117681,2026-09-21,1.0,46.74,48.99,46.478,True,2026-09-21,False,,False,,0.19,0.15,open,,,
ENJ@2026-08-19,2026-09-09,ENJ,"Entergy New Orleans, LLC First Mortgage Bonds, 5.0% Series due December 1, 2052",US,USALL,,stage4_breakdown,D,live,True,Stage 4,-34.5,27.1,47.9,-3.8496,,,1.0,Improving,19.229999542236328,17.7887,19.9233,15.0675,12.7888,12.0,1.27,3,unknown,,,clear,untradeable,18070.902509640186,2026-09-21,1.0,19.14,19.7,18.67,False,,False,,False,,,,watching,,,
ENTX@2026-07-29,2026-09-09,ENTX,Entera Bio Ltd. - Ordinary Shares,US,USALL,Health Care,stage2_breakout,D,late,False,Stage 2,51.5,13.3,9.1,52.5068,17.6631,27.9803,1.15,Improving,2.8399999141693115,4.3165,3.7985,6.09,7.602,12.0,3.42,6,clear,,False,clear,thin,266593.5630796274,2026-09-21,1.0,2.745,3.14,2.68,False,,False,,False,,,,watching,,,
ENVA@2026-07-01,2026-09-09,ENVA,"Enova International, Inc. Common Stock",US,USALL,Financials,stage2_breakout,D,late,False,Stage 2,53.8,31.0,13.2,32.6286,9.876,22.094,1.15,Improving,223.47999572753903,271.8135,239.1958,387.8025,484.0845,12.0,3.56,10,clear,45.0,False,rebalance_week,ok,38700453.18085764,2026-09-21,1.0,173.48,226.95,166.51,False,,False,,False,,,,watching,,,
EOLS@2026-08-26,2026-09-09,EOLS,"Evolus, Inc. - Common Stock",US,USALL,Health Care,stage2_breakout,D,late,False,Stage 2,55.1,17.8,5.6,26.78,17.6631,6.8657,1.15,Improving,7.840000152587891,9.5358,8.3915,13.4995,16.8511,12.0,3.46,2,clear,58.0,False,clear,ok,3658770.5730370777,2026-09-21,1.0,7.97,8.51,7.59,False,,False,,False,,,,watching,,,
EPC@2026-07-15,2026-09-09,EPC,Edgewell Personal Care Company Common Stock,US,USALL,Consumer Staples,stage2_breakout,D,late,False,Stage 2,49.4,42.7,10.8,25.7813,2.0049,23.9277,1.15,Improving,26.93000030517578,30.4226,26.7719,43.1924,53.9161,12.0,3.5,8,clear,66.0,False,clear,ok,11894969.755290598,2026-09-21,1.0,27.82,28.31,25.9,False,,False,,False,,,,watching,,,
EPRT@2026-09-09,2026-09-09,EPRT,"Essential Properties Realty Trust, Inc. Common Stock",US,USALL,Real Estate,stage4_breakdown,C,live,True,Stage 3 to 4,-51.1,9.6,53.4,-5.5683,0.4739,-6.1167,0.88,Improving,28.790000915527344,28.5993,32.0312,23.6314,19.3977,12.0,1.45,0,clear,44.0,False,rebalance_week,ok,40389076.7368733,2026-09-21,1.0,26.53,29.22,26.21,True,2026-09-14,False,,False,,0.7,0.6,open,,,
EQNR@2026-09-09,2026-09-09,EQNR,Equinor ASA,US,USALL,Energy,stage2_breakout,D,late,False,Stage 2,84.7,34.6,8.0,42.8294,7.5984,,1.0,Improving,44.79999923706055,45.0743,39.6654,62.3572,76.779,12.0,3.2,0,clear,51.0,False,rebalance_week,ok,103193191.61698362,2026-09-21,1.0,42.19,45.84,41.33,True,2026-09-14,False,,False,,0.14,-0.53,open,,,
ESCA@2026-08-05,2026-09-09,ESCA,"Escalade, Incorporated - Common Stock",US,USALL,Consumer Discretionary,stage2_breakout,D,live,False,Stage 2,45.7,34.7,14.7,21.9786,0.0,21.9786,1.0,Improving,19.51000022888184,23.4626,20.6471,32.6346,40.2864,12.0,3.26,5,event_driven,52.0,True,clear,ok,510069.88410115,2026-09-21,1.0,19.52,19.89,18.9,False,,False,,False,,,,watching,,,
ESEA@2026-07-29,2026-09-09,ESEA,Euroseas Ltd. - Common Stock,US,USALL,Industrials,stage2_breakout,D,live,False,Stage 2,62.7,49.2,7.1,19.2627,0.0,19.2627,1.0,Improving,74.55999755859375,80.266,70.6341,106.1771,128.0662,12.0,2.69,6,clear,71.0,False,clear,ok,2832745.779548147,2026-09-21,1.0,69.7,78.0,69.0,False,,False,,False,,,,watching,,,
ESRT@2026-09-02,2026-09-09,ESRT,"Empire State Realty Trust, Inc. Class A Common Stock",US,USALL,Real Estate,stage4_breakdown,C,late,True,Stage 4,-78.1,1.2,47.6,-27.9829,0.4739,-28.6436,0.88,Improving,4.28000020980835,4.2569,4.7677,2.398,0.8284,12.0,3.64,1,clear,58.0,False,clear,ok,6312516.320422658,2026-09-21,1.0,4.11,4.35,3.93,True,2026-09-14,False,,False,,0.64,0.29,open,,,
ESTA@2026-06-24,2026-09-09,ESTA,Establishment Labs Holdings Inc. - Common Shares,US,USALL,Health Care,stage2_breakout,D,failed,False,Stage 2 to 3,-10.0,31.5,47.1,2.9114,17.6631,-12.217,0.88,Improving,70.94000244140625,99.6896,87.7269,141.5055,176.6379,12.0,3.5,11,clear,58.0,False,rebalance_week,ok,24477873.9608316,2026-09-21,1.0,65.97,72.66,65.0,False,,False,,False,,,,watching,,,
ESTC@2026-08-26,2026-09-09,ESTC,Elastic N.V. Ordinary Shares,US,USALL,Information Technology,stage2_breakout,D,late,False,Stage 2,49.3,6.5,4.3,22.0391,18.0891,1.3723,1.15,Improving,83.38999938964844,110.3082,97.0712,156.6,195.48,12.0,3.5,2,event_driven,73.0,True,clear,ok,76811578.96139038,2026-09-21,1.0,88.12,92.64,83.04,False,,False,,False,,,,watching,,,
ETD@2026-09-02,2026-09-09,ETD,Ethan Allen Interiors Inc. Common Stock,US,USALL,Consumer Discretionary,stage2_breakout,C,late,True,Stage 2,66.5,36.7,3.1,12.0088,0.0,12.0088,1.0,Improving,21.93000030517578,25.4947,22.4354,34.6336,42.2365,12.0,2.99,1,clear,51.0,False,clear,ok,6312773.368929392,2026-09-21,1.0,21.29,22.43,20.62,False,,False,,False,,,,watching,,,
ETO@2026-08-12,2026-09-09,ETO,Eaton Vance Tax-Advantage Global Dividend Opp Common Stock,US,USALL,Financials,stage2_breakout,D,live,False,Stage 2,36.1,55.0,20.8,8.1119,9.876,-1.6093,0.88,Improving,30.93000030517578,32.5987,29.2558,39.7361,45.6449,10.25,2.14,4,unknown,,,clear,ok,694636.6647241721,2026-09-21,1.0,30.43,31.27,29.86,False,,False,,False,,,,watching,,,
ETSY@2026-07-08,2026-09-09,ETSY,"Etsy, Inc. Common Stock",US,USALL,Consumer Discretionary,stage2_breakout,D,live,False,Stage 2,43.1,34.2,11.7,13.0215,0.0,13.0215,1.0,Improving,72.76000213623047,89.7413,78.9723,127.5623,159.2329,12.0,3.51,9,clear,58.0,False,clear,ok,144055499.78912735,2026-09-21,1.0,68.44,76.435,67.59,False,,False,,False,,,,watching,,,
EVH@2026-07-01,2026-09-09,EVH,"Evolent Health, Inc Class A Common Stock",US,USALL,Health Care,stage2_breakout,D,failed,False,Stage 2 to 3,-8.5,26.8,31.3,-5.8101,17.6631,-22.7221,0.88,Improving,4.190000057220459,6.4426,5.6695,9.0698,11.3216,12.0,3.4,10,clear,59.0,False,rebalance_week,ok,8281934.041655457,2026-09-21,1.0,3.61,4.24,3.435,False,,False,,False,,,,watching,,,
EVN@2026-07-01,2026-09-09,EVN,Eaton Vance Municipal Income Trust Common Stock,US,USALL,Financials,stage2_breakout,D,failed,False,Stage 3,-19.7,44.1,53.5,-1.2418,9.876,-10.4023,0.88,Improving,10.369000434875488,11.1703,10.1614,12.3946,13.4297,9.03,1.21,10,unknown,,,rebalance_week,ok,611461.1412198261,2026-09-21,1.0,9.79,10.4,9.66,False,,False,,False,,,,watching,,,
EXFY@2026-07-08,2026-09-09,EXFY,"Expensify, Inc. - Class A Common Stock",US,USALL,Information Technology,stage2_breakout,D,late,False,Stage 2,50.5,12.9,7.4,43.3421,18.0891,21.4415,1.15,Improving,2.1600000858306885,2.8855,2.5392,4.0745,5.0861,12.0,3.43,9,clear,59.0,False,clear,ok,909969.8145667718,2026-09-21,1.0,2.21,2.42,2.04,False,,False,,False,,,,watching,,,
FA@2026-07-15,2026-09-09,FA,First Advantage Corporation - Common Stock,US,USALL,Industrials,stage2_breakout,D,late,False,Stage 2,54.8,16.2,13.1,38.6667,0.0,38.6667,1.0,Improving,21.21999931335449,25.6795,22.598,36.4675,45.5215,12.0,3.5,8,clear,59.0,False,clear,ok,18006595.03348315,2026-09-21,1.0,19.6,22.37,19.42,False,,False,,False,,,,watching,,,
FBIZ@2026-06-24,2026-09-09,FBIZ,"First Business Financial Services, Inc. - Common Stock",US,USALL,Financials,stage2_breakout,C,late,True,Stage 2,64.7,47.7,7.2,26.8302,9.876,15.8012,1.15,Improving,72.76000213623047,73.9262,65.055,96.0559,114.3966,12.0,2.49,11,clear,52.0,False,rebalance_week,ok,1923872.348793001,2026-09-21,1.0,70.53,73.74,68.93,False,,False,,False,,,,watching,,,
FBLA@2026-06-24,2026-09-09,FBLA,"FB Bancorp, Inc. - Common Stock",US,USALL,Financials,stage2_breakout,B,live,True,Stage 2,68.2,70.6,5.4,16.6628,9.876,6.3176,1.15,Improving,15.979999542236328,16.1462,14.3856,19.23,21.79,10.9,1.75,11,clear,52.0,False,rebalance_week,ok,942145.1382166948,2026-09-21,1.0,16.47,16.48,15.735,True,2026-09-14,False,,False,,0.19,0.18,open,,,
FBNC@2026-07-01,2026-09-09,FBNC,First Bancorp - Common Stock,US,USALL,Financials,stage2_breakout,D,live,False,Stage 2,39.8,62.9,15.5,12.9589,9.876,2.9733,1.15,Improving,64.30000305175781,67.5429,59.445,81.9483,94.083,11.99,1.78,10,clear,44.0,False,rebalance_week,ok,8708896.600682616,2026-09-21,1.0,63.5,65.08,61.5,False,,False,,False,,,,watching,,,
FCBC@2026-06-24,2026-09-09,FCBC,"First Community Bankshares, Inc. - Common Stock",US,USALL,Financials,stage2_breakout,D,live,False,Stage 2,51.9,48.5,12.3,20.8191,9.876,10.4373,1.15,Improving,47.27999877929688,50.7592,44.6681,62.8669,73.0243,12.0,1.99,11,clear,50.0,False,rebalance_week,ok,2598183.4178223074,2026-09-21,1.0,47.62,48.17,45.0,False,,False,,False,,,,watching,,,
FCCO@2026-06-24,2026-09-09,FCCO,First Community Corporation - Common Stock,US,USALL,Financials,stage2_breakout,B,live,True,Stage 2,48.8,60.1,6.9,13.7178,9.876,3.5858,1.15,Improving,34.099998474121094,36.0318,31.708,43.9115,50.5893,12.0,1.82,11,clear,44.0,False,rebalance_week,ok,1488481.8242269908,2026-09-21,1.0,32.95,34.42,31.0,False,,False,,False,,,,watching,,,
FCF@2026-06-24,2026-09-09,FCF,First Commonwealth Financial Corporation Common Stock,US,USALL,Financials,stage2_breakout,D,live,False,Stage 2,55.1,57.8,7.8,17.7985,9.876,7.4662,1.15,Improving,21.309999465942383,22.4032,19.7148,28.2871,33.1614,12.0,2.19,11,clear,50.0,False,rebalance_week,ok,10400392.320332829,2026-09-21,1.0,20.91,21.64,20.62,False,,False,,False,,,,watching,,,
FCNCA@2026-08-12,2026-09-09,FCNCA,"First Citizens BancShares, Inc. - Class A Common Stock",US,USALL,Financials,stage2_breakout,D,live,False,Stage 2,32.7,52.1,17.7,8.7145,9.876,-1.0396,0.88,Improving,2173.0,2321.1373,2042.6008,2832.4553,3263.1379,12.0,1.84,4,clear,45.0,False,clear,ok,104401837.42349304,2026-09-21,1.0,2090.3601,2197.6899,2034.13,False,,False,,False,,,,watching,,,
FCPT@2026-07-15,2026-09-09,FCPT,"Four Corners Property Trust, Inc. Common Stock",US,USALL,Real Estate,stage2_breakout,D,failed,False,Stage 3,-10.5,35.5,49.2,0.4109,0.4739,-0.0842,0.88,Improving,23.96999931335449,26.8484,23.694,30.4461,33.5211,11.75,1.14,8,clear,51.0,False,clear,ok,13600244.042880489,2026-09-21,1.0,22.2,24.36,21.86,False,,False,,False,,,,watching,,,
FDBC@2026-07-01,2026-09-09,FDBC,"Fidelity D & D Bancorp, Inc. - Common Stock",US,USALL,Financials,stage2_breakout,C,late,True,Stage 2,54.1,58.9,7.4,19.0341,9.876,8.5029,1.15,Improving,54.75,56.8205,50.002,71.976,84.6448,12.0,2.22,10,clear,44.0,False,rebalance_week,ok,280217.33015289105,2026-09-21,1.0,55.74,56.9,52.87,True,2026-09-14,False,,False,,0.01,-0.16,open,,,
FDSB@2026-07-01,2026-09-09,FDSB,"Fifth District Bancorp, Inc. - Common Stock",US,USALL,Financials,stage2_breakout,D,late,False,Stage 2,69.0,63.5,5.9,21.2133,9.876,10.5288,1.15,Improving,18.520000457763672,18.8121,16.5546,22.866,26.2044,12.0,1.8,10,unknown,,,rebalance_week,thin,69978.89872798456,2026-09-21,1.0,17.75,18.64,17.75,False,,False,,False,,,,watching,,,
FER@2026-09-09,2026-09-09,FER,Ferrovial N.V. - Ordinary Shares,US,USALL,Industrials,stage4_breakdown,C,late,True,Stage 4,-75.1,5.0,67.4,-13.6134,0.0,-13.6134,0.88,Improving,56.150001525878906,56.8099,63.627,40.4209,26.7096,12.0,2.4,0,clear,50.0,False,rebalance_week,ok,66365826.79180946,2026-09-21,1.0,55.83,56.465,53.91,True,2026-09-14,False,,False,,0.43,0.14,open,,,
FET@2026-08-12,2026-09-09,FET,"Forum Energy Technologies, Inc. Common Stock",US,USALL,Energy,stage2_breakout,D,late,False,Stage 2,55.9,14.7,14.1,67.6703,7.5984,,1.0,Improving,83.0199966430664,89.1927,78.4896,126.759,158.2302,12.0,3.51,4,clear,52.0,False,clear,ok,7445300.40281942,2026-09-21,1.0,82.83,85.3,78.31,False,,False,,False,,,,watching,,,
FF@2026-08-12,2026-09-09,FF,FutureFuel Corp.  Common shares,US,USALL,Materials,stage2_breakout,D,late,False,Stage 2,53.1,22.9,13.0,33.7723,0.0,33.7723,1.0,Improving,5.46999979019165,7.1066,6.2538,10.1164,12.628,12.0,3.53,4,clear,63.0,False,clear,ok,1162973.3782505482,2026-09-21,1.0,5.12,5.65,5.01,False,,False,,False,,,,watching,,,
FFBC@2026-07-01,2026-09-09,FFBC,First Financial Bancorp. - Common Stock,US,USALL,Financials,stage2_breakout,D,live,False,Stage 2,41.2,46.6,14.8,14.2473,9.876,4.3427,1.15,Improving,32.5,36.3396,31.9789,46.2801,54.5352,12.0,2.28,10,clear,45.0,False,rebalance_week,ok,17781013.765624538,2026-09-21,1.0,32.4,33.04,31.09,False,,False,,False,,,,watching,,,
FHB@2026-07-01,2026-09-09,FHB,"First Hawaiian, Inc. - Common Stock",US,USALL,Financials,stage2_breakout,D,failed,False,Stage 3 to 4,-18.7,13.2,46.4,0.1286,9.876,-8.8886,0.88,Improving,25.7549991607666,30.6092,26.9361,37.7706,43.753,12.0,1.95,10,clear,46.0,False,rebalance_week,ok,31921147.00481866,2026-09-21,1.0,25.25,26.05,24.675,False,,False,,False,,,,watching,,,
FHTX@2026-08-19,2026-09-09,FHTX,Foghorn Therapeutics Inc. - Common Stock,US,USALL,Health Care,stage2_breakout,D,failed,False,Stage 4,-61.6,8.0,16.9,-10.963,17.6631,-25.0956,0.88,Improving,4.420000076293945,7.8422,6.9012,11.0345,13.7741,12.0,3.39,3,clear,59.0,False,clear,thin,579430.3551858837,2026-09-21,1.0,3.5,4.56,3.465,False,,False,,False,,,,watching,,,
FIBK@2026-07-01,2026-09-09,FIBK,"First Interstate BancSystem, Inc. - Common Stock",US,USALL,Financials,stage2_breakout,D,live,False,Stage 1 to 2,24.2,47.3,32.7,7.3897,9.876,-2.1786,0.88,Improving,36.91999816894531,40.5502,35.6842,49.3789,56.7978,12.0,1.81,10,clear,51.0,False,rebalance_week,ok,26314385.25023965,2026-09-21,1.0,36.91,37.7,36.02,False,,False,,False,,,,watching,,,
FIVN@2026-08-05,2026-09-09,FIVN,"Five9, Inc. - Common Stock",US,USALL,Information Technology,stage2_breakout,D,late,False,Stage 2,54.1,14.0,6.7,40.5523,18.0891,19.38,1.15,Improving,30.65999984741211,36.0586,31.7316,51.011,63.6758,12.0,3.46,5,event_driven,63.0,True,clear,ok,39644113.87961142,2026-09-21,1.0,35.77,40.0,30.68,True,2026-09-21,False,,False,,0.91,-0.07,open,,,
FLO@2026-09-09,2026-09-09,FLO,"Flowers Foods, Inc. Common Stock",US,USALL,Consumer Staples,stage4_breakdown,C,late,True,Stage 4,-82.9,4.0,48.5,-32.4555,2.0049,-34.1464,0.88,Improving,6.090000152587891,5.9593,6.6744,3.3779,1.1669,12.0,3.61,0,clear,59.0,False,rebalance_week,ok,32262044.387675177,2026-09-21,1.0,5.74,6.32,5.615,True,2026-09-14,False,,False,,0.48,0.31,open,,,
FLXS@2026-06-24,2026-09-09,FLXS,"Flexsteel Industries, Inc. - Common Stock",US,USALL,Consumer Discretionary,stage2_breakout,D,late,False,Stage 2,84.2,16.2,9.9,53.3358,0.0,53.3358,1.0,Improving,81.4000015258789,90.1061,79.2934,128.3105,160.1669,12.0,3.53,11,clear,42.0,False,rebalance_week,ok,2253193.671597468,2026-09-21,1.0,89.37,90.0,77.56,False,,False,,False,,,,watching,,,
FMAO@2026-06-24,2026-09-09,FMAO,"Farmers & Merchants Bancorp, Inc. - Common Stock",US,USALL,Financials,stage2_breakout,C,late,True,Stage 2,59.6,47.2,8.5,29.6529,9.876,18.4121,1.15,Improving,35.470001220703125,36.4852,32.107,48.5705,58.6749,12.0,2.76,11,clear,49.0,False,rebalance_week,ok,1490447.4486568037,2026-09-21,1.0,34.93,36.12,33.81,False,,False,,False,,,,watching,,,
FMNB@2026-06-24,2026-09-09,FMNB,Farmers National Banc Corp. - Common Stock,US,USALL,Financials,stage2_breakout,B,live,True,Stage 2,55.1,58.2,5.5,15.0673,9.876,4.7476,1.15,Improving,15.739999771118164,16.4389,14.4662,20.7041,24.2487,12.0,2.16,11,clear,44.0,False,rebalance_week,ok,3861312.352280508,2026-09-21,1.0,15.43,16.0,15.11,False,,False,,False,,,,watching,,,
FNKO@2026-08-26,2026-09-09,FNKO,"Funko, Inc. - Class A Common Stock",US,USALL,Consumer Discretionary,stage2_breakout,D,live,False,Stage 2,41.6,27.5,16.6,24.6942,0.0,24.6942,1.0,Improving,5.46999979019165,7.55,6.644,10.6575,13.3035,12.0,3.43,2,clear,59.0,False,clear,ok,2585482.01961899,2026-09-21,1.0,5.5,5.68,5.215,False,,False,,False,,,,watching,,,
FNLC@2026-06-24,2026-09-09,FNLC,"First Bancorp, Inc (ME) - Common Stock",US,USALL,Financials,stage2_breakout,C,late,True,Stage 2,53.9,58.4,10.4,22.0123,9.876,11.4679,1.15,Improving,34.95000076293945,36.7501,32.3401,46.372,54.4296,12.0,2.18,11,clear,44.0,False,rebalance_week,ok,520417.4274120714,2026-09-21,1.0,34.35,35.83,33.65,False,,False,,False,,,,watching,,,
FNWB@2026-07-15,2026-09-09,FNWB,First Northwest Bancorp - Common Stock,US,USALL,Financials,stage2_breakout,D,live,False,Stage 2,16.8,32.1,38.8,6.0872,9.876,-3.2558,0.88,Improving,10.449999809265137,12.6973,11.1736,16.6,19.864,12.0,2.56,8,clear,,False,clear,thin,195200.6570815993,2026-09-21,1.0,10.05,10.77,9.85,False,,False,,False,,,,watching,,,
FNWD@2026-07-22,2026-09-09,FNWD,Finward Bancorp - common stock,US,USALL,Financials,stage2_breakout,C,late,True,Stage 2,47.8,45.6,10.6,18.8005,9.876,8.1326,1.15,Improving,43.16999816894531,46.478,40.9006,61.8568,74.6223,12.0,2.76,7,clear,50.0,False,clear,ok,252903.754962102,2026-09-21,1.0,43.24,44.24,41.49,False,,False,,False,,,,watching,,,
FOR@2026-06-24,2026-09-09,FOR,Forestar Group Inc Common Stock,US,USALL,Real Estate,stage2_breakout,D,failed,False,Stage 3 to 4,-25.7,14.3,47.5,-0.9605,0.4739,-1.3465,0.88,Improving,26.850000381469727,32.5265,28.6233,40.16,46.64,12.0,1.96,11,clear,52.0,False,rebalance_week,ok,2542511.520760136,2026-09-21,1.0,26.49,27.4,25.45,False,,False,,False,,,,watching,,,
FORR@2026-07-15,2026-09-09,FORR,"Forrester Research, Inc. - Common Stock",US,USALL,Industrials,stage2_breakout,D,late,False,Stage 2,72.8,25.0,2.1,45.8791,0.0,45.8791,1.0,Improving,11.75,13.0204,11.4579,18.4875,23.0775,12.0,3.5,8,clear,52.0,False,clear,ok,570447.6420972071,2026-09-21,1.0,11.4,12.15,11.04,False,,False,,False,,,,watching,,,
FOXF@2026-08-05,2026-09-09,FOXF,Fox Factory Holding Corp. - Common Stock,US,USALL,Consumer Discretionary,stage2_breakout,D,live,False,Stage 2,36.0,41.1,9.6,6.1039,0.0,6.1039,1.0,Improving,19.82999992370605,22.604,19.8915,28.93,34.402,12.0,2.33,5,event_driven,59.0,True,clear,ok,6828504.667456053,2026-09-21,1.0,18.55,20.05,18.135,False,,False,,False,,,,watching,,,
FPI@2026-07-29,2026-09-09,FPI,Farmland Partners Inc. Common Stock,US,USALL,Real Estate,stage4_breakdown,D,failed,True,Stage 1 to 2,26.1,39.5,13.1,3.595,0.4739,2.9112,1.15,Improving,10.699999809265137,9.0896,10.1804,5.423,2.3933,12.0,3.36,6,event_driven,58.0,True,clear,ok,2931178.1311804727,2026-09-21,1.0,10.86,11.04,10.541,False,,False,,False,,,,watching,,,
FRAF@2026-06-24,2026-09-09,FRAF,Franklin Financial Services Corporation - Common Stock,US,USALL,Financials,stage2_breakout,D,live,False,Stage 2,52.5,61.1,10.1,17.9854,9.876,7.7027,1.15,Improving,63.540000915527344,66.3476,58.3859,84.3556,99.512,12.0,2.26,11,clear,50.0,False,rebalance_week,ok,1444131.1636552424,2026-09-21,1.0,62.65,64.5,60.76,False,,False,,False,,,,watching,,,
FRBA@2026-08-12,2026-09-09,FRBA,First Bank  - Common Stock,US,USALL,Financials,stage2_breakout,D,live,False,Stage 2,34.9,40.5,15.5,9.2682,9.876,-0.5918,0.88,Improving,17.93000030517578,19.5893,17.2386,24.4027,28.4609,12.0,2.05,4,clear,45.0,False,clear,ok,1049094.7748527827,2026-09-21,1.0,17.8,18.17,17.33,False,,False,,False,,,,watching,,,
FRD@2026-06-17,2026-09-09,FRD,Friedman Industries Inc. - Common Stock,US,USALL,Materials,stage2_breakout,D,late,False,Stage 2,58.4,8.1,11.4,72.6193,0.0,72.6193,1.0,Improving,43.27999877929688,49.8669,43.8829,70.7165,88.2737,12.0,3.48,12,clear,58.0,False,rebalance_week,ok,1667220.2189467638,2026-09-21,1.0,39.34,42.9,38.6,False,,False,,False,,,,watching,,,
FRHC@2026-08-26,2026-09-09,FRHC,Freedom Holding Corp. - Common Stock,US,USALL,Financials,stage2_breakout,D,late,False,Stage 2,74.2,70.1,0.0,14.477,9.876,3.9394,1.15,Improving,165.5,180.1427,158.5256,255.4755,318.9039,12.0,3.48,2,clear,60.0,False,clear,ok,12610980.620038282,2026-09-21,1.0,172.08,178.0,161.53,False,,False,,False,,,,watching,,,
FRME@2026-06-24,2026-09-09,FRME,First Merchants Corporation - Common Stock,US,USALL,Financials,stage2_breakout,C,live,True,Stage 2,20.2,36.9,33.2,5.7309,9.876,-3.7589,0.88,Improving,41.11000061035156,45.4397,39.987,54.7937,62.6833,12.0,1.72,11,clear,44.0,False,rebalance_week,ok,10522486.164750371,2026-09-21,1.0,40.71,41.97,39.97,False,,False,,False,,,,watching,,,
FRNM@2026-07-08,2026-09-09,FRNM,"Freenome, Inc. - Common stock",US,USALL,Health Care,stage4_breakdown,D,failed,True,Stage 2,66.0,32.6,4.7,21.1498,17.6631,1.8504,1.15,Improving,14.369999885559082,9.6074,10.7603,5.4725,1.8905,12.0,3.59,9,unknown,,,clear,ok,1309101.413403917,2026-09-21,1.0,15.99,17.5,14.25,False,,False,,False,,,,watching,,,
FRO@2026-09-09,2026-09-09,FRO,Frontline Plc Ordinary Shares,US,USALL,Energy,stage2_breakout,D,late,False,Stage 2,86.9,18.8,7.7,58.8669,7.5984,,1.0,Improving,49.209999084472656,47.8981,42.1504,67.4422,83.764,12.0,3.4,0,clear,84.0,False,rebalance_week,ok,75730961.43108276,2026-09-21,1.0,47.73,54.91,46.68,True,2026-09-14,False,,False,,1.22,-0.03,open,,,
FRPH@2026-06-24,2026-09-09,FRPH,"FRP Holdings, Inc. - Common Stock",US,USALL,Real Estate,stage2_breakout,D,failed,False,Stage 3 to 4,-28.0,7.6,46.6,-4.5456,0.4739,-5.1392,0.88,Improving,22.14999961853028,26.0544,22.9279,30.95,35.118,12.0,1.57,11,clear,58.0,False,rebalance_week,ok,1174966.340520739,2026-09-21,1.0,21.11,22.34,20.9,False,,False,,False,,,,watching,,,
FRSH@2026-08-26,2026-09-09,FRSH,Freshworks Inc. - Class A Common Stock,US,USALL,Information Technology,stage2_breakout,D,late,False,Stage 2,46.8,25.4,5.7,13.236,18.0891,-5.6879,0.88,Improving,11.890000343322754,14.2753,12.5622,20.2855,25.3219,12.0,3.51,2,clear,57.0,False,clear,ok,72731198.51908463,2026-09-21,1.0,12.54,13.045,12.135,False,,False,,False,,,,watching,,,
FSBC@2026-06-24,2026-09-09,FSBC,Five Star Bancorp - Common Stock,US,USALL,Financials,stage2_breakout,B,live,True,Stage 2,47.7,45.9,13.3,17.4068,9.876,7.251,1.15,Improving,46.40999984741211,50.6134,44.5398,65.2068,77.3772,12.0,2.4,11,clear,49.0,False,rebalance_week,ok,3867656.5255250745,2026-09-21,1.0,43.83,47.17,43.16,False,,False,,False,,,,watching,,,
FSBW@2026-07-01,2026-09-09,FSBW,"FS Bancorp, Inc. - Common Stock",US,USALL,Financials,stage2_breakout,C,live,True,Stage 1 to 2,36.9,47.8,15.5,6.5081,9.876,-3.1765,0.88,Improving,43.29999923706055,46.0467,40.5211,54.9264,62.4333,12.0,1.61,10,clear,43.0,False,rebalance_week,ok,465869.2211048793,2026-09-21,1.0,44.18,45.03,43.23,False,,False,,False,,,,watching,,,
FSEA@2026-08-05,2026-09-09,FSEA,"First Seacoast Bancorp, Inc. - Common Stock",US,USALL,Financials,stage2_breakout,D,late,False,Stage 2,71.2,66.5,10.1,22.6755,9.876,12.1588,1.15,Improving,17.170000076293945,17.2989,15.223,23.345,28.253,12.0,2.91,5,unknown,,,clear,thin,75967.82065053459,2026-09-21,1.0,17.24,17.24,17.15,False,,False,,False,,,,watching,,,
FSI@2026-07-22,2026-09-09,FSI,Flexible Solutions International Inc. Common Stock (CDA),US,USALL,Materials,stage4_breakdown,C,live,True,Stage 4,-24.4,30.9,33.3,-13.7696,0.0,-13.7696,0.88,Improving,5.650000095367432,4.7154,5.2812,2.6675,0.9215,12.0,3.62,7,clear,66.0,False,clear,thin,70343.22580508798,2026-09-21,1.0,5.8,6.0,5.61,False,,False,,False,,,,watching,,,
FT@2026-09-09,2026-09-09,FT,Franklin Universal Trust Common Stock,US,USALL,Financials,stage4_breakdown,C,live,True,Stage 3 to 4,-38.2,24.4,49.3,-3.1961,9.876,-12.1752,0.88,Improving,7.53000020980835,7.5756,8.1284,7.0635,6.6243,7.3,0.93,0,unknown,,,rebalance_week,ok,201942.4145897577,2026-09-21,1.0,7.09,7.4956,7.03,True,2026-09-14,False,,True,2026-09-21,0.99,0.88,reached first target,,,
FTDR@2026-07-01,2026-09-09,FTDR,"Frontdoor, Inc. - Common Stock",US,USALL,Consumer Discretionary,stage2_breakout,D,late,False,Stage 2,52.3,30.4,13.2,24.4375,0.0,24.4375,1.0,Improving,81.01000213623047,94.9166,83.5266,135.4735,169.1083,12.0,3.56,10,clear,58.0,False,rebalance_week,ok,27194980.02306158,2026-09-21,1.0,73.99,82.73,70.25,False,,False,,False,,,,watching,,,
FTRE@2026-07-22,2026-09-09,FTRE,Fortrea Holdings Inc. - Common Stock,US,USALL,Health Care,stage2_breakout,D,late,False,Stage 2,42.7,38.4,12.8,24.0852,17.6631,6.2374,1.15,Improving,17.200000762939453,21.898,19.2702,31.0155,38.7159,12.0,3.47,7,clear,59.0,False,clear,ok,13238582.125648018,2026-09-21,1.0,19.89,21.11,16.98,False,,False,,False,,,,watching,,,
FTS@2026-07-15,2026-09-09,FTS,Fortis Inc. Common Shares,US,USALL,Utilities,stage2_breakout,D,failed,False,Stage 2 to 3,-4.5,40.5,51.0,1.3459,-2.0203,3.4831,1.0,Improving,54.369998931884766,59.3667,53.7383,65.4256,70.634,9.48,1.08,8,clear,57.0,False,clear,ok,29617072.87329296,2026-09-21,1.0,53.09,54.66,52.7,False,,False,,False,,,,watching,,,
FULT@2026-06-24,2026-09-09,FULT,Fulton Financial Corporation - Common Stock,US,USALL,Financials,stage2_breakout,D,live,False,Stage 2,41.4,55.6,12.3,13.6188,9.876,3.7124,1.15,Improving,23.600000381469727,25.492,22.433,31.7952,37.0473,12.0,2.06,11,clear,43.0,False,rebalance_week,ok,29946112.566991188,2026-09-21,1.0,23.23,24.0,22.68,False,,False,,False,,,,watching,,,
FUSB@2026-09-09,2026-09-09,FUSB,"First US Bancshares, Inc. - Common Stock",US,USALL,Financials,stage2_breakout,C,live,True,Stage 2,60.3,42.8,11.3,14.387,9.876,4.2269,1.15,Improving,16.989999771118164,17.0673,15.5434,20.2368,22.892,8.93,2.08,0,clear,,False,rebalance_week,thin,49264.85438292037,2026-09-21,1.0,16.44,16.72,15.47,False,,False,,False,,,,watching,,,
FVCB@2026-07-29,2026-09-09,FVCB,"FVCBankcorp, Inc. - Common Stock",US,USALL,Financials,stage2_breakout,D,live,False,Stage 2,52.0,60.6,11.1,21.6008,9.876,11.1055,1.15,Improving,18.46999931335449,19.3376,17.0171,24.0292,27.9646,12.0,2.02,6,event_driven,43.0,True,clear,ok,1570917.9291287442,2026-09-21,1.0,17.98,18.58,17.318,False,,False,,False,,,,watching,,,
FVRR@2026-07-29,2026-09-09,FVRR,"Fiverr International Ltd. Ordinary Shares, no par value",US,USALL,Communication Services,stage4_breakdown,C,late,True,Stage 4,-57.3,17.3,48.0,-38.2418,0.0,-38.2418,0.88,Improving,9.029999732971191,8.3076,9.3045,4.7327,1.6349,12.0,3.59,6,event_driven,58.0,True,clear,ok,5941190.787210536,2026-09-21,1.0,8.55,9.3,8.35,False,,False,,False,,,,watching,,,
FWONA@2026-07-15,2026-09-09,FWONA,Liberty Media Corporation - Series A Liberty Formula One Common Stock,US,USALL,Communication Services,stage2_breakout,D,live,False,Stage 2 to 3,7.3,35.2,20.2,1.1746,0.0,1.1746,1.0,Improving,87.02999877929688,100.1083,88.0953,123.88,143.952,12.0,1.98,8,clear,59.0,False,clear,ok,9543902.969994668,2026-09-21,1.0,86.46,89.09,85.13,False,,False,,False,,,,watching,,,
FWONK@2026-07-15,2026-09-09,FWONK,Liberty Media Corporation - Series C Liberty Formula One Common Stock,US,USALL,Communication Services,stage2_breakout,D,live,False,Stage 1 to 2,12.4,44.0,17.1,1.8539,0.0,1.8539,1.0,Improving,95.58999633789062,108.7912,95.7362,134.47,156.198,12.0,1.97,8,clear,59.0,False,clear,ok,126674569.32087402,2026-09-21,1.0,94.61,97.64,93.05,False,,False,,False,,,,watching,,,
GABC@2026-06-24,2026-09-09,GABC,"German American Bancorp, Inc. - Common Stock",US,USALL,Financials,stage2_breakout,B,live,True,Stage 2,51.1,58.1,9.9,16.7465,9.876,6.4462,1.15,Improving,49.75,52.4648,46.169,65.6762,76.6896,12.0,2.1,11,clear,49.0,False,rebalance_week,ok,4988382.994625628,2026-09-21,1.0,49.5,50.51,48.19,False,,False,,False,,,,watching,,,
GAM@2026-08-12,2026-09-09,GAM,"General American Investors, Inc. Common Stock",US,USALL,Financials,stage2_breakout,D,live,False,Stage 2,35.6,56.1,19.4,7.2542,9.876,-2.4411,0.88,Improving,65.7300033569336,69.022,63.052,80.29,89.666,8.65,1.89,4,unknown,,,clear,ok,1102325.1337445832,2026-09-21,1.0,64.52,66.85,64.0,False,,False,,False,,,,watching,,,
GBLI@2026-09-02,2026-09-09,GBLI,"Global Indemnity Group, LLC - Class A Common Shares",US,USALL,Financials,stage2_breakout,D,live,False,Stage 1 to 2,56.9,57.1,3.0,7.4397,9.876,-2.604,0.88,Improving,29.5,30.936,27.2237,42.94,52.892,12.0,3.23,1,clear,52.0,False,clear,thin,96728.47866565858,2026-09-21,1.0,24.835,30.24,23.97,False,,False,,False,,,,watching,,,
GBX@2026-09-02,2026-09-09,GBX,"Greenbrier Companies, Inc. (The) Common Stock",US,USALL,Industrials,stage4_breakdown,C,late,True,Stage 4,-66.4,5.4,77.7,-9.7851,0.0,-9.7851,0.88,Improving,43.09000015258789,40.4976,45.3573,23.5077,9.2979,12.0,3.5,1,clear,51.0,False,clear,ok,13997336.20090508,2026-09-21,1.0,42.54,44.2,41.56,False,,False,,False,,,,watching,,,
GCMG@2026-07-08,2026-09-09,GCMG,GCM Grosvenor Inc. - Class A Common Stock,US,USALL,Financials,stage2_breakout,D,live,False,Stage 2,45.2,43.5,8.5,13.181,9.876,3.0656,1.15,Improving,12.84000015258789,14.9542,13.1597,20.358,24.8551,12.0,3.01,9,clear,59.0,False,clear,ok,3928739.073642327,2026-09-21,1.0,13.04,13.46,12.38,False,,False,,False,,,,watching,,,
GCT@2026-08-05,2026-09-09,GCT,GigaCloud Technology Inc - Class A Ordinary Shares,US,USALL,Information Technology,stage2_breakout,D,late,False,Stage 2,47.2,31.0,9.1,32.9888,18.0891,11.2786,1.15,Improving,51.869998931884766,57.601,50.6889,81.46,101.612,12.0,3.45,5,event_driven,59.0,True,clear,ok,18758323.52725077,2026-09-21,1.0,53.98,55.598,49.34,False,,False,,False,,,,watching,,,
GCV@2026-08-12,2026-09-09,GCV,"Gabelli Convertible and Income Securities Fund, Inc. (The) Common Stock",US,USALL,Financials,stage2_breakout,D,live,False,Stage 2,30.7,54.3,22.6,7.7615,9.876,-1.933,0.88,Improving,4.579999923706055,4.8412,4.3988,5.5958,6.2325,9.14,1.71,4,unknown,,,clear,ok,128538.33213134692,2026-09-21,1.0,4.3,4.61,4.21,False,,False,,False,,,,watching,,,
GDRX@2026-08-05,2026-09-09,GDRX,"GoodRx Holdings, Inc. - Class A Common Stock",US,USALL,Health Care,stage2_breakout,D,late,False,Stage 2,49.6,19.0,5.7,16.9276,17.6631,-2.7609,0.88,Improving,3.390000104904175,3.9746,3.4976,5.6405,7.0409,12.0,3.49,5,event_driven,57.0,True,clear,ok,2663335.828576688,2026-09-21,1.0,3.35,3.58,3.305,False,,False,,False,,,,watching,,,
GEF-B@2026-06-24,2026-09-09,GEF-B,"Greif, Inc. Corporation Class B Common Stock",US,USALL,Consumer Discretionary,stage2_breakout,C,late,True,Stage 2,51.3,27.6,14.4,28.6153,0.0,28.6153,1.0,Improving,105.18000030517578,115.5495,101.6836,153.6708,185.4154,12.0,2.75,11,clear,51.0,False,rebalance_week,ok,2586565.064931485,2026-09-21,1.0,108.15,114.64,103.0,False,,False,,False,,,,watching,,,
GENC@2026-08-19,2026-09-09,GENC,"Gencor Industries, Inc. Common Stock",US,USALL,Industrials,stage2_breakout,C,late,True,Stage 2,56.1,22.5,5.1,21.0826,0.0,21.0826,1.0,Improving,17.93000030517578,20.5154,18.0536,26.55,31.638,12.0,2.45,3,event_driven,98.0,True,clear,ok,307025.83450633055,2026-09-21,1.0,17.46,18.02,16.81,False,,False,,False,,,,watching,,,
GFF@2026-08-05,2026-09-09,GFF,Griffon Corporation Common Stock,US,USALL,Industrials,stage2_breakout,D,live,False,Stage 2,38.8,34.3,18.9,14.9607,0.0,14.9607,1.0,Improving,96.02999877929688,110.1245,96.9095,149.4657,182.3753,12.0,2.98,5,event_driven,72.0,True,clear,ok,22059873.877293464,2026-09-21,1.0,98.39,98.71,91.33,False,,False,,False,,,,watching,,,
GGB@2026-07-29,2026-09-09,GGB,Gerdau S.A. Common Stock,US,USALL,Materials,stage2_breakout,D,late,False,Stage 2,70.5,38.3,7.1,28.7965,0.0,28.7965,1.0,Improving,5.150000095367432,5.2169,4.5909,7.1687,8.8028,12.0,3.12,6,clear,49.0,False,clear,ok,52363026.92152008,2026-09-21,1.0,4.85,5.13,4.73,False,,False,,False,,,,watching,,,
GHRS@2026-06-24,2026-09-09,GHRS,GH Research PLC - Ordinary Shares,US,USALL,Health Care,stage2_breakout,D,late,False,Stage 2,53.6,29.9,12.9,44.0502,17.6631,24.7262,1.15,Improving,27.200000762939453,32.1483,28.2905,45.5865,56.9046,12.0,3.48,11,clear,59.0,False,rebalance_week,ok,3496951.4492380545,2026-09-21,1.0,23.84,29.165,23.43,False,,False,,False,,,,watching,,,
GIC@2026-06-24,2026-09-09,GIC,Global Industrial Company Common Stock,US,USALL,Industrials,stage2_breakout,C,late,True,Stage 2,66.7,40.2,3.3,21.6267,0.0,21.6267,1.0,Improving,38.9900016784668,40.9255,36.0144,53.2849,63.5789,12.0,2.52,11,clear,50.0,False,rebalance_week,ok,2672856.6876624585,2026-09-21,1.0,41.5,42.4,38.98,True,2026-09-21,False,,False,,0.3,0.12,open,,,
GIL@2026-06-17,2026-09-09,GIL,"Gildan Activewear, Inc. Class A Sub. Vot. Common Stock",US,USALL,Consumer Discretionary,stage4_breakdown,C,late,True,Stage 4,-75.4,10.5,58.8,-16.9334,0.0,-16.9334,0.88,Improving,48.45000076293945,45.2074,50.6323,25.4907,8.8059,12.0,3.63,12,clear,52.0,False,rebalance_week,ok,43702918.73704679,2026-09-21,1.0,40.98,48.61,40.13,True,2026-09-21,False,,False,,0.94,0.78,open,,,
GJP@2026-07-08,2026-09-09,GJP,"Synthetic Fixed-Income Securities, Inc. on behalf of STRATS (SM) Trust for Dominion Resources, Inc. Securities, Series 2005-6, Floating Rate Structured Repackaged Asset-Backed Trust Securities (STRATS) Certificates",US,USALL,,stage2_breakout,D,live,True,Stage 1,21.2,60.2,36.9,1.9655,,,1.0,Improving,24.503999710083008,24.742,23.9221,26.1492,27.3538,3.31,1.72,9,unknown,,,clear,untradeable,5580.147769910826,2026-09-21,1.0,24.48,24.66,24.23,False,,False,,False,,,,watching,,,
GJR@2026-07-08,2026-09-09,GJR,"Synthetic Fixed-Income Securities, Inc. STRATS Trust for Procter&Gamble Securities, Series 2006-1",US,USALL,,stage2_breakout,D,live,False,Stage 1,18.5,66.2,42.5,1.6079,,,1.0,Improving,24.624000549316406,25.1037,24.0681,26.1481,27.0637,4.13,1.01,9,unknown,,,clear,untradeable,3593.9765817408743,2026-09-21,1.0,24.6,24.6,24.22,False,,False,,False,,,,watching,,,
GKOS@2026-07-15,2026-09-09,GKOS,Glaukos Corporation Common Stock,US,USALL,Health Care,stage2_breakout,D,late,False,Stage 2,52.9,27.9,10.2,36.6677,17.6631,17.5474,1.15,Improving,167.25,195.2961,171.8605,277.849,346.8322,12.0,3.52,8,clear,51.0,False,clear,ok,79086393.989172,2026-09-21,1.0,154.43,173.545,151.01,False,,False,,False,,,,watching,,,
GLBS@2026-06-24,2026-09-09,GLBS,Globus Maritime Limited - Common Stock,US,USALL,Industrials,stage2_breakout,D,late,False,Stage 2,56.5,19.6,11.4,79.3602,0.0,79.3602,1.0,Improving,3.7200000286102295,4.0412,3.5563,5.713,7.1314,12.0,3.45,11,clear,74.0,False,rebalance_week,thin,242810.4559008667,2026-09-14,0.0,3.92,4.05,3.53,True,2026-09-14,True,2026-09-14,False,,0.02,-0.25,stopped out,,,
GNE@2026-09-09,2026-09-09,GNE,Genie Energy Ltd. Class B Common Stock Stock,US,USALL,Utilities,stage2_breakout,D,live,False,Stage 2,65.8,47.2,3.7,10.8207,-2.0203,12.9066,1.0,Improving,15.779999732971191,15.933,14.021,22.0165,27.0617,12.0,3.18,0,clear,57.0,False,rebalance_week,ok,711979.9751840958,2026-09-21,1.0,15.92,16.55,15.69,True,2026-09-14,False,,False,,0.32,-0.01,open,,,
GNK@2026-08-19,2026-09-09,GNK,Genco Shipping & Trading Limited Ordinary Shares New (Marshall Islands),US,USALL,Industrials,stage2_breakout,D,late,False,Stage 2,68.7,43.1,9.1,28.5016,0.0,28.5016,1.0,Improving,26.82999992370605,28.2768,24.8835,37.3295,44.9395,12.0,2.67,3,clear,58.0,False,clear,ok,5550947.984677865,2026-09-21,1.0,26.09,28.42,25.83,True,2026-09-14,False,,False,,0.04,-0.64,open,,,
GNT@2026-08-19,2026-09-09,GNT,"GAMCO Natural Resources, Gold & Income Trust",US,USALL,Financials,stage2_breakout,D,live,False,Stage 2,62.7,63.5,5.2,16.8945,9.876,6.5163,1.15,Improving,9.079999923706056,9.4755,8.3385,11.5972,13.371,12.0,1.87,3,unknown,,,clear,ok,478313.5678529328,2026-09-21,1.0,8.78,9.24,8.76,False,,False,,False,,,,watching,,,
GNW@2026-07-15,2026-09-09,GNW,Genworth Financial Inc Common Stock,US,USALL,Financials,stage2_breakout,D,late,False,Stage 2,69.0,59.8,2.4,16.9704,9.876,6.4138,1.15,Improving,10.489999771118164,10.8119,9.5145,13.54,15.82,12.0,2.1,8,clear,63.0,False,clear,ok,18005006.30335941,2026-09-21,1.0,9.43,10.66,9.29,False,,False,,False,,,,watching,,,
GO@2026-08-26,2026-09-09,GO,Grocery Outlet Holding Corp. - Common Stock,US,USALL,Consumer Staples,stage2_breakout,D,late,False,Stage 2,67.8,34.7,0.0,9.4143,2.0049,7.0798,1.15,Improving,11.25,12.9316,11.3798,18.3715,22.9327,12.0,3.51,2,clear,57.0,False,clear,ok,17500167.932930656,2026-09-21,1.0,11.07,11.96,11.02,False,,False,,False,,,,watching,,,
GOLF@2026-06-24,2026-09-09,GOLF,Acushnet Holdings Corp. Common Stock,US,USALL,Consumer Discretionary,stage2_breakout,D,failed,False,Stage 4,-59.3,4.7,89.0,-6.5324,0.0,-6.5324,0.88,Improving,85.16000366210938,121.1542,106.6157,155.1324,183.8002,12.0,2.34,11,clear,58.0,False,rebalance_week,ok,22422547.669146527,2026-09-21,1.0,83.02,85.27,80.18,False,,False,,False,,,,watching,,,
GOOD@2026-07-15,2026-09-09,GOOD,Gladstone Commercial Corporation - Real Estate Investment Trust,US,USALL,Real Estate,stage2_breakout,D,live,False,Stage 2,47.3,62.6,5.6,10.4281,0.4739,10.0381,1.15,Improving,12.710000038146973,13.3684,11.8782,15.9209,18.0736,11.15,1.71,8,clear,57.0,False,clear,ok,3854601.997971785,2026-09-21,1.0,12.5,12.8473,12.41,False,,False,,False,,,,watching,,,
GOOS@2026-07-22,2026-09-09,GOOS,Canada Goose Holdings Inc. Subordinate Voting Shares,US,USALL,Consumer Discretionary,stage4_breakdown,C,late,True,Stage 4,-79.9,3.9,49.5,-30.1677,0.0,-30.1677,0.88,Improving,7.929999828338623,7.8576,8.8005,4.4248,1.5286,12.0,3.64,7,clear,59.0,False,clear,ok,3699925.020657755,2026-09-21,1.0,7.61,8.08,7.36,True,2026-09-14,False,,False,,0.53,0.26,open,,,
GPI@2026-07-01,2026-09-09,GPI,"Group 1 Automotive, Inc. Common Stock",US,USALL,Consumer Discretionary,stage4_breakdown,C,live,True,Stage 4,-45.4,10.7,34.9,-20.2191,0.0,-20.2191,0.88,Improving,278.2699890136719,241.3001,270.2561,136.9669,47.3159,12.0,3.6,10,clear,50.0,False,rebalance_week,ok,40392803.44414946,2026-09-21,1.0,252.18,286.24,246.21,False,,False,,False,,,,watching,,,
GPOR@2026-06-17,2026-09-09,GPOR,Gulfport Energy Corporation Common Shares,US,USALL,Energy,stage4_breakdown,C,live,True,Stage 4,-38.5,14.5,26.8,-7.3642,7.5984,,1.0,Improving,173.25,146.2245,163.7715,82.049,28.3442,12.0,3.66,12,clear,57.0,False,rebalance_week,ok,38668761.29005008,2026-09-21,1.0,154.62,179.19,154.48,False,,False,,False,,,,watching,,,
GPRE@2026-07-15,2026-09-09,GPRE,"Green Plains, Inc. - Common Stock",US,USALL,Materials,stage2_breakout,D,failed,False,Stage 2 to 3,7.8,27.8,19.8,9.4737,0.0,9.4737,1.0,Improving,14.899999618530272,20.1068,17.694,26.18,31.404,12.0,2.52,8,clear,58.0,False,clear,ok,16471679.983090872,2026-09-21,1.0,14.92,15.51,14.33,False,,False,,False,,,,watching,,,
GRAB@2026-09-09,2026-09-09,GRAB,Grab Holdings Limited - Class A Ordinary Shares,US,USALL,Information Technology,stage4_breakdown,C,late,True,Stage 4,-74.3,7.3,41.0,-29.5048,18.0891,-42.4409,0.88,Improving,3.049999952316284,3.0927,3.4638,1.85,0.786,12.0,3.35,0,clear,57.0,False,rebalance_week,ok,126578954.4441948,2026-09-21,1.0,3.13,3.26,2.74,True,2026-09-14,False,,False,,0.95,-0.1,open,,,
GRPN@2026-07-08,2026-09-09,GRPN,"Groupon, Inc. - Common Stock",US,USALL,Communication Services,stage2_breakout,D,live,False,Stage 2,20.9,36.1,26.5,4.3678,0.0,4.3678,1.0,Improving,18.729999542236328,30.6878,27.0053,43.355,54.119,12.0,3.44,9,clear,59.0,False,clear,ok,24440155.335490715,2026-09-21,1.0,21.3,22.33,18.3,False,,False,,False,,,,watching,,,
GSBD@2026-08-26,2026-09-09,GSBD,"Goldman Sachs BDC, Inc. Common Stock",US,USALL,Financials,stage2_breakout,D,live,False,Stage 2,43.7,46.0,4.4,7.9698,9.876,-1.929,0.88,Improving,9.619999885559082,10.5024,9.2421,14.7901,18.3222,12.0,3.4,2,clear,59.0,False,clear,ok,6652077.413016416,2026-09-21,1.0,9.54,10.175,9.44,False,,False,,False,,,,watching,,,
GSL@2026-07-29,2026-09-09,GSL,Global Ship Lease Inc New Class A Common Shares,US,USALL,Industrials,stage2_breakout,D,late,False,Stage 2,79.1,56.5,6.3,26.3172,0.0,26.3172,1.0,Improving,45.81999969482422,47.101,41.4489,58.2836,67.7104,12.0,1.98,6,clear,63.0,False,clear,ok,8555733.155261446,2026-09-21,1.0,44.33,46.57,43.4,False,,False,,False,,,,watching,,,
GT@2026-09-09,2026-09-09,GT,The Goodyear Tire & Rubber Company - Common Stock,US,USALL,Consumer Discretionary,stage4_breakdown,C,late,True,Stage 4,-82.2,7.5,58.0,-27.3985,0.0,-27.3985,0.88,Improving,5.369999885559082,5.2584,5.8894,2.9865,1.0317,12.0,3.6,0,clear,57.0,False,rebalance_week,ok,39844175.80882119,2026-09-21,1.0,5.125,5.55,4.91,True,2026-09-14,False,,False,,0.55,0.21,open,,,
GTES@2026-06-24,2026-09-09,GTES,Gates Industrial Corporation Ltd. Common Shares,US,USALL,Industrials,stage2_breakout,D,live,False,Stage 2 to 3,12.5,34.5,29.8,4.7758,0.0,4.7758,1.0,Improving,26.040000915527344,30.8504,27.1483,39.8,47.368,12.0,2.42,11,clear,51.0,False,rebalance_week,ok,35792720.95492177,2026-09-21,1.0,26.86,26.89,24.815,False,,False,,False,,,,watching,,,
GTIM@2026-07-01,2026-09-09,GTIM,Good Times Restaurants Inc. - Common Stock,US,USALL,Consumer Discretionary,stage2_breakout,D,late,False,Stage 2,56.0,30.5,3.7,12.7999,0.0,12.7999,1.0,Improving,1.5099999904632568,1.6852,1.4829,2.19,2.614,12.0,2.5,10,clear,101.0,False,rebalance_week,thin,26794.78039932839,2026-09-21,1.0,1.51,1.58,1.47,False,,False,,False,,,,watching,,,
GTLB@2026-08-26,2026-09-09,GTLB,GitLab Inc. - Class A Common Stock,US,USALL,Information Technology,stage2_breakout,D,late,False,Stage 2,76.3,21.5,0.0,35.9422,18.0891,12.8847,1.15,Improving,46.9900016784668,56.7015,49.8973,80.5475,100.5455,12.0,3.5,2,clear,85.0,False,clear,ok,106397657.92924324,2026-09-21,1.0,46.845,50.67,46.805,False,,False,,False,,,,watching,,,
GTY@2026-07-15,2026-09-09,GTY,Getty Realty Corporation Common Stock,US,USALL,Real Estate,stage2_breakout,D,failed,False,Stage 2,16.8,35.1,32.5,5.9151,0.4739,5.5508,1.15,Improving,32.27000045776367,37.1692,32.7089,43.9723,49.6862,12.0,1.53,8,clear,44.0,False,clear,ok,10053243.611039016,2026-09-21,1.0,28.66,32.1514,28.13,False,,False,,False,,,,watching,,,
GUT@2026-06-24,2026-09-09,GUT,Gabelli Utility Trust (The) Common Stock,US,USALL,Financials,stage2_breakout,D,live,False,Stage 2,44.4,40.1,17.0,8.4675,9.876,-1.3243,0.88,Improving,6.409999847412109,7.064,6.2163,8.4801,9.6597,12.0,1.67,11,unknown,,,rebalance_week,ok,860889.1356310077,2026-09-21,1.0,5.9,6.41,5.86,False,,False,,False,,,,watching,,,
HAFN@2026-09-09,2026-09-09,HAFN,Hafnia Limited Common Shares,US,USALL,Industrials,stage2_breakout,D,late,False,Stage 2,85.3,19.0,5.7,47.1838,0.0,47.1838,1.0,Improving,9.380000114440918,8.8934,7.8262,11.9014,14.4239,12.0,2.82,0,clear,72.0,False,rebalance_week,ok,8589500.266676296,2026-09-21,1.0,8.92,10.12,8.41,True,2026-09-14,False,,False,,1.15,0.02,open,,,
HBB@2026-07-01,2026-09-09,HBB,Hamilton Beach Brands Holding Company Class A Common Stock,US,USALL,Consumer Discretionary,stage2_breakout,C,late,True,Stage 2,54.9,1.0,14.4,53.6383,0.0,53.6383,1.0,Improving,30.0,34.8084,30.6314,49.4793,61.7638,12.0,3.51,10,clear,58.0,False,rebalance_week,ok,407239.6766446658,2026-09-21,1.0,37.26,38.35,29.572,True,2026-09-21,False,,False,,0.85,0.59,open,,,
HBCP@2026-06-24,2026-09-09,HBCP,"Home Bancorp, Inc. - Common Stock",US,USALL,Financials,stage2_breakout,D,live,False,Stage 2,41.7,54.6,11.0,12.6302,9.876,2.6991,1.15,Improving,69.22000122070312,75.3189,66.2806,93.3857,108.4942,12.0,2.0,11,clear,42.0,False,rebalance_week,ok,4594566.557640965,2026-09-21,1.0,67.6,70.05,67.01,False,,False,,False,,,,watching,,,
HBIO@2026-09-02,2026-09-09,HBIO,"Harvard Bioscience, Inc. - Common Stock",US,USALL,Health Care,stage2_breakout,D,late,False,Stage 2,77.3,52.9,3.1,34.4712,17.6631,13.9416,1.15,Improving,8.029999732971191,8.5934,7.5622,12.18,15.204,12.0,3.48,1,clear,59.0,False,clear,thin,110404.00596927384,2026-09-21,1.0,7.96,8.19,7.9,False,,False,,False,,,,watching,,,
HBNC@2026-06-24,2026-09-09,HBNC,"Horizon Bancorp, Inc. - Common Stock",US,USALL,Financials,stage2_breakout,B,live,True,Stage 2,40.4,54.6,12.5,12.1515,9.876,2.2632,1.15,Improving,19.780000686645508,21.2781,18.7247,26.9166,31.6179,12.0,2.21,11,clear,44.0,False,rebalance_week,ok,6111928.205019632,2026-09-21,1.0,19.28,20.0,18.87,False,,False,,False,,,,watching,,,
HBT@2026-07-01,2026-09-09,HBT,"HBT Financial, Inc. - Common Stock",US,USALL,Financials,stage2_breakout,C,late,True,Stage 2,57.7,44.1,10.9,29.7717,9.876,18.638,1.15,Improving,36.5099983215332,37.9334,33.3814,50.5186,60.9254,12.0,2.76,10,clear,49.0,False,rebalance_week,ok,2208252.899260798,2026-09-21,1.0,36.25,36.89,35.045,False,,False,,False,,,,watching,,,
HCSG@2026-07-01,2026-09-09,HCSG,"Healthcare Services Group, Inc. - Common Stock",US,USALL,Health Care,stage2_breakout,D,live,False,Stage 2,35.1,31.3,17.2,8.9696,17.6631,-7.6332,0.88,Improving,21.979999542236328,26.1861,23.0437,34.25,41.05,12.0,2.57,10,clear,44.0,False,rebalance_week,ok,10367534.0802294,2026-09-21,1.0,21.05,22.4,20.81,False,,False,,False,,,,watching,,,
HE@2026-09-02,2026-09-09,HE,"Hawaiian Electric Industries, Inc. Common Stock",US,USALL,Utilities,stage4_breakdown,C,late,True,Stage 4,-84.7,2.2,58.6,-21.7308,-2.0203,-20.0024,0.88,Improving,10.380000114440918,10.6637,11.9434,5.973,2.0634,12.0,3.67,1,clear,67.0,False,clear,ok,17693249.627552718,2026-09-21,1.0,9.1,10.45,9.0,True,2026-09-14,False,,False,,1.3,1.22,open,,,
HEI@2026-07-01,2026-09-09,HEI,Heico Corporation Common Stock,US,USALL,Industrials,stage2_breakout,D,failed,False,Stage 3,-25.2,27.3,48.6,-1.6757,0.0,-1.6757,0.88,Improving,316.0,382.3883,336.5017,497.7035,594.3782,12.0,2.51,10,clear,101.0,False,rebalance_week,ok,115922674.86420164,2026-09-21,1.0,308.53,312.62,293.57,False,,False,,False,,,,watching,,,
HELP@2026-08-19,2026-09-09,HELP,Cybin Inc. - Common Stock,US,USALL,Health Care,stage2_breakout,D,late,False,Stage 2,74.5,16.8,4.5,91.0433,17.6631,63.1022,1.15,Improving,12.970000267028809,14.7079,12.9429,20.8075,25.9735,12.0,3.46,3,event_driven,66.0,True,clear,ok,4618327.772755435,2026-09-14,0.0,12.37,15.15,12.095,True,2026-09-14,True,2026-09-14,False,,0.25,-1.32,stopped out,,,
HFWA@2026-07-01,2026-09-09,HFWA,Heritage Financial Corporation - Common Stock,US,USALL,Financials,stage2_breakout,C,live,True,Stage 2,29.4,36.1,29.7,9.4768,9.876,-0.1788,0.88,Improving,28.40999984741211,31.3701,27.6057,37.9696,43.5499,12.0,1.75,10,clear,45.0,False,rebalance_week,ok,5605546.046148704,2026-09-21,1.0,28.57,28.81,27.55,False,,False,,False,,,,watching,,,
HG@2026-07-22,2026-09-09,HG,"Hamilton Insurance Group, Ltd. Class B Common Shares",US,USALL,Financials,stage2_breakout,D,live,False,Stage 2,50.2,53.9,11.9,19.6891,9.876,9.3922,1.15,Improving,34.849998474121094,37.7907,33.2558,47.678,55.9724,12.0,2.18,7,clear,57.0,False,clear,ok,10133478.69058897,2026-09-21,1.0,33.29,35.45,32.98,False,,False,,False,,,,watching,,,
HGBL@2026-08-05,2026-09-09,HGBL,Heritage Global Inc. - Common Stock,US,USALL,Financials,stage4_breakdown,D,failed,True,Stage 2 to 3,52.7,42.7,10.2,6.756,9.876,-3.503,0.88,Improving,1.409999966621399,0.9817,1.0995,0.5555,0.1919,12.0,3.62,5,clear,59.0,False,clear,thin,75151.40532892874,2026-09-21,1.0,1.33,1.41,1.15,False,,False,,False,,,,watching,,,
HMC@2026-08-19,2026-09-09,HMC,"Honda Motor Company, Ltd. Common Stock",US,USALL,Consumer Discretionary,stage2_breakout,D,late,False,Stage 2,61.0,58.4,2.8,12.1811,0.0,12.1811,1.0,Improving,32.52000045776367,33.852,29.7898,43.65,51.81,12.0,2.41,3,clear,59.0,False,clear,ok,28814398.181874383,2026-09-21,1.0,32.93,33.1,31.97,False,,False,,False,,,,watching,,,
HMN@2026-07-01,2026-09-09,HMN,Horace Mann Educators Corporation Common Stock,US,USALL,Financials,stage2_breakout,D,live,False,Stage 2,30.5,32.6,13.1,6.234,9.876,-3.297,0.88,Improving,48.77000045776367,56.1707,49.4303,70.2061,81.9231,12.0,2.08,10,clear,57.0,False,rebalance_week,ok,8240593.017598261,2026-09-21,1.0,45.35,50.04,45.31,False,,False,,False,,,,watching,,,
HNST@2026-08-05,2026-09-09,HNST,"The Honest Company, Inc. - Common Stock",US,USALL,Consumer Staples,stage2_breakout,D,late,False,Stage 2,87.6,21.0,3.9,59.5011,2.0049,57.1551,1.15,Improving,5.409999847412109,6.1476,5.4099,8.7145,10.8781,12.0,3.48,5,event_driven,58.0,True,clear,ok,3758828.8339140713,2026-09-21,1.0,5.29,5.64,5.11,False,,False,,False,,,,watching,,,
HNVR@2026-08-05,2026-09-09,HNVR,"Hanover Bancorp, Inc. - Common Stock",US,USALL,Financials,stage2_breakout,D,late,False,Stage 2,49.7,54.3,7.1,16.1576,9.876,5.7796,1.15,Improving,26.780000686645508,28.2289,24.8414,35.7508,42.0395,12.0,2.22,5,clear,52.0,False,clear,ok,700052.9676969638,2026-09-21,1.0,26.51,27.94,26.06,False,,False,,False,,,,watching,,,
HOFT@2026-06-24,2026-09-09,HOFT,Hooker Furnishings Corporation - Common Stock,US,USALL,Consumer Discretionary,stage2_breakout,D,failed,False,Stage 3 to 4,-18.4,15.9,54.3,2.1786,0.0,2.1786,1.0,Improving,12.829999923706056,18.4946,16.2752,25.3922,31.234,12.0,3.11,11,event_ahead,4.0,False,rebalance_week,thin,463388.98463779467,2026-09-21,1.0,13.14,14.02,12.6,False,,False,,False,,,,watching,,,
HOPE@2026-06-24,2026-09-09,HOPE,"Hope Bancorp, Inc. - Common Stock",US,USALL,Financials,stage2_breakout,D,live,False,Stage 2,49.8,59.4,10.5,18.0951,9.876,7.8078,1.15,Improving,13.9399995803833,14.7461,12.9766,18.8895,22.3291,12.0,2.34,11,clear,50.0,False,rebalance_week,ok,8317854.356658387,2026-09-21,1.0,13.83,14.18,13.51,False,,False,,False,,,,watching,,,
HOV@2026-06-24,2026-09-09,HOV,"Hovnanian Enterprises, Inc. Class A Common Stock",US,USALL,Consumer Discretionary,stage2_breakout,D,failed,False,Stage 3 to 4,-36.3,10.8,54.7,-3.3455,0.0,-3.3455,0.88,Improving,115.91999816894533,152.1568,133.898,205.44,251.008,12.0,2.92,11,clear,87.0,False,rebalance_week,ok,10451033.910840468,2026-09-21,1.0,115.15,120.3,112.83,False,,False,,False,,,,watching,,,
HP@2026-08-12,2026-09-09,HP,"Helmerich & Payne, Inc. Common Stock",US,USALL,Energy,stage2_breakout,D,late,False,Stage 2,49.7,27.0,13.0,33.6354,7.5984,,1.0,Improving,44.040000915527344,49.0163,43.1344,66.1099,80.4619,12.0,2.91,4,clear,70.0,False,clear,ok,30310258.58489108,2026-09-21,1.0,38.57,44.48,38.55,False,,False,,False,,,,watching,,,
HPP@2026-07-01,2026-09-09,HPP,"Hudson Pacific Properties, Inc. Common Stock",US,USALL,Real Estate,stage2_breakout,D,live,False,Stage 2,17.8,44.1,26.4,0.7956,0.4739,0.508,1.15,Improving,12.229999542236328,17.6408,15.5239,24.94,31.132,12.0,3.45,10,clear,59.0,False,rebalance_week,ok,7798975.4100124035,2026-09-21,1.0,11.65,12.43,11.02,False,,False,,False,,,,watching,,,
HQI@2026-08-12,2026-09-09,HQI,"HireQuest, Inc. - Common Stock",US,USALL,Industrials,stage2_breakout,D,late,False,Stage 2,49.3,11.6,11.4,42.7422,0.0,42.7422,1.0,Improving,16.049999237060547,19.3717,17.0471,27.4609,34.2787,12.0,3.48,4,event_driven,59.0,True,clear,thin,149146.24476048266,2026-09-21,1.0,20.04,20.23,15.89,True,2026-09-21,True,2026-09-21,False,,0.37,0.29,stopped out,,,
HRMY@2026-09-02,2026-09-09,HRMY,"Harmony Biosciences Holdings, Inc. - Common Stock",US,USALL,Health Care,stage2_breakout,D,late,False,Stage 2,68.8,45.6,6.3,24.0706,17.6631,4.6573,1.15,Improving,41.52000045776367,44.2508,38.9407,63.0605,78.7169,12.0,3.54,1,clear,57.0,False,clear,ok,16856443.64736546,2026-09-21,1.0,41.26,43.27,39.715,False,,False,,False,,,,watching,,,
HRTG@2026-08-05,2026-09-09,HRTG,"Heritage Insurance Holdings, Inc. Common Stock",US,USALL,Financials,stage2_breakout,D,late,False,Stage 2,59.2,36.7,6.2,27.4929,9.876,15.9642,1.15,Improving,34.58000183105469,37.142,32.6849,52.52,65.336,12.0,3.45,5,event_driven,58.0,True,clear,ok,6075416.09449031,2026-09-21,1.0,33.27,35.56,32.71,False,,False,,False,,,,watching,,,
HSHP@2026-07-22,2026-09-09,HSHP,Himalaya Shipping Ltd. Common Shares,US,USALL,Industrials,stage2_breakout,D,late,False,Stage 2,87.0,33.8,6.9,54.0719,0.0,54.0719,1.0,Improving,18.09000015258789,19.0468,16.7611,27.144,33.8832,12.0,3.54,7,clear,65.0,False,clear,ok,3263793.361839889,2026-09-21,1.0,17.54,19.55,17.357,True,2026-09-14,False,,False,,0.22,-0.66,open,,,
HSTM@2026-07-01,2026-09-09,HSTM,"HealthStream, Inc. - Common Stock",US,USALL,Health Care,stage2_breakout,D,late,False,Stage 2,68.9,37.9,2.2,18.784,17.6631,-0.2767,0.88,Improving,29.11000061035156,31.5288,27.7454,42.729,52.0542,12.0,2.96,10,clear,56.0,False,rebalance_week,ok,3722722.2609192654,2026-09-21,1.0,29.1,29.94,28.55,False,,False,,False,,,,watching,,,
HTB@2026-06-24,2026-09-09,HTB,"HomeTrust Bancshares, Inc. Common Stock",US,USALL,Financials,stage2_breakout,C,live,True,Stage 2,36.7,32.4,21.8,9.6277,9.876,-0.1659,0.88,Improving,48.540000915527344,52.9027,46.5544,64.1799,73.6503,12.0,1.78,11,clear,45.0,False,rebalance_week,ok,3524505.3738911645,2026-09-21,1.0,46.19,48.93,44.93,False,,False,,False,,,,watching,,,
HTO@2026-07-15,2026-09-09,HTO,H2O America  - Common Stock,US,USALL,Utilities,stage2_breakout,D,live,False,Stage 2,47.3,49.9,10.9,14.9852,-2.0203,17.5486,1.0,Improving,62.65999984741211,67.371,59.2864,83.0788,96.2468,12.0,1.94,8,clear,49.0,False,clear,ok,20311848.05462,2026-09-21,1.0,62.27,63.54,61.408,False,,False,,False,,,,watching,,,
HUN@2026-08-26,2026-09-09,HUN,Huntsman Corporation Common Stock,US,USALL,Materials,stage4_breakdown,C,late,True,Stage 4,-69.4,5.3,72.4,-14.9835,0.0,-14.9835,0.88,Improving,9.539999961853027,8.9486,10.0224,5.104,1.7632,12.0,3.58,2,clear,59.0,False,clear,ok,40430076.91464106,2026-09-21,1.0,8.9,9.58,8.7,True,2026-09-21,False,,False,,0.23,0.05,open,,,
HURC@2026-06-24,2026-09-09,HURC,"Hurco Companies, Inc. - Common Stock",US,USALL,Industrials,stage2_breakout,D,late,False,Stage 2,50.7,34.1,12.5,19.8392,0.0,19.8392,1.0,Improving,21.790000915527344,24.8776,21.8923,34.48,42.472,12.0,3.22,11,clear,123.0,False,rebalance_week,ok,283700.55431110057,2026-09-21,1.0,21.65,23.48,21.0,False,,False,,False,,,,watching,,,
HVT@2026-08-05,2026-09-09,HVT,"Haverty Furniture Companies, Inc. Common Stock",US,USALL,Consumer Discretionary,stage2_breakout,C,late,True,Stage 2,42.9,35.6,17.1,18.9042,0.0,18.9042,1.0,Improving,27.600000381469727,29.9342,26.3421,39.3693,47.2862,12.0,2.63,5,event_driven,51.0,True,clear,ok,1724860.5561464452,2026-09-21,1.0,27.95,28.81,26.98,False,,False,,False,,,,watching,,,
IART@2026-06-24,2026-09-09,IART,Integra LifeSciences Holdings Corporation - Common Stock,US,USALL,Health Care,stage2_breakout,D,live,False,Stage 2,40.8,34.3,12.4,11.9134,17.6631,-5.0423,0.88,Improving,15.5,20.9102,18.401,29.7105,37.0869,12.0,3.51,11,clear,52.0,False,rebalance_week,ok,9434617.779019738,2026-09-21,1.0,16.12,16.38,14.88,False,,False,,False,,,,watching,,,
IBTA@2026-09-09,2026-09-09,IBTA,"Ibotta, Inc. Class A Common Stock",US,USALL,Information Technology,stage2_breakout,D,late,False,Stage 2,75.4,35.2,4.5,41.0288,18.0891,19.4415,1.15,Improving,41.13999938964844,41.6448,36.6474,58.7033,73.2779,12.0,3.41,0,clear,65.0,False,rebalance_week,ok,4309152.869650452,2026-09-21,1.0,41.06,43.43,39.9,True,2026-09-14,False,,False,,0.36,-0.12,open,,,
ICUI@2026-08-05,2026-09-09,ICUI,"ICU Medical, Inc. - Common Stock",US,USALL,Health Care,stage2_breakout,D,live,False,Stage 2,35.4,30.6,14.6,9.7988,17.6631,-7.2068,0.88,Improving,156.47999572753906,195.861,172.3577,272.33,335.914,12.0,3.25,5,event_driven,59.0,True,clear,ok,27679123.73221756,2026-09-21,1.0,164.95,167.67,151.33,False,,False,,False,,,,watching,,,
IFS@2026-06-17,2026-09-09,IFS,Intercorp Financial Services Inc. Common Shares,US,USALL,Financials,stage2_breakout,D,live,False,Stage 2,46.1,43.2,14.5,16.3904,9.876,6.3611,1.15,Improving,54.72999954223633,62.2644,54.7927,81.7962,98.1291,12.0,2.61,12,clear,63.0,False,rebalance_week,ok,9380599.001864849,2026-09-21,1.0,56.25,56.72,53.31,False,,False,,False,,,,watching,,,
IGIC@2026-07-08,2026-09-09,IGIC,International General Insurance Holdings Ltd. - Ordinary Shares,US,USALL,Financials,stage2_breakout,D,live,False,Stage 2,24.5,31.6,15.4,6.9183,9.876,-2.5851,0.88,Improving,25.989999771118164,29.8811,26.2953,36.9966,42.9936,12.0,1.98,9,clear,57.0,False,clear,ok,1271829.6325919884,2026-09-21,1.0,24.61,26.39,24.33,False,,False,,False,,,,watching,,,
IIIV@2026-08-12,2026-09-09,IIIV,"i3 Verticals, Inc. - Common Stock",US,USALL,Information Technology,stage4_breakdown,C,late,True,Stage 4,-63.3,5.1,39.1,-33.0396,18.0891,-45.2652,0.88,Improving,15.550000190734863,15.0703,16.8788,8.5635,2.9583,12.0,3.6,4,event_driven,73.0,True,clear,ok,5130725.099609284,2026-09-21,1.0,14.88,15.96,14.17,True,2026-09-14,False,,False,,0.5,0.11,open,,,
IIM@2026-07-08,2026-09-09,IIM,Invesco Value Municipal Income Trust Common Stock,US,USALL,Financials,stage2_breakout,D,failed,False,Stage 1 to 2,-7.1,43.7,47.1,0.2313,9.876,-9.0041,0.88,Improving,12.032999992370604,12.9462,11.8269,14.3279,15.4948,8.65,1.23,9,unknown,,,clear,ok,890278.351849854,2026-09-21,1.0,11.0,12.13,10.97,False,,False,,False,,,,watching,,,
IIPR@2026-07-08,2026-09-09,IIPR,"Innovative Industrial Properties, Inc. Common Stock",US,USALL,Real Estate,stage2_breakout,D,live,False,Stage 2,44.4,42.1,7.4,9.3889,0.4739,9.1191,1.15,Improving,56.25,66.2243,58.2774,88.8826,107.6847,12.0,2.85,9,clear,56.0,False,clear,ok,12504916.851235356,2026-09-21,1.0,55.52,57.11,55.05,False,,False,,False,,,,watching,,,
IMAX@2026-06-17,2026-09-09,IMAX,Imax Corporation Common Stock,US,USALL,Communication Services,stage2_breakout,D,late,False,Stage 2,53.4,26.6,12.0,34.2413,0.0,34.2413,1.0,Improving,52.09000015258789,56.5336,49.7495,78.43,96.718,12.0,3.23,12,clear,52.0,False,rebalance_week,ok,29840959.121317256,2026-09-21,1.0,56.05,56.68,51.12,True,2026-09-21,False,,False,,0.02,-0.07,open,,,
IMMR@2026-07-29,2026-09-09,IMMR,Immersion Corporation - Common Stock,US,USALL,Information Technology,stage2_breakout,C,late,True,Stage 2,49.7,34.9,6.0,13.5784,18.0891,-5.0174,0.88,Improving,7.400000095367432,8.1894,7.2066,10.9697,13.3054,12.0,2.83,6,event_driven_and_ahead,7.0,True,clear,ok,2328059.755509887,2026-09-21,1.0,7.28,7.59,7.04,False,,False,,False,,,,watching,,,
IMMX@2026-08-26,2026-09-09,IMMX,"Immix Biopharma, Inc. - Common Stock",US,USALL,Health Care,stage2_breakout,D,late,False,Stage 2,59.7,21.2,7.5,59.7894,17.6631,40.123,1.15,Improving,12.140000343322754,15.5222,13.6595,21.895,27.331,12.0,3.42,2,clear,60.0,False,clear,ok,9793670.618288364,2026-09-21,1.0,10.97,12.9,10.82,False,,False,,False,,,,watching,,,
IMPP@2026-09-09,2026-09-09,IMPP,Imperial Petroleum Inc. - Common Shares,US,USALL,Energy,stage2_breakout,D,late,False,Stage 2,79.4,36.1,4.8,24.8906,7.5984,,1.0,Improving,5.789999961853027,5.8646,5.1608,8.323,10.3894,12.0,3.49,0,event_driven_and_ahead,2.0,True,rebalance_week,ok,1608601.9727666192,2026-09-21,1.0,5.07,6.002,4.98,True,2026-09-14,True,2026-09-21,False,,0.2,-1.13,stopped out,,,
IMUX@2026-08-12,2026-09-09,IMUX,"Immunic, Inc.  - Common Stock",US,USALL,Health Care,stage2_breakout,D,failed,False,Stage 2 to 3,9.9,24.7,24.7,9.0936,17.6631,-6.1852,0.88,Improving,11.420000076293944,17.9952,15.8358,25.2735,31.5483,12.0,3.37,4,event_driven,66.0,True,clear,ok,2170271.480678461,2026-09-21,1.0,9.345,11.459,9.09,False,,False,,False,,,,watching,,,
IMXI@2026-06-17,2026-09-09,IMXI,"International Money Express, Inc. - Common Stock",US,USALL,Information Technology,stage4_breakdown,C,live,True,Stage 4,-47.9,18.0,32.7,-5.6977,18.0891,-22.006,0.88,Improving,14.100000381469728,10.954,12.2685,6.35,2.51,12.0,3.5,12,clear,63.0,False,rebalance_week,ok,4022250.5663932,2026-09-21,1.0,11.25,14.19,10.355,True,2026-09-21,True,2026-09-21,False,,0.46,-0.23,stopped out,,,
INDV@2026-06-24,2026-09-09,INDV,"Indivior Pharmaceuticals, Inc.  - Common Stock",US,USALL,Health Care,stage2_breakout,D,failed,False,Stage 2 to 3,-12.7,29.4,47.8,1.7341,17.6631,-13.6179,0.88,Improving,34.4900016784668,43.4996,38.2796,57.94,70.044,12.0,2.77,11,clear,59.0,False,rebalance_week,ok,48195557.486631,2026-09-21,1.0,35.82,36.9,33.74,False,,False,,False,,,,watching,,,
INFU@2026-08-05,2026-09-09,INFU,"InfuSystems Holdings, Inc. Common Stock",US,USALL,Health Care,stage2_breakout,D,late,False,Stage 2,58.4,40.6,6.2,26.36,17.6631,6.2613,1.15,Improving,12.149999618530272,13.216,11.6301,18.65,23.194,12.0,3.43,5,event_driven,57.0,True,clear,ok,930897.2655283244,2026-09-21,1.0,12.71,13.2,11.8,False,,False,,False,,,,watching,,,
ING@2026-08-05,2026-09-09,ING,"ING Group, N.V. Common Stock",US,USALL,Financials,stage2_breakout,D,late,False,Stage 2,74.7,54.5,4.8,31.6431,9.876,20.3206,1.15,Improving,37.27000045776367,37.669,33.1487,51.0083,61.975,12.0,2.95,5,event_driven,52.0,True,clear,ok,56797294.15615138,2026-09-21,1.0,36.55,37.14,35.75,False,,False,,False,,,,watching,,,
INLX@2026-09-02,2026-09-09,INLX,"Intellinetics, Inc. Common Stock",US,USALL,Information Technology,stage4_breakdown,D,live,True,Stage 4,-51.1,9.5,31.0,-25.4702,18.0891,-39.4295,0.88,Improving,5.670000076293945,4.8957,5.4832,2.7775,0.9595,12.0,3.61,1,clear,,False,clear,untradeable,6338.655215430635,2026-09-21,1.0,5.15,5.69,5.1,False,,False,,False,,,,watching,,,
INMB@2026-08-19,2026-09-09,INMB,INmune Bio Inc. - Common stock,US,USALL,Health Care,stage2_breakout,D,late,False,Stage 2,65.6,20.0,1.2,33.9755,17.6631,12.5025,1.15,Improving,2.220000028610229,2.5723,2.2636,3.6236,4.5232,12.0,3.41,3,clear,52.0,False,clear,thin,415264.214990733,2026-09-21,1.0,2.03,2.42,1.94,False,,False,,False,,,,watching,,,
INN@2026-06-17,2026-09-09,INN,"Summit Hotel Properties, Inc. Common Stock",US,USALL,Real Estate,stage2_breakout,D,live,False,Stage 2,30.1,43.3,16.7,7.1715,0.4739,7.0256,1.15,Improving,5.590000152587891,7.1865,6.3241,10.2588,12.8058,12.0,3.56,12,clear,58.0,False,rebalance_week,ok,3891673.754515596,2026-09-21,1.0,5.74,5.84,5.52,False,,False,,False,,,,watching,,,
INNV@2026-07-01,2026-09-09,INNV,InnovAge Holding Corp. - Common Stock,US,USALL,Health Care,stage2_breakout,D,late,False,Stage 2,50.3,37.0,16.5,39.445,17.6631,20.5791,1.15,Improving,10.75,12.9296,11.378,18.28,22.792,12.0,3.45,10,event_ahead,1.0,False,rebalance_week,ok,1834546.287910459,2026-09-21,1.0,9.0,11.22,8.4,False,,False,,False,,,,watching,,,
INSW@2026-07-29,2026-09-09,INSW,"International Seaways, Inc. Common Stock",US,USALL,Energy,stage2_breakout,D,late,False,Stage 2,88.0,16.4,8.2,62.5574,7.5984,,1.0,Improving,103.6500015258789,102.1233,89.8685,145.5909,181.7376,12.0,3.55,6,clear,59.0,False,clear,ok,30849083.337280262,2026-09-21,1.0,105.64,113.14,99.45,True,2026-09-14,False,,False,,0.9,0.29,open,,,
INTG@2026-06-24,2026-09-09,INTG,The Intergroup Corporation - Common Stock,US,USALL,Consumer Discretionary,stage2_breakout,D,live,False,Stage 2,48.7,33.8,6.2,13.5984,0.0,13.5984,1.0,Improving,37.7400016784668,53.4767,47.0595,75.4,94.12,12.0,3.42,11,unknown,,,rebalance_week,ok,1566838.7910080436,2026-09-21,1.0,33.33,39.14,33.29,False,,False,,False,,,,watching,,,
IONS@2026-07-15,2026-09-09,IONS,"Ionis Pharmaceuticals, Inc. - Common Stock",US,USALL,Health Care,stage4_breakdown,C,late,True,Stage 4,-76.1,2.9,45.9,-24.9559,17.6631,-37.5617,0.88,Improving,54.209999084472656,48.5462,54.3717,27.5055,9.5019,12.0,3.61,8,clear,58.0,False,clear,ok,106158709.05415896,2026-09-14,0.0,44.44,55.5,44.27,True,2026-09-14,True,2026-09-14,False,,0.73,0.7,stopped out,,,
IOR@2026-07-22,2026-09-09,IOR,"Income Opportunity Realty Investors, Inc. Common Stock",US,USALL,Financials,stage2_breakout,D,failed,True,Stage 2 to 3,-7.3,28.6,28.3,0.2532,9.876,-8.9357,0.88,Improving,18.5,21.7479,19.1381,26.49,30.442,12.0,1.82,7,unknown,,,clear,untradeable,4254.434567185815,2026-09-21,1.0,18.23,18.51,17.0,False,,False,,False,,,,watching,,,
IOSP@2026-08-26,2026-09-09,IOSP,Innospec Inc. - Common Stock,US,USALL,Materials,stage2_breakout,D,late,False,Stage 2,54.7,46.8,6.3,17.5277,0.0,17.5277,1.0,Improving,93.2300033569336,97.7886,86.054,128.6124,154.1584,12.0,2.63,2,clear,57.0,False,clear,ok,11061860.18234555,2026-09-21,1.0,98.72,98.77,91.0,True,2026-09-21,False,,False,,0.08,0.08,open,,,
IOT@2026-08-05,2026-09-09,IOT,Samsara Inc. Class A Common Stock,US,USALL,Information Technology,stage2_breakout,D,late,False,Stage 2,45.8,26.7,5.7,10.1826,18.0891,-8.1954,0.88,Improving,38.380001068115234,46.2852,40.731,65.424,81.6672,12.0,3.45,5,clear,87.0,False,clear,ok,140735269.84138447,2026-09-21,1.0,37.96,43.185,37.745,False,,False,,False,,,,watching,,,
IOVA@2026-08-19,2026-09-09,IOVA,"Iovance Biotherapeutics, Inc. - Common Stock",US,USALL,Health Care,stage2_breakout,D,late,False,Stage 2,89.3,28.7,4.5,130.468,17.6631,102.1358,1.15,Improving,8.600000381469727,9.6125,8.459,13.572,16.9416,12.0,3.43,3,clear,59.0,False,clear,ok,41533629.1221865,2026-09-21,1.0,11.0,11.13,8.54,True,2026-09-14,False,,False,,1.32,1.2,open,,,
IPAR@2026-07-01,2026-09-09,IPAR,"Interparfums, Inc. - Common Stock",US,USALL,Consumer Staples,stage2_breakout,D,live,False,Stage 2,46.6,43.1,9.8,15.0159,2.0049,13.1122,1.15,Improving,112.01000213623048,131.364,115.6003,173.633,209.1073,12.0,2.68,10,clear,58.0,False,rebalance_week,ok,18236324.32446676,2026-09-21,1.0,117.93,119.75,108.2,False,,False,,False,,,,watching,,,
IQI@2026-07-01,2026-09-09,IQI,Invesco Quality Municipal Income Trust Common Stock,US,USALL,Financials,stage2_breakout,D,live,False,Stage 1,8.0,51.0,36.6,2.1477,9.876,-7.2448,0.88,Improving,9.78700065612793,10.2599,9.5889,11.4849,12.512,6.54,1.83,10,unknown,,,rebalance_week,ok,994316.1354192032,2026-09-21,1.0,8.95,9.87,8.89,False,,False,,False,,,,watching,,,
IRD@2026-09-09,2026-09-09,IRD,"Opus Genetics, Inc. - Common Stock",US,USALL,Health Care,stage2_breakout,D,late,False,Stage 2,74.3,13.7,4.7,76.1526,17.6631,51.6839,1.15,Improving,6.039999961853027,6.0149,5.2931,8.4245,10.5161,12.0,3.34,0,clear,65.0,False,rebalance_week,ok,2509265.7729500653,2026-09-14,0.0,5.18,6.22,5.11,True,2026-09-14,True,2026-09-14,False,,0.28,-1.16,stopped out,,,
ISBA@2026-07-22,2026-09-09,ISBA,Isabella Bank Corporation - Common stock,US,USALL,Financials,stage4_breakdown,C,live,True,Stage 4,-63.2,5.0,42.0,-7.6127,9.876,-16.2472,0.88,Improving,39.36000061035156,34.662,38.8214,19.5305,6.7469,12.0,3.64,7,event_driven,,True,clear,ok,1336542.981098327,2026-09-21,1.0,38.45,40.03,36.85,False,,False,,False,,,,watching,,,
ITGR@2026-08-05,2026-09-09,ITGR,Integer Holdings Corporation Common Stock,US,USALL,Health Care,stage2_breakout,D,late,False,Stage 2,72.6,31.8,5.7,38.0516,17.6631,16.7561,1.15,Improving,126.0,128.1006,112.7286,176.55,216.35,12.0,3.15,5,event_driven,52.0,True,clear,ok,36087933.93928479,2026-09-21,1.0,126.34,126.54,126.1,False,,False,,False,,,,watching,,,
ITIC@2026-07-15,2026-09-09,ITIC,Investors Title Company - Common Stock,US,USALL,Financials,stage2_breakout,C,late,True,Stage 2,64.4,53.9,3.8,16.7424,9.876,6.2322,1.15,Improving,297.5299987792969,313.0446,275.4793,409.5477,489.9328,12.0,2.57,8,clear,59.0,False,clear,ok,6605858.516261163,2026-09-21,1.0,286.06,303.99,282.11,False,,False,,False,,,,watching,,,
IVR@2026-09-09,2026-09-09,IVR,INVESCO MORTGAGE CAPITAL INC Common Stock,US,USALL,Real Estate,stage4_breakdown,C,live,True,Stage 4,-63.6,5.2,53.5,-6.5423,0.4739,-7.0063,0.88,Improving,6.800000190734863,6.845,7.6663,5.2604,3.9269,12.0,1.93,0,clear,52.0,False,rebalance_week,ok,12805964.58370832,2026-09-21,1.0,6.41,6.83,6.35,True,2026-09-14,False,,False,,0.6,0.53,open,,,
IZEA@2026-08-19,2026-09-09,IZEA,"IZEA Worldwide, Inc. - Common Stock",US,USALL,Communication Services,stage4_breakdown,C,late,True,Stage 4,-67.9,9.1,66.0,-27.7882,0.0,-27.7882,0.88,Improving,2.890000104904175,2.8022,3.1385,1.5856,0.5478,12.0,3.62,3,clear,65.0,False,clear,thin,130579.4754665752,2026-09-21,1.0,2.59,2.93,2.51,True,2026-09-14,False,,False,,0.87,0.63,open,,,
JAKK@2026-07-29,2026-09-09,JAKK,"JAKKS Pacific, Inc. - Common Stock",US,USALL,Consumer Discretionary,stage2_breakout,D,live,False,Stage 2,46.6,32.1,13.5,19.6875,0.0,19.6875,1.0,Improving,24.170000076293945,27.3985,24.1107,37.3008,45.5781,12.0,3.01,6,event_driven,52.0,True,clear,ok,919894.9418938134,2026-09-21,1.0,25.26,25.33,23.82,False,,False,,False,,,,watching,,,
JANX@2026-09-02,2026-09-09,JANX,"Janux Therapeutics, Inc. - Common Stock",US,USALL,Health Care,stage2_breakout,D,failed,False,Stage 2,34.1,40.2,5.3,-1.7822,17.6631,-19.4973,0.88,Improving,17.100000381469727,20.7438,18.2545,29.4495,36.7611,12.0,3.5,1,clear,59.0,False,clear,ok,9471114.193666738,2026-09-21,1.0,16.3,17.57,15.75,False,,False,,False,,,,watching,,,
JBGS@2026-08-05,2026-09-09,JBGS,JBG SMITH Properties Common Shares,US,USALL,Real Estate,stage4_breakdown,C,late,True,Stage 4,-59.0,4.8,47.4,-27.3159,0.4739,-28.0015,0.88,Improving,11.369999885559082,10.5016,11.7618,5.9235,2.0463,12.0,3.63,5,clear,57.0,False,clear,ok,6197662.183663935,2026-09-21,1.0,10.53,11.55,10.32,True,2026-09-21,False,,False,,0.14,-0.02,open,,,
JBSS@2026-09-09,2026-09-09,JBSS,"John B. Sanfilippo & Son, Inc. - Common Stock",US,USALL,Consumer Staples,stage4_breakdown,C,live,True,Stage 3 to 4,-46.4,7.2,50.7,-3.5184,2.0049,-5.3199,0.88,Improving,70.26000213623047,69.0368,77.3212,50.7106,35.012,12.0,2.21,0,clear,51.0,False,rebalance_week,ok,6071020.31411344,2026-09-21,1.0,67.24,71.9,66.38,True,2026-09-14,False,,False,,0.32,0.22,open,,,
JCTC@2026-08-05,2026-09-09,JCTC,Jewett-Cameron Trading Company - Common Shares,US,USALL,Materials,stage2_breakout,D,late,False,Stage 2,73.1,18.0,0.0,22.535,0.0,22.535,1.0,Improving,2.930000066757202,3.4021,2.9939,4.814,6.0092,12.0,3.46,5,unknown,,,clear,thin,32892.818680004915,2026-09-21,1.0,2.91,3.13,2.79,False,,False,,False,,,,watching,,,
JHX@2026-08-12,2026-09-09,JHX,James Hardie Industries plc. Ordinary Shares,US,USALL,Materials,stage2_breakout,D,late,False,Stage 2,46.1,27.7,13.4,24.6875,0.0,24.6875,1.0,Improving,28.46999931335449,31.9218,28.0912,45.36,56.56,12.0,3.51,4,clear,59.0,False,clear,ok,119289109.99415138,2026-09-21,1.0,26.1,28.7,25.33,False,,False,,False,,,,watching,,,
JILL@2026-08-19,2026-09-09,JILL,"J. Jill, Inc. Common Stock",US,USALL,Consumer Discretionary,stage2_breakout,D,late,False,Stage 2,75.4,12.8,5.4,55.2077,0.0,55.2077,1.0,Improving,24.07999992370605,21.3756,18.8105,30.2948,37.8163,12.0,3.48,3,event_ahead,2.0,False,clear,ok,828690.9314999848,2026-09-21,1.0,24.63,24.73,22.86,True,2026-09-14,False,,False,,1.31,1.27,open,,,
JOF@2026-08-12,2026-09-09,JOF,Japan Smaller Capitalization Fund Inc Common Stock,US,USALL,Financials,stage2_breakout,D,live,False,Stage 2,54.9,74.3,5.9,16.0102,9.876,5.6709,1.15,Improving,12.5600004196167,12.9701,11.4137,15.682,17.9476,12.0,1.74,4,unknown,,,clear,ok,578883.0780457454,2026-09-21,1.0,12.66,12.6841,12.17,False,,False,,False,,,,watching,,,
JRSH@2026-06-17,2026-09-09,JRSH,"Jerash Holdings (US), Inc. - Common Stock",US,USALL,Consumer Discretionary,stage2_breakout,C,late,True,Stage 2,60.4,19.7,11.4,49.9735,0.0,49.9735,1.0,Improving,5.300000190734863,5.9155,5.2057,8.4245,10.5161,12.0,3.53,12,event_driven,65.0,True,rebalance_week,thin,289517.9919250115,2026-09-21,1.0,5.68,5.81,4.94,False,,False,,False,,,,watching,,,
JXG@2026-06-24,2026-09-09,JXG,JX Luxventure Group Inc. - Common Stock,US,USALL,Consumer Discretionary,stage2_breakout,D,late,False,Stage 2,77.2,17.1,3.4,23.4254,0.0,23.4254,1.0,Improving,8.949999809265137,12.4244,10.9335,17.4,21.72,12.0,3.34,11,unknown,,,rebalance_week,untradeable,24638.012754941406,2026-09-21,1.0,6.92,9.0,5.72,False,,False,,False,,,,watching,,,
JXN@2026-08-05,2026-09-09,JXN,Jackson Financial Inc. Class A Common Stock,US,USALL,Financials,stage2_breakout,D,late,False,Stage 2,58.5,44.9,5.9,26.3925,9.876,15.264,1.15,Improving,138.1199951171875,142.8203,125.6818,181.9644,214.832,12.0,2.28,5,event_driven,57.0,True,clear,ok,49546431.36283594,2026-09-21,1.0,133.12,140.325,123.97,False,,False,,False,,,,watching,,,
KAI@2026-09-09,2026-09-09,KAI,Kadant Inc Common Stock,US,USALL,Industrials,stage4_breakdown,C,late,True,Stage 4,-66.8,10.3,56.3,-12.5593,0.0,-12.5593,0.88,Improving,266.29998779296875,270.757,303.2479,156.1521,58.7561,12.0,3.53,0,clear,57.0,False,rebalance_week,ok,31761481.132647254,2026-09-21,1.0,273.89,280.13,260.25,True,2026-09-14,False,,False,,0.32,-0.1,open,,,
KARO@2026-07-15,2026-09-09,KARO,Karooooo Ltd. - Ordinary shares,US,USALL,Information Technology,stage2_breakout,C,late,True,Stage 2,72.3,40.4,4.0,28.753,18.0891,8.2419,1.15,Improving,64.77999877929688,69.9185,61.5282,96.1809,118.0857,12.0,3.13,8,event_driven,36.0,True,clear,ok,3121196.600525856,2026-09-21,1.0,61.63,68.76,60.5,False,,False,,False,,,,watching,,,
KB@2026-07-08,2026-09-09,KB,KB Financial Group Inc,US,USALL,Financials,stage2_breakout,C,late,True,Stage 2,76.4,63.7,6.6,30.3703,9.876,19.0778,1.15,Improving,132.00999450683594,135.1534,118.935,171.44,202.128,12.0,2.24,9,clear,52.0,False,clear,ok,18626224.218571592,2026-09-21,1.0,127.26,133.29,123.01,False,,False,,False,,,,watching,,,
KELYA@2026-07-15,2026-09-09,KELYA,"Kelly Services, Inc. - Class A Common Stock",US,USALL,Industrials,stage2_breakout,D,late,False,Stage 2,61.7,12.2,8.7,42.0419,0.0,42.0419,1.0,Improving,15.880000114440918,17.9708,15.8143,25.6205,31.9815,12.0,3.55,8,clear,59.0,False,clear,ok,3660114.650364625,2026-09-21,1.0,16.48,16.73,15.85,False,,False,,False,,,,watching,,,
KEP@2026-07-15,2026-09-09,KEP,Korea Electric Power Corporation Common Stock,US,USALL,Utilities,stage4_breakdown,C,late,True,Stage 4,-63.8,10.9,44.1,-19.3127,-2.0203,-17.8261,0.88,Improving,12.210000038146973,10.8788,12.1842,6.138,2.1204,12.0,3.63,8,clear,66.0,False,clear,ok,8483195.544135239,2026-09-21,1.0,11.01,11.84,10.78,True,2026-09-21,False,,False,,0.08,-0.1,open,,,
KFFB@2026-08-26,2026-09-09,KFFB,Kentucky First Federal Bancorp - Common Stock,US,USALL,Financials,stage2_breakout,D,late,True,Stage 2,53.6,25.7,7.2,22.6833,9.876,11.9999,1.15,Improving,5.659999847412109,6.5623,5.7748,8.7538,10.5968,12.0,2.78,2,clear,,False,clear,untradeable,10601.395404504608,2026-09-21,1.0,5.58,6.07,5.4,False,,False,,False,,,,watching,,,
KGC@2026-07-15,2026-09-09,KGC,Kinross Gold Corporation Common Stock,US,USALL,Materials,stage4_breakdown,D,failed,True,Stage 1 to 2,18.3,33.6,26.9,2.4137,0.0,2.4137,1.0,Improving,29.1299991607666,21.493,24.0721,12.2431,4.2294,12.0,3.59,8,clear,64.0,False,clear,ok,177034199.65086526,2026-09-21,1.0,25.05,28.89,24.03,False,,False,,False,,,,watching,,,
KIDS@2026-08-19,2026-09-09,KIDS,OrthoPediatrics Corp. - Common Stock,US,USALL,Health Care,stage2_breakout,D,late,False,Stage 2,47.2,26.5,6.0,19.7593,17.6631,1.0791,1.15,Improving,22.059999465942383,27.2653,23.9935,38.773,48.3994,12.0,3.52,3,clear,51.0,False,clear,ok,2289390.6723729097,2026-09-21,1.0,22.55,23.51,21.56,False,,False,,False,,,,watching,,,
KINS@2026-07-01,2026-09-09,KINS,"Kingstone Companies, Inc - Common Stock",US,USALL,Financials,stage2_breakout,D,live,False,Stage 2,48.1,54.2,10.3,17.3307,9.876,7.0926,1.15,Improving,19.21999931335449,21.1766,18.6354,27.8825,33.5208,12.0,2.64,10,clear,59.0,False,rebalance_week,ok,1303955.4026586958,2026-09-21,1.0,18.25,20.11,18.1309,False,,False,,False,,,,watching,,,
KIO@2026-07-08,2026-09-09,KIO,KKR Income Opportunities Fund Common Shares,US,USALL,Financials,stage2_breakout,D,live,False,Stage 1,21.4,58.6,23.4,2.6413,9.876,-6.8525,0.88,Improving,10.949999809265137,11.2673,10.6225,12.443,13.4303,5.72,1.82,9,unknown,,,clear,ok,1396545.4209513762,2026-09-21,1.0,10.44,10.93,10.3,False,,False,,False,,,,watching,,,
KLC@2026-07-15,2026-09-09,KLC,"KinderCare Learning Companies, Inc. Common Stock",US,USALL,Consumer Staples,stage2_breakout,D,failed,False,Stage 4,-62.5,3.9,42.6,-43.8849,2.0049,-45.1051,0.88,Improving,2.369999885559082,5.7884,5.0938,8.149,10.1722,12.0,3.4,8,clear,66.0,False,clear,ok,2102484.6909262724,2026-09-21,1.0,2.12,2.42,2.11,False,,False,,False,,,,watching,,,
KMT@2026-08-26,2026-09-09,KMT,Kennametal Inc. Common Stock,US,USALL,Industrials,stage4_breakdown,C,late,True,Stage 4,-65.8,1.8,94.6,-7.087,0.0,-7.087,0.88,Improving,29.440000534057617,28.0029,31.3633,15.807,5.4606,12.0,3.63,2,clear,58.0,False,clear,ok,28415481.0489964,2026-09-21,1.0,31.03,31.16,28.77,False,,False,,False,,,,watching,,,
KMX@2026-06-17,2026-09-09,KMX,CarMax Inc,US,USALL,Consumer Discretionary,stage2_breakout,D,late,False,Stage 2,72.5,34.7,0.8,32.6125,0.0,32.6125,1.0,Improving,61.31999969482422,66.4132,58.4436,94.656,118.1568,12.0,3.54,12,event_driven_and_ahead,22.0,True,rebalance_week,ok,92317071.15655164,2026-09-21,1.0,57.21,61.94,54.9,False,,False,,False,,,,watching,,,
KNTK@2026-08-19,2026-09-09,KNTK,Kinetik Holdings Inc. Class A Common Stock,US,USALL,Energy,stage2_breakout,D,late,False,Stage 2,66.7,46.9,8.5,27.7398,7.5984,,1.0,Improving,54.75,56.921,50.0905,73.2377,86.9479,12.0,2.39,3,clear,58.0,False,clear,ok,35828812.68108375,2026-09-21,1.0,51.21,55.43,50.92,False,,False,,False,,,,watching,,,
KOP@2026-07-22,2026-09-09,KOP,Koppers Holdings Inc. Common Stock,US,USALL,Materials,stage2_breakout,D,live,False,Stage 2,51.9,35.1,16.0,26.7368,0.0,26.7368,1.0,Improving,46.34999847412109,53.7639,47.3123,74.3391,91.4927,12.0,3.19,7,clear,60.0,False,clear,ok,5430157.742525968,2026-09-21,1.0,46.27,47.64,44.83,False,,False,,False,,,,watching,,,
KPLT@2026-09-09,2026-09-09,KPLT,"Katapult Holdings, Inc. - Common Stock",US,USALL,Information Technology,stage2_breakout,D,late,False,Stage 2,66.9,16.7,0.9,20.5838,18.0891,-0.84,0.88,Improving,9.43000030517578,9.1289,8.0334,12.7745,15.9461,12.0,3.33,0,clear,65.0,False,rebalance_week,thin,79029.58247052021,2026-09-21,1.0,5.04,9.5,4.845,True,2026-09-14,True,2026-09-21,False,,0.34,-3.73,stopped out,,,
KRMD@2026-08-05,2026-09-09,KRMD,"KORU Medical Systems, Inc. - Common Stock",US,USALL,Health Care,stage4_breakdown,C,late,True,Stage 4,-77.8,3.9,59.4,-28.2445,17.6631,-40.3885,0.88,Improving,3.1600000858306885,3.0384,3.403,1.727,0.5966,12.0,3.6,5,event_driven,65.0,True,clear,thin,379138.3857227088,2026-09-21,1.0,3.21,3.39,2.99,True,2026-09-21,False,,False,,0.13,-0.47,open,,,
KRNY@2026-07-01,2026-09-09,KRNY,Kearny Financial - Common Stock,US,USALL,Financials,stage2_breakout,C,late,True,Stage 2,59.9,42.0,7.9,25.5091,9.876,14.7961,1.15,Improving,9.779999732971191,10.364,9.1203,13.7324,16.5264,12.0,2.71,10,clear,45.0,False,rebalance_week,ok,2418978.591450411,2026-09-21,1.0,9.36,9.94,9.25,False,,False,,False,,,,watching,,,
KRO@2026-08-05,2026-09-09,KRO,Kronos Worldwide Inc Common Stock,US,USALL,Materials,stage2_breakout,D,late,False,Stage 2,49.4,18.6,14.1,35.0032,0.0,35.0032,1.0,Improving,8.140000343322754,9.3389,8.2183,13.2204,16.5027,12.0,3.46,5,event_driven,59.0,True,clear,ok,1689925.5823577926,2026-09-21,1.0,8.25,8.66,7.91,False,,False,,False,,,,watching,,,
KRT@2026-07-15,2026-09-09,KRT,Karat Packaging Inc. - Common Stock,US,USALL,Consumer Discretionary,stage2_breakout,D,late,False,Stage 2,63.1,13.2,12.7,64.5796,0.0,64.5796,1.0,Improving,46.93999862670898,51.4382,45.2656,73.4715,91.7127,12.0,3.57,8,clear,59.0,False,clear,ok,2524287.744939922,2026-09-21,1.0,53.09,54.665,46.96,True,2026-09-21,False,,False,,0.52,0.27,open,,,
KTB@2026-07-01,2026-09-09,KTB,"Kontoor Brands, Inc. Common Stock",US,USALL,Consumer Discretionary,stage2_breakout,D,failed,False,Stage 4,-48.5,18.1,54.1,-7.4463,0.0,-7.4463,0.88,Improving,66.62000274658203,90.2335,79.4055,115.8562,137.8856,12.0,2.37,10,clear,52.0,False,rebalance_week,ok,37710410.361828,2026-09-21,1.0,65.37,69.52,63.55,False,,False,,False,,,,watching,,,
KTF@2026-06-24,2026-09-09,KTF,DWS Municipal Income Trust,US,USALL,Financials,stage2_breakout,D,failed,False,Stage 3 to 4,-35.3,31.0,68.7,-3.125,9.876,-12.0931,0.88,Improving,8.460000038146973,9.2436,8.4105,9.9583,10.5617,9.01,0.86,11,unknown,,,rebalance_week,ok,918148.906112517,2026-09-21,1.0,8.23,8.44,8.22,False,,False,,False,,,,watching,,,
KWY@2026-07-22,2026-09-09,KWY,Kingsway Corporation Common Stock,US,USALL,Financials,stage4_breakdown,C,live,True,Stage 4,-60.8,9.8,35.8,-18.395,9.876,-26.4408,0.88,Improving,9.59000015258789,8.1771,9.1584,4.6255,1.5979,12.0,3.62,7,clear,59.0,False,clear,ok,472686.823885726,2026-09-21,1.0,9.03,10.0,8.9592,False,,False,,False,,,,watching,,,
KYIV@2026-07-01,2026-09-09,KYIV,Kyivstar Group Ltd. - Common Shares,US,USALL,Communication Services,stage2_breakout,D,live,False,Stage 2,43.1,42.6,18.2,5.474,0.0,5.474,1.0,Improving,13.609999656677246,16.8237,14.8048,23.81,29.618,12.0,3.46,10,clear,53.0,False,rebalance_week,ok,5140546.676010134,2026-09-21,1.0,13.05,13.96,12.858,False,,False,,False,,,,watching,,,
KYMR@2026-06-24,2026-09-09,KYMR,"Kymera Therapeutics, Inc. - Common Stock",US,USALL,Health Care,stage2_breakout,D,late,False,Stage 2,52.1,30.3,11.5,36.8607,17.6631,17.6213,1.15,Improving,114.95999908447266,132.7113,116.7859,188.5725,235.3905,12.0,3.51,11,clear,57.0,False,rebalance_week,ok,41824294.121117786,2026-09-21,1.0,111.95,123.0,110.29,False,,False,,False,,,,watching,,,
KYN@2026-07-22,2026-09-09,KYN,"Kayne Anderson Energy Infrastructure Fund, Inc.",US,USALL,Financials,stage2_breakout,D,live,False,Stage 2,53.2,65.8,7.2,14.8037,9.876,4.5747,1.15,Improving,14.84000015258789,15.2732,13.4966,17.6412,19.6501,11.63,1.33,7,clear,,False,clear,ok,3539747.820969342,2026-09-21,1.0,13.83,15.0,13.78,False,,False,,False,,,,watching,,,
LAND@2026-07-29,2026-09-09,LAND,Gladstone Land Corporation - Common Stock,US,USALL,Real Estate,stage4_breakdown,D,failed,True,Stage 1 to 2,23.9,36.4,14.6,3.0698,0.4739,2.3208,1.15,Improving,9.550000190734863,7.7339,8.662,4.3312,1.4962,12.0,3.67,6,clear,59.0,False,clear,ok,3799681.428680256,2026-09-21,1.0,9.48,9.755,9.2138,False,,False,,False,,,,watching,,,
LARK@2026-06-24,2026-09-09,LARK,Landmark Bancorp Inc. - Common Stock,US,USALL,Financials,stage2_breakout,C,late,True,Stage 2,61.4,45.5,6.4,18.4983,9.876,8.0426,1.15,Improving,32.5,32.7924,28.8574,41.641,49.0018,12.0,2.25,11,clear,51.0,False,rebalance_week,thin,184483.4438817365,2026-09-21,1.0,31.97,34.6,30.77,True,2026-09-14,False,,False,,0.46,-0.21,open,,,
LAUR@2026-07-08,2026-09-09,LAUR,"Laureate Education, Inc. - Common Stock",US,USALL,Consumer Staples,stage2_breakout,D,live,False,Stage 2,23.7,50.6,22.0,7.1337,2.0049,5.1259,1.15,Improving,36.130001068115234,41.5629,36.5754,53.15,62.93,12.0,2.32,9,clear,52.0,False,clear,ok,29135597.69792814,2026-09-21,1.0,37.4,38.43,35.48,False,,False,,False,,,,watching,,,
LB@2026-08-19,2026-09-09,LB,LandBridge Company LLC Class A Shares Representing Limited Liability Company Interests,US,USALL,Energy,stage2_breakout,D,late,False,Stage 2,77.7,47.9,8.1,30.5286,,,1.0,Improving,86.8499984741211,93.4945,82.2751,132.7704,165.7341,12.0,3.5,3,clear,63.0,False,clear,ok,16798151.604682244,2026-09-21,1.0,81.38,88.42,81.24,False,,False,,False,,,,watching,,,
LBTYA@2026-07-22,2026-09-09,LBTYA,Liberty Global Ltd. - Class A Common Shares,US,USALL,Communication Services,stage4_breakdown,C,live,True,Stage 3 to 4,-42.0,18.9,49.4,-7.6281,0.0,-7.6281,0.88,Improving,10.470000267028809,9.2471,10.3568,5.34,2.068,12.0,3.52,7,event_driven,57.0,True,clear,ok,16183004.27882973,2026-09-21,1.0,9.45,10.76,9.28,False,,False,,False,,,,watching,,,
LBTYK@2026-07-22,2026-09-09,LBTYK,Liberty Global Ltd. - Class C Common Shares,US,USALL,Communication Services,stage4_breakdown,C,live,True,Stage 4,-46.2,17.8,50.9,-9.0361,0.0,-9.0361,0.88,Improving,10.149999618530272,9.1246,10.2196,5.48,2.424,12.0,3.33,7,clear,57.0,False,clear,ok,10201429.571979815,2026-09-21,1.0,9.26,10.49,9.03,True,2026-09-21,False,,False,,0.09,-0.12,open,,,
LCNB@2026-06-24,2026-09-09,LCNB,LCNB Corporation - Common Stock,US,USALL,Financials,stage2_breakout,B,live,True,Stage 2,46.6,42.5,9.0,15.7823,9.876,5.5598,1.15,Improving,19.11000061035156,21.3402,18.7794,27.6828,32.9671,12.0,2.48,11,clear,45.0,False,rebalance_week,ok,319142.70095990115,2026-09-21,1.0,18.83,19.93,18.0,False,,False,,False,,,,watching,,,
LEDS@2026-07-15,2026-09-09,LEDS,SemiLEDS Corporation - Common Stock,US,USALL,Information Technology,stage2_breakout,D,late,False,Stage 2,40.8,25.5,6.2,11.5212,18.0891,-6.7007,0.88,Improving,2.150000095367432,3.7372,3.2888,5.249,6.5522,12.0,3.37,8,clear,,False,clear,thin,34352.85171885231,2026-09-21,1.0,2.24,2.45,2.07,False,,False,,False,,,,watching,,,
LFST@2026-07-01,2026-09-09,LFST,"LifeStance Health Group, Inc. - Common Stock",US,USALL,Health Care,stage2_breakout,D,late,False,Stage 2,62.5,35.2,8.5,65.1926,17.6631,42.7227,1.15,Improving,12.970000267028809,13.3769,11.7716,19.0675,23.8015,12.0,3.55,10,clear,59.0,False,rebalance_week,ok,22833361.054227658,2026-09-21,1.0,11.84,13.56,11.75,True,2026-09-14,True,2026-09-21,False,,0.11,-0.96,stopped out,,,
LGIH@2026-06-24,2026-09-09,LGIH,"LGI Homes, Inc. - Common Stock",US,USALL,Consumer Discretionary,stage2_breakout,D,failed,False,Stage 3 to 4,-29.1,14.0,58.0,-1.7315,0.0,-1.7315,0.88,Improving,49.41999816894531,67.7039,59.5794,96.0625,119.9125,12.0,3.49,11,clear,57.0,False,rebalance_week,ok,13038571.646653865,2026-09-21,1.0,49.99,52.66,47.6,False,,False,,False,,,,watching,,,
LGL@2026-08-19,2026-09-09,LGL,"LGL Group, Inc. (The) Common Stock",US,USALL,Information Technology,stage2_breakout,D,failed,False,Stage 4,-20.0,26.1,22.0,0.1477,18.0891,-16.4423,0.88,Improving,6.78000020980835,7.9919,7.0329,10.08,11.84,12.0,2.18,3,event_driven,,True,clear,thin,52462.41841544754,2026-09-21,1.0,6.7,7.25,6.53,False,,False,,False,,,,watching,,,
LILA@2026-07-01,2026-09-09,LILA,Liberty Latin America Ltd. - Class A Common Stock,US,USALL,Communication Services,stage2_breakout,D,late,False,Stage 2,63.5,30.1,10.9,46.5148,0.0,46.5148,1.0,Improving,8.8100004196167,9.059,7.9719,12.905,16.109,12.0,3.54,10,clear,58.0,False,rebalance_week,ok,2350081.8639754145,2026-09-21,1.0,8.48,8.985,8.29,False,,False,,False,,,,watching,,,
LILAK@2026-07-01,2026-09-09,LILAK,Liberty Latin America Ltd. - Class C Common Stock,US,USALL,Communication Services,stage2_breakout,D,late,False,Stage 2,66.1,26.8,9.7,44.2328,0.0,44.2328,1.0,Improving,8.729999542236328,8.996,7.9165,12.8165,15.9986,12.0,3.54,10,clear,58.0,False,rebalance_week,ok,5970386.609834505,2026-09-21,1.0,8.49,8.915,8.23,False,,False,,False,,,,watching,,,
LIND@2026-06-17,2026-09-09,LIND,Lindblad Expeditions Holdings Inc.  - Common Stock,US,USALL,Consumer Discretionary,stage2_breakout,D,live,False,Stage 2,48.5,31.5,18.6,31.982,0.0,31.982,1.0,Improving,25.670000076293945,35.7291,31.4416,50.75,63.35,12.0,3.5,12,clear,57.0,False,rebalance_week,ok,13745651.535973066,2026-09-21,1.0,28.45,29.47,24.9,False,,False,,False,,,,watching,,,
LKQ@2026-07-29,2026-09-09,LKQ,LKQ Corporation - Common Stock,US,USALL,Consumer Discretionary,stage4_breakdown,C,live,True,Stage 4,-67.6,6.2,37.0,-14.8596,0.0,-14.8596,0.88,Improving,24.11000061035156,20.4118,22.8612,11.5084,3.9756,12.0,3.63,6,event_driven,52.0,True,clear,ok,52626575.66610817,2026-09-21,1.0,23.29,24.27,22.43,False,,False,,False,,,,watching,,,
LLYVA@2026-07-01,2026-09-09,LLYVA,"Liberty Live Holdings, Inc. - Series A Liberty Live Group Common Stock",US,USALL,Communication Services,stage2_breakout,D,failed,False,Stage 2 to 3,7.1,39.1,31.8,3.4969,0.0,3.4969,1.0,Improving,93.9800033569336,107.6791,94.7576,132.1,152.936,12.0,1.89,10,clear,59.0,False,rebalance_week,ok,11839973.067594672,2026-09-21,1.0,96.32,97.92,92.34,False,,False,,False,,,,watching,,,
LLYVK@2026-07-01,2026-09-09,LLYVK,"Liberty Live Holdings, Inc. - Series C Liberty Live Group Common Stock",US,USALL,Communication Services,stage2_breakout,D,failed,False,Stage 2 to 3,10.7,38.8,31.5,4.0381,0.0,4.0381,1.0,Improving,97.36000061035156,111.4167,98.0467,139.17,162.706,12.0,2.08,10,clear,59.0,False,rebalance_week,ok,22244479.92875621,2026-09-21,1.0,99.36,101.2,95.76,False,,False,,False,,,,watching,,,
LMNR@2026-09-02,2026-09-09,LMNR,Limoneira Co - Common Stock,US,USALL,Consumer Staples,stage2_breakout,D,failed,False,Stage 1,-36.7,16.5,17.9,-4.3786,2.0049,-6.414,0.88,Improving,13.050000190734863,15.3699,13.5255,18.57,21.33,12.0,1.74,1,event_ahead,2.0,False,clear,ok,683904.5456011392,2026-09-21,1.0,11.78,13.49,11.73,False,,False,,False,,,,watching,,,
LOAR@2026-07-01,2026-09-09,LOAR,Loar Holdings Inc. Common Stock,US,USALL,Industrials,stage2_breakout,D,failed,False,Stage 3 to 4,-32.3,29.5,47.3,-4.0036,0.0,-4.0036,0.88,Improving,66.51000213623047,84.1495,74.0516,111.83,135.302,12.0,2.74,10,clear,66.0,False,rebalance_week,ok,36393814.659384586,2026-09-21,1.0,65.04,66.53,61.925,False,,False,,False,,,,watching,,,
LOCO@2026-06-24,2026-09-09,LOCO,"El Pollo Loco Holdings, Inc. - Common Stock",US,USALL,Consumer Discretionary,stage2_breakout,D,live,False,Stage 2,45.6,39.0,20.0,18.6312,0.0,18.6312,1.0,Improving,15.18000030517578,17.668,15.5478,24.575,30.315,12.0,3.26,11,clear,59.0,False,rebalance_week,ok,3105960.043671341,2026-09-21,1.0,14.09,15.48,13.96,False,,False,,False,,,,watching,,,
LOMA@2026-08-12,2026-09-09,LOMA,Loma Negra Compania Industrial Argentina Sociedad Anonima ADS,US,USALL,Materials,stage4_breakdown,C,live,True,Stage 4,-45.7,8.7,52.5,-9.8266,0.0,-9.8266,0.88,Improving,9.75,8.7981,9.8539,5.36,2.4,12.0,3.26,4,event_driven,59.0,True,clear,ok,3147182.102908766,2026-09-21,1.0,9.35,9.81,9.25,False,,False,,False,,,,watching,,,
LPG@2026-08-19,2026-09-09,LPG,Dorian LPG Ltd. Common Stock,US,USALL,Energy,stage2_breakout,D,late,False,Stage 2,87.8,35.9,7.8,63.0403,7.5984,,1.0,Improving,55.18000030517578,56.3053,49.5486,80.156,100.0568,12.0,3.53,3,clear,59.0,False,clear,ok,17281773.471599493,2026-09-21,1.0,53.43,59.97,52.09,True,2026-09-14,False,,False,,0.54,-0.43,open,,,
LSBK@2026-09-09,2026-09-09,LSBK,"Lake Shore Bancorp, Inc. - Common Stock",US,USALL,Financials,stage2_breakout,C,late,True,Stage 2,78.8,45.4,5.2,20.3083,9.876,9.6436,1.15,Improving,18.420000076293945,17.9966,16.1166,21.3593,24.154,10.45,1.79,0,clear,44.0,False,rebalance_week,ok,108934.64680137896,2026-09-21,1.0,17.82,19.09,17.08,True,2026-09-14,False,,False,,0.58,-0.09,open,,,
LSF@2026-06-24,2026-09-09,LSF,"Laird Superfood, Inc. Common Stock",US,USALL,Consumer Staples,stage2_breakout,D,live,False,Stage 2,38.1,43.1,10.2,10.4405,2.0049,8.5967,1.15,Improving,3.920000076293945,5.2691,4.6368,7.4095,9.2491,12.0,3.39,11,clear,63.0,False,rebalance_week,thin,111766.2251071462,2026-09-21,1.0,3.45,3.98,3.45,False,,False,,False,,,,watching,,,
LTC@2026-07-15,2026-09-09,LTC,"LTC Properties, Inc. Common Stock",US,USALL,Real Estate,stage2_breakout,D,live,False,Stage 2,67.9,68.8,3.9,15.214,0.4739,14.7115,1.15,Improving,42.27000045776367,43.2865,38.0921,51.5634,58.5744,12.0,1.59,8,clear,57.0,False,clear,ok,12942302.482363649,2026-09-21,1.0,42.94,43.49,41.9433,True,2026-09-14,False,,False,,0.04,-0.07,open,,,
LW@2026-07-29,2026-09-09,LW,"Lamb Weston Holdings, Inc. Common Stock",US,USALL,Consumer Staples,stage2_breakout,D,failed,True,Stage 1 to 2,-4.1,30.6,27.9,-1.6526,2.0049,-3.7981,0.88,Improving,47.84999847412109,56.5684,49.7802,74.3845,89.332,12.0,2.62,6,event_driven,29.0,True,clear,ok,50917668.07742442,2026-09-21,1.0,43.58,48.8,43.54,False,,False,,False,,,,watching,,,
LWAY@2026-07-15,2026-09-09,LWAY,"Lifeway Foods, Inc. - Common Stock",US,USALL,Consumer Staples,stage2_breakout,D,failed,False,Stage 2 to 3,-14.1,25.6,26.2,-0.8376,2.0049,-2.635,0.88,Improving,24.61000061035156,33.3702,29.3658,47.4295,59.2051,12.0,3.51,8,clear,66.0,False,clear,ok,1774752.9833925075,2026-09-21,1.0,21.74,25.75,21.555,False,,False,,False,,,,watching,,,
LXP@2026-07-15,2026-09-09,LXP,LXP Industrial Trust Common Stock (Maryland REIT),US,USALL,Real Estate,stage2_breakout,D,late,False,Stage 2,66.5,56.3,7.8,20.8643,0.4739,20.5359,1.15,Improving,60.84000015258789,62.0427,54.5976,79.2858,93.4264,12.0,2.32,8,clear,52.0,False,clear,ok,20083814.040320337,2026-09-21,1.0,60.88,61.04,60.78,False,,False,,False,,,,watching,,,
LYTS@2026-06-17,2026-09-09,LYTS,LSI Industries Inc. - Common Stock,US,USALL,Information Technology,stage2_breakout,D,failed,False,Stage 4,-58.9,4.6,57.1,-7.277,18.0891,-22.2048,0.88,Improving,20.030000686645508,27.7995,24.4636,36.5748,44.0022,12.0,2.63,12,clear,59.0,False,rebalance_week,ok,5976453.247169593,2026-09-21,1.0,21.09,21.28,19.52,False,,False,,False,,,,watching,,,
LZB@2026-09-09,2026-09-09,LZB,La-Z-Boy Incorporated Common Stock,US,USALL,Consumer Discretionary,stage4_breakdown,C,late,True,Stage 4,-68.1,2.8,67.8,-13.8905,0.0,-13.8905,0.88,Improving,30.63999938964844,30.0736,33.6824,16.9468,5.8544,12.0,3.64,0,clear,71.0,False,rebalance_week,ok,11382025.03370068,2026-09-21,1.0,29.88,31.07,29.09,True,2026-09-14,False,,False,,0.27,0.05,open,,,
MAKO@2026-08-19,2026-09-09,MAKO,Mako Mining Corp - Common Stock,US,USALL,Materials,stage2_breakout,D,late,False,Stage 2,49.2,15.2,11.8,41.5233,0.0,41.5233,1.0,Improving,10.079999923706056,11.3503,9.9883,16.095,20.091,12.0,3.48,3,clear,73.0,False,clear,ok,887860.1438491072,2026-09-21,1.0,9.98,10.64,9.6,False,,False,,False,,,,watching,,,
MAMA@2026-06-24,2026-09-09,MAMA,"Mama's Creations, Inc. - Common Stock",US,USALL,Consumer Staples,stage2_breakout,D,failed,False,Stage 3 to 4,-20.5,31.9,39.1,1.6278,2.0049,0.0108,1.15,Improving,14.720000267028809,21.4387,18.866,29.15,35.67,12.0,3.0,11,clear,87.0,False,rebalance_week,ok,5733201.739378405,2026-09-21,1.0,13.35,15.18,12.88,False,,False,,False,,,,watching,,,
MAN@2026-07-15,2026-09-09,MAN,ManpowerGroup Common Stock,US,USALL,Industrials,stage2_breakout,D,late,False,Stage 2,58.3,9.1,12.6,60.5743,0.0,60.5743,1.0,Improving,56.459999084472656,65.1451,57.3277,92.626,115.6228,12.0,3.52,8,event_driven,38.0,True,clear,ok,28598197.390678752,2026-09-21,1.0,57.41,59.09,55.08,False,,False,,False,,,,watching,,,
MASS@2026-08-26,2026-09-09,MASS,908 Devices Inc. - Common Stock,US,USALL,Health Care,stage2_breakout,D,late,False,Stage 2,51.4,15.7,10.1,28.749,17.6631,8.8248,1.15,Improving,9.520000457763672,11.5055,10.1248,16.311,20.3607,12.0,3.48,2,clear,64.0,False,clear,ok,1492775.4744256071,2026-09-21,1.0,11.44,11.715,9.33,True,2026-09-21,False,,False,,0.15,-0.05,open,,,
MATW@2026-09-09,2026-09-09,MATW,Matthews International Corporation - Class A Common Stock,US,USALL,Industrials,stage4_breakdown,C,late,True,Stage 4,-74.3,0.1,66.2,-19.7708,0.0,-19.7708,0.88,Improving,20.0,19.7261,22.0932,11.1155,3.8399,12.0,3.64,0,clear,73.0,False,rebalance_week,ok,4918078.223569472,2026-09-21,1.0,18.95,20.63,18.94,True,2026-09-14,False,,False,,0.33,0.33,open,,,
MBI@2026-07-29,2026-09-09,MBI,MBIA Inc. Common Stock,US,USALL,Financials,stage4_breakdown,C,late,True,Stage 4,-74.4,1.8,61.5,-27.0352,9.876,-34.1773,0.88,Improving,4.639999866485596,4.512,5.0535,2.552,0.8816,12.0,3.62,6,clear,57.0,False,clear,ok,1363215.2787341755,2026-09-21,1.0,4.39,4.69,4.33,True,2026-09-14,False,,False,,0.34,0.23,open,,,
MBIN@2026-07-29,2026-09-09,MBIN,Merchants Bancorp - Common Stock,US,USALL,Financials,stage2_breakout,D,live,False,Stage 2,50.1,46.9,15.3,25.788,9.876,15.1749,1.15,Improving,53.150001525878906,57.7058,50.7811,73.753,87.2593,12.0,2.32,6,event_driven,50.0,True,clear,ok,5710849.050282193,2026-09-21,1.0,52.1,54.1,50.895,False,,False,,False,,,,watching,,,
MBWM@2026-09-02,2026-09-09,MBWM,Mercantile Bank Corporation - Common Stock,US,USALL,Financials,stage2_breakout,D,late,False,Stage 2,57.5,63.3,6.9,20.8821,9.876,10.2812,1.15,Improving,61.7400016784668,63.1132,55.5396,77.0086,88.7594,12.0,1.83,1,clear,43.0,False,clear,ok,4459564.530691165,2026-09-21,1.0,60.03,62.95,58.63,False,,False,,False,,,,watching,,,
MBX@2026-07-08,2026-09-09,MBX,"MBX Biosciences, Inc. - Common Stock",US,USALL,Health Care,stage2_breakout,D,late,False,Stage 2,51.7,13.7,12.7,58.5113,17.6631,39.1726,1.15,Improving,59.02000045776367,74.3241,65.4052,105.328,131.4784,12.0,3.48,9,clear,59.0,False,clear,ok,17834939.82770129,2026-09-21,1.0,53.63,65.0,52.32,False,,False,,False,,,,watching,,,
MCB@2026-06-24,2026-09-09,MCB,Metropolitan Bank Holding Corp. Common Stock,US,USALL,Financials,stage2_breakout,D,live,False,Stage 3,17.6,17.2,33.8,7.1564,9.876,-2.2994,0.88,Improving,90.79000091552734,103.0262,90.663,127.8173,148.7445,12.0,2.01,11,clear,45.0,False,rebalance_week,ok,7669970.812727463,2026-09-21,1.0,89.6,92.36,87.3,False,,False,,False,,,,watching,,,
MCHB@2026-07-01,2026-09-09,MCHB,Mechanics Bancorp - Class A Common Stock,US,USALL,Financials,stage2_breakout,D,live,False,Stage 2,32.4,33.5,18.3,9.6197,9.876,-0.0756,0.88,Improving,15.369999885559082,17.3344,15.2543,21.4485,24.9192,12.0,1.98,10,clear,52.0,False,rebalance_week,ok,4970122.434967016,2026-09-21,1.0,15.17,15.62,14.89,False,,False,,False,,,,watching,,,
MCY@2026-07-01,2026-09-09,MCY,Mercury General Corporation Common Stock,US,USALL,Financials,stage2_breakout,D,live,False,Stage 2,34.3,33.7,16.4,9.2855,9.876,-0.3762,0.88,Improving,102.33999633789062,114.1655,100.4656,143.7995,168.6757,12.0,2.16,10,clear,57.0,False,rebalance_week,ok,19070097.86967732,2026-09-21,1.0,99.41,104.5,96.68,False,,False,,False,,,,watching,,,
MD@2026-07-01,2026-09-09,MD,"Pediatrix Medical Group, Inc. Common Stock",US,USALL,Health Care,stage2_breakout,D,late,False,Stage 2,52.0,55.2,9.3,20.5595,17.6631,2.392,1.15,Improving,26.770000457763672,28.4025,24.9942,38.65,47.218,12.0,3.01,10,clear,56.0,False,rebalance_week,ok,13009760.861703165,2026-09-21,1.0,26.31,27.33,25.18,False,,False,,False,,,,watching,,,
MDU@2026-09-09,2026-09-09,MDU,"MDU Resources Group, Inc. Common Stock (Holding Company)",US,USALL,Utilities,stage4_breakdown,C,live,True,Stage 3 to 4,-49.3,23.2,57.8,-4.4832,-2.0203,-2.4488,0.88,Improving,19.200000762939453,19.1151,21.4089,16.0328,13.3823,12.0,1.34,0,clear,59.0,False,rebalance_week,ok,22877122.861179154,2026-09-21,1.0,18.76,19.22,18.25,True,2026-09-14,False,,False,,0.38,0.15,open,,,
MDWD@2026-08-26,2026-09-09,MDWD,MediWound Ltd. - Ordinary Shares,US,USALL,Health Care,stage4_breakdown,C,late,True,Stage 4,-67.4,3.5,50.2,-20.3603,17.6631,-34.0907,0.88,Improving,13.109999656677246,12.2413,13.7103,6.886,2.3788,12.0,3.65,2,clear,73.0,False,clear,ok,907230.7196973268,2026-09-21,1.0,13.84,14.035,13.0,False,,False,,False,,,,watching,,,
MFA@2026-09-09,2026-09-09,MFA,"MFA Financial, Inc.",US,USALL,Real Estate,stage4_breakdown,C,live,True,Stage 3 to 4,-49.8,9.6,52.1,-4.4818,0.4739,-4.9754,0.88,Improving,8.5600004196167,8.5345,9.5586,7.2104,6.0748,12.0,1.29,0,clear,59.0,False,rebalance_week,ok,9478468.22955724,2026-09-21,1.0,8.17,8.63,8.115,True,2026-09-14,False,,False,,0.41,0.36,open,,,
MFG@2026-07-08,2026-09-09,MFG,"Mizuho Financial Group, Inc. Sponosred ADR (Japan)",US,USALL,Financials,stage2_breakout,D,late,False,Stage 2,66.5,34.1,6.8,33.5936,9.876,22.3021,1.15,Improving,11.449999809265137,11.4988,10.1189,15.12,18.152,12.0,2.62,9,clear,66.0,False,clear,ok,26094657.31281047,2026-09-21,1.0,11.07,11.41,10.46,False,,False,,False,,,,watching,,,
MFIN@2026-08-26,2026-09-09,MFIN,Medallion Financial Corp. - Common Stock,US,USALL,Financials,stage2_breakout,D,late,False,Stage 2,75.3,56.0,2.4,23.685,9.876,12.5581,1.15,Improving,12.050000190734863,12.3931,10.9059,16.8181,20.4886,12.0,2.98,2,clear,51.0,False,clear,ok,428279.4188861729,2026-09-21,1.0,11.96,12.2,11.39,False,,False,,False,,,,watching,,,
MGA@2026-08-19,2026-09-09,MGA,"Magna International, Inc. Common Stock",US,USALL,Consumer Discretionary,stage2_breakout,D,live,False,Stage 2,39.4,36.0,16.9,15.2202,0.0,15.2202,1.0,Improving,66.12999725341797,74.3501,65.4281,95.7533,113.7799,12.0,2.4,3,clear,53.0,False,clear,ok,57865886.744004205,2026-09-21,1.0,65.0,65.72,61.72,False,,False,,False,,,,watching,,,
MGNI@2026-07-01,2026-09-09,MGNI,"Magnite, Inc. - Common Stock",US,USALL,Communication Services,stage2_breakout,D,late,False,Stage 2,59.9,21.6,5.0,42.5619,0.0,42.5619,1.0,Improving,23.770000457763672,26.3015,23.1453,37.3955,46.6799,12.0,3.52,10,clear,58.0,False,rebalance_week,ok,27834008.457303792,2026-09-21,1.0,23.97,26.84,23.17,True,2026-09-14,False,,False,,0.17,-0.74,open,,,
MGPI@2026-09-09,2026-09-09,MGPI,"MGP Ingredients, Inc. - Common Stock",US,USALL,Consumer Staples,stage4_breakdown,C,late,True,Stage 4,-81.7,6.2,44.3,-28.2442,2.0049,-30.0088,0.88,Improving,14.760000228881836,15.2005,17.0245,8.5888,2.9671,12.0,3.62,0,clear,51.0,False,rebalance_week,ok,2441068.252000583,2026-09-21,1.0,12.82,15.4,12.66,True,2026-09-14,False,,False,,1.39,1.31,open,,,
MGRC@2026-06-24,2026-09-09,MGRC,McGrath RentCorp - Common Stock,US,USALL,Industrials,stage2_breakout,D,failed,False,Stage 3 to 4,-24.0,15.0,52.5,-0.9022,0.0,-0.9022,0.88,Improving,110.4000015258789,127.0259,111.7828,149.8812,169.5339,12.0,1.5,11,clear,45.0,False,rebalance_week,ok,12798825.338389045,2026-09-21,1.0,113.23,115.1,109.52,False,,False,,False,,,,watching,,,
MGTX@2026-07-01,2026-09-09,MGTX,MeiraGTx Holdings plc - Ordinary Shares,US,USALL,Health Care,stage2_breakout,D,late,False,Stage 2,52.9,30.2,11.1,34.6861,17.6631,15.3322,1.15,Improving,12.789999961853027,15.715,13.8292,22.2575,27.7835,12.0,3.47,10,clear,66.0,False,rebalance_week,ok,5880001.407459302,2026-09-21,1.0,10.91,13.47,10.68,False,,False,,False,,,,watching,,,
MHD@2026-07-01,2026-09-09,MHD,"Blackrock MuniHoldings Fund, Inc. Common Stock",US,USALL,Financials,stage2_breakout,D,failed,False,Stage 3 to 4,-33.6,33.4,63.2,-2.4843,9.876,-11.5188,0.88,Improving,11.06999969482422,12.0206,10.8972,13.0369,13.9001,9.35,0.9,10,unknown,,,rebalance_week,ok,2743046.5523568634,2026-09-21,1.0,10.53,11.09,10.5,False,,False,,False,,,,watching,,,
MHK@2026-08-12,2026-09-09,MHK,"Mohawk Industries, Inc. Common Stock",US,USALL,Consumer Discretionary,stage2_breakout,D,live,False,Stage 2,34.6,37.1,16.0,9.7334,0.0,9.7334,1.0,Improving,126.79000091552734,142.8039,125.6675,187.61,225.458,12.0,2.61,4,clear,52.0,False,clear,ok,66314170.24325979,2026-09-21,1.0,125.16,132.36,116.45,False,,False,,False,,,,watching,,,
MHO@2026-06-24,2026-09-09,MHO,"M/I Homes, Inc. Common Stock",US,USALL,Consumer Discretionary,stage2_breakout,D,live,False,Stage 2 to 3,-0.1,35.6,30.1,1.6819,0.0,1.6819,1.0,Improving,139.88999938964844,165.9728,146.056,210.54,248.044,12.0,2.24,11,clear,44.0,False,rebalance_week,ok,21886037.99248865,2026-09-21,1.0,138.75,144.3,136.73,False,,False,,False,,,,watching,,,
MIR@2026-07-29,2026-09-09,MIR,"Mirion Technologies, Inc. Class A Common Stock",US,USALL,Industrials,stage4_breakdown,C,live,True,Stage 4,-59.1,12.7,33.2,-23.1418,0.0,-23.1418,0.88,Improving,15.979999542236328,13.6443,15.2816,7.7605,2.6809,12.0,3.59,6,event_driven,50.0,True,clear,ok,45889875.89207926,2026-09-21,1.0,15.59,16.685,15.267,False,,False,,False,,,,watching,,,
MIRM@2026-07-01,2026-09-09,MIRM,"Mirum Pharmaceuticals, Inc. - common stock",US,USALL,Health Care,stage2_breakout,D,failed,False,Stage 3,6.0,14.2,42.3,6.8625,17.6631,-9.1185,0.88,Improving,98.22000122070312,132.3448,116.4634,175.67,212.206,12.0,2.73,10,clear,58.0,False,rebalance_week,ok,49390840.862996005,2026-09-21,1.0,89.7,100.5,87.635,False,,False,,False,,,,watching,,,
MITT@2026-08-12,2026-09-09,MITT,"TPG Mortgage Investment Trust, Inc. Common Stock",US,USALL,Real Estate,stage4_breakdown,C,live,True,Stage 4,-68.2,3.6,43.0,-11.1828,0.4739,-11.7072,0.88,Improving,6.559999942779541,5.8315,6.5313,3.7022,1.92,12.0,3.04,4,event_driven,57.0,True,clear,ok,1078954.080667981,2026-09-21,1.0,6.11,6.57,6.0699,False,,False,,False,,,,watching,,,
MIY@2026-08-26,2026-09-09,MIY,"Blackrock MuniYield Michigan Quality Fund, Inc. Common Stock",US,USALL,Financials,stage2_breakout,D,live,False,Stage 1 to 2,22.7,43.1,29.5,4.6289,9.876,-4.9298,0.88,Improving,12.239999771118164,12.8912,11.8958,14.619,16.0743,7.72,1.74,2,unknown,,,clear,ok,486627.2840764028,2026-09-21,1.0,11.54,12.3,11.47,False,,False,,False,,,,watching,,,
MKDW@2026-06-24,2026-09-09,MKDW,MKDWELL Tech Inc. - Ordinary Shares,US,USALL,Consumer Discretionary,stage2_breakout,D,failed,False,Stage 2,21.9,31.7,21.2,11.7542,0.0,11.7542,1.0,Improving,7.75,13.3841,11.778,18.763,23.4214,12.0,3.35,11,unknown,,,rebalance_week,thin,49943.50572862702,2026-09-21,1.0,1.51,9.58,1.36,False,,False,,False,,,,watching,,,
MLAB@2026-08-26,2026-09-09,MLAB,"Mesa Laboratories, Inc. - Common Stock",US,USALL,Information Technology,stage2_breakout,D,late,False,Stage 2,77.6,42.5,4.5,32.716,18.0891,12.29,1.15,Improving,120.87000274658205,135.5818,119.312,192.415,240.187,12.0,3.49,2,clear,59.0,False,clear,ok,10458137.810372077,2026-09-21,1.0,134.04,138.66,119.07,True,2026-09-21,False,,False,,0.19,-0.09,open,,,
MLKN@2026-08-05,2026-09-09,MLKN,"MillerKnoll, Inc. - Common Stock",US,USALL,Consumer Discretionary,stage2_breakout,D,late,False,Stage 2,39.6,34.7,10.8,16.849,0.0,16.849,1.0,Improving,21.190000534057617,24.9761,21.979,35.4519,44.2036,12.0,3.5,5,event_ahead,15.0,False,clear,ok,9740977.913345132,2026-09-21,1.0,20.06,21.59,19.26,False,,False,,False,,,,watching,,,
MLP@2026-06-24,2026-09-09,MLP,"Maui Land & Pineapple Company, Inc. Common Stock",US,USALL,Real Estate,stage2_breakout,D,failed,True,Stage 3 to 4,-3.4,31.0,39.6,-1.8436,0.4739,-2.3771,0.88,Improving,16.290000915527344,20.2496,17.8196,24.89,28.866,12.0,1.91,11,clear,66.0,False,rebalance_week,thin,194332.8220424551,2026-09-21,1.0,16.09,16.38,15.45,False,,False,,False,,,,watching,,,
MLR@2026-06-24,2026-09-09,MLR,"Miller Industries, Inc. Common Stock",US,USALL,Consumer Discretionary,stage2_breakout,D,late,False,Stage 2,51.8,32.6,13.5,22.3713,0.0,22.3713,1.0,Improving,54.720001220703125,60.3386,53.0979,78.1937,93.1676,12.0,2.47,11,clear,58.0,False,rebalance_week,ok,2840866.751664382,2026-09-21,1.0,54.04,55.94,52.63,False,,False,,False,,,,watching,,,
MMI@2026-07-01,2026-09-09,MMI,"Marcus & Millichap, Inc. Common Stock",US,USALL,Real Estate,stage2_breakout,D,live,False,Stage 2,51.5,56.2,3.1,9.0892,0.4739,8.6003,1.15,Improving,31.270000457763672,34.0064,29.9256,42.9039,50.387,12.0,2.18,10,clear,60.0,False,rebalance_week,ok,3470195.3272017203,2026-09-21,1.0,29.75,31.62,29.68,False,,False,,False,,,,watching,,,
MMU@2026-09-09,2026-09-09,MMU,"Western Asset Managed Municipals Fund, Inc. Common Stock",US,USALL,Financials,stage4_breakdown,C,live,True,Stage 3 to 4,-42.9,27.4,51.4,-3.8103,9.876,-12.7374,0.88,Improving,9.630000114440918,9.6126,10.4599,8.8373,8.1742,8.81,0.92,0,unknown,,,rebalance_week,ok,910911.0316918418,2026-09-21,1.0,8.98,9.6034,8.96,True,2026-09-14,False,,False,,0.77,0.75,open,,,
MNPR@2026-07-08,2026-09-09,MNPR,Monopar Therapeutics Inc. - Common Stock,US,USALL,Health Care,stage2_breakout,D,late,False,Stage 2,51.9,12.9,10.9,43.2707,17.6631,21.5116,1.15,Improving,110.26000213623048,128.0261,112.6629,180.989,225.9242,12.0,3.45,9,clear,66.0,False,clear,ok,9526032.394891506,2026-09-21,1.0,85.235,111.99,85.06,False,,False,,False,,,,watching,,,
MNTK@2026-09-09,2026-09-09,MNTK,"Montauk Renewables, Inc. - Common Stock",US,USALL,Materials,stage2_breakout,D,late,False,Stage 2,72.3,21.6,3.0,54.612,0.0,54.612,1.0,Improving,2.640000104904175,2.3688,2.0846,3.335,4.163,12.0,3.4,0,clear,58.0,False,rebalance_week,thin,227420.31104689947,2026-09-21,1.0,2.93,3.04,2.16,True,2026-09-14,False,,False,,2.36,1.97,open,,,
MOG-B@2026-06-17,2026-09-09,MOG-B,Moog Inc. Class B Common Stock,US,USALL,Industrials,stage2_breakout,D,live,False,Stage 2,35.2,32.3,27.5,18.2175,0.0,18.2175,1.0,Improving,365.9500122070313,455.3207,400.6822,605.5787,730.0417,12.0,2.75,12,clear,74.0,False,rebalance_week,thin,50099.28622527095,2026-09-21,1.0,392.72,392.72,362.0,False,,False,,False,,,,watching,,,
MPA@2026-09-09,2026-09-09,MPA,Blackrock MuniYield Pennsylvania Quality Fund Common Stock,US,USALL,Financials,stage4_breakdown,C,live,True,Stage 3 to 4,-50.9,9.5,53.3,-5.2723,9.876,-14.0804,0.88,Improving,10.399999618530272,10.5003,11.424,9.2646,8.2256,8.8,1.34,0,unknown,,,rebalance_week,ok,222330.5260790246,2026-09-21,1.0,9.83,10.39,9.81,True,2026-09-14,False,,False,,0.75,0.73,open,,,
MPB@2026-07-01,2026-09-09,MPB,Mid Penn Bancorp - Common Stock,US,USALL,Financials,stage2_breakout,B,live,True,Stage 2,43.2,57.3,9.5,14.844,9.876,4.6903,1.15,Improving,37.06999969482422,39.3979,34.6702,48.1183,55.4808,12.0,1.84,10,clear,44.0,False,rebalance_week,ok,3609678.231650626,2026-09-21,1.0,36.31,37.66,35.75,False,,False,,False,,,,watching,,,
MPT@2026-08-12,2026-09-09,MPT,"Medical Properties Trust, Inc. common stock",US,USALL,Real Estate,stage4_breakdown,C,late,True,Stage 4,-76.3,2.5,49.9,-22.7271,0.4739,-23.2757,0.88,Improving,3.640000104904175,3.72,4.1664,2.0901,0.722,12.0,3.65,4,event_driven,52.0,True,clear,ok,18512034.579388566,2026-09-21,1.0,3.57,3.7,3.36,True,2026-09-14,False,,False,,0.81,0.34,open,,,
MRX@2026-09-02,2026-09-09,MRX,Marex Group Limited - Ordinary Shares,US,USALL,Financials,stage2_breakout,D,late,False,Stage 2,59.9,29.6,9.0,53.7271,9.876,41.7503,1.15,Improving,73.0,79.9271,70.3358,113.651,141.8678,12.0,3.52,1,clear,59.0,False,clear,ok,34025015.82920021,2026-09-21,1.0,71.31,76.655,67.04,False,,False,,False,,,,watching,,,
MSB@2026-07-22,2026-09-09,MSB,Mesabi Trust Common Stock,US,USALL,Materials,stage4_breakdown,C,late,True,Stage 4,-65.1,13.8,52.0,-23.0066,0.0,-23.0066,0.88,Improving,22.729999542236328,20.9498,23.4638,11.8536,4.0949,12.0,3.62,7,clear,,False,clear,ok,780772.0072797311,2026-09-21,1.0,19.12,23.08,18.73,True,2026-09-14,False,,False,,0.88,0.73,open,,,
MSEX@2026-07-01,2026-09-09,MSEX,Middlesex Water Company - Common Stock,US,USALL,Utilities,stage2_breakout,D,live,False,Stage 2,33.3,60.5,16.3,6.3562,-2.0203,8.4483,1.0,Improving,56.68999862670898,60.5282,53.2648,70.5965,79.2337,12.0,1.39,10,clear,53.0,False,rebalance_week,ok,5079737.041471833,2026-09-21,1.0,53.47,57.39,52.45,False,,False,,False,,,,watching,,,
MT@2026-08-05,2026-09-09,MT,Arcelor Mittal NY Registry Shares NEW,US,USALL,Materials,stage2_breakout,D,late,False,Stage 2,52.2,39.6,15.4,34.0624,0.0,34.0624,1.0,Improving,74.51000213623047,80.045,70.4396,110.4014,135.6985,12.0,3.16,5,event_driven,59.0,True,clear,ok,74897032.1737589,2026-09-21,1.0,70.7,75.68,70.08,False,,False,,False,,,,watching,,,
MTA@2026-08-19,2026-09-09,MTA,Metalla Royalty & Streaming Ltd. Common Shares,US,USALL,Materials,stage2_breakout,D,late,False,Stage 2,57.6,12.2,7.6,33.9732,0.0,33.9732,1.0,Improving,10.199999809265137,11.8542,10.4317,16.82,20.996,12.0,3.49,3,event_driven,66.0,True,clear,ok,2324871.0710513555,2026-09-21,1.0,10.07,10.46,9.415,False,,False,,False,,,,watching,,,
MTCH@2026-07-08,2026-09-09,MTCH,"Match Group, Inc. - Common Stock",US,USALL,Communication Services,stage2_breakout,D,late,False,Stage 2,80.7,55.9,2.1,23.4396,0.0,23.4396,1.0,Improving,42.38999938964844,44.1184,38.8242,57.7298,69.1376,12.0,2.57,9,clear,57.0,False,clear,ok,85369143.95531411,2026-09-21,1.0,40.55,44.935,39.46,True,2026-09-14,False,,False,,0.15,-0.67,open,,,
MTH@2026-06-24,2026-09-09,MTH,Meritage Homes Corporation Common Stock,US,USALL,Consumer Discretionary,stage2_breakout,D,failed,False,Stage 4,-58.4,7.5,64.1,-7.7668,0.0,-7.7668,0.88,Improving,64.22000122070312,86.7497,76.3397,113.1121,135.2978,12.0,2.53,11,clear,51.0,False,rebalance_week,ok,41844470.04824649,2026-09-21,1.0,64.98,66.79,62.83,False,,False,,False,,,,watching,,,
MTW@2026-08-12,2026-09-09,MTW,"Manitowoc Company, Inc. (The) Common Stock",US,USALL,Industrials,stage2_breakout,D,late,False,Stage 2,51.8,18.0,11.4,55.826,0.0,55.826,1.0,Improving,20.780000686645508,21.9476,19.3139,31.175,38.915,12.0,3.5,4,event_driven,58.0,True,clear,ok,2331846.971527057,2026-09-21,1.0,22.14,23.17,19.63,True,2026-09-14,False,,False,,0.46,0.07,open,,,
MUA@2026-09-09,2026-09-09,MUA,"Blackrock MuniAssets Fund, Inc Common Stock",US,USALL,Financials,stage4_breakdown,C,live,True,Stage 4,-56.3,11.1,53.1,-5.7791,9.876,-14.5731,0.88,Improving,9.8100004196167,9.789,10.9637,7.6704,5.9268,12.0,1.8,0,unknown,,,rebalance_week,ok,868899.2130580727,2026-09-21,1.0,9.55,9.84,9.43,True,2026-09-14,False,,False,,0.31,0.2,open,,,
MUC@2026-07-01,2026-09-09,MUC,"Blackrock MuniHoldings California Quality Fund, Inc.  Common Stock",US,USALL,Financials,stage2_breakout,D,failed,False,Stage 3,-22.6,34.8,57.2,-1.3291,9.876,-10.4534,0.88,Improving,10.31999969482422,11.105,10.1951,12.1518,13.0332,8.19,1.15,10,unknown,,,rebalance_week,ok,2360734.156355696,2026-09-21,1.0,9.82,10.33,9.77,False,,False,,False,,,,watching,,,
MUFG@2026-07-08,2026-09-09,MUFG,"Mitsubishi UFJ Financial Group, Inc. Common Stock",US,USALL,Financials,stage2_breakout,D,late,False,Stage 2,66.2,50.4,6.6,29.8682,9.876,18.723,1.15,Improving,23.88999938964844,24.5588,21.6118,32.26,38.66,12.0,2.61,9,clear,66.0,False,clear,ok,43511763.0589807,2026-09-21,1.0,23.48,23.98,22.42,False,,False,,False,,,,watching,,,
MVBF@2026-07-01,2026-09-09,MVBF,MVB Financial Corp. - Common Stock,US,USALL,Financials,stage2_breakout,C,late,True,Stage 2,57.8,63.9,7.2,16.4923,9.876,6.0341,1.15,Improving,31.32999992370605,32.2702,28.3978,39.917,46.4024,12.0,1.97,10,clear,51.0,False,rebalance_week,ok,819574.9874075446,2026-09-21,1.0,30.12,31.86,29.555,False,,False,,False,,,,watching,,,
MWA@2026-09-02,2026-09-09,MWA,MUELLER WATER PRODUCTS Common Stock,US,USALL,Industrials,stage4_breakdown,C,live,True,Stage 4,-62.9,5.3,81.9,-7.5445,0.0,-7.5445,0.88,Improving,23.940000534057617,23.1256,25.9007,15.5784,9.2491,12.0,2.72,1,clear,59.0,False,clear,ok,21166136.386722285,2026-09-21,1.0,21.63,23.84,21.33,True,2026-09-14,False,,False,,0.65,0.54,open,,,
MYE@2026-06-24,2026-09-09,MYE,"Myers Industries, Inc. Common Stock",US,USALL,Consumer Discretionary,stage2_breakout,D,late,False,Stage 2,53.8,32.3,16.0,31.2494,0.0,31.2494,1.0,Improving,30.01000022888184,38.0414,33.4765,54.3025,67.7845,12.0,3.56,11,clear,59.0,False,rebalance_week,ok,6159134.351148831,2026-09-21,1.0,31.36,32.3,29.14,False,,False,,False,,,,watching,,,
MYI@2026-07-01,2026-09-09,MYI,"Blackrock MuniYield Quality Fund III, Inc Common Stock",US,USALL,Financials,stage2_breakout,D,failed,False,Stage 3 to 4,-35.2,33.2,64.3,-2.689,9.876,-11.7114,0.88,Improving,10.329999923706056,11.1494,10.2065,12.0834,12.8734,8.46,0.99,10,unknown,,,rebalance_week,ok,2159347.880327421,2026-09-21,1.0,9.78,10.35,9.66,False,,False,,False,,,,watching,,,
MYN@2026-07-01,2026-09-09,MYN,"Blackrock MuniYield New York Quality Fund, Inc.Common Stock",US,USALL,Financials,stage2_breakout,D,failed,False,Stage 3 to 4,-45.3,22.9,70.1,-4.4236,9.876,-13.2958,0.88,Improving,9.239999771118164,10.1793,9.0681,11.0434,11.7762,10.92,0.78,10,unknown,,,rebalance_week,ok,1028642.910589032,2026-09-21,1.0,8.93,9.24,8.85,False,,False,,False,,,,watching,,,
MYO@2026-08-12,2026-09-09,MYO,Myomo Inc. Common Stock,US,USALL,Health Care,stage2_breakout,D,late,False,Stage 2,47.2,23.8,9.1,30.4742,17.6631,11.0039,1.15,Improving,1.2999999523162842,1.9511,1.717,2.7332,3.4118,12.0,3.34,4,event_driven,63.0,True,clear,thin,328606.38215858204,2026-09-21,1.0,1.61,1.71,1.21,False,,False,,False,,,,watching,,,
NAT@2026-09-09,2026-09-09,NAT,Nordic American Tankers Limited Common Stock,US,USALL,Energy,stage2_breakout,D,late,False,Stage 2,87.8,18.1,7.6,61.1778,7.5984,,1.0,Improving,7.460000038146973,7.2083,6.3433,10.2617,12.8094,12.0,3.53,0,clear,81.0,False,rebalance_week,ok,15090056.16808728,2026-09-21,1.0,7.72,8.33,7.3,True,2026-09-14,False,,False,,1.3,0.59,open,,,
NATH@2026-06-24,2026-09-09,NATH,"Nathan's Famous, Inc. - Common Stock",US,USALL,Consumer Discretionary,stage2_breakout,D,failed,False,Stage 3,-6.5,20.2,60.5,-0.9929,0.0,-0.9929,0.88,Improving,97.97000122070312,102.6035,94.9765,108.66,113.924,7.43,0.79,11,clear,59.0,False,rebalance_week,ok,1551796.601191653,2026-09-21,1.0,101.55,102.0,93.8,False,,False,,False,,,,watching,,,
NATR@2026-08-19,2026-09-09,NATR,"Nature's Sunshine Products, Inc. - Common Stock",US,USALL,Consumer Staples,stage4_breakdown,C,late,True,Stage 4,-85.2,2.1,51.6,-35.3329,2.0049,-36.7735,0.88,Improving,13.550000190734863,13.2887,14.8833,7.546,2.6068,12.0,3.6,3,clear,63.0,False,clear,ok,1820447.0525252945,2026-09-21,1.0,12.92,13.74,12.72,True,2026-09-14,False,,False,,0.36,0.23,open,,,
NBBK@2026-07-29,2026-09-09,NBBK,"NB Bancorp, Inc. - Common Stock",US,USALL,Financials,stage2_breakout,C,live,True,Stage 2,41.8,66.5,13.0,11.6345,9.876,1.5808,1.15,Improving,22.790000915527344,23.7689,20.9166,28.5497,32.6134,12.0,1.68,6,event_driven,44.0,True,clear,ok,3968237.899794933,2026-09-21,1.0,22.6,23.25,22.24,False,,False,,False,,,,watching,,,
NBHC@2026-06-24,2026-09-09,NBHC,National Bank Holdings Corporation Common Stock,US,USALL,Financials,stage2_breakout,C,live,True,Stage 1 to 2,13.3,38.5,36.2,4.5296,9.876,-4.8671,0.88,Improving,41.7599983215332,47.4213,41.7307,56.9696,65.0151,12.0,1.68,11,clear,50.0,False,rebalance_week,ok,10237200.54315636,2026-09-21,1.0,40.17,42.14,39.72,False,,False,,False,,,,watching,,,
NBTB@2026-07-01,2026-09-09,NBTB,NBT Bancorp Inc. - Common Stock,US,USALL,Financials,stage2_breakout,D,live,False,Stage 2,50.5,58.7,8.4,16.3837,9.876,6.1337,1.15,Improving,51.72999954223633,54.6531,48.0947,68.8202,80.6155,12.0,2.16,10,clear,49.0,False,rebalance_week,ok,9973253.483291447,2026-09-21,1.0,51.57,52.58,50.42,False,,False,,False,,,,watching,,,
NC@2026-08-05,2026-09-09,NC,"NACCO Industries, Inc. Common Stock",US,USALL,Energy,stage4_breakdown,C,late,True,Stage 4,-71.5,2.8,53.5,-16.2296,7.5984,,1.0,Improving,39.70000076293945,39.0063,43.6871,21.9531,7.5838,12.0,3.64,5,clear,58.0,False,clear,ok,424571.711028317,2026-09-21,1.0,37.67,39.79,36.03,True,2026-09-14,False,,False,,0.64,0.29,open,,,
NECB@2026-06-24,2026-09-09,NECB,"NorthEast Community Bancorp, Inc. - Common Stock",US,USALL,Financials,stage2_breakout,B,live,True,Stage 2,46.2,53.2,8.7,14.0672,9.876,4.0299,1.15,Improving,26.799999237060547,29.0097,25.5285,35.332,40.6547,12.0,1.82,11,clear,45.0,False,rebalance_week,ok,669171.1939859875,2026-09-21,1.0,26.77,27.5,26.28,False,,False,,False,,,,watching,,,
NEO@2026-07-01,2026-09-09,NEO,"NeoGenomics, Inc. - Common Stock",US,USALL,Health Care,stage2_breakout,D,late,False,Stage 2,71.3,21.7,4.5,51.2511,17.6631,29.2879,1.15,Improving,17.31999969482422,20.1428,17.7257,28.652,35.7656,12.0,3.52,10,clear,50.0,False,rebalance_week,ok,18953825.35026418,2026-09-21,1.0,19.33,20.05,17.36,False,,False,,False,,,,watching,,,
NEOG@2026-07-29,2026-09-09,NEOG,Neogen Corporation - Common Stock,US,USALL,Health Care,stage2_breakout,D,late,False,Stage 2,44.2,39.9,12.5,33.2405,17.6631,14.0359,1.15,Improving,11.779999732971191,13.0934,11.5222,17.54,21.292,12.0,2.83,6,event_driven,31.0,True,clear,ok,14766572.9487834,2026-09-21,1.0,13.76,14.26,11.67,True,2026-09-21,False,,False,,0.74,0.42,open,,,
NESR@2026-06-24,2026-09-09,NESR,National Energy Services Reunited Corp - Ordinary Shares,US,USALL,Energy,stage2_breakout,D,late,False,Stage 2,54.8,19.2,13.5,56.19,,,1.0,Improving,33.540000915527344,37.7044,33.1799,53.563,66.8614,12.0,3.51,11,clear,66.0,False,rebalance_week,ok,37367232.64127861,2026-09-21,1.0,32.13,33.63,30.75,False,,False,,False,,,,watching,,,
NET@2026-08-05,2026-09-09,NET,"Cloudflare, Inc. Class A Common Stock",US,USALL,Information Technology,stage2_breakout,D,late,False,Stage 2,51.4,23.6,9.7,37.8436,18.0891,16.5089,1.15,Improving,306.5299987792969,340.6895,299.8068,481.719,601.3182,12.0,3.45,5,event_driven,52.0,True,clear,ok,629198823.3519049,2026-09-21,1.0,349.02,367.43,309.0,True,2026-09-21,False,,False,,0.65,0.2,open,,,
NEWP@2026-08-12,2026-09-09,NEWP,New Pacific Metals Corp. Common Shares,US,USALL,Materials,stage2_breakout,D,late,False,Stage 2,50.1,27.2,11.4,41.6342,0.0,41.6342,1.0,Improving,5.880000114440918,7.7528,6.8224,10.9475,13.6655,12.0,3.43,4,clear,67.0,False,clear,ok,2986693.340458651,2026-09-21,1.0,6.62,6.94,5.43,False,,False,,False,,,,watching,,,
NEWT@2026-06-24,2026-09-09,NEWT,"NewtekOne, Inc. - Common Stock",US,USALL,Financials,stage2_breakout,D,failed,False,Stage 3 to 4,-30.5,8.2,53.3,-0.2677,9.876,-9.0241,0.88,Improving,12.220000267028809,15.9464,14.0328,21.1197,25.4635,12.0,2.7,11,clear,52.0,False,rebalance_week,ok,2065251.8597335136,2026-09-21,1.0,11.26,12.1134,11.08,False,,False,,False,,,,watching,,,
NEXN@2026-07-15,2026-09-09,NEXN,Nexxen International Ltd. - Ordinary Shares,US,USALL,Communication Services,stage2_breakout,D,live,False,Stage 2,49.7,27.2,12.5,15.9677,0.0,15.9677,1.0,Improving,9.15999984741211,11.5071,10.1263,16.385,20.453,12.0,3.53,8,clear,65.0,False,clear,ok,2116572.0580669963,2026-09-21,1.0,8.7,9.43,8.51,False,,False,,False,,,,watching,,,
NGNE@2026-07-08,2026-09-09,NGNE,Neurogene Inc. - Common Stock,US,USALL,Health Care,stage2_breakout,D,late,False,Stage 2,52.8,27.1,9.3,35.3225,17.6631,15.8031,1.15,Improving,35.47999954223633,44.8949,39.5075,63.307,79.0246,12.0,3.42,9,clear,66.0,False,clear,ok,3992943.115547016,2026-09-21,1.0,28.31,36.28,28.23,False,,False,,False,,,,watching,,,
NGVC@2026-06-24,2026-09-09,NGVC,"Natural Grocers by Vitamin Cottage, Inc. Common Stock",US,USALL,Consumer Staples,stage2_breakout,D,failed,False,Stage 2 to 3,7.8,27.7,35.7,-1.4308,2.0049,-3.4775,0.88,Improving,28.559999465942383,35.1058,30.8931,44.8673,53.2367,12.0,2.32,11,clear,73.0,False,rebalance_week,ok,2678121.05304754,2026-09-21,1.0,29.71,31.61,28.14,False,,False,,False,,,,watching,,,
NIC@2026-07-01,2026-09-09,NIC,Nicolet Bankshares Inc. Common Stock,US,USALL,Financials,stage2_breakout,B,live,True,Stage 2,45.9,66.3,11.7,17.6448,9.876,7.316,1.15,Improving,170.3699951171875,181.8706,160.0461,227.655,266.0851,12.0,2.1,10,clear,43.0,False,rebalance_week,ok,19684052.550422,2026-09-21,1.0,168.4,173.34,163.76,False,,False,,False,,,,watching,,,
NKSH@2026-08-05,2026-09-09,NKSH,"National Bankshares, Inc. - Common Stock",US,USALL,Financials,stage2_breakout,D,late,False,Stage 2,53.0,56.3,8.5,23.5321,9.876,12.7039,1.15,Improving,42.84000015258789,43.9332,38.6612,53.4,61.472,12.0,1.8,5,clear,45.0,False,clear,ok,1036153.0882819314,2026-09-21,1.0,42.37,43.31,41.41,False,,False,,False,,,,watching,,,
NMCO@2026-09-09,2026-09-09,NMCO,Nuveen Municipal Credit Opportunities Fund Common Shares,US,USALL,Financials,stage4_breakdown,C,live,True,Stage 3 to 4,-51.8,14.6,49.0,-5.8083,9.876,-14.5409,0.88,Improving,9.670000076293944,9.6248,10.7798,8.5409,7.6137,12.0,0.94,0,unknown,,,rebalance_week,ok,1250035.222506047,2026-09-21,1.0,9.07,9.99,8.99,True,2026-09-14,False,,False,,0.55,0.48,open,,,
NMIH@2026-07-29,2026-09-09,NMIH,NMI Holdings Inc - Common Stock,US,USALL,Financials,stage2_breakout,D,live,False,Stage 2,45.3,62.5,6.3,11.2933,9.876,1.2483,1.15,Improving,43.88999938964844,47.2401,41.5713,58.36,67.656,12.0,1.96,6,event_driven,57.0,True,clear,ok,13759688.238746293,2026-09-21,1.0,41.23,44.53,40.84,False,,False,,False,,,,watching,,,
NNBR@2026-07-01,2026-09-09,NNBR,"NN, Inc. - Common Stock",US,USALL,Industrials,stage2_breakout,D,late,False,Stage 2,52.6,11.9,15.6,62.2592,0.0,62.2592,1.0,Improving,3.5799999237060547,4.6155,4.0617,6.496,8.1088,12.0,3.4,10,clear,51.0,False,rebalance_week,ok,2990931.087169628,2026-09-21,1.0,3.67,4.02,3.19,False,,False,,False,,,,watching,,,
NODK@2026-06-24,2026-09-09,NODK,"NI Holdings, Inc. - Common Stock",US,USALL,Financials,stage2_breakout,C,live,True,Stage 2,37.4,32.0,16.5,7.5266,9.876,-2.1577,0.88,Improving,15.050000190734863,16.9092,14.8801,20.98,24.404,12.0,2.01,11,clear,60.0,False,rebalance_week,ok,227234.28730454872,2026-09-21,1.0,14.8,15.67,14.61,False,,False,,False,,,,watching,,,
NOEM@2026-07-29,2026-09-09,NOEM,CO2 Energy Transition Corp. - Common Stock,US,USALL,Financials,stage2_breakout,D,live,False,Stage 1,20.0,35.9,42.9,2.5015,9.876,-6.9651,0.88,Improving,10.6899995803833,12.6891,11.1664,14.91,16.742,12.0,1.46,6,unknown,,,clear,untradeable,5779.848876445807,2026-09-21,1.0,10.58,10.69,10.58,False,,False,,False,,,,watching,,,
NOG@2026-07-01,2026-09-09,NOG,"Northern Oil and Gas, Inc. Common Stock",US,USALL,Energy,stage4_breakdown,D,failed,True,Stage 2,66.2,53.4,2.1,15.2673,7.5984,,1.0,Improving,26.57999992370605,16.6354,18.6316,9.449,3.2642,12.0,3.6,10,clear,63.0,False,rebalance_week,ok,44322126.539157175,2026-09-21,1.0,23.29,27.3,22.75,False,,False,,False,,,,watching,,,
NPK@2026-08-19,2026-09-09,NPK,"National Presto Industries, Inc. Common Stock",US,USALL,Industrials,stage2_breakout,D,late,False,Stage 2,73.2,55.3,5.9,23.779,0.0,23.779,1.0,Improving,154.27999877929688,160.8217,141.5231,199.5187,232.5977,12.0,2.01,3,clear,46.0,False,clear,ok,9919473.498056993,2026-09-21,1.0,144.66,156.66,142.61,False,,False,,False,,,,watching,,,
NREF@2026-07-15,2026-09-09,NREF,"NexPoint Real Estate Finance, Inc. Common Stock",US,USALL,Real Estate,stage2_breakout,D,late,False,Stage 2,63.8,49.3,5.5,21.2377,0.4739,20.966,1.15,Improving,17.290000915527344,18.6558,16.4171,24.657,29.6386,12.0,2.68,8,clear,52.0,False,clear,ok,587711.3364717963,2026-09-21,1.0,15.77,17.42,15.612,False,,False,,False,,,,watching,,,
NRIX@2026-07-01,2026-09-09,NRIX,"Nurix Therapeutics, Inc. - Common stock",US,USALL,Health Care,stage2_breakout,D,late,False,Stage 2,52.4,22.0,12.3,42.521,17.6631,23.0519,1.15,Improving,25.100000381469727,28.7753,25.3223,40.9335,51.0963,12.0,3.52,10,clear,31.0,False,rebalance_week,ok,18508759.73333956,2026-09-21,1.0,23.01,26.35,22.98,False,,False,,False,,,,watching,,,
NSP@2026-07-15,2026-09-09,NSP,"Insperity, Inc. Common Stock",US,USALL,Industrials,stage2_breakout,D,late,False,Stage 2,50.2,22.7,5.5,33.2304,0.0,33.2304,1.0,Improving,49.68999862670898,56.5061,49.7254,80.1088,99.9979,12.0,3.48,8,clear,57.0,False,clear,ok,18433059.42659216,2026-09-21,1.0,47.83,51.98,46.82,False,,False,,False,,,,watching,,,
NSTS@2026-08-19,2026-09-09,NSTS,"NSTS Bancorp, Inc. - Common Stock",US,USALL,Financials,stage2_breakout,D,live,False,Stage 2,69.7,49.1,6.5,12.0149,9.876,2.0261,1.15,Improving,14.109999656677246,14.1062,13.1438,16.6,18.64,6.82,2.59,3,unknown,,,clear,thin,76194.8484973115,2026-09-21,1.0,14.12,14.17,14.02,True,2026-09-21,False,,False,,0.07,0.01,open,,,
NTLA@2026-07-01,2026-09-09,NTLA,"Intellia Therapeutics, Inc. - Common Stock",US,USALL,Health Care,stage2_breakout,D,failed,False,Stage 4,-53.1,7.1,44.5,-11.9597,17.6631,-26.9786,0.88,Improving,11.739999771118164,18.9829,16.7049,26.796,33.4488,12.0,3.43,10,clear,59.0,False,rebalance_week,ok,40138467.48466091,2026-09-21,1.0,11.75,12.97,11.243,False,,False,,False,,,,watching,,,
NTRA@2026-07-01,2026-09-09,NTRA,"Natera, Inc. - Common Stock",US,USALL,Health Care,stage2_breakout,D,late,False,Stage 2,69.8,33.9,4.9,44.0256,17.6631,22.8354,1.15,Improving,328.92999267578125,349.0906,307.1998,497.611,621.1558,12.0,3.55,10,clear,59.0,False,rebalance_week,ok,228336452.9135948,2026-09-21,1.0,412.56,415.75,327.151,True,2026-09-14,False,,False,,1.59,1.52,open,,,
NTST@2026-07-15,2026-09-09,NTST,NetSTREIT Corp. Common Stock,US,USALL,Real Estate,stage2_breakout,D,failed,False,Stage 2 to 3,4.1,37.8,35.1,2.9718,0.4739,2.5618,1.15,Improving,19.63999938964844,22.4405,19.7476,26.3758,29.6991,12.0,1.46,8,clear,49.0,False,clear,ok,18482862.06026254,2026-09-21,1.0,18.21,19.94,17.95,False,,False,,False,,,,watching,,,
NUTX@2026-07-01,2026-09-09,NUTX,Nutex Health Inc. - Common Stock,US,USALL,Health Care,stage2_breakout,D,late,False,Stage 2,64.4,48.1,4.6,46.7944,17.6631,25.3573,1.15,Improving,200.2400054931641,209.7715,184.5989,295.8,369.24,12.0,3.42,10,clear,59.0,False,rebalance_week,ok,14607657.124122232,2026-09-21,1.0,220.11,224.28,198.25,True,2026-09-14,False,,False,,0.58,0.41,open,,,
NVRI@2026-07-01,2026-09-09,NVRI,Enviri Corporation Common Stock,US,USALL,Industrials,stage2_breakout,D,live,False,Stage 2,63.5,50.0,9.0,20.4243,0.0,20.4243,1.0,Improving,22.309999465942383,24.6583,21.6993,32.89,39.842,12.0,2.78,10,clear,70.0,False,rebalance_week,ok,9045099.379292397,2026-09-21,1.0,19.15,22.18,18.92,False,,False,,False,,,,watching,,,
NVS@2026-09-09,2026-09-09,NVS,Novartis AG Common Stock,US,USALL,Health Care,stage4_breakdown,D,live,False,Stage 4,-48.5,7.9,49.5,-4.5827,17.6631,-19.5034,0.88,Improving,137.16000366210938,140.1421,156.9591,118.1836,98.9306,12.0,1.31,0,clear,50.0,False,rebalance_week,ok,180063847.29244113,2026-09-21,1.0,145.46,145.51,137.37,True,2026-09-14,False,,False,,0.16,-0.32,open,,,
NWFL@2026-06-24,2026-09-09,NWFL,Norwood Financial Corp. - Common Stock,US,USALL,Financials,stage2_breakout,B,live,True,Stage 2,51.7,66.9,8.4,17.4746,9.876,7.091,1.15,Improving,34.52000045776367,35.9342,31.6221,43.8338,50.5169,12.0,1.83,11,clear,44.0,False,rebalance_week,ok,624888.5226998415,2026-09-21,1.0,33.78,35.32,33.15,False,,False,,False,,,,watching,,,
NWL@2026-06-24,2026-09-09,NWL,Newell Brands Inc. - Common Stock,US,USALL,Consumer Staples,stage2_breakout,D,late,False,Stage 2,47.6,23.4,7.2,33.3232,2.0049,31.4826,1.15,Improving,5.849999904632568,7.2239,6.357,10.2212,12.7589,12.0,3.46,11,clear,53.0,False,rebalance_week,ok,24937254.504581533,2026-09-21,1.0,5.43,5.94,5.31,False,,False,,False,,,,watching,,,
NX@2026-09-02,2026-09-09,NX,Quanex Building Products Corporation Common Stock,US,USALL,Industrials,stage2_breakout,D,late,False,Stage 2,57.9,40.1,7.2,23.9895,0.0,23.9895,1.0,Improving,21.56999969482422,23.8109,20.9536,33.6835,42.0463,12.0,3.46,1,event_driven,94.0,True,clear,ok,4664759.127922383,2026-09-21,1.0,19.74,21.62,19.11,False,,False,,False,,,,watching,,,
NXP@2026-07-15,2026-09-09,NXP,Nuveen Select Tax Free Income Portfolio Common Stock,US,USALL,Financials,stage2_breakout,D,failed,False,Stage 3,-20.5,36.4,60.4,-1.7464,9.876,-10.8766,0.88,Improving,13.75,14.5658,13.6494,15.3405,16.0088,6.29,0.85,8,unknown,,,clear,ok,1349943.3676374296,2026-09-21,1.0,13.06,13.77,12.9,False,,False,,False,,,,watching,,,
NXPL@2026-08-26,2026-09-09,NXPL,NextPlat Corp - Common Stock,US,USALL,Information Technology,stage2_breakout,D,late,False,Stage 2,72.6,24.5,2.0,35.664,18.0891,13.6587,1.15,Improving,9.0,10.2584,9.0274,14.413,17.9914,12.0,3.37,2,clear,,False,clear,thin,137681.3512012305,2026-09-21,1.0,9.01,9.88,8.75,False,,False,,False,,,,watching,,,
NXRT@2026-09-09,2026-09-09,NXRT,"NexPoint Residential Trust, Inc. Common Stock",US,USALL,Real Estate,stage4_breakdown,C,late,True,Stage 4,-72.3,1.3,44.5,-17.4287,0.4739,-17.9945,0.88,Improving,22.790000915527344,22.6902,25.413,15.5084,9.4351,12.0,2.64,0,clear,50.0,False,rebalance_week,ok,4172942.098279893,2026-09-21,1.0,19.64,22.96,19.62,True,2026-09-14,False,,False,,1.13,1.12,open,,,
OABI@2026-08-19,2026-09-09,OABI,"OmniAb, Inc. - Common Stock",US,USALL,Health Care,stage2_breakout,D,late,False,Stage 2,85.7,15.5,4.5,92.4262,17.6631,66.1279,1.15,Improving,4.070000171661377,5.5545,4.888,7.8735,9.8283,12.0,3.48,3,clear,58.0,False,clear,ok,1011374.2442118168,2026-09-21,1.0,4.61,4.995,4.12,False,,False,,False,,,,watching,,,
OBIO@2026-09-09,2026-09-09,OBIO,"Orchestra BioMed Holdings, Inc. - Ordinary Shares",US,USALL,Health Care,stage2_breakout,D,late,False,Stage 2,75.0,18.6,4.5,48.4224,17.6631,25.6268,1.15,Improving,6.119999885559082,5.9279,5.2166,8.381,10.4618,12.0,3.45,0,clear,59.0,False,rebalance_week,ok,696921.9834722098,2026-09-21,1.0,5.95,6.48,5.71,True,2026-09-14,False,,False,,0.78,0.03,open,,,
OESX@2026-08-26,2026-09-09,OESX,"Orion Energy Systems, Inc. - Common Stock",US,USALL,Industrials,stage2_breakout,D,late,False,Stage 2,77.5,33.2,5.7,111.8403,0.0,111.8403,1.0,Improving,27.25,28.1571,24.7782,39.6865,49.5397,12.0,3.41,2,clear,58.0,False,clear,ok,340303.92310574854,2026-09-21,1.0,30.59,30.6,25.0,True,2026-09-14,False,,False,,0.72,0.72,open,,,
OFLX@2026-09-09,2026-09-09,OFLX,"Omega Flex, Inc. - Common Stock",US,USALL,Industrials,stage4_breakdown,C,late,True,Stage 4,-74.3,5.5,68.7,-14.3201,0.0,-14.3201,0.88,Improving,25.57999992370605,25.1656,28.1855,14.1625,4.8925,12.0,3.64,0,clear,51.0,False,rebalance_week,ok,798217.308953074,2026-09-21,1.0,25.54,26.86,24.86,True,2026-09-21,False,,False,,0.1,-0.12,open,,,
OII@2026-07-22,2026-09-09,OII,"Oceaneering International, Inc. Common Stock",US,USALL,Energy,stage2_breakout,D,late,False,Stage 2,57.0,26.9,16.4,48.1439,7.5984,,1.0,Improving,51.09000015258789,55.2367,48.6083,76.94,95.092,12.0,3.27,7,event_driven,44.0,True,clear,ok,27628366.636849653,2026-09-21,1.0,46.26,50.41,45.18,False,,False,,False,,,,watching,,,
OMER@2026-08-19,2026-09-09,OMER,Omeros Corporation - Common Stock,US,USALL,Health Care,stage2_breakout,D,late,False,Stage 2,51.8,22.3,9.1,63.3096,17.6631,40.647,1.15,Improving,18.280000686645508,20.1417,17.7247,28.4925,35.5665,12.0,3.46,3,event_driven,66.0,True,clear,ok,12731531.296663132,2026-09-21,1.0,20.08,21.24,16.5,True,2026-09-21,False,,False,,0.45,-0.03,open,,,
ONON@2026-09-09,2026-09-09,ONON,On Holding AG Class A Ordinary Shares,US,USALL,Consumer Discretionary,stage4_breakdown,C,late,True,Stage 4,-81.4,3.7,56.1,-30.859,0.0,-30.859,0.88,Improving,27.40999984741211,26.7062,29.9109,15.158,5.2364,12.0,3.6,0,clear,65.0,False,rebalance_week,ok,135131946.33532295,2026-09-21,1.0,29.96,31.16,26.365,True,2026-09-14,True,2026-09-21,False,,0.11,-1.02,stopped out,,,
OOMA@2026-08-26,2026-09-09,OOMA,"Ooma, Inc. Common Stock",US,USALL,Information Technology,stage2_breakout,D,late,False,Stage 2,83.4,19.3,5.5,49.1178,18.0891,27.9655,1.15,Improving,22.770000457763672,26.69,23.4872,37.9755,47.4039,12.0,3.52,2,event_driven,91.0,True,clear,ok,4555982.687774305,2026-09-21,1.0,21.77,23.49,21.4,False,,False,,False,,,,watching,,,
OPBK@2026-06-24,2026-09-09,OPBK,OP Bancorp - Common Stock,US,USALL,Financials,stage2_breakout,B,live,True,Stage 2,42.7,44.8,8.6,10.0343,9.876,0.1371,1.15,Improving,15.359999656677246,17.0393,14.9946,21.4777,25.1958,12.0,2.17,11,clear,45.0,False,rebalance_week,ok,385685.7441076759,2026-09-21,1.0,15.18,15.67,14.85,False,,False,,False,,,,watching,,,
OPFI@2026-08-12,2026-09-09,OPFI,OppFi Inc. Class A Common Stock,US,USALL,Financials,stage4_breakdown,C,live,True,Stage 4,-37.8,9.1,33.1,-13.4905,9.876,-21.7901,0.88,Improving,7.980000019073486,6.273,7.0258,3.575,1.235,12.0,3.58,4,event_driven,51.0,True,clear,ok,3725391.1935932026,2026-09-21,1.0,6.28,8.05,6.195,True,2026-09-21,False,,False,,0.1,-0.01,open,,,
OPHC@2026-07-08,2026-09-09,OPHC,"OptimumBank Holdings, Inc. Common Stock",US,USALL,Financials,stage2_breakout,D,late,False,Stage 2,60.8,0.0,11.1,65.3717,9.876,52.0776,1.15,Improving,9.06999969482422,10.8405,9.5397,15.486,19.3308,12.0,3.57,9,clear,46.0,False,clear,thin,109447.00417576155,2026-09-21,1.0,8.85,9.35,8.74,False,,False,,False,,,,watching,,,
OPRT@2026-08-05,2026-09-09,OPRT,Oportun Financial Corporation - common stock,US,USALL,Financials,stage2_breakout,D,late,False,Stage 2,65.0,29.8,3.2,39.8537,9.876,27.6618,1.15,Improving,7.869999885559082,8.4924,7.4733,12.035,15.023,12.0,3.48,5,event_driven,57.0,True,clear,ok,1766970.1916411673,2026-09-21,1.0,8.55,8.66,7.66,True,2026-09-21,False,,False,,0.16,0.06,open,,,
OR@2026-07-15,2026-09-09,OR,OR Royalties Inc. Common Shares,US,USALL,Materials,stage4_breakdown,C,live,True,Stage 4 to 1,-0.1,28.1,22.6,-1.124,0.0,-1.124,0.88,Improving,36.02999877929688,26.7124,29.9178,15.147,5.2326,12.0,3.61,8,clear,58.0,False,clear,ok,24048063.972001307,2026-09-21,1.0,35.78,37.78,34.625,False,,False,,False,,,,watching,,,
ORKA@2026-08-12,2026-09-09,ORKA,"Oruka Therapeutics, Inc. - Common Stock",US,USALL,Health Care,stage2_breakout,D,late,False,Stage 2,60.5,14.2,12.7,75.1592,17.6631,55.8164,1.15,Improving,92.37999725341795,118.1175,103.9434,167.504,209.0912,12.0,3.48,4,event_driven,65.0,True,clear,ok,59575509.911493935,2026-09-21,1.0,84.46,98.29,82.7,False,,False,,False,,,,watching,,,
ORN@2026-06-24,2026-09-09,ORN,"Orion Group Holdings, Inc. Common",US,USALL,Industrials,stage2_breakout,D,failed,False,Stage 4,-71.3,5.2,79.0,-18.542,0.0,-18.542,0.88,Improving,9.359999656677246,17.7723,15.6396,25.23,31.494,12.0,3.5,11,clear,50.0,False,rebalance_week,ok,3395681.438022548,2026-09-21,1.0,8.58,9.4,8.38,False,,False,,False,,,,watching,,,
ORRF@2026-06-24,2026-09-09,ORRF,"Orrstown Financial Services, Inc. - Common Stock",US,USALL,Financials,stage2_breakout,B,live,True,Stage 2,46.8,60.2,8.4,14.7445,9.876,4.5735,1.15,Improving,42.34000015258789,44.3736,39.0487,54.7613,63.5223,12.0,1.95,11,clear,43.0,False,rebalance_week,ok,3496887.3528701263,2026-09-21,1.0,41.77,42.9,40.99,False,,False,,False,,,,watching,,,
OSPN@2026-08-05,2026-09-09,OSPN,OneSpan Inc. - Common Stock,US,USALL,Information Technology,stage2_breakout,D,late,False,Stage 2,75.0,35.4,1.6,29.3413,18.0891,9.0132,1.15,Improving,16.850000381469727,18.6339,16.3979,26.5901,33.1918,12.0,3.56,5,event_driven,52.0,True,clear,ok,4322219.761347058,2026-09-21,1.0,17.81,18.08,17.05,False,,False,,False,,,,watching,,,
OSW@2026-06-24,2026-09-09,OSW,OneSpaWorld Holdings Limited - Common Shares,US,USALL,Consumer Discretionary,stage2_breakout,D,failed,False,Stage 3 to 4,-44.1,16.5,50.9,-5.1284,0.0,-5.1284,0.88,Improving,21.739999771118164,29.6685,26.1083,39.0428,46.9233,12.0,2.63,11,clear,51.0,False,rebalance_week,ok,14728623.282130092,2026-09-21,1.0,22.92,23.25,21.4,False,,False,,False,,,,watching,,,
OTTR@2026-07-15,2026-09-09,OTTR,Otter Tail Corporation - Common Stock,US,USALL,Industrials,stage2_breakout,D,failed,False,Stage 1 to 2,5.9,52.0,45.1,3.3158,0.0,3.3158,1.0,Improving,88.05999755859375,96.1798,84.6382,107.9549,118.2469,12.0,1.02,8,clear,56.0,False,clear,ok,15075583.310445834,2026-09-21,1.0,89.34,90.55,86.64,False,,False,,False,,,,watching,,,
PAC@2026-08-12,2026-09-09,PAC,"Grupo Aeroportuario Del Pacifico, S.A. B. de C.V. Grupo Aeroportuario Del Pacifico, S.A. de C.V. (each representing 10 Series B shares)",US,USALL,Industrials,stage4_breakdown,C,late,True,Stage 4,-66.9,6.5,60.5,-15.6808,0.0,-15.6808,0.88,Improving,203.4600067138672,197.5985,221.3103,110.7865,38.2717,12.0,3.66,4,clear,42.0,False,clear,ok,20114864.740950864,2026-09-21,1.0,215.94,216.47,196.99,True,2026-09-14,False,,False,,0.03,-0.77,open,,,
PACS@2026-07-15,2026-09-09,PACS,"PACS Group, Inc. Common Stock",US,USALL,Health Care,stage2_breakout,D,late,False,Stage 2,42.1,40.1,11.8,33.2356,17.6631,15.521,1.15,Improving,44.7599983215332,50.5236,44.4608,69.625,85.733,12.0,3.15,8,clear,63.0,False,clear,ok,21000952.09644895,2026-09-21,1.0,41.3,45.35,40.61,False,,False,,False,,,,watching,,,
PAGP@2026-07-29,2026-09-09,PAGP,"Plains GP Holdings, L.P. - Class A Shares representing limited partner interests",US,USALL,Energy,stage2_breakout,D,late,False,Stage 2,85.2,51.0,7.4,30.0993,7.5984,,1.0,Improving,27.989999771118164,28.9873,25.5088,37.722,44.9396,12.0,2.51,6,clear,58.0,False,clear,ok,30779163.12156209,2026-09-21,1.0,26.58,28.5,26.13,False,,False,,False,,,,watching,,,
PARR@2026-07-29,2026-09-09,PARR,"Par Pacific Holdings, Inc.  Common Stock",US,USALL,Energy,stage2_breakout,D,late,False,Stage 2,62.1,26.1,12.5,58.6446,7.5984,,1.0,Improving,84.6500015258789,89.2262,78.519,126.1935,157.5243,12.0,3.45,6,clear,57.0,False,clear,ok,55688217.97399604,2026-09-21,1.0,77.46,87.72,74.225,False,,False,,False,,,,watching,,,
PATK@2026-09-09,2026-09-09,PATK,"Patrick Industries, Inc. - Common Stock",US,USALL,Consumer Discretionary,stage4_breakdown,C,late,True,Stage 4,-86.7,8.4,69.0,-27.8091,0.0,-27.8091,0.88,Improving,73.4000015258789,78.7418,88.1909,44.341,15.3178,12.0,3.64,0,clear,52.0,False,rebalance_week,ok,30065326.174878232,2026-09-21,1.0,68.49,74.77,67.0,True,2026-09-14,False,,False,,1.24,1.08,open,,,
PAYC@2026-08-19,2026-09-09,PAYC,"Paycom Software, Inc. Common Stock",US,USALL,Information Technology,stage2_breakout,D,late,False,Stage 2,72.7,18.3,0.4,38.5171,18.0891,15.858,1.15,Improving,218.9100036621093,249.3144,219.3966,355.221,443.4138,12.0,3.54,3,clear,58.0,False,clear,ok,94875122.52337004,2026-09-21,1.0,220.46,232.86,218.21,False,,False,,False,,,,watching,,,
PAYO@2026-06-24,2026-09-09,PAYO,Payoneer Global Inc. - Common Stock,US,USALL,Information Technology,stage2_breakout,D,late,False,Stage 2,63.8,53.5,4.5,21.0469,18.0891,1.7425,1.15,Improving,7.119999885559082,7.2562,6.3855,10.28,12.76,12.0,3.47,11,clear,58.0,False,rebalance_week,ok,14756222.00165128,2026-09-21,1.0,7.17,7.19,7.1,False,,False,,False,,,,watching,,,
PBAM@2026-08-05,2026-09-09,PBAM,"Private Bancorp of America, Inc. - Common Stock",US,USALL,Financials,stage2_breakout,D,late,False,Stage 2,85.6,25.6,5.8,32.7619,9.876,21.3401,1.15,Improving,90.8499984741211,91.2226,80.2759,117.22,138.508,12.0,2.37,5,clear,,False,clear,ok,270917.8850241065,2026-09-21,1.0,86.25,91.85,85.72,True,2026-09-14,False,,False,,0.06,-0.45,open,,,
PBFS@2026-06-17,2026-09-09,PBFS,"Pioneer Bancorp, Inc. - Common Stock",US,USALL,Financials,stage2_breakout,D,late,False,Stage 2,68.5,52.5,5.4,21.5225,9.876,10.88,1.15,Improving,18.059999465942383,19.6704,17.3099,25.43,30.238,12.0,2.44,12,clear,52.0,False,rebalance_week,thin,144287.74434810254,2026-09-21,1.0,17.67,18.295,17.27,False,,False,,False,,,,watching,,,
PBHC@2026-06-17,2026-09-09,PBHC,"Pathfinder Bancorp, Inc. - Common Stock",US,USALL,Financials,stage2_breakout,C,late,True,Stage 2,72.4,71.0,4.9,18.8719,9.876,8.1378,1.15,Improving,17.209999084472656,17.5609,15.4536,22.1719,26.0755,12.0,2.19,12,unknown,,,rebalance_week,thin,49321.57098816669,2026-09-21,1.0,17.35,18.3,16.87,True,2026-09-14,False,,False,,0.35,-0.1,open,,,
PBYI@2026-07-15,2026-09-09,PBYI,Puma Biotechnology Inc - Common Stock,US,USALL,Health Care,stage2_breakout,D,late,False,Stage 2,57.2,35.5,10.2,34.7464,17.6631,15.3339,1.15,Improving,9.119999885559082,9.9356,8.7433,13.98,17.372,12.0,3.39,8,clear,59.0,False,clear,ok,1571307.9169004515,2026-09-21,1.0,9.77,9.98,9.02,True,2026-09-21,False,,False,,0.04,-0.14,open,,,
PCM@2026-09-09,2026-09-09,PCM,"PCM Fund, Inc. Common Stock",US,USALL,Financials,stage4_breakdown,C,live,True,Stage 1,-56.3,11.4,24.1,-7.2581,9.876,-15.9641,0.88,Improving,5.099999904632568,5.1119,5.7253,4.6082,4.1699,12.0,0.82,0,unknown,,,rebalance_week,ok,166482.13584809616,2026-09-21,1.0,4.96,5.11,4.9,True,2026-09-14,False,,False,,0.35,0.25,open,,,
PD@2026-08-26,2026-09-09,PD,"PagerDuty, Inc. Common Stock",US,USALL,Information Technology,stage2_breakout,D,late,False,Stage 2,77.1,54.4,0.0,30.0392,18.0891,7.5589,1.15,Improving,14.09000015258789,14.7593,12.9882,20.9235,26.1183,12.0,3.48,2,event_driven,78.0,True,clear,ok,11724109.5227496,2026-09-21,1.0,14.38,15.05,13.95,True,2026-09-14,False,,False,,0.16,-0.21,open,,,
PDCC@2026-07-29,2026-09-09,PDCC,Pearl Diver Credit Company Inc. Common Stock,US,USALL,Financials,stage4_breakdown,C,live,True,Stage 4,-53.4,15.1,38.3,-19.1216,9.876,-27.2156,0.88,Improving,8.960000038146973,8.1802,9.1618,4.5801,1.5822,12.0,3.67,6,clear,,False,clear,thin,41550.18579871183,2026-09-21,1.0,8.7002,9.1,8.62,False,,False,,False,,,,watching,,,
PDEX@2026-09-02,2026-09-09,PDEX,"Pro-Dex, Inc. - Common Stock",US,USALL,Health Care,stage2_breakout,D,live,False,Stage 2,46.2,36.2,11.1,29.519,17.6631,11.4897,1.15,Improving,62.810001373291016,79.0041,69.5236,111.65,139.37,12.0,3.44,1,event_driven,52.0,True,clear,ok,2440302.510468026,2026-09-21,1.0,71.77,74.2,62.57,False,,False,,False,,,,watching,,,
PDM@2026-07-01,2026-09-09,PDM,"Piedmont Realty Trust, Inc. Class A Common Stock",US,USALL,Real Estate,stage2_breakout,D,late,False,Stage 2,56.2,53.2,5.3,13.0204,0.4739,12.6625,1.15,Improving,9.56999969482422,10.2666,9.0346,13.94,16.988,12.0,2.98,10,clear,50.0,False,rebalance_week,ok,6588600.552910814,2026-09-21,1.0,9.17,9.67,8.75,False,,False,,False,,,,watching,,,
PDT@2026-09-09,2026-09-09,PDT,John Hancock Premium Dividend Fund,US,USALL,Financials,stage4_breakdown,C,live,True,Stage 3,-29.8,34.0,40.7,-2.3067,9.876,-11.3677,0.88,Improving,12.130000114440918,12.2021,12.9933,11.4764,10.8421,6.48,0.92,0,unknown,,,rebalance_week,ok,1084019.203229643,2026-09-21,1.0,11.78,12.35,11.665,True,2026-09-14,False,,False,,0.68,0.53,open,,,
PEBO@2026-06-24,2026-09-09,PEBO,Peoples Bancorp Inc. - Common Stock,US,USALL,Financials,stage2_breakout,D,live,False,Stage 2,55.6,53.7,11.1,20.3294,9.876,9.9119,1.15,Improving,39.810001373291016,42.5109,37.4096,54.1501,63.7661,12.0,2.28,11,clear,43.0,False,rebalance_week,ok,6115104.915586912,2026-09-21,1.0,39.22,40.24,38.39,False,,False,,False,,,,watching,,,
PEO@2026-09-02,2026-09-09,PEO,"Adams Natural Resources Fund, Inc. Common Stock",US,USALL,Financials,stage2_breakout,D,late,False,Stage 2,75.1,67.8,5.7,22.9911,9.876,12.104,1.15,Improving,29.32999992370605,29.8062,26.2294,35.6176,40.4877,12.0,1.62,1,unknown,,,clear,ok,1314475.147806459,2026-09-21,1.0,27.99,29.74,27.9,False,,False,,False,,,,watching,,,
PFIS@2026-06-24,2026-09-09,PFIS,Peoples Financial Services Corp.  - Common Stock,US,USALL,Financials,stage2_breakout,D,late,False,Stage 2,65.7,55.6,8.1,29.6926,9.876,18.6545,1.15,Improving,71.9800033569336,73.6526,64.8143,96.3876,115.3285,12.0,2.57,11,clear,52.0,False,rebalance_week,ok,2654494.9449409787,2026-09-21,1.0,69.8,72.85,68.35,False,,False,,False,,,,watching,,,
PFLT@2026-06-24,2026-09-09,PFLT,PennantPark Floating Rate Capital Ltd. Common Stock,US,USALL,Financials,stage4_breakdown,C,live,True,Stage 4,-59.6,12.3,41.9,-9.9479,9.876,-18.4932,0.88,Improving,7.119999885559082,6.6615,7.4609,4.6487,2.9635,12.0,2.52,11,clear,77.0,False,rebalance_week,ok,5846704.947087204,2026-09-21,1.0,6.99,7.33,6.94,False,,False,,False,,,,watching,,,
PFS@2026-07-29,2026-09-09,PFS,"Provident Financial Services, Inc Common Stock",US,USALL,Financials,stage2_breakout,D,live,False,Stage 2,33.2,61.1,22.7,10.3788,9.876,0.6342,1.15,Improving,23.299999237060547,25.5145,22.4528,31.0064,35.6151,12.0,1.79,6,event_driven,52.0,True,clear,ok,14696838.024848487,2026-09-21,1.0,22.84,23.64,22.36,False,,False,,False,,,,watching,,,
PGEN@2026-06-24,2026-09-09,PGEN,"Precigen, Inc. - Common Stock",US,USALL,Health Care,stage2_breakout,D,late,False,Stage 2,77.1,18.7,5.6,50.137,17.6631,28.43,1.15,Improving,6.849999904632568,7.9206,6.9701,11.194,13.9732,12.0,3.44,11,clear,66.0,False,rebalance_week,ok,14721424.81021135,2026-09-14,0.0,7.78,8.04,6.76,True,2026-09-14,True,2026-09-14,False,,0.13,-0.15,stopped out,,,
PGNY@2026-07-15,2026-09-09,PGNY,"Progyny, Inc. - Common Stock",US,USALL,Health Care,stage2_breakout,D,late,False,Stage 2,63.5,36.6,7.9,15.7013,17.6631,-2.0797,0.88,Improving,27.350000381469727,33.6124,29.5789,47.9442,59.8476,12.0,3.55,8,clear,59.0,False,clear,ok,22250918.17786199,2026-09-21,1.0,25.44,27.98,25.25,False,,False,,False,,,,watching,,,
PINE@2026-07-15,2026-09-09,PINE,"Alpine Income Property Trust, Inc. Common Stock",US,USALL,Real Estate,stage2_breakout,D,failed,False,Stage 2 to 3,0.7,42.9,45.4,4.4259,0.4739,4.152,1.15,Improving,18.309999465942383,21.8733,19.2485,25.9875,29.4829,12.0,1.57,8,clear,45.0,False,clear,ok,1888282.949272181,2026-09-21,1.0,17.07,18.42,16.62,False,,False,,False,,,,watching,,,
PLBC@2026-06-24,2026-09-09,PLBC,Plumas Bancorp - Common Stock,US,USALL,Financials,stage2_breakout,D,late,False,Stage 2,55.6,56.9,10.9,24.599,9.876,13.8969,1.15,Improving,62.720001220703125,64.7595,56.9883,81.5949,95.6709,12.0,2.17,11,clear,44.0,False,rebalance_week,ok,2237405.477961552,2026-09-21,1.0,62.29,63.37,60.31,False,,False,,False,,,,watching,,,
PLOW@2026-06-24,2026-09-09,PLOW,"Douglas Dynamics, Inc. Common Stock",US,USALL,Consumer Discretionary,stage2_breakout,D,failed,False,Stage 3 to 4,-16.5,34.6,55.5,1.8071,0.0,1.8071,1.0,Improving,40.2400016784668,55.8546,49.1521,71.32,84.376,12.0,2.31,11,clear,56.0,False,rebalance_week,ok,6935756.317086628,2026-09-21,1.0,39.74,40.53,38.7,False,,False,,False,,,,watching,,,
PLPC@2026-08-05,2026-09-09,PLPC,Preformed Line Products Company - Common Stock,US,USALL,Industrials,stage2_breakout,D,late,False,Stage 2,49.9,20.1,19.8,43.9359,0.0,43.9359,1.0,Improving,423.5400085449219,516.7899,454.7751,731.8005,913.4889,12.0,3.47,5,event_driven,51.0,True,clear,ok,26603267.7652115,2026-09-21,1.0,423.33,441.39,390.65,False,,False,,False,,,,watching,,,
PLRX@2026-07-29,2026-09-09,PLRX,"Pliant Therapeutics, Inc. - Common Stock",US,USALL,Health Care,stage4_breakdown,C,live,True,Stage 4,-20.2,29.4,26.2,-8.8198,17.6631,-24.7636,0.88,Improving,1.1699999570846558,0.9923,1.1114,0.605,0.273,12.0,3.25,6,clear,59.0,False,clear,ok,346303.4238047912,2026-09-21,1.0,1.08,1.18,1.07,False,,False,,False,,,,watching,,,
PLSE@2026-08-19,2026-09-09,PLSE,"Pulse Biosciences, Inc - Common Stock",US,USALL,Health Care,stage2_breakout,D,late,False,Stage 2,89.7,25.5,4.9,125.6455,17.6631,96.8413,1.15,Improving,53.11000061035156,56.7508,49.9407,80.2865,100.2197,12.0,3.46,3,clear,59.0,False,clear,ok,5798700.5630298685,2026-09-21,1.0,51.63,56.74,48.61,False,,False,,False,,,,watching,,,
PLUS@2026-07-29,2026-09-09,PLUS,ePlus inc. - Common Stock,US,USALL,Information Technology,stage2_breakout,D,live,False,Stage 2,54.6,51.4,16.9,10.4996,18.0891,-7.8824,0.88,Improving,91.83000183105467,99.4014,87.4733,123.0431,143.2114,12.0,1.98,6,clear,63.0,False,clear,ok,12422907.135469845,2026-09-21,1.0,90.51,94.32,89.63,False,,False,,False,,,,watching,,,
PMTS@2026-06-24,2026-09-09,PMTS,CPI Card Group Inc. - Common Stock,US,USALL,Financials,stage2_breakout,D,late,False,Stage 2,55.9,24.4,11.7,31.0623,9.876,20.2945,1.15,Improving,22.5,31.9614,28.126,45.3125,56.5625,12.0,3.48,11,clear,57.0,False,rebalance_week,ok,618886.6278279303,2026-09-21,1.0,24.75,25.29,22.04,False,,False,,False,,,,watching,,,
POWW@2026-07-08,2026-09-09,POWW,Outdoor Holding Company - Common Stock,US,USALL,Industrials,stage2_breakout,D,live,False,Stage 2,26.3,36.3,13.7,10.0775,0.0,10.0775,1.0,Improving,2.130000114440918,2.7189,2.3927,3.58,4.308,12.0,2.64,9,clear,70.0,False,clear,ok,780171.0390261753,2026-09-21,1.0,2.29,2.39,2.1,False,,False,,False,,,,watching,,,
PPIH@2026-07-29,2026-09-09,PPIH,"Perma-Pipe International Holdings, Inc. - Common Stock",US,USALL,Industrials,stage4_breakdown,D,failed,True,Stage 2 to 3,49.0,40.3,9.4,7.5533,0.0,7.5533,1.0,Improving,30.90999984741211,22.3219,25.0005,12.672,4.3776,12.0,3.6,6,event_ahead,2.0,False,clear,ok,1624877.9793382806,2026-09-21,1.0,31.74,31.91,29.25,False,,False,,False,,,,watching,,,
PPLI@2026-07-01,2026-09-09,PPLI,People Incorporated - Common Stock,US,USALL,Communication Services,stage2_breakout,D,failed,False,Stage 3 to 4,-45.2,11.9,52.3,-4.0353,0.0,-4.0353,0.88,Improving,37.5099983215332,49.0414,43.1564,63.43,75.518,12.0,2.44,10,clear,56.0,False,rebalance_week,ok,27604563.85844419,2026-09-21,1.0,40.0,40.5,35.38,False,,False,,False,,,,watching,,,
PRCH@2026-07-01,2026-09-09,PRCH,"Porch Group, Inc. - Common Stock",US,USALL,Financials,stage2_breakout,D,late,False,Stage 2,58.2,19.0,4.5,43.778,9.876,31.2858,1.15,Improving,16.450000762939453,18.8163,16.5584,26.6365,33.2497,12.0,3.46,10,clear,58.0,False,rebalance_week,ok,12046664.126674015,2026-09-21,1.0,16.53,17.5,15.49,False,,False,,False,,,,watching,,,
PRE@2026-08-26,2026-09-09,PRE,Prenetics Global Limited - Class A Ordinary Share,US,USALL,Consumer Staples,stage2_breakout,D,late,False,Stage 2,70.0,25.0,4.8,33.0869,2.0049,30.7609,1.15,Improving,23.46999931335449,28.0876,24.7171,39.498,49.3044,12.0,3.39,2,event_driven,64.0,True,clear,ok,2518445.6789476536,2026-09-21,1.0,22.97,25.01,21.55,False,,False,,False,,,,watching,,,
PRG@2026-06-24,2026-09-09,PRG,"PROG Holdings, Inc. Common Stock",US,USALL,Industrials,stage2_breakout,D,live,False,Stage 2,20.1,33.7,15.6,8.0571,0.0,8.0571,1.0,Improving,36.959999084472656,48.4403,42.6274,68.1061,84.5337,12.0,3.38,11,clear,51.0,False,rebalance_week,ok,12145525.54717272,2026-09-21,1.0,32.68,37.56,32.1,False,,False,,False,,,,watching,,,
PRGO@2026-09-02,2026-09-09,PRGO,Perrigo Company plc Ordinary Shares,US,USALL,Health Care,stage2_breakout,D,late,False,Stage 2,57.7,36.4,3.7,5.6947,17.6631,-13.2443,0.88,Improving,13.65999984741211,15.3144,13.4767,21.1855,26.1339,12.0,3.19,1,clear,58.0,False,clear,ok,22218721.34214076,2026-09-21,1.0,15.42,15.69,13.15,True,2026-09-21,False,,False,,0.2,0.06,open,,,
PRK@2026-07-01,2026-09-09,PRK,Park National Corporation Common Stock,US,USALL,Financials,stage2_breakout,B,live,True,Stage 2,39.1,36.9,14.0,11.085,9.876,1.2702,1.15,Improving,187.44000244140625,216.4587,190.4836,279.3277,331.7258,12.0,2.42,10,clear,49.0,False,rebalance_week,ok,12035817.173243243,2026-09-21,1.0,181.68,190.21,178.66,False,,False,,False,,,,watching,,,
PRLD@2026-08-19,2026-09-09,PRLD,Prelude Therapeutics Incorporated - Common Stock,US,USALL,Health Care,stage2_breakout,D,live,False,Stage 2,46.6,33.6,11.7,42.2069,17.6631,25.2958,1.15,Improving,4.590000152587891,7.0564,6.2096,9.9035,12.3623,12.0,3.36,3,event_driven,65.0,True,clear,ok,1204424.8014573553,2026-09-21,1.0,3.875,4.91,3.83,False,,False,,False,,,,watching,,,
PROV@2026-07-29,2026-09-09,PROV,"Provident Financial Holdings, Inc. - Common Stock",US,USALL,Financials,stage2_breakout,D,live,False,Stage 2,71.5,61.0,3.0,14.3283,9.876,4.0192,1.15,Improving,18.6299991607666,19.121,16.8265,22.5401,25.3802,12.0,1.49,6,event_driven,50.0,True,clear,ok,101045.1266709321,2026-09-21,1.0,18.42,18.95,18.21,False,,False,,False,,,,watching,,,
PRQR@2026-08-19,2026-09-09,PRQR,ProQR Therapeutics N.V. - Ordinary Shares,US,USALL,Health Care,stage2_breakout,D,failed,False,Stage 1 to 2,5.2,29.1,8.3,-2.0408,17.6631,-18.8608,0.88,Improving,1.8600000143051147,2.5358,2.2315,3.567,4.4526,12.0,3.39,3,event_driven,59.0,True,clear,ok,865145.8506792051,2026-09-21,1.0,1.65,1.92,1.63,False,,False,,False,,,,watching,,,
PRSU@2026-06-24,2026-09-09,PRSU,"Pursuit Attractions and Hospitality, Inc. Common Stock",US,USALL,Consumer Discretionary,stage2_breakout,D,live,False,Stage 2,58.9,37.4,15.7,19.415,0.0,19.415,1.0,Improving,48.54999923706055,57.3304,50.4507,80.63,99.918,12.0,3.39,11,clear,58.0,False,rebalance_week,ok,7487619.535303744,2026-09-21,1.0,49.28,50.63,47.1,False,,False,,False,,,,watching,,,
PRTH@2026-06-17,2026-09-09,PRTH,"Priority Technology Holdings, Inc. - Common Stock",US,USALL,Information Technology,stage2_breakout,D,live,False,Stage 3,22.2,15.2,26.7,0.4357,18.0891,-16.1483,0.88,Improving,5.940000057220459,7.6078,6.6949,10.3,12.592,12.0,2.95,12,clear,59.0,False,rebalance_week,ok,1333911.2823661151,2026-09-21,1.0,7.78,7.84,5.75,True,2026-09-21,False,,False,,0.25,0.19,open,,,
PRVA@2026-07-01,2026-09-09,PRVA,"Privia Health Group, Inc. - Common Stock",US,USALL,Health Care,stage2_breakout,D,failed,False,Stage 4,-64.2,4.3,66.4,-12.5626,17.6631,-26.9218,0.88,Improving,20.420000076293945,29.2699,25.7575,38.11,45.542,12.0,2.52,10,clear,59.0,False,rebalance_week,ok,16855587.530076005,2026-09-21,1.0,19.71,21.09,18.915,False,,False,,False,,,,watching,,,
PSNL@2026-07-15,2026-09-09,PSNL,"Personalis, Inc. - Common Stock",US,USALL,Health Care,stage2_breakout,D,late,False,Stage 2,80.3,19.3,4.5,66.9099,17.6631,43.9619,1.15,Improving,16.209999084472656,19.3848,17.0586,27.3905,34.1909,12.0,3.44,8,clear,57.0,False,clear,ok,22135916.36892719,2026-09-21,1.0,16.46,16.77,15.915,False,,False,,False,,,,watching,,,
PTGX@2026-07-01,2026-09-09,PTGX,"Protagonist Therapeutics, Inc. - Common Stock",US,USALL,Health Care,stage2_breakout,D,late,False,Stage 2,59.6,26.7,10.3,46.2514,17.6631,25.7474,1.15,Improving,148.17999267578125,163.4452,143.8318,233.1745,291.0661,12.0,3.56,10,clear,59.0,False,rebalance_week,ok,51412723.17431504,2026-09-21,1.0,141.86,151.24,134.1,False,,False,,False,,,,watching,,,
PXS@2026-08-19,2026-09-09,PXS,Pyxis Tankers Inc. - Common Stock,US,USALL,Energy,stage2_breakout,D,late,False,Stage 2,84.6,15.9,6.5,76.6629,7.5984,,1.0,Improving,6.880000114440918,6.8873,6.0609,9.7875,12.2175,12.0,3.51,3,clear,73.0,False,clear,thin,142326.7467624968,2026-09-21,1.0,6.53,8.3,6.29,True,2026-09-14,False,,False,,1.71,-0.43,open,,,
PYT@2026-09-02,2026-09-09,PYT,PPlus Tr GSC-2 Tr Ctf Fltg Rate,US,USALL,,stage2_breakout,D,live,True,Stage 1 to 2,33.5,53.7,30.5,4.0104,,,1.0,Improving,23.770000457763672,25.0355,22.9161,30.0451,34.1371,8.47,2.36,1,unknown,,,clear,untradeable,11308.057742904664,2026-09-21,1.0,23.77,23.77,23.77,False,,False,,False,,,,watching,,,
PZZA@2026-08-05,2026-09-09,PZZA,"Papa John's International, Inc. - Common Stock",US,USALL,Consumer Discretionary,stage4_breakdown,C,late,True,Stage 4,-77.0,3.1,53.7,-41.8101,0.0,-41.8101,0.88,Improving,20.559999465942383,21.2899,23.8447,12.144,4.1952,12.0,3.58,5,event_driven,59.0,True,clear,ok,22566663.747606628,2026-09-21,1.0,19.55,21.83,19.31,True,2026-09-14,False,,False,,0.77,0.68,open,,,
QCRH@2026-06-24,2026-09-09,QCRH,"QCR Holdings, Inc. - Common Stock",US,USALL,Financials,stage2_breakout,B,live,True,Stage 2,43.8,55.8,10.9,15.8882,9.876,5.7153,1.15,Improving,102.56999969482422,109.3574,96.2345,136.7542,159.6695,12.0,2.09,11,clear,44.0,False,rebalance_week,ok,7042528.497903312,2026-09-21,1.0,100.92,103.86,97.62,False,,False,,False,,,,watching,,,
QMCO@2026-08-12,2026-09-09,QMCO,Quantum Corporation - Common Stock,US,USALL,Information Technology,stage2_breakout,D,late,False,Stage 2,57.8,11.4,9.1,134.425,18.0891,104.3457,1.15,Improving,23.57999992370605,28.7246,25.2776,40.31,50.318,12.0,3.36,4,event_driven,63.0,True,clear,ok,6279578.57615822,2026-09-21,1.0,31.68,33.01,21.8,True,2026-09-21,True,2026-09-21,False,,1.24,0.86,stopped out,,,
QNST@2026-07-08,2026-09-09,QNST,"QuinStreet, Inc. - Common Stock",US,USALL,Communication Services,stage2_breakout,D,late,False,Stage 2,50.7,15.9,11.3,27.8267,0.0,27.8267,1.0,Improving,18.3799991607666,22.7288,20.0014,32.3205,40.3449,12.0,3.52,9,clear,59.0,False,clear,ok,7815337.180655079,2026-09-21,1.0,14.41,19.08,13.96,False,,False,,False,,,,watching,,,
QRVO@2026-09-09,2026-09-09,QRVO,"Qorvo, Inc. - Common Stock",US,USALL,Information Technology,stage2_breakout,D,late,False,Stage 2,76.3,28.0,3.9,31.1275,18.0891,9.897,1.15,Improving,116.6500015258789,111.4282,98.0568,144.06,171.716,12.0,2.44,0,clear,63.0,False,rebalance_week,ok,73854343.22667873,2026-09-21,1.0,117.97,121.09,107.84,True,2026-09-14,False,,False,,0.72,0.49,open,,,
QUAD@2026-07-29,2026-09-09,QUAD,"Quad Graphics, Inc Class A Common Stock",US,USALL,Industrials,stage2_breakout,D,late,False,Stage 2,66.0,14.0,13.2,42.5847,0.0,42.5847,1.0,Improving,10.100000381469728,11.213,9.8675,16.0048,19.9785,12.0,3.56,6,event_driven,50.0,True,clear,ok,1096206.513800533,2026-09-21,1.0,9.43,10.34,9.09,False,,False,,False,,,,watching,,,
RACE@2026-08-19,2026-09-09,RACE,Ferrari N.V. Common Shares,US,USALL,Consumer Discretionary,stage2_breakout,D,late,False,Stage 2,63.8,49.4,0.1,10.1401,0.0,10.1401,1.0,Improving,413.7799987792969,442.7753,389.6422,565.3555,667.92,12.0,2.31,3,clear,57.0,False,clear,ok,137595098.0560335,2026-09-21,1.0,411.33,419.8,401.86,False,,False,,False,,,,watching,,,
RAPP@2026-08-05,2026-09-09,RAPP,"Rapport Therapeutics, Inc. - Common Stock",US,USALL,Health Care,stage2_breakout,D,late,False,Stage 2,52.4,36.7,9.5,29.8861,17.6631,11.2011,1.15,Improving,43.619998931884766,54.0791,47.5896,76.7485,95.8033,12.0,3.49,5,event_driven,59.0,True,clear,ok,8553315.564232443,2026-09-21,1.0,33.91,44.9,31.58,False,,False,,False,,,,watching,,,
RBRK@2026-08-12,2026-09-09,RBRK,"Rubrik, Inc. Class A Common Stock",US,USALL,Information Technology,stage2_breakout,D,late,False,Stage 2,50.5,23.2,8.4,22.4715,18.0891,3.1442,1.15,Improving,86.6500015258789,110.477,97.2198,156.4695,195.3171,12.0,3.47,4,clear,87.0,False,clear,ok,172569432.0671257,2026-09-21,1.0,109.55,116.12,89.12,True,2026-09-21,False,,False,,0.43,-0.07,open,,,
RCBC@2026-07-29,2026-09-09,RCBC,River City Bank - Common stock,US,USALL,Financials,stage2_breakout,D,late,False,Stage 2,78.9,61.9,6.5,22.0353,9.876,11.0779,1.15,Improving,52.2400016784668,53.9555,47.4808,66.5013,76.9183,12.0,1.94,6,unknown,,,clear,thin,47721.758158102966,2026-09-21,1.0,51.08,54.19,50.225,True,2026-09-14,False,,False,,0.04,-0.44,open,,,
RCEL@2026-08-19,2026-09-09,RCEL,"Avita Medical, Inc. - Common Stock",US,USALL,Health Care,stage2_breakout,D,late,False,Stage 2,86.0,18.9,4.5,102.8908,17.6631,73.6943,1.15,Improving,9.880000114440918,11.699,10.2951,16.5155,20.6159,12.0,3.43,3,clear,59.0,False,clear,ok,848169.9557835156,2026-09-21,1.0,11.84,12.23,9.76,True,2026-09-21,False,,False,,0.38,0.1,open,,,
RCI@2026-07-01,2026-09-09,RCI,"Rogers Communication, Inc. Common Stock",US,USALL,Communication Services,stage4_breakdown,D,failed,True,Stage 1,8.8,45.1,24.6,0.9136,0.0,0.9136,1.0,Improving,36.209999084472656,30.5593,34.2264,22.053,14.8337,12.0,2.32,10,clear,45.0,False,rebalance_week,ok,29972679.855951857,2026-09-21,1.0,31.91,37.77,31.77,False,,False,,False,,,,watching,,,
RCKY@2026-07-29,2026-09-09,RCKY,"Rocky Brands, Inc. - Common Stock",US,USALL,Consumer Discretionary,stage2_breakout,D,live,False,Stage 2,45.2,34.2,16.0,21.5489,0.0,21.5489,1.0,Improving,44.18999862670898,53.7079,47.263,73.8918,90.7568,12.0,3.13,6,event_driven,50.0,True,clear,ok,1507481.7395228366,2026-09-21,1.0,45.1,45.63,42.04,False,,False,,False,,,,watching,,,
RCMT@2026-08-19,2026-09-09,RCMT,"RCM Technologies, Inc. - Common Stock",US,USALL,Industrials,stage2_breakout,D,late,False,Stage 2,91.2,23.6,5.7,61.3236,0.0,61.3236,1.0,Improving,40.11000061035156,43.8078,38.5509,62.4805,77.9929,12.0,3.55,3,event_driven,58.0,True,clear,ok,1441408.7176374074,2026-09-21,1.0,40.47,42.0,38.84,False,,False,,False,,,,watching,,,
RCUS@2026-06-24,2026-09-09,RCUS,"Arcus Biosciences, Inc. Common Stock",US,USALL,Health Care,stage2_breakout,D,failed,False,Stage 2 to 3,13.0,28.6,15.7,6.8318,17.6631,-8.5661,0.88,Improving,24.59000015258789,32.504,28.6035,44.955,55.531,12.0,3.19,11,clear,50.0,False,rebalance_week,ok,21541703.205824137,2026-09-21,1.0,24.97,27.9,23.31,False,,False,,False,,,,watching,,,
RDCM@2026-07-29,2026-09-09,RDCM,Radcom Ltd. - Ordinary Shares,US,USALL,Communication Services,stage4_breakdown,C,late,True,Stage 4,-64.7,8.5,57.0,-22.9681,0.0,-22.9681,0.88,Improving,9.90999984741211,9.0747,10.1637,5.17,1.786,12.0,3.59,6,clear,65.0,False,clear,ok,1403231.6705679484,2026-09-21,1.0,10.36,11.26,9.89,False,,False,,False,,,,watching,,,
RDI@2026-08-12,2026-09-09,RDI,Reading International Inc - Class A Non-voting Common Stock,US,USALL,Communication Services,stage2_breakout,D,late,False,Stage 2,85.3,15.5,5.7,68.7453,0.0,68.7453,1.0,Improving,2.1700000762939453,2.4588,2.1638,3.4945,4.3621,12.0,3.51,4,clear,,False,clear,untradeable,24621.907226141506,2026-09-21,1.0,1.99,2.18,1.9,False,,False,,False,,,,watching,,,
RDN@2026-07-15,2026-09-09,RDN,Radian Group Inc. Common Stock,US,USALL,Financials,stage2_breakout,D,live,False,Stage 2 to 3,12.3,34.8,18.0,2.4738,9.876,-6.8696,0.88,Improving,35.619998931884766,41.2231,36.2763,50.2027,57.7537,12.0,1.82,8,clear,57.0,False,clear,ok,27513840.705441702,2026-09-21,1.0,33.02,36.3,32.98,False,,False,,False,,,,watching,,,
RDVT@2026-09-02,2026-09-09,RDVT,"Red Violet, Inc. - Common Stock",US,USALL,Information Technology,stage2_breakout,D,late,False,Stage 2,80.5,38.6,4.5,41.5182,18.0891,19.6398,1.15,Improving,75.0199966430664,78.9105,69.4412,112.172,140.0216,12.0,3.51,1,clear,58.0,False,clear,ok,7193207.927949509,2026-09-21,1.0,78.55,80.39,72.44,True,2026-09-14,False,,False,,0.16,-0.04,open,,,
RDY@2026-06-24,2026-09-09,RDY,Dr. Reddy's Laboratories Ltd Common Stock,US,USALL,Health Care,stage2_breakout,D,failed,False,Stage 4,-58.9,9.8,49.1,-11.702,17.6631,-26.512,0.88,Improving,11.899999618530272,15.7337,13.8456,19.7596,23.1194,12.0,2.13,11,clear,45.0,False,rebalance_week,ok,22769992.893679023,2026-09-21,1.0,12.25,12.72,11.51,False,,False,,False,,,,watching,,,
REFI@2026-07-29,2026-09-09,REFI,"Chicago Atlantic Real Estate Finance, Inc. - Common Stock",US,USALL,Real Estate,stage4_breakdown,C,live,True,Stage 3 to 4,-9.9,37.4,35.3,-3.0422,0.4739,-3.7357,0.88,Improving,10.729999542236328,9.5645,10.7122,7.5256,5.7941,12.0,1.78,6,clear,57.0,False,clear,ok,1300134.8296101696,2026-09-21,1.0,10.65,11.33,10.472,False,,False,,False,,,,watching,,,
REPL@2026-06-24,2026-09-09,REPL,"Replimune Group, Inc. - Common Stock",US,USALL,Health Care,stage2_breakout,D,late,False,Stage 2,49.6,16.3,9.1,52.9743,17.6631,31.7102,1.15,Improving,12.920000076293944,16.9077,14.8788,23.6785,29.5573,12.0,3.34,11,clear,59.0,False,rebalance_week,ok,23126672.717422523,2026-09-21,1.0,12.36,13.645,12.07,False,,False,,False,,,,watching,,,
REPX@2026-09-09,2026-09-09,REPX,"Riley Exploration Permian, Inc. Common Stock",US,USALL,Energy,stage2_breakout,D,late,False,Stage 2,83.3,32.3,6.5,40.1358,7.5984,,1.0,Improving,43.5099983215332,42.8199,37.6815,58.4805,71.5769,12.0,3.05,0,clear,58.0,False,rebalance_week,ok,7258417.586717176,2026-09-21,1.0,40.55,45.31,39.7,True,2026-09-14,False,,False,,0.48,-0.44,open,,,
REYN@2026-07-01,2026-09-09,REYN,Reynolds Consumer Products Inc. - Common Stock,US,USALL,Consumer Discretionary,stage2_breakout,D,failed,False,Stage 3 to 4,-47.2,7.5,61.9,-5.8325,0.0,-5.8325,0.88,Improving,21.75,27.4368,24.1444,34.1155,39.7435,12.0,2.03,10,clear,58.0,False,rebalance_week,ok,18952156.11573416,2026-09-21,1.0,21.67,22.8,21.415,False,,False,,False,,,,watching,,,
RFI@2026-07-22,2026-09-09,RFI,"Cohen & Steers Total Return Realty Fund, Inc. Common Stock",US,USALL,Financials,stage2_breakout,D,failed,False,"Stage 1 or 3, undetermined",-1.7,49.8,43.5,0.7407,9.876,-8.5507,0.88,Improving,11.010000228881836,11.7009,10.8848,12.9151,13.9466,6.97,1.49,7,unknown,,,clear,ok,702909.7721380753,2026-09-21,1.0,10.56,11.03,10.55,False,,False,,False,,,,watching,,,
RFL@2026-07-01,2026-09-09,RFL,"Rafael Holdings, Inc. Class B Common Stock",US,USALL,Real Estate,stage2_breakout,D,late,False,Stage 2,76.7,34.3,10.1,44.7619,0.4739,45.213,1.15,Improving,2.2799999713897705,4.0671,3.5791,5.742,7.1676,12.0,3.43,10,clear,51.0,False,rebalance_week,thin,139051.47330009338,2026-09-21,1.0,1.94,2.32,1.84,False,,False,,False,,,,watching,,,
RGT@2026-08-05,2026-09-09,RGT,"Royce Global Trust, Inc. Common Stock",US,USALL,Financials,stage2_breakout,D,live,False,Stage 2,19.1,38.9,26.5,5.5082,9.876,-3.9911,0.88,Improving,14.609999656677246,15.9279,14.2121,18.62,20.884,10.77,1.57,5,unknown,,,clear,thin,176630.09429567985,2026-09-21,1.0,14.48,14.75,14.19,False,,False,,False,,,,watching,,,
RHI@2026-08-05,2026-09-09,RHI,Robert Half Inc. Common Stock,US,USALL,Industrials,stage2_breakout,D,late,False,Stage 2,50.5,22.3,9.1,28.1723,0.0,28.1723,1.0,Improving,37.68000030517578,47.7287,42.0013,67.715,84.527,12.0,3.49,5,clear,44.0,False,clear,ok,53660388.679727495,2026-09-21,1.0,36.89,38.96,35.4,False,,False,,False,,,,watching,,,
RICK@2026-08-19,2026-09-09,RICK,"RCI Hospitality Holdings, Inc. - Common Stock",US,USALL,Consumer Discretionary,stage2_breakout,D,late,False,Stage 2,48.4,35.2,8.4,13.8749,0.0,13.8749,1.0,Improving,29.09000015258789,32.5614,28.654,43.3007,52.3413,12.0,2.75,3,clear,98.0,False,clear,ok,968010.9868597595,2026-09-21,1.0,27.56,29.72,26.88,False,,False,,False,,,,watching,,,
RIGL@2026-09-02,2026-09-09,RIGL,"Rigel Pharmaceuticals, Inc. - Common Stock",US,USALL,Health Care,stage2_breakout,D,late,False,Stage 2,76.1,47.3,2.8,32.0617,17.6631,11.4207,1.15,Improving,47.2400016784668,50.9224,44.8118,72.355,90.319,12.0,3.51,1,clear,57.0,False,clear,ok,8472749.317190988,2026-09-21,1.0,48.18,49.02,43.78,False,,False,,False,,,,watching,,,
RLAY@2026-07-08,2026-09-09,RLAY,"Relay Therapeutics, Inc. - Common Stock",US,USALL,Health Care,stage2_breakout,D,late,False,Stage 2,58.3,24.9,12.8,59.2496,17.6631,39.9936,1.15,Improving,18.8700008392334,21.7579,19.1469,30.8415,38.4987,12.0,3.48,9,clear,59.0,False,clear,ok,34366258.110111,2026-09-21,1.0,17.47,19.69,17.22,False,,False,,False,,,,watching,,,
RLGT@2026-07-01,2026-09-09,RLGT,"Radiant Logistics, Inc. Common Stock",US,USALL,Industrials,stage2_breakout,D,failed,False,Stage 2,20.9,33.7,22.9,8.9644,0.0,8.9644,1.0,Improving,8.130000114440918,9.8182,8.64,12.7,15.116,12.0,2.45,10,event_ahead,7.0,False,rebalance_week,ok,821116.41162978,2026-09-14,0.0,8.72,10.2,8.06,True,2026-09-14,True,2026-09-14,False,,0.32,-0.93,stopped out,,,
RM@2026-07-08,2026-09-09,RM,Regional Management Corp. Common Stock,US,USALL,Financials,stage2_breakout,D,failed,False,Stage 3 to 4,-40.3,6.4,35.8,-8.7537,9.876,-17.2452,0.88,Improving,32.9900016784668,44.7148,39.349,57.8934,69.081,12.0,2.46,9,clear,58.0,False,clear,ok,1816911.591059828,2026-09-21,1.0,30.82,33.45,30.12,False,,False,,False,,,,watching,,,
RMNI@2026-07-08,2026-09-09,RMNI,"Rimini Street, Inc. - Common Stock",US,USALL,Information Technology,stage2_breakout,D,live,False,Stage 2,47.1,27.9,5.8,11.5479,18.0891,-6.2209,0.88,Improving,4.539999961853027,5.7897,5.0949,8.236,10.2808,12.0,3.52,9,clear,52.0,False,clear,ok,1203423.0346720752,2026-09-21,1.0,4.22,4.71,4.19,False,,False,,False,,,,watching,,,
RNG@2026-08-05,2026-09-09,RNG,"RingCentral, Inc. Class A Common Stock",US,USALL,Information Technology,stage2_breakout,D,late,False,Stage 2,68.7,13.3,6.9,78.6302,18.0891,53.3439,1.15,Improving,68.91999816894531,79.5536,70.0072,113.0275,141.0895,12.0,3.51,5,clear,59.0,False,clear,ok,48491560.50750276,2026-09-21,1.0,76.16,81.9,69.02,True,2026-09-21,False,,False,,0.25,-0.36,open,,,
RNW@2026-09-02,2026-09-09,RNW,ReNew Energy Global plc - Class A Shares,US,USALL,Utilities,stage2_breakout,D,late,False,Stage 2,69.5,49.3,0.6,9.5632,-2.0203,11.3158,1.0,Improving,6.829999923706055,6.9622,6.1268,9.375,11.371,12.0,2.89,1,clear,63.0,False,clear,ok,5146112.008472176,2026-09-21,1.0,6.84,6.86,6.82,False,,False,,False,,,,watching,,,
RNXT@2026-09-02,2026-09-09,RNXT,"RenovoRx, Inc. - Common Stock",US,USALL,Health Care,stage2_breakout,D,late,False,Stage 2,77.1,14.7,4.3,69.7833,17.6631,42.8994,1.15,Improving,1.7599999904632568,2.6592,2.3401,3.7555,4.6879,12.0,3.44,1,clear,63.0,False,clear,thin,221127.0595527096,2026-09-21,1.0,1.66,1.85,1.53,False,,False,,False,,,,watching,,,
RPT@2026-07-15,2026-09-09,RPT,Rithm Property Trust Inc. Common stock,US,USALL,Real Estate,stage4_breakdown,C,live,True,Stage 4,-61.9,8.5,36.1,-10.0771,0.4739,-10.7222,0.88,Improving,12.460000038146973,9.5276,10.671,5.39,1.862,12.0,3.62,8,clear,52.0,False,clear,ok,261117.40470276267,2026-09-21,1.0,10.81,12.43,10.81,False,,False,,False,,,,watching,,,
RRGB@2026-06-24,2026-09-09,RRGB,"Red Robin Gourmet Burgers, Inc. - Common Stock",US,USALL,Consumer Discretionary,stage2_breakout,D,late,False,Stage 2,56.1,8.6,9.7,47.9591,0.0,47.9591,1.0,Improving,7.869999885559082,11.2332,9.8852,15.8775,19.8195,12.0,3.45,11,clear,63.0,False,rebalance_week,ok,929097.4780267226,2026-09-21,1.0,7.25,7.91,6.72,False,,False,,False,,,,watching,,,
RSKD@2026-07-01,2026-09-09,RSKD,Riskified Ltd. Class A Ordinary Shares,US,USALL,Information Technology,stage2_breakout,D,late,False,Stage 2,51.2,21.0,8.2,25.6667,18.0891,5.514,1.15,Improving,6.090000152587891,7.1011,6.2489,10.121,12.6338,12.0,3.54,10,clear,65.0,False,rebalance_week,ok,3139079.987818384,2026-09-21,1.0,7.78,8.17,6.085,True,2026-09-21,True,2026-09-21,False,,1.25,0.8,stopped out,,,
RUSHA@2026-07-15,2026-09-09,RUSHA,"Rush Enterprises, Inc. - Class A Common Stock",US,USALL,Consumer Discretionary,stage2_breakout,D,live,False,Stage 2,25.4,37.0,16.3,11.3619,0.0,11.3619,1.0,Improving,48.310001373291016,56.361,49.5976,71.1449,83.5942,12.0,2.19,8,clear,51.0,False,clear,ok,22018994.987948284,2026-09-21,1.0,47.97,50.29,47.4,False,,False,,False,,,,watching,,,
RVT@2026-08-12,2026-09-09,RVT,"Royce Small-Cap Trust, Inc. Common Stock",US,USALL,Financials,stage2_breakout,D,live,False,Stage 2,26.0,52.8,30.5,7.3298,9.876,-2.2547,0.88,Improving,17.780000686645508,18.9283,17.2329,22.2048,24.9546,8.96,1.93,4,unknown,,,clear,ok,2368888.0354774604,2026-09-21,1.0,17.27,17.86,17.15,False,,False,,False,,,,watching,,,
RWAY@2026-06-24,2026-09-09,RWAY,Runway Growth Finance Corp. - Common Stock,US,USALL,Financials,stage4_breakdown,D,failed,True,Stage 4 to 1,-6.2,27.5,20.2,-4.1877,9.876,-13.6443,0.88,Improving,6.610000133514404,4.8403,5.4211,2.7184,0.9391,12.0,3.65,11,clear,59.0,False,rebalance_week,ok,2438547.068322997,2026-09-21,1.0,6.78,6.806,6.525,False,,False,,False,,,,watching,,,
RWT@2026-09-09,2026-09-09,RWT,"Redwood Trust, Inc. Common Stock",US,USALL,Real Estate,stage4_breakdown,C,late,True,Stage 4,-75.1,0.4,55.1,-30.4862,0.4739,-30.9675,0.88,Improving,3.549999952316284,4.0845,4.5747,2.3045,0.7961,12.0,3.63,0,clear,51.0,False,rebalance_week,ok,5519203.704409098,2026-09-21,1.0,3.72,4.16,3.3754,True,2026-09-14,False,,False,,1.45,0.74,open,,,
SAFE@2026-07-15,2026-09-09,SAFE,Safehold Inc. New Common Stock,US,USALL,Real Estate,stage2_breakout,D,failed,False,Stage 3 to 4,-45.0,11.4,52.6,-4.4879,0.4739,-4.8575,0.88,Improving,14.029999732971191,17.693,15.5699,21.9624,25.5723,12.0,2.01,8,clear,52.0,False,clear,ok,3305871.553225658,2026-09-21,1.0,12.26,14.07,12.21,False,,False,,False,,,,watching,,,
SAFT@2026-07-22,2026-09-09,SAFT,"Safety Insurance Group, Inc. - Common Stock",US,USALL,Financials,stage2_breakout,C,late,True,Stage 2,68.4,34.1,8.7,34.4938,9.876,22.7638,1.15,Improving,103.41999816894533,104.6533,92.0949,140.2124,169.3664,12.0,2.83,7,clear,56.0,False,clear,ok,6150063.937992824,2026-09-21,1.0,103.51,103.88,103.28,False,,False,,False,,,,watching,,,
SAH@2026-07-15,2026-09-09,SAH,"Sonic Automotive, Inc. Common Stock",US,USALL,Consumer Discretionary,stage2_breakout,D,failed,False,Stage 2 to 3,14.9,35.0,19.6,5.5307,0.0,5.5307,1.0,Improving,75.9000015258789,115.6188,101.7446,164.8215,205.7427,12.0,3.55,8,clear,52.0,False,clear,ok,15587665.392248137,2026-09-21,1.0,64.95,76.96,61.33,False,,False,,False,,,,watching,,,
SAN@2026-07-01,2026-09-09,SAN,"Banco Santander, S.A. Sponsored ADR (Spain)",US,USALL,Financials,stage2_breakout,D,late,False,Stage 2,57.8,50.5,8.0,24.2363,9.876,13.4949,1.15,Improving,14.960000038146973,15.2226,13.3959,19.7871,23.5769,12.0,2.5,10,clear,51.0,False,rebalance_week,ok,89195451.22947754,2026-09-21,1.0,14.42,14.85,14.16,False,,False,,False,,,,watching,,,
SAP@2026-06-17,2026-09-09,SAP,SAP  SE ADS,US,USALL,Information Technology,stage4_breakdown,D,failed,True,Stage 1 to 2,23.2,42.6,7.0,0.1307,18.0891,-17.7129,0.88,Improving,206.3600006103516,141.1791,158.1206,79.7335,27.5443,12.0,3.63,12,clear,44.0,False,rebalance_week,ok,379940816.05338347,2026-09-21,1.0,210.68,218.69,207.46,False,,False,,False,,,,watching,,,
SAR@2026-07-08,2026-09-09,SAR,Saratoga Investment Corp New,US,USALL,Financials,stage4_breakdown,D,late,False,Stage 4,-74.4,4.6,60.8,-15.4703,9.876,-23.4368,0.88,Improving,17.219999313354492,16.6271,18.6223,10.9585,6.2154,12.0,2.84,9,event_driven,29.0,True,clear,ok,1652220.4942590434,2026-09-21,1.0,17.11,18.08,17.0,False,,False,,False,,,,watching,,,
SB@2026-07-29,2026-09-09,SB,"Safe Bulkers, Inc Common Stock ($0.001 par value)",US,USALL,Industrials,stage2_breakout,D,late,False,Stage 2,81.9,23.1,7.1,42.0623,0.0,42.0623,1.0,Improving,8.510000228881836,9.4635,8.3279,13.1996,16.3114,12.0,3.29,6,event_driven,79.0,True,clear,ok,3077577.9388356395,2026-09-21,1.0,8.14,9.26,7.99,False,,False,,False,,,,watching,,,
SBCF@2026-08-12,2026-09-09,SBCF,Seacoast Banking Corporation of Florida - Common Stock,US,USALL,Financials,stage2_breakout,D,live,False,Stage 1,26.8,45.6,24.9,7.0122,9.876,-2.6919,0.88,Improving,33.97999954223633,36.7175,32.3114,44.0199,50.2199,12.0,1.66,4,clear,49.0,False,clear,ok,17821646.30381032,2026-09-21,1.0,33.03,34.61,32.36,False,,False,,False,,,,watching,,,
SBFG@2026-07-15,2026-09-09,SBFG,"SB Financial Group, Inc. - Common Stock",US,USALL,Financials,stage2_breakout,D,late,False,Stage 2,76.9,53.2,4.5,30.9245,9.876,19.5592,1.15,Improving,29.13999938964844,30.5229,26.8601,40.8565,49.4856,12.0,2.82,8,clear,52.0,False,clear,ok,287696.2632257769,2026-09-21,1.0,29.86,30.84,24.37,True,2026-09-21,True,2026-09-21,False,,0.09,-0.18,stopped out,,,
SBI@2026-06-24,2026-09-09,SBI,Western Asset Intermediate Muni Fund Inc Common Stock,US,USALL,Financials,stage2_breakout,D,failed,False,Stage 3,-18.6,46.3,56.6,-1.2351,9.876,-10.3942,0.88,Improving,7.449999809265137,7.878,7.3854,8.3683,8.7883,6.25,1.0,11,unknown,,,rebalance_week,ok,262678.5805810134,2026-09-21,1.0,7.0,7.4665,6.98,False,,False,,False,,,,watching,,,
SBLK@2026-07-29,2026-09-09,SBLK,Star Bulk Carriers Corp. - Common Shares,US,USALL,Industrials,stage2_breakout,D,late,False,Stage 2,83.4,33.0,6.8,38.9701,0.0,38.9701,1.0,Improving,31.170000076293945,33.373,29.3682,45.3069,55.2483,12.0,2.98,6,clear,72.0,False,clear,ok,24044328.21932898,2026-09-21,1.0,29.54,32.66,29.15,False,,False,,False,,,,watching,,,
SCM@2026-07-22,2026-09-09,SCM,Stellus Capital Investment Corporation Common Stock,US,USALL,Financials,stage4_breakdown,C,live,True,Stage 4,-64.0,11.8,31.7,-15.5715,9.876,-23.8326,0.88,Improving,8.180000305175781,6.5386,7.3233,3.6794,1.2711,12.0,3.64,7,clear,70.0,False,clear,ok,1081693.506291384,2026-09-21,1.0,7.65,8.3,7.54,False,,False,,False,,,,watching,,,
SEB@2026-08-26,2026-09-09,SEB,Seaboard Corporation Common Stock,US,USALL,Industrials,stage4_breakdown,C,late,True,Stage 4,-56.3,4.0,48.8,-6.7376,0.0,-6.7376,0.88,Improving,4296.0,3741.8091,4190.8262,2117.5055,731.5019,12.0,3.62,2,clear,50.0,False,clear,ok,40223502.52009214,2026-09-21,1.0,3969.1799,4371.0098,3899.95,False,,False,,False,,,,watching,,,
SEER@2026-07-01,2026-09-09,SEER,"Seer, Inc. - Class A Common Stock",US,USALL,Health Care,stage4_breakdown,D,failed,True,Stage 2 to 3,2.4,29.2,25.1,0.7852,17.6631,-16.0144,0.88,Improving,1.950000047683716,1.5081,1.6891,0.8525,0.2945,12.0,3.62,10,clear,59.0,False,rebalance_week,ok,339342.9369443712,2026-09-21,1.0,1.91,1.955,1.78,False,,False,,False,,,,watching,,,
SEG@2026-06-24,2026-09-09,SEG,Seaport Entertainment Group Inc. Common Stock,US,USALL,Real Estate,stage2_breakout,D,live,False,Stage 2,39.7,39.6,11.5,9.5589,0.4739,9.1764,1.15,Improving,25.440000534057617,30.0459,26.4404,40.11,48.51,12.0,2.79,11,clear,63.0,False,rebalance_week,ok,921079.0131939622,2026-09-21,1.0,23.4,25.655,23.03,False,,False,,False,,,,watching,,,
SENEA@2026-07-01,2026-09-09,SENEA,Seneca Foods Corp. - Class A Common Stock,US,USALL,Consumer Staples,stage2_breakout,D,late,False,Stage 2,55.7,35.5,13.0,35.307,2.0049,33.2187,1.15,Improving,190.6199951171875,213.9812,188.3034,303.18,377.724,12.0,3.47,10,clear,58.0,False,rebalance_week,ok,13184314.054328494,2026-09-21,1.0,182.66,192.02,177.16,False,,False,,False,,,,watching,,,
SENS@2026-08-19,2026-09-09,SENS,"Senseonics Holdings, Inc. - Common Stock",US,USALL,Health Care,stage2_breakout,D,late,False,Stage 2,71.1,29.5,0.0,25.7936,17.6631,4.7549,1.15,Improving,8.710000038146973,10.4293,9.1778,14.7175,18.3715,12.0,3.43,3,clear,58.0,False,clear,ok,2604737.463259419,2026-09-21,1.0,10.0,10.478,8.606,True,2026-09-21,False,,False,,0.04,-0.34,open,,,
SEPN@2026-06-24,2026-09-09,SEPN,"Septerna, Inc. - Common Stock",US,USALL,Health Care,stage2_breakout,D,late,False,Stage 2,48.7,21.6,10.0,36.3492,17.6631,16.9399,1.15,Improving,38.5099983215332,52.233,45.9651,74.095,92.491,12.0,3.49,11,clear,63.0,False,rebalance_week,ok,7798522.707119402,2026-09-21,1.0,37.77,41.09,36.98,False,,False,,False,,,,watching,,,
SFBC@2026-07-15,2026-09-09,SFBC,"Sound Financial Bancorp, Inc. - Common Stock",US,USALL,Financials,stage2_breakout,C,live,True,Stage 2,61.0,64.1,10.8,9.3028,9.876,-0.7932,0.88,Improving,48.0,49.7426,43.7735,58.1244,65.256,12.0,1.4,8,clear,50.0,False,clear,ok,186524.56185327543,2026-09-21,1.0,42.72,48.99,42.72,False,,False,,False,,,,watching,,,
SFL@2026-09-09,2026-09-09,SFL,SFL Corporation Ltd,US,USALL,Industrials,stage2_breakout,D,late,False,Stage 2,83.8,33.2,7.7,36.8923,0.0,36.8923,1.0,Improving,13.18000030517578,12.833,11.293,16.6886,19.9156,12.0,2.5,0,clear,64.0,False,rebalance_week,ok,10736601.909762513,2026-09-21,1.0,12.78,13.98,12.46,True,2026-09-14,False,,False,,0.74,-0.03,open,,,
SFNC@2026-06-24,2026-09-09,SFNC,Simmons First National Corporation - Common Stock,US,USALL,Financials,stage2_breakout,D,live,False,Stage 2,44.4,59.7,9.6,14.1716,9.876,4.1226,1.15,Improving,23.190000534057617,24.5933,21.6421,30.5643,35.5598,12.0,2.02,11,clear,38.0,False,rebalance_week,ok,18546874.59210916,2026-09-21,1.0,23.23,23.43,22.43,False,,False,,False,,,,watching,,,
SGHC@2026-07-08,2026-09-09,SGHC,Super Group (SGHC) Limited Ordinary Shares,US,USALL,Consumer Discretionary,stage2_breakout,D,live,False,Stage 2,71.8,47.6,4.8,14.8892,0.0,14.8892,1.0,Improving,13.84000015258789,16.129,14.1935,22.997,28.7066,12.0,3.55,9,clear,57.0,False,clear,ok,26478998.429786835,2026-09-21,1.0,11.97,13.9242,11.47,False,,False,,False,,,,watching,,,
SGMT@2026-08-12,2026-09-09,SGMT,Sagimet Biosciences Inc. - Series A Common Stock,US,USALL,Health Care,stage2_breakout,D,late,False,Stage 2,65.5,34.1,6.1,54.6955,17.6631,30.827,1.15,Improving,10.880000114440918,11.516,10.1341,16.298,20.3444,12.0,3.46,4,event_driven,66.0,True,clear,ok,4823176.256451558,2026-09-21,1.0,9.24,11.4,8.685,False,,False,,False,,,,watching,,,
SHBI@2026-06-24,2026-09-09,SHBI,"Shore Bancshares, Inc. - Common Stock",US,USALL,Financials,stage2_breakout,D,live,False,Stage 2,52.2,55.6,12.7,21.5944,9.876,11.1659,1.15,Improving,23.440000534057617,25.0387,22.0341,32.4449,38.6114,12.0,2.46,11,clear,45.0,False,rebalance_week,ok,3277526.55867665,2026-09-21,1.0,23.01,23.71,22.65,False,,False,,False,,,,watching,,,
SHIP@2026-07-29,2026-09-09,SHIP,Seanergy Maritime Holdings Corp. - Common Stock,US,USALL,Industrials,stage2_breakout,D,late,False,Stage 2,80.9,31.8,7.6,47.3905,0.0,47.3905,1.0,Improving,18.40999984741211,19.5928,17.2416,27.869,34.7882,12.0,3.52,6,event_driven,66.0,True,clear,ok,2450552.8345323107,2026-09-21,1.0,16.6,19.1,16.54,False,,False,,False,,,,watching,,,
SHOE@2026-07-15,2026-09-09,SHOE,"Shoe Station Group, Inc. - Common Stock",US,USALL,Consumer Discretionary,stage4_breakdown,C,late,True,Stage 4,-76.2,1.3,50.2,-26.3859,0.0,-26.3859,0.88,Improving,12.710000038146973,12.3606,13.8439,7.029,2.4282,12.0,3.59,8,event_ahead,3.0,False,clear,ok,5855807.813365519,2026-09-21,1.0,13.0,13.62,12.34,True,2026-09-14,False,,False,,0.01,-0.43,open,,,
SITC@2026-09-02,2026-09-09,SITC,SITE Centers Corp. Common Stock,US,USALL,Real Estate,stage4_breakdown,C,late,True,Stage 4,-75.9,6.4,58.7,-33.7923,0.4739,-34.5198,0.88,Improving,2.819999933242798,2.7578,3.0888,1.551,0.5358,12.0,3.65,1,clear,59.0,False,clear,ok,1924267.688031448,2026-09-21,1.0,3.06,3.08,2.82,False,,False,,False,,,,watching,,,
SKWD@2026-07-01,2026-09-09,SKWD,"Skyward Specialty Insurance Group, Inc. - Common Stock",US,USALL,Financials,stage2_breakout,D,live,False,Stage 2,46.6,42.0,12.9,14.2857,9.876,4.183,1.15,Improving,56.7400016784668,66.6947,58.6913,90.78,110.852,12.0,3.01,10,clear,52.0,False,rebalance_week,ok,15999370.234248644,2026-09-21,1.0,54.78,58.59,54.19,False,,False,,False,,,,watching,,,
SKYH@2026-08-05,2026-09-09,SKYH,Sky Harbour Group Corporation Class A Common Stock,US,USALL,Real Estate,stage2_breakout,D,live,False,Stage 2,19.7,38.9,13.5,3.4214,0.4739,2.8708,1.15,Improving,10.010000228881836,11.8766,10.4514,15.109,17.8394,12.0,2.27,5,clear,65.0,False,clear,ok,1094115.719909131,2026-09-21,1.0,10.01,10.24,9.83,False,,False,,False,,,,watching,,,
SLDB@2026-07-01,2026-09-09,SLDB,Solid Biosciences Inc. - Common Stock,US,USALL,Health Care,stage2_breakout,D,live,False,Stage 2,42.5,43.4,9.8,24.2004,17.6631,6.3919,1.15,Improving,8.699999809265137,11.761,10.3497,16.6025,20.7245,12.0,3.43,10,clear,56.0,False,rebalance_week,ok,5875873.300100442,2026-09-21,1.0,7.29,9.109,7.15,False,,False,,False,,,,watching,,,
SLG@2026-07-22,2026-09-09,SLG,SL Green Realty Corp Common Stock,US,USALL,Real Estate,stage2_breakout,D,late,False,Stage 2,49.4,41.4,5.4,13.4435,0.4739,13.0536,1.15,Improving,53.08000183105469,61.0797,53.7501,86.4079,107.4621,12.0,3.46,7,event_driven,44.0,True,clear,ok,33951450.692154825,2026-09-21,1.0,51.01,53.33,49.47,False,,False,,False,,,,watching,,,
SLNG@2026-08-12,2026-09-09,SLNG,"Stabilis Solutions, Inc. - Common Stock",US,USALL,Energy,stage2_breakout,D,late,False,Stage 2,35.8,30.6,16.7,12.2874,7.5984,,1.0,Improving,5.230000019073486,7.3185,6.4403,10.2515,12.7967,12.0,3.34,4,event_driven,58.0,True,clear,thin,96840.24350198572,2026-09-21,1.0,5.25,5.65,4.81,False,,False,,False,,,,watching,,,
SM@2026-08-19,2026-09-09,SM,SM Energy Company Common Stock,US,USALL,Energy,stage2_breakout,D,late,False,Stage 2,85.7,43.8,6.5,47.6056,7.5984,,1.0,Improving,38.09999847412109,39.7805,35.0069,56.463,70.4814,12.0,3.49,3,clear,56.0,False,clear,ok,89529882.48081891,2026-09-21,1.0,33.91,41.56,33.585,True,2026-09-14,True,2026-09-21,False,,0.37,-1.23,stopped out,,,
SMBC@2026-06-24,2026-09-09,SMBC,"Southern Missouri Bancorp, Inc. - Common Stock",US,USALL,Financials,stage2_breakout,D,live,False,Stage 2,41.5,48.2,16.7,13.9596,9.876,4.0909,1.15,Improving,73.26000213623047,80.4093,70.7602,99.8904,116.1381,12.0,2.02,11,clear,44.0,False,rebalance_week,ok,5058365.538341223,2026-09-21,1.0,72.26,73.85,71.1,False,,False,,False,,,,watching,,,
SMBK@2026-06-24,2026-09-09,SMBK,"SmartFinancial, Inc. Common Stock",US,USALL,Financials,stage2_breakout,C,late,True,Stage 2,55.7,46.0,10.5,26.0316,9.876,15.1694,1.15,Improving,52.2400016784668,54.8066,48.2298,71.5939,85.557,12.0,2.55,11,clear,43.0,False,rebalance_week,ok,2896464.559248213,2026-09-21,1.0,50.32,52.76,49.89,False,,False,,False,,,,watching,,,
SMC@2026-08-12,2026-09-09,SMC,Summit Midstream Corporation Common Stock,US,USALL,Energy,stage2_breakout,D,live,False,Stage 2,44.9,44.8,13.6,20.5343,7.5984,,1.0,Improving,34.04999923706055,37.0672,32.6191,46.81,55.082,12.0,2.19,4,event_driven,63.0,True,clear,ok,1150815.7235639682,2026-09-21,1.0,30.8,34.13,30.5,False,,False,,False,,,,watching,,,
SMHI@2026-08-19,2026-09-09,SMHI,SEACOR Marine Holdings Inc. Common Stock,US,USALL,Industrials,stage2_breakout,D,late,False,Stage 2,52.2,34.4,14.4,29.1395,0.0,29.1395,1.0,Improving,9.529999732971191,10.1843,8.9622,13.698,16.6564,12.0,2.88,3,clear,51.0,False,clear,ok,566381.7469152954,2026-09-21,1.0,8.73,9.695,8.66,False,,False,,False,,,,watching,,,
SMID@2026-09-09,2026-09-09,SMID,Smith-Midland Corporation - Common Stock,US,USALL,Materials,stage4_breakdown,C,late,True,Stage 4,-74.7,4.4,50.1,-25.4101,0.0,-25.4101,0.88,Improving,24.489999771118164,23.798,26.6537,13.5465,4.6797,12.0,3.59,0,clear,66.0,False,rebalance_week,thin,263552.5710493742,2026-09-21,1.0,24.28,25.25,23.51,True,2026-09-14,False,,False,,0.1,-0.17,open,,,
SMPL@2026-09-09,2026-09-09,SMPL,The Simply Good Foods Company - Common Stock,US,USALL,Consumer Staples,stage4_breakdown,C,late,True,Stage 4,-78.6,10.5,41.6,-38.5129,2.0049,-40.216,0.88,Improving,9.84000015258789,9.5278,10.6711,5.4312,1.8762,12.0,3.58,0,clear,45.0,False,rebalance_week,ok,19343967.11675179,2026-09-21,1.0,9.6,10.42,9.375,True,2026-09-21,False,,False,,0.13,-0.06,open,,,
SMTI@2026-08-19,2026-09-09,SMTI,Sanara MedTech Inc. - Common Stock,US,USALL,Health Care,stage2_breakout,D,late,False,Stage 2,81.4,35.0,0.3,42.3128,17.6631,19.3718,1.15,Improving,34.91999816894531,35.501,31.2409,50.6775,63.2595,12.0,3.56,3,event_driven,65.0,True,clear,ok,1113987.257740439,2026-09-21,1.0,35.06,35.34,34.71,False,,False,,False,,,,watching,,,
SMWB@2026-08-12,2026-09-09,SMWB,Similarweb Ltd. Ordinary Shares,US,USALL,Information Technology,stage2_breakout,D,late,False,Stage 2,52.2,16.0,4.5,35.3546,18.0891,13.0186,1.15,Improving,8.069999694824219,9.7315,8.5637,13.775,17.195,12.0,3.46,4,event_driven,71.0,True,clear,ok,2984838.897672925,2026-09-21,1.0,7.58,8.96,7.3,False,,False,,False,,,,watching,,,
SNDA@2026-07-01,2026-09-09,SNDA,"Sonida Senior Living, Inc. Common Stock",US,USALL,Health Care,stage2_breakout,C,live,True,Stage 2,44.9,32.3,12.4,15.442,17.6631,-2.0563,0.88,Improving,39.52000045776367,45.2511,39.821,58.13,69.122,12.0,2.37,10,clear,63.0,False,rebalance_week,ok,15150439.998143518,2026-09-21,1.0,37.71,40.8,37.14,False,,False,,False,,,,watching,,,
SNDL@2026-07-29,2026-09-09,SNDL,SNDL Inc. - Common Shares,US,USALL,Consumer Staples,stage4_breakdown,C,live,True,Stage 4,-31.6,18.5,30.9,-17.1216,2.0049,-19.2153,0.88,Improving,1.340000033378601,1.1327,1.2686,0.6407,0.2213,12.0,3.62,6,event_driven,57.0,True,clear,ok,1778334.461016758,2026-09-21,1.0,1.4,1.42,1.33,False,,False,,False,,,,watching,,,
SNN@2026-09-09,2026-09-09,SNN,"Smith & Nephew SNATS, Inc. Common Stock",US,USALL,Health Care,stage4_breakdown,C,live,True,Stage 4,-71.5,3.1,57.2,-14.6999,17.6631,-29.147,0.88,Improving,27.5,28.0791,31.4486,20.424,13.9792,12.0,2.27,0,clear,175.0,False,rebalance_week,ok,28967228.96267002,2026-09-21,1.0,26.91,28.51,26.4,True,2026-09-14,False,,False,,0.5,0.35,open,,,
SNOW@2026-08-05,2026-09-09,SNOW,Snowflake Inc. Common Stock,US,USALL,Information Technology,stage2_breakout,D,late,False,Stage 2,57.7,18.4,8.9,45.5865,18.0891,23.0239,1.15,Improving,328.989990234375,391.9671,344.9311,557.612,696.0536,12.0,3.52,5,clear,86.0,False,clear,ok,888532700.4318783,2026-09-21,1.0,335.94,348.61,317.45,False,,False,,False,,,,watching,,,
SOBO@2026-07-22,2026-09-09,SOBO,South Bow Corporation Common Shares,US,USALL,Energy,stage2_breakout,D,live,False,Stage 2,43.6,44.2,19.3,14.242,,,1.0,Improving,35.9900016784668,39.5138,34.7722,49.908,58.6193,12.0,2.19,7,clear,58.0,False,clear,ok,19547091.386285026,2026-09-21,1.0,33.99,36.2,33.73,False,,False,,False,,,,watching,,,
SOPH@2026-06-24,2026-09-09,SOPH,SOPHiA GENETICS SA - Ordinary Shares,US,USALL,Health Care,stage2_breakout,C,late,True,Stage 2,56.0,5.5,9.5,50.2846,17.6631,28.427,1.15,Improving,7.869999885559082,9.1862,8.0838,13.021,16.2538,12.0,3.48,11,clear,57.0,False,rebalance_week,ok,762965.6139919497,2026-09-21,1.0,8.34,8.7,7.755,False,,False,,False,,,,watching,,,
SPB@2026-07-15,2026-09-09,SPB,"Spectrum Brands Holdings, Inc. Common Stock",US,USALL,Consumer Staples,stage2_breakout,D,live,False,Stage 2,43.5,38.7,15.6,19.9898,2.0049,18.1158,1.15,Improving,86.22000122070312,99.8734,87.8886,129.0227,153.4145,12.0,2.43,8,clear,67.0,False,clear,ok,19843648.91486828,2026-09-21,1.0,84.91,88.43,83.54,False,,False,,False,,,,watching,,,
SPFI@2026-07-15,2026-09-09,SPFI,"South Plains Financial, Inc. - Common Stock",US,USALL,Financials,stage2_breakout,D,live,False,Stage 2,37.5,52.5,19.8,9.4216,9.876,-0.4575,0.88,Improving,44.7599983215332,47.3445,41.6631,55.55,62.5895,12.0,1.44,8,event_driven,45.0,True,clear,ok,3471116.733107497,2026-09-21,1.0,43.0,44.98,42.65,False,,False,,False,,,,watching,,,
SPH@2026-06-17,2026-09-09,SPH,"Suburban Propane Partners, L.P. Common Stock",US,USALL,Utilities,stage4_breakdown,D,live,False,Stage 4,-55.4,18.6,61.2,-6.4711,-2.0203,-4.6049,0.88,Improving,17.06999969482422,16.0407,17.9656,12.3136,9.1689,12.0,1.94,12,clear,66.0,False,rebalance_week,ok,1925158.9419854048,2026-09-21,1.0,16.62,17.24,16.34,False,,False,,False,,,,watching,,,
SPNT@2026-07-08,2026-09-09,SPNT,SiriusPoint Ltd. Common Shares,US,USALL,Financials,stage2_breakout,D,live,False,Stage 2,52.5,51.4,5.3,11.4891,9.876,1.5745,1.15,Improving,24.200000762939453,26.8262,23.607,33.64,39.368,12.0,2.12,9,clear,52.0,False,clear,ok,11698222.778999042,2026-09-21,1.0,25.38,26.5,24.1,False,,False,,False,,,,watching,,,
SPT@2026-08-26,2026-09-09,SPT,"Sprout Social, Inc - Class A Common Stock",US,USALL,Information Technology,stage2_breakout,D,late,False,Stage 2,72.3,33.7,0.0,22.2544,18.0891,1.2826,1.15,Improving,10.800000190734863,12.1657,10.7058,17.197,21.4666,12.0,3.45,2,clear,58.0,False,clear,ok,6734544.83865391,2026-09-21,1.0,9.54,11.64,9.475,False,,False,,False,,,,watching,,,
SPXX@2026-06-17,2026-09-09,SPXX,Nuveen S&P 500 Dynamic Overwrite Fund,US,USALL,Financials,stage2_breakout,D,live,False,Stage 2,51.1,51.1,15.1,9.458,9.876,-0.4292,0.88,Improving,18.950000762939453,19.5158,17.5878,23.3659,26.5466,9.88,2.0,12,unknown,,,rebalance_week,ok,3096400.784238228,2026-09-21,1.0,18.66,19.05,18.29,False,,False,,False,,,,watching,,,
SRBK@2026-07-01,2026-09-09,SRBK,"SR Bancorp, Inc. - Common stock",US,USALL,Financials,stage2_breakout,D,live,False,Stage 2,42.9,54.7,11.1,12.8243,9.876,2.8853,1.15,Improving,19.489999771118164,21.1547,18.6162,25.8865,29.8358,12.0,1.86,10,clear,52.0,False,rebalance_week,ok,429785.8414848678,2026-09-21,1.0,19.2,20.092,18.91,False,,False,,False,,,,watching,,,
SRG@2026-08-19,2026-09-09,SRG,Seritage Growth Properties Class A Common Stock,US,USALL,Real Estate,stage4_breakdown,C,late,True,Stage 4,-84.8,7.3,47.9,-36.9538,0.4739,-37.6733,0.88,Improving,1.919999957084656,1.9563,2.1911,1.1055,0.3819,12.0,3.62,3,clear,66.0,False,clear,ok,364915.0463957361,2026-09-21,1.0,1.82,2.075,1.81,True,2026-09-14,False,,False,,0.62,0.58,open,,,
SRL@2026-07-08,2026-09-09,SRL,Scully Royalty Ltd.,US,USALL,Financials,stage4_breakdown,C,late,True,Stage 4,-79.7,10.2,39.3,-16.1434,9.876,-24.2125,0.88,Improving,5.630000114440918,4.0813,4.5711,2.3155,0.7999,12.0,3.61,9,clear,,False,clear,thin,52706.876848279775,2026-09-21,1.0,5.36,5.66,4.94,False,,False,,False,,,,watching,,,
SRRK@2026-07-08,2026-09-09,SRRK,Scholar Rock Holding Corporation - Common Stock,US,USALL,Health Care,stage2_breakout,D,late,False,Stage 2,61.6,45.5,5.5,22.0249,17.6631,3.855,1.15,Improving,55.40999984741211,62.9992,55.4393,84.77,103.178,12.0,2.88,9,clear,66.0,False,clear,ok,43749218.48776928,2026-09-21,1.0,48.63,56.9,45.875,False,,False,,False,,,,watching,,,
SSBI@2026-09-09,2026-09-09,SSBI,Summit State Bank - Common Stock,US,USALL,Financials,stage4_breakdown,C,live,True,Stage 4,-53.8,9.5,58.5,-4.257,9.876,-12.9955,0.88,Improving,12.210000038146973,12.2639,13.7355,10.4085,8.8232,12.0,1.26,0,clear,,False,rebalance_week,thin,42598.421733863564,2026-09-21,1.0,12.435,13.5,12.0,True,2026-09-14,False,,False,,0.18,-0.12,open,,,
SSRM@2026-08-19,2026-09-09,SSRM,SSR Mining Inc. - Common Stock,US,USALL,Materials,stage2_breakout,D,late,False,Stage 2,76.5,48.1,8.1,32.7173,0.0,32.7173,1.0,Improving,36.2400016784668,40.4209,35.5704,56.3413,69.8623,12.0,3.28,3,clear,57.0,False,clear,ok,63207377.96036658,2026-09-21,1.0,35.68,38.67,34.15,False,,False,,False,,,,watching,,,
STBA@2026-06-24,2026-09-09,STBA,"S&T Bancorp, Inc. - Common Stock",US,USALL,Financials,stage2_breakout,D,live,False,Stage 2,52.7,54.0,10.0,16.9939,9.876,6.7943,1.15,Improving,49.9900016784668,53.6314,47.1956,67.8934,79.7186,12.0,2.22,11,clear,45.0,False,rebalance_week,ok,7834996.401043962,2026-09-21,1.0,49.82,51.0,48.86,False,,False,,False,,,,watching,,,
STEP@2026-06-24,2026-09-09,STEP,StepStone Group Inc. - Class A Common Stock,US,USALL,Financials,stage4_breakdown,D,failed,True,Stage 4,-31.3,13.7,22.2,-8.6126,9.876,-17.5021,0.88,Improving,48.91999816894531,37.3485,41.8304,21.2274,7.3331,12.0,3.6,11,clear,59.0,False,rebalance_week,ok,35735549.50094388,2026-09-21,1.0,44.36,51.78,43.17,False,,False,,False,,,,watching,,,
STGW@2026-07-29,2026-09-09,STGW,Stagwell Inc. - Class A Common Stock,US,USALL,Communication Services,stage2_breakout,D,late,False,Stage 2,53.2,23.9,13.3,36.4455,0.0,36.4455,1.0,Improving,8.600000381469727,9.7193,8.553,13.8475,17.2855,12.0,3.54,6,event_driven,59.0,True,clear,ok,7045141.853988814,2026-09-21,1.0,8.32,8.83,8.05,False,,False,,False,,,,watching,,,
STIM@2026-08-12,2026-09-09,STIM,"Neuronetics, Inc. - Common Stock",US,USALL,Health Care,stage2_breakout,D,late,False,Stage 2,47.9,16.5,4.5,60.9562,17.6631,34.0746,1.15,Improving,3.0299999713897705,3.5523,3.126,4.988,6.2264,12.0,3.37,4,event_driven,57.0,True,clear,ok,2141736.5811561,2026-09-21,1.0,2.74,3.25,2.63,False,,False,,False,,,,watching,,,
STKS@2026-09-09,2026-09-09,STKS,"The ONE Group Hospitality, Inc. - Common Stock",US,USALL,Consumer Discretionary,stage4_breakdown,C,late,True,Stage 4,-73.7,5.2,56.2,-19.7087,0.0,-19.7087,0.88,Improving,1.590000033378601,1.5668,1.7548,0.891,0.3078,12.0,3.59,0,clear,59.0,False,rebalance_week,thin,37400.05985654544,2026-09-21,1.0,1.64,1.71,1.5,True,2026-09-14,False,,False,,0.36,-0.39,open,,,
STLA@2026-07-08,2026-09-09,STLA,Stellantis N.V. Common Shares,US,USALL,Consumer Discretionary,stage4_breakdown,C,late,True,Stage 4,-61.4,15.0,40.4,-33.9791,0.0,-33.9791,0.88,Improving,5.400000095367432,4.896,5.4835,2.7775,0.9595,12.0,3.61,9,clear,51.0,False,clear,ok,89326371.79259723,2026-09-21,1.0,4.6,5.3,4.46,True,2026-09-14,False,,False,,0.74,0.5,open,,,
STNE@2026-08-19,2026-09-09,STNE,StoneCo Ltd. - Class A Common Share,US,USALL,Information Technology,stage4_breakdown,C,live,True,Stage 4,-46.2,9.0,36.1,-17.1979,18.0891,-32.0722,0.88,Improving,10.100000381469728,8.811,9.8683,4.994,1.7252,12.0,3.61,3,event_driven,66.0,True,clear,ok,36235164.87560211,2026-09-21,1.0,9.3,10.04,9.05,False,,False,,False,,,,watching,,,
STRW@2026-07-22,2026-09-09,STRW,"Strawberry Fields REIT, Inc. Common Stock",US,USALL,Real Estate,stage2_breakout,D,live,False,Stage 2,40.4,48.5,13.6,8.4509,0.4739,7.9814,1.15,Improving,13.81999969482422,14.9258,13.1347,17.9979,20.5962,12.0,1.72,7,clear,59.0,False,clear,ok,274118.9883164102,2026-09-21,1.0,13.4,14.2,13.21,False,,False,,False,,,,watching,,,
STVN@2026-08-19,2026-09-09,STVN,Stevanato Group S.p.A. Ordinary Shares,US,USALL,Health Care,stage2_breakout,D,late,False,Stage 2,56.8,38.2,0.7,7.4574,17.6631,-10.9496,0.88,Improving,20.89999961853028,23.6269,20.7916,33.5163,41.7854,12.0,3.49,3,clear,59.0,False,clear,ok,5054728.42230895,2026-09-21,1.0,21.13,23.254,20.03,False,,False,,False,,,,watching,,,
SUPN@2026-09-09,2026-09-09,SUPN,"Supernus Pharmaceuticals, Inc. - Common Stock",US,USALL,Health Care,stage4_breakdown,C,late,True,Stage 4,-69.1,5.7,48.0,-13.8859,17.6631,-28.1364,0.88,Improving,41.63999938964844,41.5729,46.5616,23.3475,8.0655,12.0,3.65,0,clear,57.0,False,rebalance_week,ok,21522502.30848499,2026-09-21,1.0,42.66,44.46,40.51,True,2026-09-14,False,,False,,0.21,-0.22,open,,,
SVV@2026-08-05,2026-09-09,SVV,"Savers Value Village, Inc. Common Stock",US,USALL,Consumer Discretionary,stage2_breakout,D,failed,False,Stage 3,-5.9,19.0,52.1,-0.432,0.0,-0.432,0.88,Improving,9.75,12.9578,11.4029,18.4005,22.9689,12.0,3.5,5,event_driven,59.0,True,clear,ok,6627502.262231484,2026-09-21,1.0,9.34,9.89,8.83,False,,False,,False,,,,watching,,,
SWVL@2026-09-09,2026-09-09,SWVL,Swvl Holdings Corp - Ordinary Shares,US,USALL,Industrials,stage2_breakout,D,late,False,Stage 2,75.8,19.0,4.0,229.316,0.0,229.316,1.0,Improving,7.114999771118164,5.7871,5.0927,8.12,10.136,12.0,3.36,0,clear,,False,rebalance_week,untradeable,19259.833671442462,2026-09-14,0.0,4.27,7.264,3.88,True,2026-09-14,True,2026-09-14,False,,2.13,-2.18,stopped out,,,
SXC@2026-08-26,2026-09-09,SXC,"SunCoke Energy, Inc. Common Stock",US,USALL,Materials,stage2_breakout,D,late,False,Stage 2,74.8,34.9,6.2,32.5154,0.0,32.5154,1.0,Improving,10.020000457763672,10.8837,9.5777,15.486,19.3308,12.0,3.52,2,clear,58.0,False,clear,ok,8161468.740075466,2026-09-21,1.0,9.57,10.02,9.26,False,,False,,False,,,,watching,,,
SXT@2026-08-19,2026-09-09,SXT,Sensient Technologies Corporation Common Stock,US,USALL,Materials,stage2_breakout,D,late,False,Stage 2,53.3,41.1,11.5,22.6189,0.0,22.6189,1.0,Improving,128.60000610351562,141.1097,124.1765,195.5994,241.023,12.0,3.22,3,clear,53.0,False,clear,ok,32164089.251455,2026-09-21,1.0,129.22,133.16,125.31,False,,False,,False,,,,watching,,,
SYBT@2026-07-01,2026-09-09,SYBT,"Stock Yards Bancorp, Inc. - Common Stock",US,USALL,Financials,stage2_breakout,B,live,True,Stage 2,43.7,41.3,7.8,12.5602,9.876,2.5532,1.15,Improving,79.73999786376953,90.2948,79.4594,117.2634,139.6982,12.0,2.49,10,clear,51.0,False,rebalance_week,ok,8980793.782767927,2026-09-21,1.0,78.57,82.4458,77.01,False,,False,,False,,,,watching,,,
TACT@2026-06-17,2026-09-09,TACT,TransAct Technologies Incorporated - Common Stock,US,USALL,Information Technology,stage2_breakout,D,late,False,Stage 2,55.7,35.5,5.5,19.0047,18.0891,0.1498,1.15,Improving,5.159999847412109,6.1568,5.418,8.729,10.8962,12.0,3.48,12,clear,64.0,False,rebalance_week,thin,80055.51664734299,2026-09-21,1.0,4.87,5.22,4.7,False,,False,,False,,,,watching,,,
TALO@2026-08-19,2026-09-09,TALO,"Talos Energy, Inc. Common Stock",US,USALL,Energy,stage2_breakout,D,late,False,Stage 2,77.6,48.7,7.1,33.8711,7.5984,,1.0,Improving,17.68000030517578,18.815,16.5572,26.03,32.102,12.0,3.2,3,clear,58.0,False,clear,ok,20724699.26007601,2026-09-21,1.0,16.47,18.725,16.045,False,,False,,False,,,,watching,,,
TAP-A@2026-07-22,2026-09-09,TAP-A,Molson Coors Beverage Company Class A Common Stock,US,USALL,Consumer Staples,stage4_breakdown,D,live,True,Stage 4,-39.5,6.4,38.2,-8.1648,2.0049,-10.1783,0.88,Improving,42.13999938964844,38.3839,42.99,23.9347,11.8154,12.0,3.14,7,unknown,,,clear,untradeable,2542.804433185393,2026-09-21,1.0,39.52,42.14,39.52,False,,False,,False,,,,watching,,,
TARS@2026-09-02,2026-09-09,TARS,"Tarsus Pharmaceuticals, Inc. - Common Stock",US,USALL,Health Care,stage2_breakout,D,late,False,Stage 2,70.0,29.6,5.7,15.8461,17.6631,-3.119,0.88,Improving,79.30999755859375,93.5722,82.3435,132.7185,165.6693,12.0,3.49,1,clear,58.0,False,clear,ok,32252552.7610692,2026-09-21,1.0,75.69,80.235,73.85,False,,False,,False,,,,watching,,,
TBBB@2026-08-19,2026-09-09,TBBB,BBB Foods Inc. Class A Common Shares,US,USALL,Consumer Staples,stage2_breakout,D,late,False,Stage 2,67.8,37.7,4.9,38.9626,2.0049,36.7481,1.15,Improving,50.459999084472656,52.5048,46.2042,73.14,90.356,12.0,3.28,3,clear,72.0,False,clear,ok,15697061.708760556,2026-09-21,1.0,53.56,54.0,49.94,True,2026-09-21,False,,False,,0.24,0.17,open,,,
TBI@2026-07-15,2026-09-09,TBI,"TrueBlue, Inc. Common Stock",US,USALL,Industrials,stage2_breakout,D,late,False,Stage 2,54.9,10.1,13.0,47.7657,0.0,47.7657,1.0,Improving,8.75,11.2966,9.941,15.9935,19.9643,12.0,3.46,8,clear,56.0,False,clear,ok,1531236.8991234116,2026-09-21,1.0,9.44,9.97,8.63,False,,False,,False,,,,watching,,,
TBLA@2026-07-08,2026-09-09,TBLA,Taboola.com Ltd. - Ordinary Shares,US,USALL,Communication Services,stage2_breakout,D,failed,False,Stage 3 to 4,-50.8,10.4,54.6,-5.373,0.0,-5.373,0.88,Improving,3.799999952316284,5.8245,5.1256,8.2795,10.3351,12.0,3.51,9,clear,58.0,False,clear,ok,8135286.747579771,2026-09-21,1.0,3.48,3.94,3.365,False,,False,,False,,,,watching,,,
TCBK@2026-07-01,2026-09-09,TCBK,TriCo Bancshares - Common Stock,US,USALL,Financials,stage2_breakout,C,live,True,Stage 2,31.5,29.1,23.3,9.1345,9.876,-0.5314,0.88,Improving,53.52999877929688,61.9214,54.4908,77.8465,91.0868,12.0,2.14,10,clear,45.0,False,rebalance_week,ok,6053973.088554943,2026-09-21,1.0,52.38,54.07,51.26,False,,False,,False,,,,watching,,,
TCBX@2026-08-12,2026-09-09,TCBX,"Third Coast Bancshares, Inc. Common Stock",US,USALL,Financials,stage2_breakout,D,live,False,Stage 2,44.7,65.3,10.3,12.7705,9.876,2.5687,1.15,Improving,45.0,46.9592,41.3241,56.83,65.21,12.0,1.75,4,clear,44.0,False,clear,ok,2888124.164531082,2026-09-21,1.0,43.25,45.58,42.46,False,,False,,False,,,,watching,,,
TDOC@2026-07-08,2026-09-09,TDOC,"Teladoc Health, Inc. Common Stock",US,USALL,Health Care,stage2_breakout,D,failed,False,Stage 4,-52.9,25.0,37.0,-11.2613,17.6631,-25.9406,0.88,Improving,6.159999847412109,10.0996,8.8877,14.3362,17.8955,12.0,3.5,9,clear,51.0,False,clear,ok,20669686.08483361,2026-09-21,1.0,6.09,6.73,5.97,False,,False,,False,,,,watching,,,
TDS@2026-07-08,2026-09-09,TDS,"Telephone and Data Systems, Inc. Common Shares",US,USALL,Communication Services,stage4_breakdown,C,live,True,Stage 4,-37.9,13.9,34.9,-6.446,0.0,-6.446,0.88,Improving,37.459999084472656,30.8374,34.5379,17.3305,5.9869,12.0,3.65,9,clear,63.0,False,clear,ok,29435562.845414914,2026-09-21,1.0,35.85,38.04,35.58,False,,False,,False,,,,watching,,,
TDW@2026-08-12,2026-09-09,TDW,Tidewater Inc. Common Stock,US,USALL,Energy,stage2_breakout,D,late,False,Stage 2,53.3,33.4,14.2,32.9246,7.5984,,1.0,Improving,92.97000122070312,103.4271,91.0158,140.45,171.546,12.0,2.98,4,event_driven,63.0,True,clear,ok,41990717.33210625,2026-09-21,1.0,84.74,93.43,84.48,False,,False,,False,,,,watching,,,
TEAM@2026-08-26,2026-09-09,TEAM,Atlassian Corporation  - Class A Common Stock,US,USALL,Information Technology,stage2_breakout,D,late,False,Stage 2,81.6,28.6,0.3,49.8857,18.0891,24.3975,1.15,Improving,179.6999969482422,203.2691,178.8768,287.97,359.466,12.0,3.47,2,clear,52.0,False,clear,ok,344027359.5015613,2026-09-21,1.0,187.74,200.0,181.76,False,,False,,False,,,,watching,,,
TECX@2026-07-01,2026-09-09,TECX,"Tectonic Therapeutic, Inc. - Common Stock",US,USALL,Health Care,stage2_breakout,D,failed,False,Stage 2 to 3,14.8,27.4,23.1,12.5583,17.6631,-3.2766,0.88,Improving,29.049999237060547,40.6314,35.7557,57.3185,71.5493,12.0,3.42,10,clear,59.0,False,rebalance_week,ok,4183112.890480382,2026-09-21,1.0,23.67,30.73,23.06,False,,False,,False,,,,watching,,,
TEN@2026-09-09,2026-09-09,TEN,Tsakos Energy Navigation Ltd Common Shares,US,USALL,Energy,stage2_breakout,D,late,False,Stage 2,86.6,28.0,7.2,48.6983,7.5984,,1.0,Improving,47.900001525878906,45.493,40.0338,63.0697,77.7752,12.0,3.22,0,event_driven_and_ahead,3.0,True,rebalance_week,ok,8045520.863809759,2026-09-21,1.0,46.23,53.84,45.8,True,2026-09-14,False,,False,,1.53,0.14,open,,,
TENB@2026-07-08,2026-09-09,TENB,"Tenable Holdings, Inc. - Common Stock",US,USALL,Information Technology,stage2_breakout,D,live,False,Stage 2,44.6,24.3,7.8,12.9521,18.0891,-4.3057,0.88,Improving,30.11000061035156,44.8008,39.4247,63.3215,79.0427,12.0,3.45,9,clear,51.0,False,clear,ok,64801494.41121497,2026-09-21,1.0,33.49,38.89,30.9,False,,False,,False,,,,watching,,,
TFIN@2026-07-15,2026-09-09,TFIN,"Triumph Financial, Inc. Common Stock",US,USALL,Financials,stage2_breakout,D,failed,False,Stage 2 to 3,-7.3,30.8,35.2,2.4172,9.876,-6.4485,0.88,Improving,66.04000091552734,84.8726,74.6879,113.56,137.592,12.0,2.82,8,clear,45.0,False,clear,ok,11783766.709604692,2026-09-21,1.0,61.45,66.71,60.41,False,,False,,False,,,,watching,,,
THFF@2026-06-24,2026-09-09,THFF,First Financial Corporation  - Common Stock,US,USALL,Financials,stage2_breakout,B,live,True,Stage 2,48.9,44.7,12.0,18.84,9.876,8.609,1.15,Improving,77.83999633789062,85.1358,74.9195,109.774,130.2572,12.0,2.41,11,clear,57.0,False,rebalance_week,ok,5270969.907050004,2026-09-21,1.0,75.56,78.61,74.29,False,,False,,False,,,,watching,,,
THRM@2026-07-22,2026-09-09,THRM,Gentherm Inc - Common Stock,US,USALL,Consumer Discretionary,stage2_breakout,D,late,False,Stage 2,41.0,36.8,7.8,11.1631,0.0,11.1631,1.0,Improving,38.84999847412109,49.1781,43.2767,69.7,86.78,12.0,3.48,7,event_driven,45.0,True,clear,ok,7583104.009243655,2026-09-21,1.0,35.21,40.18,33.27,False,,False,,False,,,,watching,,,
TILE@2026-06-24,2026-09-09,TILE,"Interface, Inc. - Common Stock",US,USALL,Consumer Discretionary,stage2_breakout,D,live,False,Stage 2,38.2,33.4,17.8,12.7618,0.0,12.7618,1.0,Improving,34.130001068115234,41.1348,36.1986,56.5779,69.467,12.0,3.13,11,clear,60.0,False,rebalance_week,ok,12606717.532394849,2026-09-21,1.0,35.2,35.74,33.65,False,,False,,False,,,,watching,,,
TISI@2026-09-02,2026-09-09,TISI,"Team, Inc. Common Stock",US,USALL,Industrials,stage2_breakout,D,late,False,Stage 2,84.3,20.6,5.7,56.7437,0.0,56.7437,1.0,Improving,25.86000061035156,28.5869,25.1564,40.6145,50.6981,12.0,3.51,1,clear,66.0,False,clear,thin,96479.65027699702,2026-09-21,1.0,29.06,29.57,25.61,True,2026-09-21,False,,False,,0.29,0.14,open,,,
TITN@2026-09-02,2026-09-09,TITN,Titan Machinery Inc. - Common Stock,US,USALL,Industrials,stage2_breakout,D,late,False,Stage 2,70.3,30.1,3.0,26.7294,0.0,26.7294,1.0,Improving,23.21999931335449,27.6373,24.3208,39.005,48.689,12.0,3.43,1,event_driven,78.0,True,clear,ok,2382552.308912122,2026-09-21,1.0,23.49,24.59,22.52,False,,False,,False,,,,watching,,,
TK@2026-09-09,2026-09-09,TK,Teekay Corporation Ltd. Common Stock,US,USALL,Energy,stage2_breakout,D,late,False,Stage 2,80.5,29.7,6.6,37.0003,7.5984,,1.0,Improving,14.380000114440918,14.1184,12.4242,18.1274,21.5412,12.0,2.37,0,clear,58.0,False,rebalance_week,ok,4452767.077332391,2026-09-21,1.0,13.7,14.93,13.25,True,2026-09-14,False,,False,,0.48,-0.25,open,,,
TKC@2026-07-29,2026-09-09,TKC,Turkcell Iletisim Hizmetleri AS Common Stock,US,USALL,Communication Services,stage4_breakdown,C,live,True,Stage 4,-62.7,3.6,52.3,-9.5895,0.0,-9.5895,0.88,Improving,5.369999885559082,4.8191,5.3974,2.695,0.931,12.0,3.67,6,clear,66.0,False,clear,ok,6272495.699390963,2026-09-21,1.0,5.17,5.35,4.82,False,,False,,False,,,,watching,,,
TKNO@2026-08-12,2026-09-09,TKNO,"Alpha Teknova, Inc. - Common Stock",US,USALL,Health Care,stage2_breakout,D,late,False,Stage 2,57.4,10.9,9.1,51.4278,17.6631,28.2577,1.15,Improving,6.710000038146973,8.0558,7.0891,11.368,14.1904,12.0,3.43,4,event_driven,59.0,True,clear,thin,385922.6530137215,2026-09-21,1.0,9.33,9.48,6.33,True,2026-09-21,False,,False,,1.47,1.32,open,,,
TMP@2026-07-01,2026-09-09,TMP,Tompkins Financial Corporation Common Stock,US,USALL,Financials,stage2_breakout,C,late,True,Stage 2,52.8,48.8,13.4,23.4117,9.876,12.8645,1.15,Improving,98.83000183105467,103.8126,91.3551,134.6471,160.2928,12.0,2.48,10,clear,46.0,False,rebalance_week,ok,5100258.77415352,2026-09-21,1.0,99.57,101.0,95.93,False,,False,,False,,,,watching,,,
TNET@2026-07-29,2026-09-09,TNET,"TriNet Group, Inc. Common Stock",US,USALL,Industrials,stage2_breakout,D,late,False,Stage 2,49.1,17.2,5.0,23.596,0.0,23.596,1.0,Improving,66.01000213623047,74.4232,65.4924,105.966,132.2748,12.0,3.53,6,event_driven,51.0,True,clear,ok,13354472.531541904,2026-09-21,1.0,65.11,69.68,64.04,False,,False,,False,,,,watching,,,
TNK@2026-08-19,2026-09-09,TNK,Teekay Tankers Ltd.,US,USALL,Energy,stage2_breakout,D,late,False,Stage 2,81.8,12.0,6.7,48.4981,7.5984,,1.0,Improving,100.83000183105467,96.2384,84.6898,127.0613,153.1584,12.0,2.67,3,clear,58.0,False,clear,ok,21751928.555869907,2026-09-21,1.0,94.07,103.16,92.54,True,2026-09-14,False,,False,,0.6,-0.19,open,,,
TOP@2026-07-08,2026-09-09,TOP,TOP Financial Group Limited - Class A Ordinary Shares,US,USALL,Financials,stage2_breakout,D,late,False,Stage 2,85.1,23.1,4.5,115.3084,9.876,99.3139,1.15,Improving,14.630000114440918,17.9599,15.8047,25.2576,31.5284,12.0,3.39,9,unknown,,,clear,thin,218717.14637851872,2026-09-21,1.0,15.47,16.2,14.591,False,,False,,False,,,,watching,,,
TOWN@2026-07-29,2026-09-09,TOWN,Towne Bank - Common Stock,US,USALL,Financials,stage2_breakout,D,live,False,Stage 2,37.9,50.4,15.8,8.1833,9.876,-1.5852,0.88,Improving,37.0,39.4167,34.6867,47.1043,53.5637,12.0,1.63,6,event_driven,44.0,True,clear,ok,13270662.101545468,2026-09-21,1.0,36.36,37.42,35.93,False,,False,,False,,,,watching,,,
TPCS@2026-08-12,2026-09-09,TPCS,TechPrecision Corporation - Common stock,US,USALL,Industrials,stage2_breakout,D,late,False,Stage 2,46.2,20.2,6.9,27.3677,0.0,27.3677,1.0,Improving,5.769999980926514,6.4457,5.6722,9.1495,11.4211,12.0,3.5,4,clear,,False,clear,thin,95419.66151804324,2026-09-21,1.0,5.26,5.7,5.2,False,,False,,False,,,,watching,,,
TRMD@2026-09-09,2026-09-09,TRMD,TORM plc - Class A Common Stock,US,USALL,Energy,stage2_breakout,D,late,False,Stage 2,83.0,19.6,6.6,45.9598,7.5984,,1.0,Improving,35.08000183105469,33.6563,29.6175,44.2896,53.2496,12.0,2.63,0,clear,58.0,False,rebalance_week,ok,14220967.981389392,2026-09-21,1.0,34.32,38.73,32.43,True,2026-09-14,False,,False,,1.26,0.16,open,,,
TRMK@2026-06-24,2026-09-09,TRMK,Trustmark Corporation - Common Stock,US,USALL,Financials,stage2_breakout,D,live,False,Stage 2,40.2,64.0,14.3,11.0253,9.876,1.1113,1.15,Improving,46.97999954223633,49.2441,44.0552,57.8996,65.2326,10.54,1.67,11,clear,50.0,False,rebalance_week,ok,11765262.47029476,2026-09-21,1.0,46.04,47.93,45.58,False,,False,,False,,,,watching,,,
TRNO@2026-07-15,2026-09-09,TRNO,Terreno Realty Corporation Common Stock,US,USALL,Real Estate,stage2_breakout,D,failed,False,Stage 2 to 3,6.5,40.7,32.7,3.3865,0.4739,2.9682,1.15,Improving,65.2699966430664,79.7085,70.1435,99.3892,115.7485,12.0,2.06,8,clear,58.0,False,clear,ok,31465329.14161261,2026-09-21,1.0,66.07,66.93,64.27,False,,False,,False,,,,watching,,,
TRVI@2026-06-24,2026-09-09,TRVI,"Trevi Therapeutics, Inc. - Common Stock",US,USALL,Health Care,stage2_breakout,D,live,False,Stage 2,43.0,43.3,12.7,18.678,17.6631,1.7931,1.15,Improving,15.899999618530272,20.6627,18.1832,29.319,36.5982,12.0,3.49,11,clear,66.0,False,rebalance_week,ok,18863398.55562596,2026-09-21,1.0,14.41,16.169,14.0,False,,False,,False,,,,watching,,,
TSBK@2026-06-24,2026-09-09,TSBK,"Timberland Bancorp, Inc. - Common Stock",US,USALL,Financials,stage2_breakout,B,live,True,Stage 2,58.0,47.2,6.9,20.4435,9.876,9.9446,1.15,Improving,46.470001220703125,49.9531,43.9588,62.4896,72.9773,12.0,2.09,11,clear,52.0,False,rebalance_week,ok,897446.4470975529,2026-09-21,1.0,45.41,47.47,44.54,False,,False,,False,,,,watching,,,
TU@2026-07-01,2026-09-09,TU,Telus Corporation Ordinary Shares,US,USALL,Communication Services,stage4_breakdown,C,late,True,Stage 4,-74.7,8.1,59.7,-24.7338,0.0,-24.7338,0.88,Improving,9.100000381469728,8.92,9.9904,4.9873,1.7229,12.0,3.67,10,clear,60.0,False,rebalance_week,ok,45723640.98283239,2026-09-21,1.0,8.48,9.19,8.4,True,2026-09-14,False,,False,,0.49,0.41,open,,,
TULP@2026-07-29,2026-09-09,TULP,"Bloomia Holdings, Inc. - Common Stock",US,USALL,Consumer Staples,stage4_breakdown,D,live,False,Stage 4,-60.6,9.2,45.3,-13.6424,2.0049,-15.612,0.88,Improving,3.400000095367432,3.0101,3.3713,1.7105,0.5909,12.0,3.6,6,clear,,False,clear,untradeable,6556.149369232347,2026-09-21,1.0,3.0,3.74,2.94,True,2026-09-21,True,2026-09-21,False,,0.19,0.03,stopped out,,,
TV@2026-09-09,2026-09-09,TV,Grupo Televisa S.A.B. Common Stock,US,USALL,Communication Services,stage4_breakdown,C,late,True,Stage 4,-73.3,2.4,60.9,-16.2822,0.0,-16.2822,0.88,Improving,2.380000114440918,2.4919,2.791,1.4025,0.4845,12.0,3.64,0,clear,52.0,False,rebalance_week,ok,1908686.666104204,2026-09-21,1.0,2.37,2.59,2.18,True,2026-09-14,False,,False,,1.04,0.41,open,,,
TW@2026-06-24,2026-09-09,TW,Tradeweb Markets Inc. - Class A Common Stock,US,USALL,Financials,stage4_breakdown,C,live,True,Stage 3 to 4,-47.0,25.0,34.4,-6.356,9.876,-15.2624,0.88,Improving,101.44000244140624,89.6303,100.386,55.2564,26.4206,12.0,3.2,11,clear,52.0,False,rebalance_week,ok,112598866.02498764,2026-09-21,1.0,101.19,105.01,99.42,False,,False,,False,,,,watching,,,
TWFG@2026-08-26,2026-09-09,TWFG,"TWFG, Inc. - Common Stock",US,USALL,Financials,stage2_breakout,D,late,False,Stage 2,51.8,37.3,2.3,10.6414,9.876,0.4912,1.15,Improving,26.690000534057617,31.9496,28.1157,45.385,56.653,12.0,3.5,2,clear,65.0,False,clear,ok,3345085.8429591325,2026-09-21,1.0,24.15,28.48,23.725,False,,False,,False,,,,watching,,,
TWIN@2026-06-24,2026-09-09,TWIN,"Twin Disc, Incorporated - Common Stock",US,USALL,Industrials,stage2_breakout,D,late,False,Stage 2,49.4,33.1,15.2,35.6208,0.0,35.6208,1.0,Improving,24.540000915527344,26.0508,22.9247,36.7412,45.7341,12.0,3.42,11,clear,58.0,False,rebalance_week,ok,1244788.889929074,2026-09-21,1.0,26.13,26.67,23.56,True,2026-09-21,False,,False,,0.2,0.03,open,,,
UBS@2026-06-17,2026-09-09,UBS,UBS Group AG Registered Ordinary Shares,US,USALL,Financials,stage2_breakout,D,late,False,Stage 2,65.2,57.9,5.6,22.9633,9.876,12.3592,1.15,Improving,54.58000183105469,56.507,49.7262,76.5878,93.07,12.0,2.96,12,clear,51.0,False,rebalance_week,ok,71778108.604112,2026-09-21,1.0,49.67,53.78,47.18,False,,False,,False,,,,watching,,,
UEIC@2026-07-01,2026-09-09,UEIC,Universal Electronics Inc. - Common Stock,US,USALL,Information Technology,stage2_breakout,D,late,False,Stage 2,45.6,27.5,6.4,21.7014,18.0891,2.1418,1.15,Improving,4.789999961853027,5.8092,5.1121,8.0033,9.8511,12.0,3.15,10,clear,59.0,False,rebalance_week,thin,118395.68075217427,2026-09-21,1.0,5.12,5.67,4.67,False,,False,,False,,,,watching,,,
UFI@2026-07-15,2026-09-09,UFI,"Unifi, Inc. New Common Stock",US,USALL,Consumer Discretionary,stage2_breakout,D,late,False,Stage 2,68.5,0.0,10.0,50.744,0.0,50.744,1.0,Improving,6.760000228881836,8.6396,7.6029,12.2815,15.3307,12.0,3.51,8,clear,57.0,False,clear,thin,227078.0448118265,2026-09-21,1.0,6.6,6.87,6.46,False,,False,,False,,,,watching,,,
UFPT@2026-08-05,2026-09-09,UFPT,"UFP Technologies, Inc. - Common Stock",US,USALL,Health Care,stage2_breakout,D,late,False,Stage 2,41.8,32.1,11.4,19.745,17.6631,1.4597,1.15,Improving,277.8900146484375,345.0213,303.6187,491.1295,613.0651,12.0,3.53,5,event_driven,56.0,True,clear,ok,29918115.158526134,2026-09-21,1.0,295.65,300.23,273.0,False,,False,,False,,,,watching,,,
UHAL@2026-07-01,2026-09-09,UHAL,U-Haul Holding Company Common Stock,US,USALL,Industrials,stage2_breakout,D,live,False,Stage 2,45.8,36.4,16.1,12.75,0.0,12.75,1.0,Improving,64.05000305175781,77.4224,68.1317,110.8525,138.3745,12.0,3.6,10,clear,58.0,False,rebalance_week,ok,8427740.09301957,2026-09-21,1.0,60.97,64.49,60.42,False,,False,,False,,,,watching,,,
UHAL-B@2026-07-01,2026-09-09,UHAL-B,U-Haul Holding Company Series N Non-Voting Common Stock,US,USALL,Industrials,stage2_breakout,D,live,False,Stage 2,40.0,36.3,14.4,9.8926,0.0,9.8926,1.0,Improving,56.38999938964844,67.6955,59.572,94.1323,115.9655,12.0,3.25,10,clear,58.0,False,rebalance_week,ok,14071722.278941154,2026-09-21,1.0,53.46,56.865,53.03,False,,False,,False,,,,watching,,,
UHT@2026-07-01,2026-09-09,UHT,Universal Health Realty Income Trust Common Stock,US,USALL,Real Estate,stage2_breakout,D,failed,True,Stage 3 to 4,-1.0,21.7,31.2,1.717,0.4739,1.2451,1.15,Improving,40.400001525878906,46.8452,41.2237,55.5782,63.0008,12.0,1.55,10,clear,49.0,False,rebalance_week,ok,2586650.7868459327,2026-09-21,1.0,38.65,40.6981,38.2288,False,,False,,False,,,,watching,,,
ULCC@2026-06-24,2026-09-09,ULCC,"Frontier Group Holdings, Inc. - Common Stock",US,USALL,Industrials,stage2_breakout,D,live,False,Stage 2,24.6,37.1,34.0,9.601,0.0,9.601,1.0,Improving,5.619999885559082,8.6299,7.5943,12.1872,15.213,12.0,3.44,11,clear,59.0,False,rebalance_week,ok,16571338.53951121,2026-09-21,1.0,6.19,6.4,5.44,False,,False,,False,,,,watching,,,
UMH@2026-08-19,2026-09-09,UMH,"UMH Properties, Inc. Common Stock",US,USALL,Real Estate,stage2_breakout,D,live,False,Stage 1 to 2,15.7,47.6,20.8,3.9142,0.4739,3.3892,1.15,Improving,15.510000228881836,16.9365,14.9041,20.0039,22.591,12.0,1.51,3,clear,56.0,False,clear,ok,7075007.943896929,2026-09-21,1.0,15.4,15.97,15.18,False,,False,,False,,,,watching,,,
UNF@2026-07-15,2026-09-09,UNF,Unifirst Corporation Common Stock,US,USALL,Industrials,stage2_breakout,D,live,False,Stage 2,42.3,31.3,21.6,19.12,0.0,19.12,1.0,Improving,274.67999267578125,309.633,272.4771,415.2295,502.4026,12.0,2.84,8,clear,44.0,False,clear,ok,39471613.66000239,2026-09-21,1.0,259.09,279.0,255.0,False,,False,,False,,,,watching,,,
URBN@2026-08-26,2026-09-09,URBN,"Urban Outfitters, Inc. - Common Stock",US,USALL,Consumer Discretionary,stage2_breakout,D,live,False,Stage 2,50.7,46.6,5.7,9.8764,0.0,9.8764,1.0,Improving,78.58000183105469,87.0815,76.6317,120.6823,148.8842,12.0,3.22,2,event_driven,79.0,True,clear,ok,61537141.10995908,2026-09-21,1.0,75.35,78.27,73.62,False,,False,,False,,,,watching,,,
URGN@2026-07-01,2026-09-09,URGN,UroGen Pharma Ltd. - Ordinary Shares,US,USALL,Health Care,stage2_breakout,D,late,False,Stage 2,58.7,7.0,10.3,57.4517,17.6631,36.5885,1.15,Improving,42.310001373291016,51.8978,45.6701,73.6745,91.9661,12.0,3.5,10,clear,59.0,False,rebalance_week,ok,17873279.748194925,2026-09-21,1.0,41.35,45.325,39.72,False,,False,,False,,,,watching,,,
USA@2026-08-12,2026-09-09,USA,Liberty All-Star Equity Fund Common Stock,US,USALL,Financials,stage2_breakout,D,live,False,Stage 1,22.2,54.7,19.2,3.5942,9.876,-5.9546,0.88,Improving,5.880000114440918,6.1601,5.5699,7.1264,7.9316,9.58,1.64,4,unknown,,,clear,ok,4979983.643858574,2026-09-21,1.0,5.87,5.93,5.82,False,,False,,False,,,,watching,,,
USCB@2026-06-24,2026-09-09,USCB,"USCB Financial Holdings, Inc.  - Class A Common Stock",US,USALL,Financials,stage2_breakout,C,late,True,Stage 2,65.3,48.2,4.9,21.678,9.876,10.8913,1.15,Improving,23.15999984741211,24.2177,21.3116,30.4188,35.6451,12.0,2.13,11,clear,45.0,False,rebalance_week,ok,717682.0615677137,2026-09-21,1.0,22.63,23.66,22.3,False,,False,,False,,,,watching,,,
USIO@2026-07-01,2026-09-09,USIO,"Usio, Inc. - Common Stock",US,USALL,Information Technology,stage2_breakout,D,late,False,Stage 2,52.7,6.4,9.1,51.1807,18.0891,29.5299,1.15,Improving,2.450000047683716,3.1465,2.7689,4.437,5.5386,12.0,3.42,10,clear,65.0,False,rebalance_week,thin,177578.45088625397,2026-09-21,1.0,2.33,2.58,2.17,False,,False,,False,,,,watching,,,
UTMD@2026-06-24,2026-09-09,UTMD,"Utah Medical Products, Inc. - Common Stock",US,USALL,Health Care,stage2_breakout,C,live,True,Stage 2,35.9,31.6,9.2,9.346,17.6631,-7.8044,0.88,Improving,69.70999908447266,76.8518,67.6296,91.1041,103.3874,12.0,1.55,11,clear,45.0,False,rebalance_week,ok,724196.7174630321,2026-09-21,1.0,74.18,76.89,69.49,True,2026-09-21,False,,False,,0.0,-0.29,open,,,
UVE@2026-07-01,2026-09-09,UVE,UNIVERSAL INSURANCE HOLDINGS INC Common Stock,US,USALL,Financials,stage2_breakout,D,late,False,Stage 2,62.7,57.5,7.6,26.0194,9.876,15.1338,1.15,Improving,44.33000183105469,45.8326,40.3327,60.4444,72.6799,12.0,2.66,10,clear,45.0,False,rebalance_week,ok,5101762.810240413,2026-09-21,1.0,42.14,45.05,42.01,False,,False,,False,,,,watching,,,
UVV@2026-08-12,2026-09-09,UVV,Universal Corporation Common Stock,US,USALL,Consumer Staples,stage4_breakdown,C,live,True,Stage 4,-54.6,5.5,47.2,-11.677,2.0049,-13.5827,0.88,Improving,45.18000030517578,42.7163,47.8423,30.8,20.752,12.0,2.32,4,event_driven,59.0,True,clear,ok,8019766.574712137,2026-09-21,1.0,42.47,46.36,41.96,True,2026-09-21,False,,False,,0.15,0.05,open,,,
VAC@2026-06-17,2026-09-09,VAC,Marriott Vacations Worldwide Corporation Common Stock,US,USALL,Consumer Discretionary,stage2_breakout,D,late,False,Stage 2,57.4,22.0,17.9,39.2146,0.0,39.2146,1.0,Improving,103.58999633789062,133.858,117.7951,190.443,237.7254,12.0,3.52,12,clear,58.0,False,rebalance_week,ok,29143987.78921541,2026-09-21,1.0,102.82,107.05,96.8,False,,False,,False,,,,watching,,,
VCEL@2026-07-01,2026-09-09,VCEL,Vericel Corporation - Common Stock,US,USALL,Health Care,stage2_breakout,D,failed,False,Stage 2 to 3,1.1,30.8,35.9,2.304,17.6631,-13.5652,0.88,Improving,38.34000015258789,50.2005,44.1765,69.69,85.986,12.0,3.24,10,clear,59.0,False,rebalance_week,ok,16578643.395556862,2026-09-21,1.0,39.71,40.87,38.2,False,,False,,False,,,,watching,,,
VCTR@2026-07-15,2026-09-09,VCTR,"Victory Capital Holdings, Inc. - Common Stock",US,USALL,Financials,stage2_breakout,D,late,False,Stage 2,60.0,12.1,10.0,43.031,9.876,31.2608,1.15,Improving,110.3000030517578,124.7303,109.7627,178.3467,222.6259,12.0,3.58,8,clear,59.0,False,clear,ok,34062236.99684055,2026-09-21,1.0,108.75,111.775,101.4,False,,False,,False,,,,watching,,,
VCV@2026-09-09,2026-09-09,VCV,Invesco California Value Municipal Income Trust Common Stock,US,USALL,Financials,stage4_breakdown,C,live,True,Stage 3 to 4,-51.1,9.9,44.2,-4.6995,9.876,-13.5442,0.88,Improving,9.864999771118164,9.8317,10.7999,8.8553,8.029,9.85,1.01,0,unknown,,,rebalance_week,ok,711435.6427647654,2026-09-21,1.0,9.14,9.9,8.96,True,2026-09-14,False,,False,,0.9,0.71,open,,,
VCYT@2026-06-24,2026-09-09,VCYT,"Veracyte, Inc. - Common Stock",US,USALL,Health Care,stage2_breakout,D,failed,False,Stage 3 to 4,-20.3,24.9,39.3,-1.1171,17.6631,-16.2324,0.88,Improving,40.869998931884766,62.2236,54.7568,88.3195,110.2471,12.0,3.49,11,clear,57.0,False,rebalance_week,ok,38418316.731952034,2026-09-21,1.0,45.43,49.0,38.245,False,,False,,False,,,,watching,,,
VGM@2026-07-01,2026-09-09,VGM,Invesco Trust for Investment Grade Municipals Common Stock (DE),US,USALL,Financials,stage2_breakout,D,failed,False,Stage 3,-17.5,45.3,51.8,-0.6396,9.876,-9.7677,0.88,Improving,9.78499984741211,10.5685,9.6513,11.7953,12.8279,8.68,1.34,10,unknown,,,rebalance_week,ok,1165334.300319292,2026-09-21,1.0,9.12,9.85,8.99,False,,False,,False,,,,watching,,,
VHI@2026-08-26,2026-09-09,VHI,"Valhi, Inc. Common Stock",US,USALL,Materials,stage2_breakout,D,late,False,Stage 2,73.6,35.6,1.7,29.0953,0.0,29.0953,1.0,Improving,18.26000022888184,19.4672,17.1312,27.7027,34.5806,12.0,3.53,2,clear,59.0,False,clear,thin,152919.19957480594,2026-09-21,1.0,15.99,18.25,15.39,False,,False,,False,,,,watching,,,
VKQ@2026-07-01,2026-09-09,VKQ,Invesco Municipal Trust Common Stock,US,USALL,Financials,stage2_breakout,D,failed,False,Stage 3,-9.9,48.1,55.7,0.0017,9.876,-9.1837,0.88,Improving,9.327000617980955,9.9631,9.2497,10.8948,11.6782,7.16,1.31,10,unknown,,,rebalance_week,ok,1286773.1209288747,2026-09-21,1.0,8.71,9.42,8.64,False,,False,,False,,,,watching,,,
VMD@2026-07-01,2026-09-09,VMD,"Viemed Healthcare, Inc. - Common Shares",US,USALL,Health Care,stage2_breakout,D,failed,False,Stage 3 to 4,-19.5,22.8,48.7,1.0747,17.6631,-13.8811,0.88,Improving,8.789999961853027,12.8226,11.2839,17.53,21.466,12.0,3.06,10,clear,58.0,False,rebalance_week,ok,2171217.223093462,2026-09-21,1.0,8.91,9.06,8.66,False,,False,,False,,,,watching,,,
VMO@2026-06-17,2026-09-09,VMO,Invesco Municipal Opportunity Trust Common Stock,US,USALL,Financials,stage2_breakout,D,failed,False,Stage 3,-8.4,50.7,47.4,0.2434,9.876,-8.9775,0.88,Improving,9.31700038909912,9.8516,9.2096,10.74,11.4891,6.52,1.38,12,unknown,,,rebalance_week,ok,1572756.015191793,2026-09-21,1.0,8.63,9.38,8.51,False,,False,,False,,,,watching,,,
VNDA@2026-07-29,2026-09-09,VNDA,Vanda Pharmaceuticals Inc. - Common Stock,US,USALL,Health Care,stage4_breakdown,C,late,True,Stage 4,-69.9,12.1,36.1,-17.5965,17.6631,-30.931,0.88,Improving,5.090000152587891,4.292,4.8071,2.4475,0.8455,12.0,3.58,6,clear,58.0,False,clear,ok,4068824.65788126,2026-09-21,1.0,5.05,5.33,4.93,False,,False,,False,,,,watching,,,
VOR@2026-07-01,2026-09-09,VOR,Vor Biopharma Inc. - Common Stock,US,USALL,Health Care,stage2_breakout,D,late,False,Stage 2,73.2,22.8,2.4,26.3484,17.6631,4.8089,1.15,Improving,22.299999237060547,25.9731,22.8563,36.4965,45.5577,12.0,3.38,10,clear,66.0,False,rebalance_week,ok,12307829.45004388,2026-09-21,1.0,18.52,23.82,17.55,False,,False,,False,,,,watching,,,
VOXR@2026-07-15,2026-09-09,VOXR,Vox Royalty Corp. - common stock,US,USALL,Materials,stage4_breakdown,D,failed,True,Stage 2,62.3,51.6,5.1,15.1487,0.0,15.1487,1.0,Improving,5.789999961853027,3.9673,4.4434,2.2605,0.7809,12.0,3.59,8,clear,65.0,False,clear,ok,1496710.9720625128,2026-09-21,1.0,5.44,5.81,5.32,False,,False,,False,,,,watching,,,
VREX@2026-08-12,2026-09-09,VREX,Varex Imaging Corporation - Common Stock,US,USALL,Health Care,stage2_breakout,D,late,False,Stage 2,54.1,27.9,9.1,50.1564,17.6631,26.5667,1.15,Improving,18.459999084472656,18.9133,16.6437,27.0135,33.7203,12.0,3.57,4,event_driven,71.0,True,clear,ok,3011913.7324632765,2026-09-21,1.0,18.45,18.54,18.43,False,,False,,False,,,,watching,,,
VRNS@2026-07-08,2026-09-09,VRNS,"Varonis Systems, Inc. - Common Stock",US,USALL,Information Technology,stage2_breakout,D,late,False,Stage 2,74.0,33.2,0.0,24.8681,18.0891,4.8688,1.15,Improving,45.119998931884766,50.6984,44.6146,71.833,89.6674,12.0,3.47,9,clear,50.0,False,clear,ok,45269040.08583495,2026-09-21,1.0,46.25,48.79,45.33,False,,False,,False,,,,watching,,,
VSEC@2026-08-12,2026-09-09,VSEC,VSE Corporation - Common Stock,US,USALL,Industrials,stage2_breakout,D,failed,False,Stage 3,-15.7,35.2,42.7,1.1658,0.0,1.1658,1.0,Improving,194.97999572753903,254.1823,223.6804,339.5549,412.9188,12.0,2.8,4,event_driven,56.0,True,clear,ok,73041122.08223207,2026-09-21,1.0,180.77,189.67,172.67,False,,False,,False,,,,watching,,,
VSTM@2026-09-02,2026-09-09,VSTM,"Verastem, Inc. - Common Stock",US,USALL,Health Care,stage2_breakout,D,late,False,Stage 2,66.2,21.3,0.0,9.26,17.6631,-10.2445,0.88,Improving,7.320000171661377,8.4636,7.448,11.9045,14.8601,12.0,3.39,1,clear,57.0,False,clear,ok,8705994.551548395,2026-09-21,1.0,7.74,8.65,7.2,True,2026-09-21,False,,False,,0.18,-0.71,open,,,
VSXY@2026-06-24,2026-09-09,VSXY,Victorias Secret & Co. Common Stock,US,USALL,Consumer Discretionary,stage2_breakout,D,late,False,Stage 2,44.9,31.2,20.3,31.3675,0.0,31.3675,1.0,Improving,75.6500015258789,104.7668,92.1948,148.567,185.4526,12.0,3.48,11,clear,87.0,False,rebalance_week,ok,87878237.78708856,2026-09-21,1.0,82.91,85.705,72.47,False,,False,,False,,,,watching,,,
VTN@2026-09-09,2026-09-09,VTN,Invesco Trust for Investment Grade New York Municipals Common Stock,US,USALL,Financials,stage4_breakdown,C,live,True,Stage 4,-60.8,4.9,56.7,-7.1103,9.876,-15.7016,0.88,Improving,9.991000175476074,10.0328,11.2368,8.525,7.2476,12.0,1.25,0,unknown,,,rebalance_week,ok,176365.08632505243,2026-09-21,1.0,9.4,10.05,9.3,True,2026-09-14,False,,False,,0.61,0.53,open,,,
VTS@2026-06-24,2026-09-09,VTS,"Vitesse Energy, Inc. Common Stock",US,USALL,Energy,stage4_breakdown,D,failed,True,Stage 1 to 2,30.0,39.6,18.2,1.7865,7.5984,,1.0,Improving,18.76000022888184,14.74,16.5088,8.25,2.85,12.0,3.67,11,clear,56.0,False,rebalance_week,ok,6451529.573693627,2026-09-21,1.0,16.75,19.04,16.65,False,,False,,False,,,,watching,,,
VYGR@2026-07-15,2026-09-09,VYGR,"Voyager Therapeutics, Inc. - Common Stock",US,USALL,Health Care,stage4_breakdown,C,late,True,Stage 4,-56.2,21.4,42.4,-18.0192,17.6631,-32.2539,0.88,Improving,3.190000057220459,2.8389,3.1796,1.617,0.5586,12.0,3.59,8,clear,63.0,False,clear,ok,1347751.016885788,2026-09-21,1.0,2.68,3.21,2.64,True,2026-09-21,False,,False,,0.58,0.47,open,,,
WAFD@2026-07-01,2026-09-09,WAFD,"WaFd, Inc. - Common Stock",US,USALL,Financials,stage2_breakout,D,failed,False,Stage 2 to 3,1.7,27.9,32.9,2.661,9.876,-6.4426,0.88,Improving,33.880001068115234,39.6376,34.8811,49.2302,57.255,12.0,2.02,10,clear,38.0,False,rebalance_week,ok,14693197.786207875,2026-09-21,1.0,31.35,34.22,30.54,False,,False,,False,,,,watching,,,
WASH@2026-06-24,2026-09-09,WASH,"Washington Trust Bancorp, Inc. - Common Stock",US,USALL,Financials,stage2_breakout,D,late,False,Stage 2,54.4,60.0,10.5,24.3521,9.876,13.5911,1.15,Improving,39.9900016784668,41.0299,36.1064,51.639,60.5182,12.0,2.15,11,clear,42.0,False,rebalance_week,ok,4113848.227241042,2026-09-21,1.0,38.86,40.42,38.03,False,,False,,False,,,,watching,,,
WBX@2026-07-08,2026-09-09,WBX,Wallbox N.V. Class A Ordinary Shares,US,USALL,Information Technology,stage2_breakout,D,failed,False,Stage 2 to 3,3.0,30.3,18.6,-4.0505,18.0891,-20.2626,0.88,Improving,3.309999942779541,6.3475,5.5858,8.9595,11.184,12.0,3.43,9,clear,65.0,False,clear,thin,38745.65791868912,2026-09-21,1.0,2.85,3.26,2.8,False,,False,,False,,,,watching,,,
WD@2026-08-19,2026-09-09,WD,"Walker & Dunlop, Inc Common Stock",US,USALL,Financials,stage4_breakdown,C,late,True,Stage 4,-61.3,4.5,50.4,-26.8353,9.876,-34.1448,0.88,Improving,40.52999877929688,37.9528,42.5071,21.4555,7.4119,12.0,3.62,3,clear,59.0,False,clear,ok,11261124.143806834,2026-09-21,1.0,37.98,41.72,36.56,True,2026-09-14,False,,False,,0.31,-0.01,open,,,
WDFC@2026-07-08,2026-09-09,WDFC,WD-40 Company - Common Stock,US,USALL,Materials,stage2_breakout,D,failed,False,Stage 4,-62.7,6.5,81.9,-8.4884,0.0,-8.4884,0.88,Improving,194.82000732421875,301.8542,265.6317,403.3089,487.7874,12.0,2.8,9,event_driven,44.0,True,clear,ok,22078509.684851754,2026-09-21,1.0,199.17,201.89,187.78,False,,False,,False,,,,watching,,,
WEYS@2026-07-01,2026-09-09,WEYS,"Weyco Group, Inc. - Common Stock",US,USALL,Consumer Discretionary,stage2_breakout,D,late,False,Stage 2,57.5,22.9,15.6,32.644,0.0,32.644,1.0,Improving,44.59000015258789,49.0732,43.1844,67.5444,82.8741,12.0,3.14,10,clear,57.0,False,rebalance_week,ok,484329.0310938576,2026-09-21,1.0,47.44,48.73,43.57,False,,False,,False,,,,watching,,,
WHD@2026-08-12,2026-09-09,WHD,"Cactus, Inc. Class A Common Stock",US,USALL,Energy,stage2_breakout,D,late,False,Stage 2,48.4,29.9,15.4,33.5105,7.5984,,1.0,Improving,69.54000091552734,75.1255,66.1104,103.5737,127.3042,12.0,3.16,4,clear,58.0,False,clear,ok,30071502.455640186,2026-09-21,1.0,64.3,70.31,63.98,False,,False,,False,,,,watching,,,
WHG@2026-06-24,2026-09-09,WHG,Westwood Holdings Group Inc Common Stock,US,USALL,Financials,stage2_breakout,C,live,True,Stage 2,37.6,32.5,19.2,9.516,9.876,-0.2857,0.88,Improving,18.790000915527344,21.1517,18.6135,27.162,32.2455,12.0,2.37,11,clear,52.0,False,rebalance_week,ok,234231.77633101025,2026-09-21,1.0,19.03,19.37,18.5,False,,False,,False,,,,watching,,,
WINA@2026-07-22,2026-09-09,WINA,Winmark Corporation - Common Stock,US,USALL,Consumer Discretionary,stage4_breakdown,C,late,True,Stage 4,-77.1,5.4,56.4,-23.7405,0.0,-23.7405,0.88,Improving,308.4700012207031,306.5437,343.329,173.25,59.85,12.0,3.62,7,event_driven,37.0,True,clear,ok,12256429.75096644,2026-09-21,1.0,296.35,312.05,280.05,True,2026-09-14,False,,False,,0.72,0.28,open,,,
WIT@2026-09-09,2026-09-09,WIT,Wipro Limited Common Stock,US,USALL,Information Technology,stage4_breakdown,C,late,True,Stage 4,-78.3,9.3,45.6,-26.7283,18.0891,-39.9864,0.88,Improving,1.690000057220459,1.6862,1.8886,0.9517,0.3288,12.0,3.63,0,clear,38.0,False,rebalance_week,ok,14399889.780558292,2026-09-21,1.0,1.65,1.79,1.62,True,2026-09-14,False,,False,,0.33,0.18,open,,,
WKC@2026-06-24,2026-09-09,WKC,World Kinect Corporation Common Stock,US,USALL,Energy,stage2_breakout,D,late,False,Stage 2,54.0,28.0,17.7,26.3292,7.5984,,1.0,Improving,35.209999084472656,41.7201,36.7137,59.74,74.572,12.0,3.6,11,clear,45.0,False,rebalance_week,ok,20019538.31991098,2026-09-21,1.0,35.65,36.48,34.85,False,,False,,False,,,,watching,,,
WNC@2026-09-02,2026-09-09,WNC,Wabash National Corporation Common Stock,US,USALL,Industrials,stage2_breakout,D,late,False,Stage 2,50.7,26.0,8.7,26.3822,0.0,26.3822,1.0,Improving,12.550000190734863,14.8391,13.0584,20.9815,26.1907,12.0,3.45,1,clear,59.0,False,clear,ok,5587511.526977762,2026-09-21,1.0,13.03,13.18,11.41,False,,False,,False,,,,watching,,,
WNEB@2026-06-24,2026-09-09,WNEB,"Western New England Bancorp, Inc. - Common Stock",US,USALL,Financials,stage2_breakout,C,live,True,Stage 3,24.9,18.2,24.8,6.1447,9.876,-3.3927,0.88,Improving,13.770000457763672,15.1693,13.349,17.9697,20.3975,12.0,1.54,11,clear,50.0,False,rebalance_week,ok,487997.2893120672,2026-09-21,1.0,13.97,14.23,13.3,False,,False,,False,,,,watching,,,
WOR@2026-09-02,2026-09-09,WOR,"Worthington Enterprises, Inc. Common Shares",US,USALL,Industrials,stage2_breakout,D,live,False,Stage 1 to 2,18.5,34.9,23.3,3.2023,0.0,3.2023,1.0,Improving,56.93000030517578,64.0061,56.3253,81.1333,95.6399,12.0,2.23,1,event_ahead,15.0,False,clear,ok,8669955.174942084,2026-09-21,1.0,62.24,67.54,54.26,True,2026-09-21,False,,False,,0.46,-0.23,open,,,
WPM@2026-07-15,2026-09-09,WPM,Wheaton Precious Metals Corp Common Shares (Canada),US,USALL,Materials,stage4_breakdown,D,failed,False,Stage 2,68.1,49.1,4.6,23.2011,0.0,23.2011,1.0,Improving,154.1199951171875,98.0269,109.7901,55.8006,19.2766,12.0,3.59,8,clear,59.0,False,clear,ok,216806179.92028227,2026-09-21,1.0,142.92,154.96,141.71,False,,False,,False,,,,watching,,,
WRLD@2026-06-24,2026-09-09,WRLD,World Acceptance Corporation - Common Stock,US,USALL,Financials,stage2_breakout,D,late,False,Stage 2,54.3,46.0,5.1,20.1712,9.876,9.6642,1.15,Improving,190.75,232.0109,204.1696,330.136,412.1008,12.0,3.52,11,clear,45.0,False,rebalance_week,ok,16547722.117913852,2026-09-21,1.0,171.99,193.53,168.17,False,,False,,False,,,,watching,,,
WSBC@2026-07-15,2026-09-09,WSBC,"WesBanco, Inc. - Common Stock",US,USALL,Financials,stage2_breakout,D,live,False,Stage 2,46.2,53.1,10.1,16.003,9.876,5.8096,1.15,Improving,40.18000030517578,43.1025,37.9302,53.695,62.5516,12.0,2.05,8,clear,44.0,False,clear,ok,21909895.56505852,2026-09-21,1.0,38.66,40.77,37.84,False,,False,,False,,,,watching,,,
WSBF@2026-07-01,2026-09-09,WSBF,"Waterstone Financial, Inc. - Common Stock",US,USALL,Financials,stage2_breakout,B,live,True,Stage 2,56.3,58.8,10.2,20.5527,9.876,10.0195,1.15,Improving,21.3700008392334,21.816,19.198,26.6278,30.658,12.0,1.84,10,clear,45.0,False,rebalance_week,ok,868361.8514823888,2026-09-21,1.0,20.39,21.59,19.94,False,,False,,False,,,,watching,,,
WSFS@2026-06-24,2026-09-09,WSFS,WSFS Financial Corporation - Common Stock,US,USALL,Financials,stage2_breakout,D,live,False,Stage 2,54.4,60.5,12.5,21.1051,9.876,10.7173,1.15,Improving,79.7300033569336,83.7494,73.6995,105.6459,123.8107,12.0,2.18,11,clear,45.0,False,rebalance_week,ok,20851931.088504743,2026-09-21,1.0,77.76,81.26,76.21,False,,False,,False,,,,watching,,,
WSO-B@2026-08-19,2026-09-09,WSO-B,"Watsco, Inc. Class B Common Stock",US,USALL,Industrials,stage4_breakdown,D,late,True,Stage 4,-74.9,2.3,66.4,-14.603,0.0,-14.603,0.88,Improving,312.4599914550781,303.5468,339.9724,168.751,58.2958,12.0,3.7,3,unknown,,,clear,untradeable,0.0,2026-09-21,1.0,326.705,328.67,312.46,False,,False,,False,,,,watching,,,
WT@2026-08-26,2026-09-09,WT,"WisdomTree, Inc. Common Stock",US,USALL,Financials,stage2_breakout,D,late,False,Stage 2,66.2,24.8,6.0,46.9374,9.876,34.8564,1.15,Improving,23.93000030517578,26.3887,23.2221,37.5695,46.8971,12.0,3.53,2,clear,53.0,False,clear,ok,35995091.982923545,2026-09-21,1.0,24.33,24.86,21.6,False,,False,,False,,,,watching,,,
WTBA@2026-06-24,2026-09-09,WTBA,West Bancorporation - Common Stock,US,USALL,Financials,stage2_breakout,C,late,True,Stage 2,52.3,49.5,11.0,23.865,9.876,13.0574,1.15,Improving,29.3700008392334,30.7032,27.0188,38.7635,45.5103,12.0,2.19,11,clear,52.0,False,rebalance_week,ok,930484.7631669912,2026-09-21,1.0,29.19,29.92,28.46,False,,False,,False,,,,watching,,,
XBIO@2026-09-02,2026-09-09,XBIO,"Xenetic Biosciences, Inc. - Common Stock",US,USALL,Health Care,stage2_breakout,D,late,False,Stage 2,78.4,25.9,0.7,31.2078,17.6631,9.7655,1.15,Improving,3.900000095367432,5.0712,4.4627,7.1616,8.9396,12.0,3.43,1,clear,,False,clear,thin,37483.05999349175,2026-09-21,1.0,2.39,4.33,1.87,False,,False,,False,,,,watching,,,
XENE@2026-07-08,2026-09-09,XENE,Xenon Pharmaceuticals Inc. - Common Shares,US,USALL,Health Care,stage2_breakout,D,live,False,Stage 2,40.5,33.0,17.7,16.4348,17.6631,-0.7174,0.88,Improving,58.650001525878906,73.7758,64.9227,104.58,130.116,12.0,3.48,9,clear,56.0,False,clear,ok,38176328.13134516,2026-09-21,1.0,36.94,59.6,36.07,False,,False,,False,,,,watching,,,
XGN@2026-08-19,2026-09-09,XGN,Exagen Inc. - Common Stock,US,USALL,Health Care,stage2_breakout,D,late,False,Stage 2,82.5,19.2,0.0,20.1117,17.6631,-2.4043,0.88,Improving,7.03000020980835,8.2002,7.2162,11.5899,14.4673,12.0,3.44,3,clear,64.0,False,clear,ok,744783.987747929,2026-09-14,0.0,8.41,8.42,6.91,True,2026-09-14,True,2026-09-14,False,,0.22,0.21,stopped out,,,
XNCR@2026-07-22,2026-09-09,XNCR,"Xencor, Inc. - Common Stock",US,USALL,Health Care,stage2_breakout,D,late,False,Stage 2,57.9,6.3,9.1,63.4247,17.6631,39.6447,1.15,Improving,24.40999984741211,31.2736,27.5208,44.3845,55.4041,12.0,3.49,7,clear,58.0,False,clear,ok,9071387.277281048,2026-09-21,1.0,23.8,25.7,23.305,False,,False,,False,,,,watching,,,
YARW@2026-07-22,2026-09-09,YARW,"Yarrow Bioscience, Inc. - Common Stock",US,USALL,Health Care,stage2_breakout,C,late,True,Stage 2,50.1,14.9,16.5,47.8146,17.6631,29.3597,1.15,Improving,27.01000022888184,48.3758,42.5707,68.0775,84.9795,12.0,3.39,7,clear,,False,clear,thin,71440.42795194814,2026-09-21,1.0,25.54,32.04,24.0,False,,False,,False,,,,watching,,,
YORW@2026-08-19,2026-09-09,YORW,The York Water Company - Common Stock,US,USALL,Utilities,stage2_breakout,D,live,False,Stage 1 to 2,35.8,58.0,16.6,6.064,-2.0203,8.0849,1.0,Improving,33.16999816894531,35.1583,30.9393,43.9086,51.1876,12.0,2.07,3,clear,59.0,False,clear,ok,2736357.015895019,2026-09-21,1.0,30.98,33.55,30.51,False,,False,,False,,,,watching,,,
ZD@2026-07-01,2026-09-09,ZD,"Ziff Davis, Inc. - Common Stock",US,USALL,Communication Services,stage2_breakout,D,late,False,Stage 2,64.2,46.7,8.6,33.9755,0.0,33.9755,1.0,Improving,56.220001220703125,59.0079,51.9269,84.187,105.0886,12.0,3.56,10,clear,59.0,False,rebalance_week,ok,20043779.308326907,2026-09-21,1.0,56.51,60.48,56.04,True,2026-09-14,False,,False,,0.21,-0.35,open,,,
ZETA@2026-08-26,2026-09-09,ZETA,Zeta Global Holdings Corp. Class A Common Stock,US,USALL,Information Technology,stage2_breakout,D,late,False,Stage 2,64.9,23.2,5.5,50.1981,18.0891,26.8873,1.15,Improving,30.18000030517578,33.5763,29.5471,47.5745,59.3861,12.0,3.47,2,clear,57.0,False,clear,ok,111188659.56962223,2026-09-21,1.0,29.45,32.01,28.83,False,,False,,False,,,,watching,,,
ZIM@2026-09-09,2026-09-09,ZIM,ZIM Integrated Shipping Services Ltd. Ordinary Shares,US,USALL,Industrials,stage2_breakout,D,late,False,Stage 2,62.7,32.1,6.9,31.1235,0.0,31.1235,1.0,Improving,29.56999969482422,30.0624,26.4549,39.9854,48.3258,12.0,2.75,0,clear,73.0,False,rebalance_week,ok,21922745.96573876,2026-09-21,1.0,29.19,30.96,29.0,True,2026-09-14,False,,False,,0.25,-0.24,open,,,
ZIP@2026-08-05,2026-09-09,ZIP,"ZipRecruiter, Inc. Class A Common Stock",US,USALL,Communication Services,stage2_breakout,D,late,False,Stage 2,33.9,33.4,20.2,4.1615,0.0,4.1615,1.0,Improving,3.740000009536743,5.5182,4.856,7.7502,9.6744,12.0,3.37,5,event_driven,58.0,True,clear,ok,1584618.9013260012,2026-09-21,1.0,3.51,4.045,3.42,False,,False,,False,,,,watching,,,
ZUMZ@2026-09-09,2026-09-09,ZUMZ,Zumiez Inc. - Common Stock,US,USALL,Consumer Discretionary,stage4_breakdown,C,late,True,Stage 4,-78.6,2.2,49.3,-34.6711,0.0,-34.6711,0.88,Improving,14.550000190734863,14.5516,16.2978,8.2995,2.8671,12.0,3.58,0,event_driven_and_ahead,3.0,True,rebalance_week,ok,2596571.9455156247,2026-09-21,1.0,13.31,14.59,13.07,True,2026-09-14,False,,False,,0.85,0.71,open,,,
VLY@2026-06-24,2026-09-09,VLY,Valley Bank,US,SP400,Financials,stage2_breakout,D,live,False,Stage 2,27.9,46.8,15.7,9.768,9.876,0.1884,1.15,Improving,13.69031810760498,15.2552,13.4246,18.8848,21.9293,12.0,1.98,11,clear,52.0,False,rebalance_week,ok,59214259.43880196,2026-09-21,1.0,13.08,13.95,12.78,False,,False,,False,,,,watching,,,
ALB@2026-07-22,2026-09-16,ALB,Albemarle Corporation,US,SP500,Materials,stage4_breakdown,C,late,True,Stage 4,-75.8,4.4,60.8,-22.9847,0.0,-22.9847,0.88,Improving,110.91000366210938,107.1671,120.0272,61.1465,21.1233,12.0,3.58,8,clear,51.0,False,clear,ok,236382461.85553485,2026-09-21,0.0,109.73,117.59,108.21,False,,False,,False,,,,watching,,,
ALGN@2026-09-16,2026-09-16,ALGN,Align Technology,US,SP500,Health Care,stage4_breakdown,C,late,True,Stage 4,-68.4,5.3,49.5,-10.0314,16.994,-23.6588,0.88,Improving,147.61000061035156,145.0229,162.4256,81.675,28.215,12.0,3.64,0,clear,44.0,False,rebalance_week,ok,121887631.45281288,2026-09-21,0.0,146.78,154.1,144.2,True,2026-09-21,False,,False,,0.05,-0.1,open,,,
LNT@2026-09-16,2026-09-16,LNT,Alliant Energy,US,SP500,Utilities,stage4_breakdown,C,live,True,Stage 3 to 4,-44.5,7.5,68.1,-4.7974,-4.1682,-0.6128,0.7,Improving,65.6050033569336,66.3427,74.3038,55.8448,46.8966,12.0,1.32,0,clear,52.0,False,rebalance_week,ok,125309420.02215517,2026-09-21,0.0,63.6,65.7,62.7,True,2026-09-21,False,,False,,0.46,0.34,open,,,
AEE@2026-09-16,2026-09-16,AEE,Ameren,US,SP500,Utilities,stage4_breakdown,C,live,True,Stage 3 to 4,-35.6,11.0,50.3,-3.0897,-4.1682,1.1492,0.88,Improving,102.2300033569336,102.5194,114.8218,89.6929,78.5755,12.0,1.04,0,clear,51.0,False,rebalance_week,ok,129831113.35222024,2026-09-21,0.0,99.39,102.37,98.25,True,2026-09-21,False,,False,,0.35,0.25,open,,,
AEP@2026-09-16,2026-09-16,AEP,American Electric Power,US,SP500,Utilities,stage4_breakdown,C,live,True,Stage 3 to 4,-30.9,11.3,48.6,-2.7379,-4.1682,1.5737,0.88,Improving,120.0,118.705,132.9496,100.6022,85.036,12.0,1.27,0,clear,45.0,False,rebalance_week,ok,357041487.010743,2026-09-21,0.0,118.35,120.75,116.71,True,2026-09-21,False,,False,,0.14,0.02,open,,,
ATO@2026-09-16,2026-09-16,ATO,Atmos Energy,US,SP500,Utilities,stage4_breakdown,C,live,True,Stage 3 to 4,-53.1,14.9,63.6,-7.1104,-4.1682,-3.1105,0.7,Improving,160.3000030517578,161.5678,180.9559,135.8,114.008,12.0,1.33,0,clear,51.0,False,rebalance_week,ok,137137647.8573609,2026-09-21,0.0,157.21,160.41,155.0,True,2026-09-21,False,,False,,0.34,0.22,open,,,
AZO@2026-09-16,2026-09-16,AZO,AutoZone,US,SP500,Consumer Discretionary,stage4_breakdown,C,live,True,Stage 4,-66.2,6.1,54.2,-17.1606,0.0,-17.1606,0.88,Improving,2855.31005859375,2819.2832,3157.5972,1847.7898,1033.9177,12.0,2.87,0,event_ahead,8.0,False,rebalance_week,ok,599731486.3470204,2026-09-21,0.0,2872.1599,2999.3,2764.8799,True,2026-09-21,False,,False,,0.16,-0.16,open,,,
BBY@2026-09-16,2026-09-16,BBY,Best Buy,US,SP500,Consumer Discretionary,stage2_breakout,D,late,False,Stage 2,79.4,23.4,5.1,30.0376,0.0,30.0376,1.0,Improving,92.8499984741211,92.0701,81.0217,127.0307,156.3183,12.0,3.16,0,clear,71.0,False,rebalance_week,ok,198224324.0617717,2026-09-21,0.0,90.51,96.53,88.63,True,2026-09-21,False,,False,,0.4,-0.14,open,,,
BLDR@2026-09-16,2026-09-16,BLDR,Builders FirstSource,US,SP500,Industrials,stage4_breakdown,C,late,True,Stage 4,-85.6,3.2,54.5,-37.7638,0.0,-37.7638,0.88,Improving,58.119998931884766,56.0838,62.8139,31.9715,11.0447,12.0,3.58,0,clear,45.0,False,rebalance_week,ok,126613172.70648012,2026-09-21,0.0,59.17,61.32,57.02,False,,False,,False,,,,watching,,,
CCL@2026-09-16,2026-09-16,CCL,Carnival Corporation,US,SP500,Consumer Discretionary,stage4_breakdown,C,late,True,Stage 4,-76.9,4.9,58.3,-20.3572,0.0,-20.3572,0.88,Improving,21.84000015258789,21.722,24.3287,12.254,4.2332,12.0,3.63,0,event_ahead,15.0,False,rebalance_week,ok,438596054.8316332,2026-09-21,0.0,22.25,23.35,21.45,True,2026-09-21,False,,False,,0.1,-0.2,open,,,
CNP@2026-09-16,2026-09-16,CNP,CenterPoint Energy,US,SP500,Utilities,stage4_breakdown,C,live,True,Stage 3 to 4,-46.1,5.1,64.6,-5.7197,-4.1682,-1.5749,0.7,Improving,38.220001220703125,38.0051,42.5657,31.9089,26.676,12.0,1.34,0,clear,38.0,False,rebalance_week,ok,163871003.35408044,2026-09-21,0.0,36.84,38.3,36.485,True,2026-09-21,False,,False,,0.33,0.26,open,,,
CLX@2026-09-16,2026-09-16,CLX,Clorox,US,SP500,Consumer Staples,stage4_breakdown,C,late,True,Stage 4,-76.1,1.9,51.6,-18.5961,1.0404,-19.5995,0.88,Improving,83.0999984741211,81.9562,91.7909,46.0471,15.9072,12.0,3.65,0,clear,50.0,False,rebalance_week,ok,176211836.9228967,2026-09-21,0.0,83.8,87.66,81.6,True,2026-09-21,False,,False,,0.04,-0.19,open,,,
STZ@2026-09-16,2026-09-16,STZ,Constellation Brands,US,SP500,Consumer Staples,stage4_breakdown,C,late,True,Stage 4,-76.3,4.0,48.9,-15.5213,1.0404,-16.5385,0.88,Improving,118.97000122070312,118.0793,132.2488,66.1375,22.8475,12.0,3.67,0,event_ahead,22.0,False,rebalance_week,ok,207437496.7495109,2026-09-21,0.0,113.63,120.41,113.335,True,2026-09-21,False,,False,,0.33,0.31,open,,,
COST@2026-09-16,2026-09-16,COST,Costco,US,SP500,Consumer Staples,stage4_breakdown,C,live,True,Stage 4,-54.9,17.3,55.1,-5.6926,1.0404,-6.7921,0.88,Improving,895.3099975585938,887.9978,994.5575,702.1005,545.037,12.0,1.74,0,event_ahead,10.0,False,rebalance_week,ok,1397314551.72482,2026-09-21,0.0,922.765,925.14,883.1,True,2026-09-21,False,,False,,0.05,-0.33,open,,,
CRWD@2026-09-16,2026-09-16,CRWD,CrowdStrike,US,SP500,Information Technology,stage2_breakout,D,late,False,Stage 2,85.2,19.9,4.8,66.0116,17.0543,43.9081,1.15,Improving,237.6499938964844,239.6317,210.8759,339.126,423.3228,12.0,3.46,0,clear,78.0,False,rebalance_week,ok,1243326808.875816,2026-09-21,0.0,252.13,263.87,230.85,True,2026-09-21,False,,False,,0.84,0.43,open,,,
DECK@2026-09-16,2026-09-16,DECK,Deckers Brands,US,SP500,Consumer Discretionary,stage4_breakdown,C,late,True,Stage 4,-79.0,1.0,58.5,-21.7858,0.0,-21.7858,0.88,Improving,78.43000030517578,77.407,86.6959,43.637,15.0746,12.0,3.64,0,clear,38.0,False,rebalance_week,ok,152553202.81266513,2026-09-21,0.0,78.67,83.0,77.93,False,,False,,False,,,,watching,,,
DTE@2026-09-16,2026-09-16,DTE,DTE Energy,US,SP500,Utilities,stage4_breakdown,C,live,True,Stage 4,-56.4,4.3,68.1,-7.683,-4.1682,-3.6406,0.7,Improving,128.52000427246094,130.8647,146.5685,108.83,90.062,12.0,1.4,0,clear,45.0,False,rebalance_week,ok,138473006.2268989,2026-09-21,0.0,121.44,127.49,120.24,True,2026-09-21,False,,False,,0.68,0.6,open,,,
DUK@2026-09-16,2026-09-16,DUK,Duke Energy,US,SP500,Utilities,stage4_breakdown,C,live,True,Stage 3 to 4,-35.4,19.9,47.4,-3.7006,-4.1682,0.4583,0.88,Improving,117.52999877929688,117.6022,131.7144,105.2568,94.4892,12.0,0.87,0,clear,52.0,False,rebalance_week,ok,312909784.8132359,2026-09-21,0.0,113.35,118.0,112.52,True,2026-09-21,False,,False,,0.36,0.3,open,,,
EXC@2026-09-16,2026-09-16,EXC,Exelon,US,SP500,Utilities,stage4_breakdown,C,live,True,Stage 3 to 4,-50.5,13.7,64.4,-6.5018,-4.1682,-2.4698,0.7,Improving,42.06999969482422,41.9834,47.0214,35.2203,29.4264,12.0,1.34,0,clear,50.0,False,rebalance_week,ok,259508547.04785824,2026-09-21,0.0,40.34,42.23,39.73,True,2026-09-21,False,,False,,0.45,0.33,open,,,
FIS@2026-09-16,2026-09-16,FIS,Fidelity National Information Services,US,SP500,Financials,stage4_breakdown,C,late,True,Stage 4,-75.9,8.2,42.1,-29.1645,8.1749,-35.3396,0.88,Improving,35.619998931884766,36.1054,40.4381,23.0911,11.9699,12.0,3.0,0,clear,51.0,False,rebalance_week,ok,188515106.7880769,2026-09-21,0.0,35.41,36.17,34.22,True,2026-09-21,False,,False,,0.44,0.16,open,,,
LVS@2026-09-16,2026-09-16,LVS,Las Vegas Sands,US,SP500,Consumer Discretionary,stage4_breakdown,C,late,True,Stage 4,-80.0,2.6,52.4,-24.935,0.0,-24.935,0.88,Improving,39.97999954223633,41.3398,46.3006,25.6668,12.5122,12.0,3.16,0,clear,37.0,False,rebalance_week,ok,156991048.71926627,2026-09-21,0.0,38.99,41.02,38.06,True,2026-09-21,False,,False,,0.66,0.47,open,,,
LEN@2026-09-16,2026-09-16,LEN,Lennar,US,SP500,Consumer Discretionary,stage4_breakdown,C,late,True,Stage 4,-80.2,3.4,55.5,-24.0583,0.0,-24.0583,0.88,Improving,76.43000030517578,75.0554,84.062,42.1465,14.5597,12.0,3.65,0,event_driven_and_ahead,2.0,True,rebalance_week,ok,166820904.85557383,2026-09-21,0.0,82.15,83.37,76.5,False,,False,,False,,,,watching,,,
LOW@2026-09-16,2026-09-16,LOW,Lowe's,US,SP500,Consumer Discretionary,stage4_breakdown,C,late,True,Stage 4,-82.8,4.6,56.4,-17.4731,0.0,-17.4731,0.88,Improving,192.4900054931641,191.9231,214.9539,107.283,37.0614,12.0,3.68,0,clear,65.0,False,rebalance_week,ok,454794264.6176237,2026-09-21,0.0,189.28,196.75,187.145,True,2026-09-21,False,,False,,0.21,0.11,open,,,
MLM@2026-09-16,2026-09-16,MLM,Martin Marietta Materials,US,SP500,Materials,stage4_breakdown,C,late,True,Stage 4,-78.9,3.0,65.2,-18.0659,0.0,-18.0659,0.88,Improving,490.6400146484375,483.3642,541.3679,283.8571,117.6469,12.0,3.44,0,clear,50.0,False,rebalance_week,ok,229852484.5425425,2026-09-21,0.0,484.3,510.81,477.38,True,2026-09-21,False,,False,,0.1,-0.02,open,,,
MCD@2026-09-16,2026-09-16,MCD,McDonald's,US,SP500,Consumer Discretionary,stage4_breakdown,C,live,True,Stage 4,-79.9,5.1,55.9,-14.7118,0.0,-14.7118,0.88,Improving,248.2400054931641,249.4344,279.3666,167.2479,99.3263,12.0,2.75,0,clear,52.0,False,rebalance_week,ok,841269275.264665,2026-09-21,0.0,236.5,252.06,234.03,True,2026-09-21,False,,False,,0.51,0.43,open,,,
TAP@2026-09-16,2026-09-16,TAP,Molson Coors Beverage Company,US,SP500,Consumer Staples,stage4_breakdown,C,live,True,Stage 4,-72.6,3.5,47.0,-12.9807,1.0404,-14.0887,0.88,Improving,37.52999877929688,36.9154,41.3452,23.2267,11.7267,12.0,3.09,0,clear,50.0,False,rebalance_week,ok,88500259.91508543,2026-09-21,0.0,35.95,38.46,35.67,True,2026-09-21,False,,False,,0.28,0.22,open,,,
NEE@2026-09-16,2026-09-16,NEE,NextEra Energy,US,SP500,Utilities,stage4_breakdown,C,live,True,Stage 4,-54.7,5.7,74.1,-5.7019,-4.1682,-1.56,0.7,Improving,80.47000122070312,79.8779,89.4632,63.5632,49.8137,12.0,1.7,0,clear,43.0,False,rebalance_week,ok,651444261.2318503,2026-09-21,0.0,76.08,80.55,75.38,True,2026-09-21,False,,False,,0.47,0.4,open,,,
NKE@2026-09-16,2026-09-16,NKE,"Nike, Inc.",US,SP500,Consumer Discretionary,stage4_breakdown,C,late,True,Stage 4,-87.0,3.4,54.8,-31.732,0.0,-31.732,0.88,Improving,35.5099983215332,35.7958,40.0912,20.1025,6.9445,12.0,3.65,0,event_ahead,17.0,False,rebalance_week,ok,685209180.3223377,2026-09-21,0.0,35.75,37.04,35.2159,True,2026-09-21,False,,False,,0.14,0.01,open,,,
NCLH@2026-09-16,2026-09-16,NCLH,Norwegian Cruise Line Holdings,US,SP500,Consumer Discretionary,stage4_breakdown,C,late,True,Stage 4,-78.5,5.9,57.3,-29.4326,0.0,-29.4326,0.88,Improving,14.119999885559082,13.9764,15.6536,7.9475,2.7455,12.0,3.59,0,clear,51.0,False,rebalance_week,ok,264948144.1476547,2026-09-21,0.0,14.61,14.98,13.63,True,2026-09-21,False,,False,,0.21,-0.38,open,,,
ODFL@2026-09-16,2026-09-16,ODFL,Old Dominion,US,SP500,Industrials,stage4_breakdown,C,late,True,Stage 4,-59.2,5.6,70.5,-7.1155,0.0,-7.1155,0.88,Improving,173.0,171.6667,192.2667,99.4698,38.602,12.0,3.5,0,clear,44.0,False,rebalance_week,ok,277324602.15215373,2026-09-21,0.0,173.3,180.18,169.65,True,2026-09-21,False,,False,,0.1,-0.08,open,,,
PEP@2026-09-16,2026-09-16,PEP,PepsiCo,US,SP500,Consumer Staples,stage4_breakdown,C,live,True,Stage 4,-70.8,3.6,58.3,-10.2097,1.0404,-11.3046,0.88,Improving,129.75,130.717,146.3194,92.1536,60.0233,11.94,2.47,0,event_ahead,24.0,False,rebalance_week,ok,768710450.5768483,2026-09-21,0.0,128.63,131.41,126.9,True,2026-09-21,False,,False,,0.24,0.13,open,,,
PNW@2026-09-16,2026-09-16,PNW,Pinnacle West Capital,US,SP500,Utilities,stage4_breakdown,D,live,False,Stage 3 to 4,-26.7,12.4,50.6,-1.3374,-4.1682,3.0654,0.88,Improving,94.20999908447266,93.8716,105.1362,79.4805,67.2094,12.0,1.28,0,clear,50.0,False,rebalance_week,ok,86178355.92298341,2026-09-21,0.0,91.74,94.47,90.27,True,2026-09-21,False,,False,,0.32,0.19,open,,,
PPL@2026-09-16,2026-09-16,PPL,PPL Corporation,US,SP500,Utilities,stage4_breakdown,C,live,True,Stage 4,-49.0,15.8,55.8,-6.4553,-4.1682,-2.4409,0.7,Improving,33.34000015258789,33.1049,36.9624,27.501,22.7166,11.65,1.45,0,clear,51.0,False,rebalance_week,ok,203553288.4434782,2026-09-21,0.0,32.03,33.41,31.555,True,2026-09-21,False,,False,,0.4,0.28,open,,,
O@2026-09-16,2026-09-16,O,Realty Income,US,SP500,Real Estate,stage4_breakdown,C,live,True,Stage 3 to 4,-53.3,6.6,61.7,-5.2797,-1.9283,-3.4359,0.88,Improving,56.65999984741211,57.7274,64.6547,49.4123,42.2929,12.0,1.2,0,clear,49.0,False,rebalance_week,ok,252256987.05918685,2026-09-21,0.0,55.54,57.32,55.07,True,2026-09-21,False,,False,,0.38,0.32,open,,,
SO@2026-09-16,2026-09-16,SO,Southern Company,US,SP500,Utilities,stage4_breakdown,C,live,True,Stage 3 to 4,-49.2,11.1,67.6,-6.0027,-4.1682,-1.9439,0.7,Improving,85.5199966430664,86.1278,96.4631,65.8384,48.9172,12.0,1.96,0,clear,45.0,False,rebalance_week,ok,354528039.9118848,2026-09-21,0.0,82.88,86.15,82.09,True,2026-09-21,False,,False,,0.39,0.31,open,,,
TMO@2026-09-16,2026-09-16,TMO,Thermo Fisher Scientific,US,SP500,Health Care,stage2_breakout,D,late,False,Stage 2,64.1,34.3,2.9,20.7482,16.994,1.8986,1.15,Improving,651.4500122070312,655.4716,576.815,858.5078,1028.1105,12.0,2.58,0,clear,37.0,False,rebalance_week,ok,766273981.6729673,2026-09-21,0.0,675.0,682.98,649.12,True,2026-09-21,False,,False,,0.35,0.25,open,,,
TDG@2026-09-16,2026-09-16,TDG,TransDigm Group,US,SP500,Industrials,stage4_breakdown,C,live,True,Stage 4,-72.3,5.4,63.0,-14.3974,0.0,-14.3974,0.88,Improving,1086.050048828125,1101.7417,1233.9508,877.47,683.75,12.0,1.7,0,clear,52.0,False,rebalance_week,ok,332554965.9628239,2026-09-21,0.0,1116.2,1127.6801,1085.0601,True,2026-09-21,False,,False,,0.13,-0.11,open,,,
VMC@2026-09-16,2026-09-16,VMC,Vulcan Materials Company,US,SP500,Materials,stage4_breakdown,C,late,True,Stage 4,-74.5,5.0,56.0,-16.1272,0.0,-16.1272,0.88,Improving,240.8300018310547,241.8214,270.84,171.8356,112.3441,12.0,2.41,0,clear,45.0,False,rebalance_week,ok,234860630.6762101,2026-09-21,0.0,245.0,252.7,241.17,True,2026-09-21,False,,False,,0.02,-0.11,open,,,
WEC@2026-09-16,2026-09-16,WEC,WEC Energy Group,US,SP500,Utilities,stage4_breakdown,C,live,True,Stage 3 to 4,-49.4,5.0,67.2,-6.0788,-4.1682,-2.0247,0.7,Improving,103.16999816894533,103.8066,116.2633,90.8462,79.6352,12.0,1.04,0,clear,45.0,False,rebalance_week,ok,156672783.10321742,2026-09-21,0.0,101.45,103.76,100.14,True,2026-09-21,False,,False,,0.29,0.19,open,,,
WY@2026-09-16,2026-09-16,WY,Weyerhaeuser,US,SP500,Real Estate,stage4_breakdown,C,live,True,Stage 4,-68.7,6.1,64.4,-10.2095,-1.9283,-8.5068,0.88,Improving,21.21999931335449,21.4924,24.0715,15.8463,11.0594,12.0,2.19,0,clear,45.0,False,rebalance_week,ok,87444237.40944919,2026-09-21,0.0,20.01,21.66,19.91,True,2026-09-21,False,,False,,0.61,0.57,open,,,
WYNN@2026-09-16,2026-09-16,WYNN,Wynn Resorts,US,SP500,Consumer Discretionary,stage4_breakdown,C,late,True,Stage 4,-76.5,1.3,53.6,-24.436,0.0,-24.436,0.88,Improving,81.68000030517578,85.1734,95.3942,55.9878,31.21,12.0,2.86,0,clear,52.0,False,rebalance_week,ok,104883774.24800098,2026-09-21,0.0,81.12,85.54,77.06,True,2026-09-21,False,,False,,0.79,0.4,open,,,
XEL@2026-09-16,2026-09-16,XEL,Xcel Energy,US,SP500,Utilities,stage4_breakdown,C,live,True,Stage 3 to 4,-52.0,5.2,69.7,-6.5394,-4.1682,-2.5193,0.7,Improving,72.30000305175781,73.2965,82.092,65.0188,57.7437,12.0,0.94,0,clear,45.0,False,rebalance_week,ok,302688485.92216635,2026-09-21,0.0,69.8,72.59,68.72,True,2026-09-21,False,,False,,0.52,0.4,open,,,
YUM@2026-09-16,2026-09-16,YUM,Yum! Brands,US,SP500,Consumer Discretionary,stage4_breakdown,C,live,True,Stage 4,-63.2,10.3,60.8,-9.0007,0.0,-9.0007,0.88,Improving,137.99000549316406,138.5655,155.1933,111.3198,87.6956,12.0,1.64,0,clear,50.0,False,rebalance_week,ok,241791738.8770352,2026-09-21,0.0,138.63,141.22,136.405,True,2026-09-21,False,,False,,0.13,-0.0,open,,,
ADC@2026-09-16,2026-09-16,ADC,Agree Realty,US,SP400,Real Estate,stage4_breakdown,C,live,True,Stage 3 to 4,-58.2,5.4,62.2,-7.4283,-1.9283,-5.6853,0.88,Improving,68.05000305175781,69.7729,78.1457,59.4447,50.6219,12.0,1.23,0,clear,36.0,False,rebalance_week,ok,62712973.922070935,2026-09-21,0.0,67.48,68.44,66.5,True,2026-09-21,False,,False,,0.39,0.27,open,,,
AN@2026-09-16,2026-09-16,AN,AutoNation,US,SP400,Consumer Discretionary,stage4_breakdown,C,late,True,Stage 4,-66.5,6.1,47.3,-16.6973,0.0,-16.6973,0.88,Improving,168.2899932861328,172.5387,193.2434,117.43,70.078,12.0,2.66,0,clear,45.0,False,rebalance_week,ok,54982352.65285981,2026-09-21,0.0,166.98,171.99,161.95,True,2026-09-21,False,,False,,0.51,0.27,open,,,
BROS@2026-09-16,2026-09-16,BROS,Dutch Bros Inc.,US,SP400,Consumer Discretionary,stage4_breakdown,C,late,True,Stage 4,-71.1,2.7,62.4,-28.8117,0.0,-28.8117,0.88,Improving,40.02999877929688,41.7925,46.8076,23.8095,8.2251,12.0,3.59,0,clear,51.0,False,rebalance_week,ok,153192323.9149487,2026-09-21,0.0,37.89,40.559,37.72,True,2026-09-21,False,,False,,0.81,0.78,open,,,
BYD@2026-09-16,2026-09-16,BYD,Boyd Gaming,US,SP400,Consumer Discretionary,stage4_breakdown,C,late,True,Stage 4,-66.6,4.6,63.8,-12.0164,0.0,-12.0164,0.88,Improving,72.97000122070312,73.4835,82.3016,41.4722,14.9651,12.0,3.63,0,clear,38.0,False,rebalance_week,ok,52681783.84779249,2026-09-21,0.0,71.23,74.5,69.9,True,2026-09-21,False,,False,,0.41,0.26,open,,,
CSL@2026-09-16,2026-09-16,CSL,Carlisle Companies,US,SP400,Industrials,stage4_breakdown,C,live,True,Stage 4,-63.8,5.0,58.4,-8.5985,0.0,-8.5985,0.88,Improving,314.70001220703125,312.114,349.5677,175.5087,60.6303,12.0,3.65,0,clear,44.0,False,rebalance_week,ok,111601373.89554024,2026-09-21,0.0,326.37,333.43,310.39,True,2026-09-21,False,,False,,0.05,-0.38,open,,,
EVR@2026-09-16,2026-09-16,EVR,Evercore,US,SP400,Financials,stage4_breakdown,C,late,True,Stage 4,-72.7,5.1,46.0,-18.7409,8.1749,-25.1108,0.88,Improving,262.6000061035156,258.2408,289.2297,148.4522,55.7099,12.0,3.54,0,clear,44.0,False,rebalance_week,ok,108338210.08791757,2026-09-21,0.0,262.91,272.85,254.31,True,2026-09-21,False,,False,,0.13,-0.15,open,,,
GLPI@2026-09-16,2026-09-16,GLPI,Gaming and Leisure Properties,US,SP400,Real Estate,stage4_breakdown,C,live,True,Stage 4,-62.0,9.4,64.3,-8.5379,-1.9283,-6.8422,0.88,Improving,39.59000015258789,39.5259,44.269,31.6822,25.02,12.0,1.65,0,clear,45.0,False,rebalance_week,ok,72079900.45953402,2026-09-21,0.0,38.79,40.005,38.32,True,2026-09-21,False,,False,,0.25,0.16,open,,,
HGV@2026-09-16,2026-09-16,HGV,Hilton Grand Vacations,US,SP400,Consumer Discretionary,stage4_breakdown,C,late,True,Stage 4,-70.6,2.0,66.3,-21.2952,0.0,-21.2952,0.88,Improving,35.59000015258789,36.4855,40.8638,20.603,7.1174,12.0,3.63,0,clear,45.0,False,rebalance_week,ok,34145195.16693021,2026-09-21,0.0,35.77,37.26,34.61,True,2026-09-21,False,,False,,0.43,0.16,open,,,
IDA@2026-09-16,2026-09-16,IDA,Idacorp,US,SP400,Utilities,stage4_breakdown,C,live,True,Stage 3 to 4,-41.6,8.9,53.7,-3.6065,-4.1682,0.6479,0.88,Improving,131.5800018310547,132.0034,147.8438,112.8729,96.4353,12.0,1.21,0,clear,45.0,False,rebalance_week,ok,52040704.55035712,2026-09-21,0.0,129.78,132.08,126.06,True,2026-09-21,False,,False,,0.38,0.14,open,,,
LPX@2026-09-16,2026-09-16,LPX,Louisiana-Pacific,US,SP400,Industrials,stage4_breakdown,C,live,True,Stage 4,-73.9,6.0,53.0,-16.7011,0.0,-16.7011,0.88,Improving,65.31999969482422,63.8431,71.5042,40.404,20.4472,12.0,3.06,0,clear,51.0,False,rebalance_week,ok,56592828.84313663,2026-09-21,0.0,66.7,68.71,64.5,False,,False,,False,,,,watching,,,
MZTI@2026-09-16,2026-09-16,MZTI,The Marzetti Company,US,SP400,Consumer Staples,stage4_breakdown,C,late,True,Stage 4,-82.7,3.4,44.4,-27.4147,1.0404,-28.6223,0.88,Improving,99.91999816894533,98.1445,109.9218,55.11,19.038,12.0,3.65,0,clear,51.0,False,rebalance_week,ok,27905339.31371622,2026-09-21,0.0,100.47,104.57,99.15,False,,False,,False,,,,watching,,,
OKTA@2026-09-16,2026-09-16,OKTA,"Okta, Inc.",US,SP400,Information Technology,stage2_breakout,D,late,False,Stage 2,85.5,22.4,4.5,77.234,17.0543,53.4357,1.15,Improving,182.3699951171875,183.5904,161.5595,260.188,324.7864,12.0,3.48,0,clear,78.0,False,rebalance_week,ok,276915701.5329158,2026-09-21,0.0,195.19,212.5,180.55,True,2026-09-21,False,,False,,1.31,0.53,open,,,
RRX@2026-09-16,2026-09-16,RRX,Regal Rexnord,US,SP400,Industrials,stage4_breakdown,C,late,True,Stage 4,-71.5,1.4,70.0,-16.7977,0.0,-16.7977,0.88,Improving,148.0500030517578,149.2807,167.1944,84.733,29.2714,12.0,3.6,0,clear,44.0,False,rebalance_week,ok,149482721.76845568,2026-09-21,0.0,156.18,158.03,148.26,True,2026-09-21,False,,False,,0.06,-0.39,open,,,
SARO@2026-09-16,2026-09-16,SARO,StandardAero,US,SP400,Industrials,stage4_breakdown,C,late,True,Stage 4,-76.4,1.6,66.5,-18.9952,0.0,-18.9952,0.88,Improving,22.299999237060547,22.9624,25.7179,12.9332,4.4678,12.0,3.64,0,clear,57.0,False,rebalance_week,ok,73456386.13282749,2026-09-21,0.0,22.74,23.319,21.99,True,2026-09-21,False,,False,,0.35,0.08,open,,,
SMG@2026-09-16,2026-09-16,SMG,Scotts Miracle-Gro Company,US,SP400,Materials,stage4_breakdown,C,late,True,Stage 4,-68.3,3.7,67.1,-12.5121,0.0,-12.5121,0.88,Improving,52.36000061035156,51.7009,57.905,29.1617,10.074,12.0,3.63,0,clear,51.0,False,rebalance_week,ok,40569970.01410733,2026-09-21,0.0,50.89,53.56,50.2,True,2026-09-21,False,,False,,0.24,0.13,open,,,
SMTC@2026-09-16,2026-09-16,SMTC,Semtech,US,SP400,Information Technology,stage2_breakout,D,late,False,Stage 2,77.8,18.1,4.5,78.2277,17.0543,55.7541,1.15,Improving,185.0,183.3143,161.3165,257.1575,321.0035,12.0,3.36,0,clear,70.0,False,rebalance_week,ok,263668721.2161533,2026-09-21,0.0,182.3,190.64,162.56,True,2026-09-21,False,,False,,0.33,-0.05,open,,,
SPXC@2026-09-16,2026-09-16,SPXC,SPX Technologies,US,SP400,Industrials,stage4_breakdown,C,late,True,Stage 4,-70.0,3.8,68.3,-13.7478,0.0,-13.7478,0.88,Improving,181.7700042724609,178.56,199.9872,107.0435,46.2862,12.0,3.34,0,clear,44.0,False,rebalance_week,ok,81347881.23998535,2026-09-21,0.0,172.79,185.44,170.0,True,2026-09-21,False,,False,,0.4,0.27,open,,,
SUI@2026-09-16,2026-09-16,SUI,Sun Communities,US,SP400,Real Estate,stage4_breakdown,C,live,True,Stage 4,-59.7,13.9,53.5,-8.0672,-1.9283,-6.4417,0.88,Improving,113.75,112.3953,125.8828,91.4062,73.4912,12.0,1.56,0,clear,44.0,False,rebalance_week,ok,91284023.70014349,2026-09-21,0.0,112.26,115.05,110.39,True,2026-09-21,False,,False,,0.15,0.01,open,,,
THO@2026-09-16,2026-09-16,THO,Thor Industries,US,SP400,Consumer Discretionary,stage4_breakdown,C,late,True,Stage 4,-83.6,5.9,53.0,-24.1098,0.0,-24.1098,0.88,Improving,67.7699966430664,67.6028,75.7152,38.0752,13.1533,12.0,3.64,0,event_ahead,8.0,False,rebalance_week,ok,37521407.42530814,2026-09-21,0.0,72.15,74.79,67.43,True,2026-09-21,False,,False,,0.02,-0.56,open,,,
ULS@2026-09-16,2026-09-16,ULS,UL Solutions,US,SP400,Industrials,stage4_breakdown,C,late,True,Stage 4,-65.2,6.5,60.4,-22.5936,0.0,-22.5936,0.88,Improving,64.02999877929688,67.8098,75.947,38.1769,13.1884,12.0,3.64,0,clear,50.0,False,rebalance_week,ok,47065421.893885456,2026-09-21,0.0,66.05,67.28,64.395,True,2026-09-21,False,,False,,0.42,0.22,open,,,
VVV@2026-09-16,2026-09-16,VVV,Valvoline,US,SP400,Consumer Discretionary,stage4_breakdown,C,late,True,Stage 4,-72.6,1.3,69.0,-21.574,0.0,-21.574,0.88,Improving,26.76000022888184,29.1384,32.635,18.54,9.524,12.0,3.03,0,clear,65.0,False,rebalance_week,ok,50185469.4174981,2026-09-21,0.0,28.92,29.05,26.21,True,2026-09-21,False,,False,,0.84,0.06,open,,,
WHR@2026-09-16,2026-09-16,WHR,Whirlpool Corporation,US,SP400,Consumer Discretionary,stage4_breakdown,C,late,True,Stage 4,-91.1,5.6,58.4,-45.305,0.0,-45.305,0.88,Improving,31.96999931335449,33.8456,37.9071,19.2885,6.6633,12.0,3.58,0,clear,44.0,False,rebalance_week,ok,74956671.61896074,2026-09-21,0.0,31.71,34.0,31.52,True,2026-09-21,False,,False,,0.57,0.53,open,,,
WMS@2026-09-16,2026-09-16,WMS,Advanced Drainage Systems,US,SP400,Industrials,stage4_breakdown,C,live,True,Stage 4,-73.0,3.6,67.3,-13.3308,0.0,-13.3308,0.88,Improving,126.0500030517578,123.7192,138.5655,69.5172,24.015,12.0,3.65,0,clear,52.0,False,rebalance_week,ok,78211023.44209239,2026-09-21,0.0,133.13,133.89,125.31,False,,False,,False,,,,watching,,,
WWD@2026-09-16,2026-09-16,WWD,"Woodward, Inc.",US,SP400,Industrials,stage4_breakdown,C,late,True,Stage 4,-58.2,4.7,76.0,-5.6456,0.0,-5.6456,0.88,Improving,321.739990234375,324.0203,362.9028,211.6008,116.0335,12.0,2.89,0,clear,70.0,False,rebalance_week,ok,174179751.58399236,2026-09-21,0.0,330.31,331.03,319.01,True,2026-09-21,False,,False,,0.13,-0.16,open,,,
XPO@2026-09-16,2026-09-16,XPO,"XPO, Inc.",US,SP400,Industrials,stage4_breakdown,D,late,False,Stage 4,-45.9,11.0,68.2,-2.9906,0.0,-2.9906,0.88,Improving,174.25,173.6146,194.4484,123.07,79.478,12.0,2.43,0,clear,45.0,False,rebalance_week,ok,181649648.2901685,2026-09-21,0.0,173.17,183.97,170.45,True,2026-09-21,False,,False,,0.15,0.02,open,,,
ITH.L@2026-09-16,2026-09-16,ITH.L,Ithaca Energy,UK,FTSE100,Energy,stage2_breakout,D,failed,False,Stage 2,31.2,19.3,22.0,-4.9646,-19.3475,17.1939,0.88,Improving,296.20001220703125,296.5073,260.9265,394.5105,477.5718,12.0,2.75,0,clear,65.0,False,rebalance_week,ok,4323102.507562317,2026-09-21,0.0,285.4,298.6,277.6,True,2026-09-21,False,,False,,0.06,-0.31,open,,,
ENT.L@2026-09-16,2026-09-16,ENT.L,Entain,UK,FTSE250,Consumer Discretionary,stage4_breakdown,C,late,True,Stage 4,-55.8,6.8,35.8,-50.3512,28.1218,-69.5961,0.88,Improving,476.7000122070313,479.4574,536.9923,320.387,183.719,12.0,2.76,0,clear,171.0,False,rebalance_week,ok,18764209.260521363,2026-09-21,0.0,449.6,483.9,443.9,True,2026-09-21,False,,False,,0.62,0.52,open,,,
ITV.L@2026-09-16,2026-09-16,ITV.L,ITV,UK,FTSE250,Communication Services,stage4_breakdown,C,live,True,Stage 4,-50.1,10.1,61.2,-39.6055,-27.0475,-17.4951,0.7,Improving,68.94999694824219,67.9802,76.1378,50.6862,36.0352,12.0,2.12,0,clear,171.0,False,rebalance_week,ok,6617049.743868713,2026-09-21,0.0,68.55,70.2,67.6,True,2026-09-21,False,,False,,0.05,-0.07,open,,,
EMG.L@2026-09-16,2026-09-16,EMG.L,Man Group,UK,FTSE250,Investment Trusts,stage2_breakout,D,failed,False,Stage 2,21.6,22.3,26.5,-6.7171,-1.6874,-4.8027,0.88,Improving,337.20001220703125,331.6618,291.8624,425.0174,503.3059,12.0,2.35,0,clear,164.0,False,rebalance_week,ok,8178929.086055389,2026-09-21,0.0,330.0,348.8,330.0,True,2026-09-21,False,,False,,0.43,-0.04,open,,,
PLUS.L@2026-09-16,2026-09-16,PLUS.L,Plus500,UK,FTSE250,Financials,stage4_breakdown,C,late,True,Stage 4,-53.3,4.8,70.1,-36.7793,-24.277,-17.4229,0.7,Improving,3534.0,3465.1094,3880.9225,1952.5,674.5,12.0,3.64,0,clear,148.0,False,rebalance_week,ok,5547862.039521973,2026-09-21,0.0,3426.0,3678.0,3414.0,True,2026-09-21,False,,False,,0.12,0.09,open,,,
SAFE.L@2026-09-16,2026-09-16,SAFE.L,Safestore,UK,FTSE250,Real Estate,stage4_breakdown,C,late,True,Stage 4,-76.2,3.0,53.7,-47.6128,-32.3346,-20.9199,0.7,Improving,530.0,527.4026,590.6909,295.9,102.22,12.0,3.66,0,clear,122.0,False,rebalance_week,ok,3353558.499048706,2026-09-21,0.0,522.0,542.0,515.0,True,2026-09-21,False,,False,,0.2,0.09,open,,,
FSJ.L@2026-09-16,2026-09-16,FSJ.L,James Fisher & Sons,UK,FTSE_SMALL,Marine Shipping,stage4_breakdown,C,late,True,Stage 4,-56.5,8.8,64.7,-33.5858,,,1.0,Improving,415.0,419.4301,469.7617,302.0,201.2,12.0,2.33,0,event_driven,178.0,True,rebalance_week,thin,210786.656,2026-09-21,0.0,421.0,434.0,415.0,True,2026-09-21,False,,False,,0.09,-0.03,open,,,
PSDL.L@2026-09-16,2026-09-16,PSDL.L,Phoenix Spree Deutschland,UK,FTSE_SMALL,Investment Trust,stage4_breakdown,C,live,True,Stage 4,-57.0,7.2,53.2,-39.1109,-25.9855,-16.935,0.7,Improving,148.0,151.221,167.7624,98.0,54.0,10.94,3.22,0,unknown,,,rebalance_week,thin,60399.19099999999,2026-09-21,0.0,144.5,149.357,144.5,True,2026-09-21,False,,False,,0.41,0.41,open,,,
ABR@2026-09-16,2026-09-16,ABR,Arbor Realty Trust Common Stock,US,USALL,Real Estate,stage4_breakdown,C,late,True,Stage 4,-79.9,5.3,47.0,-37.4705,-1.9283,-36.7623,0.88,Improving,4.28000020980835,4.4531,4.9875,2.5174,0.8697,12.0,3.62,0,clear,46.0,False,rebalance_week,ok,13718419.462337166,2026-09-21,0.0,4.03,4.46,4.02,True,2026-09-21,False,,False,,0.81,0.79,open,,,
ACVA@2026-09-16,2026-09-16,ACVA,ACV Auctions Inc. Class A Common Stock,US,USALL,Consumer Discretionary,stage2_breakout,D,late,False,Stage 2,69.7,22.4,0.1,47.5776,0.0,47.5776,1.0,Improving,10.479999542236328,10.7196,9.4333,15.167,18.9326,12.0,3.46,0,clear,51.0,False,rebalance_week,ok,14834981.480559384,2026-09-21,0.0,10.46,10.49,10.41,False,,False,,False,,,,watching,,,
AEHR@2026-08-12,2026-09-16,AEHR,Aehr Test Systems - Common Stock,US,USALL,Information Technology,stage2_breakout,D,late,False,Stage 2,47.2,29.8,17.3,62.2527,17.0543,46.5198,1.15,Improving,93.48999786376952,153.0968,134.7252,213.73,266.794,12.0,3.3,5,clear,49.0,False,clear,ok,178122232.45577374,2026-09-21,0.0,104.39,105.58,92.38,False,,False,,False,,,,watching,,,
AGI@2026-07-08,2026-09-16,AGI,Alamos Gold Inc. Class A Common Shares,US,USALL,Materials,stage4_breakdown,C,live,True,Stage 4,-56.0,9.5,43.3,-5.7723,0.0,-5.7723,0.88,Improving,35.720001220703125,26.0452,29.1706,14.8614,5.1339,12.0,3.58,10,clear,44.0,False,clear,ok,94132703.54449823,2026-09-21,0.0,34.5,36.42,33.48,False,,False,,False,,,,watching,,,
AGO@2026-09-16,2026-09-16,AGO,Assured Guaranty Ltd. Common Stock,US,USALL,Financials,stage4_breakdown,C,live,True,Stage 4,-69.0,2.6,42.1,-13.631,8.1749,-20.5967,0.88,Improving,70.3499984741211,71.1638,79.7035,55.5619,42.3075,12.0,1.83,0,clear,52.0,False,rebalance_week,ok,19319163.54593302,2026-09-21,0.0,69.49,71.47,68.03,True,2026-09-21,False,,False,,0.37,0.2,open,,,
ALVO@2026-09-16,2026-09-16,ALVO,Alvotech - Ordinary Shares,US,USALL,Health Care,stage2_breakout,D,late,False,Stage 2,66.9,21.8,1.1,23.5464,16.994,1.5256,1.15,Improving,5.869999885559082,5.6245,4.9496,7.9315,9.9007,12.0,3.42,0,clear,58.0,False,rebalance_week,ok,1690487.7426776723,2026-09-21,0.0,5.75,6.06,5.67,True,2026-09-21,False,,False,,0.65,0.19,open,,,
AOUT@2026-09-16,2026-09-16,AOUT,"American Outdoor Brands, Inc. - Common Stock",US,USALL,Consumer Discretionary,stage2_breakout,D,late,False,Stage 2,78.3,17.1,5.7,68.3621,0.0,68.3621,1.0,Improving,16.420000076293945,16.4772,14.4999,23.3247,29.1157,12.0,3.46,0,clear,87.0,False,rebalance_week,ok,337679.8592577996,2026-09-21,0.0,17.55,17.689,16.25,True,2026-09-21,False,,False,,0.61,0.54,open,,,
ARDX@2026-08-26,2026-09-16,ARDX,"Ardelyx, Inc. - Common Stock",US,USALL,Health Care,stage4_breakdown,C,late,True,Stage 4,-84.3,5.3,46.3,-39.7479,16.994,-49.6838,0.88,Improving,3.4200000762939453,3.4314,3.8432,1.958,0.6764,12.0,3.58,3,clear,45.0,False,clear,ok,13105661.268217811,2026-09-21,0.0,3.42,3.63,3.37,True,2026-09-21,False,,False,,0.15,0.03,open,,,
AS@2026-09-16,2026-09-16,AS,"Amer Sports, Inc. Ordinary Shares",US,USALL,Consumer Discretionary,stage4_breakdown,C,late,True,Stage 4,-77.2,0.8,69.0,-22.7431,0.0,-22.7431,0.88,Improving,26.729999542236328,26.4837,29.6617,14.9655,5.1699,12.0,3.62,0,clear,64.0,False,rebalance_week,ok,105797168.68922524,2026-09-21,0.0,27.77,28.285,26.49,False,,False,,False,,,,watching,,,
ASC@2026-09-16,2026-09-16,ASC,Ardmore Shipping Corporation Common Stock,US,USALL,Industrials,stage2_breakout,D,late,False,Stage 2,79.1,31.2,6.8,36.0492,0.0,36.0492,1.0,Improving,19.049999237060547,19.2697,16.9574,25.3025,30.4085,12.0,2.61,0,clear,51.0,False,rebalance_week,ok,7170826.266214306,2026-09-21,0.0,17.85,19.18,17.2,False,,False,,False,,,,watching,,,
ATMU@2026-09-16,2026-09-16,ATMU,Atmus Filtration Technologies Inc. Common Stock,US,USALL,Consumer Discretionary,stage4_breakdown,C,late,True,Stage 4,-77.6,4.6,68.5,-16.2998,0.0,-16.2998,0.88,Improving,43.88999938964844,43.0856,48.2558,24.2421,8.3745,12.0,3.64,0,clear,53.0,False,rebalance_week,ok,30008095.85502257,2026-09-21,0.0,44.71,45.675,43.79,False,,False,,False,,,,watching,,,
AVA@2026-09-16,2026-09-16,AVA,Avista Corporation Common Stock,US,USALL,Utilities,stage4_breakdown,C,live,True,Stage 4,-58.3,3.4,72.5,-6.8994,-4.1682,-2.8366,0.7,Improving,36.25,36.3642,40.7279,30.2534,25.0641,12.0,1.4,0,clear,51.0,False,rebalance_week,ok,16150260.21079644,2026-09-21,0.0,35.11,36.47,34.66,True,2026-09-21,False,,False,,0.39,0.29,open,,,
BAFN@2026-09-16,2026-09-16,BAFN,BayFirst Financial Corp. - Common Stock,US,USALL,Financials,stage2_breakout,D,late,False,Stage 2,68.1,22.7,0.7,29.6527,8.1749,18.7792,1.15,Improving,9.239999771118164,9.2999,8.1839,13.05,16.29,12.0,3.36,0,clear,52.0,False,rebalance_week,thin,101003.59083082294,2026-09-21,0.0,6.795,9.35,6.58,True,2026-09-21,True,2026-09-21,False,,0.04,-2.24,stopped out,,,
BBUC@2026-09-16,2026-09-16,BBUC,Brookfield Business Corporation Class A Subordinate Voting Shares,US,USALL,Industrials,stage4_breakdown,C,late,True,Stage 4,-77.0,4.6,64.4,-21.4439,0.0,-21.4439,0.88,Improving,25.700000762939453,25.4462,28.4998,15.8472,7.725,12.0,3.14,0,clear,52.0,False,rebalance_week,ok,7443853.538622131,2026-09-21,0.0,25.46,26.29,24.84,True,2026-09-21,False,,False,,0.2,-0.0,open,,,
BFS@2026-09-16,2026-09-16,BFS,"Saul Centers, Inc. Common Stock",US,USALL,Real Estate,stage4_breakdown,C,live,True,Stage 4,-55.9,5.7,63.5,-6.2977,-1.9283,-4.3633,0.88,Improving,30.239999771118164,30.7226,34.4093,24.4801,19.1542,12.0,1.69,0,clear,52.0,False,rebalance_week,ok,1881207.797841338,2026-09-21,0.0,30.0,30.45,29.43,True,2026-09-21,False,,False,,0.35,0.2,open,,,
BHM@2026-09-16,2026-09-16,BHM,"Bluerock Homes Trust, Inc. Class A Common Stock",US,USALL,Real Estate,stage4_breakdown,C,late,True,Stage 4,-63.4,17.1,52.8,-16.8599,-1.9283,-15.5228,0.88,Improving,8.020000457763672,7.9269,8.8781,4.477,1.5466,12.0,3.63,0,unknown,,,rebalance_week,thin,29821.55705404772,2026-09-21,0.0,8.0063,8.632,8.131,False,,False,,False,,,,watching,,,
BHR@2026-09-16,2026-09-16,BHR,Braemar Hotels & Resorts Inc. Common Stock,US,USALL,Real Estate,stage4_breakdown,C,late,True,Stage 4,-80.1,5.0,55.9,-27.9215,-1.9283,-26.8093,0.88,Improving,1.7899999618530271,1.7624,1.9739,1.001,0.3458,12.0,3.6,0,clear,51.0,False,rebalance_week,ok,680914.3554427681,2026-09-21,0.0,1.69,1.83,1.69,True,2026-09-21,False,,False,,0.34,0.34,open,,,
BKD@2026-09-16,2026-09-16,BKD,Brookdale Senior Living Inc. Common Stock,US,USALL,Health Care,stage4_breakdown,C,late,True,Stage 4,-70.0,1.9,66.5,-9.1062,16.994,-22.5243,0.88,Improving,11.449999809265137,11.3089,12.666,6.3745,2.2021,12.0,3.64,0,clear,52.0,False,rebalance_week,ok,38847993.83391658,2026-09-21,0.0,11.11,11.57,10.87,True,2026-09-21,False,,False,,0.32,0.15,open,,,
BKT@2026-09-16,2026-09-16,BKT,BlackRock Income Trust Inc. (The),US,USALL,Financials,stage4_breakdown,C,live,True,Stage 3 to 4,-47.3,21.5,52.0,-4.6134,8.1749,-12.1584,0.88,Improving,9.739999771118164,9.8008,10.6069,9.178,8.6309,8.22,0.77,0,unknown,,,rebalance_week,ok,801474.562755545,2026-09-21,0.0,9.55,9.74,9.495,True,2026-09-21,False,,False,,0.38,0.31,open,,,
BN@2026-09-16,2026-09-16,BN,Brookfield Corporation Class A Limited Voting Shares,US,USALL,Financials,stage4_breakdown,C,late,True,Stage 4,-73.2,5.7,48.8,-14.6247,8.1749,-21.4299,0.88,Improving,37.5099983215332,37.2153,41.6812,27.1255,18.6013,12.0,2.26,0,clear,59.0,False,rebalance_week,ok,145370428.4266491,2026-09-21,0.0,36.87,38.5,36.23,True,2026-09-21,False,,False,,0.22,0.08,open,,,
BNGO@2026-09-16,2026-09-16,BNGO,"Bionano Genomics, Inc. - Common Stock",US,USALL,Health Care,stage2_breakout,D,late,False,Stage 2,65.9,20.0,1.8,26.7935,16.994,5.0974,1.15,Improving,1.7300000190734863,1.5208,1.3383,2.0304,2.4787,12.0,2.79,0,clear,59.0,False,rebalance_week,thin,124639.28063920714,2026-09-21,0.0,1.66,1.89,1.63,True,2026-09-21,False,,False,,2.02,0.76,open,,,
BNT@2026-09-16,2026-09-16,BNT,Brookfield Wealth Solutions Ltd. Class A Exchangeable Limited Voting Shares,US,USALL,Financials,stage4_breakdown,C,late,True,Stage 4,-73.9,6.1,48.8,-15.356,8.1749,-22.1218,0.88,Improving,37.400001525878906,37.2023,41.6665,27.1614,18.6757,12.0,2.25,0,clear,59.0,False,rebalance_week,ok,677472.0630470372,2026-09-21,0.0,36.82,38.66,36.28,True,2026-09-21,False,,False,,0.21,0.09,open,,,
BOOT@2026-09-16,2026-09-16,BOOT,"Boot Barn Holdings, Inc. Common Stock",US,USALL,Consumer Discretionary,stage4_breakdown,C,late,True,Stage 4,-75.7,4.2,66.5,-28.3366,0.0,-28.3366,0.88,Improving,122.91999816894533,129.2303,144.7379,73.249,25.3042,12.0,3.61,0,clear,44.0,False,rebalance_week,ok,78290438.71044227,2026-09-21,0.0,123.3,131.8,122.16,True,2026-09-21,False,,False,,0.46,0.38,open,,,
BVC@2026-08-12,2026-09-16,BVC,BitVentures Limited - Ordinary Share,US,USALL,Information Technology,stage2_breakout,D,late,False,Stage 2,46.2,9.9,9.1,81.3666,17.0543,61.0944,1.15,Improving,14.170000076293944,18.6799,16.4383,26.1,32.58,12.0,3.31,5,unknown,,,clear,thin,62775.60826445662,2026-09-21,0.0,11.35,14.0,11.35,False,,False,,False,,,,watching,,,
CC@2026-09-16,2026-09-16,CC,Chemours Company (The) Common Stock,US,USALL,Materials,stage4_breakdown,C,late,True,Stage 4,-67.9,7.0,67.9,-15.8837,0.0,-15.8837,0.88,Improving,14.34000015258789,13.9696,15.646,7.953,2.7474,12.0,3.59,0,clear,52.0,False,rebalance_week,ok,32108279.95029236,2026-09-21,0.0,14.46,15.1,13.98,False,,False,,False,,,,watching,,,
CCAP@2026-09-16,2026-09-16,CCAP,"Crescent Capital BDC, Inc. - Common Stock",US,USALL,Financials,stage4_breakdown,C,late,True,Stage 4,-78.6,2.9,47.3,-18.9183,8.1749,-25.5849,0.88,Improving,9.779999732971191,9.7282,10.8956,6.1812,3.2222,12.0,3.04,0,clear,58.0,False,rebalance_week,ok,1858215.073656284,2026-09-21,0.0,9.57,10.0,9.475,True,2026-09-21,False,,False,,0.22,0.14,open,,,
CHCT@2026-09-16,2026-09-16,CHCT,Community Healthcare Trust Incorporated Common Stock,US,USALL,Real Estate,stage4_breakdown,C,late,True,Stage 4,-63.1,2.1,60.3,-8.6357,-1.9283,-6.7228,0.88,Improving,14.170000076293944,14.151,15.8492,10.0186,6.5311,12.0,2.43,0,clear,43.0,False,rebalance_week,ok,2688241.8616050454,2026-09-21,0.0,14.41,14.599,14.15,True,2026-09-21,False,,False,,0.0,-0.15,open,,,
CHT@2026-09-16,2026-09-16,CHT,"Chunghwa Telecom Co., Ltd.",US,USALL,Communication Services,stage2_breakout,B,live,True,Stage 2,66.4,50.6,6.2,10.125,0.0,10.125,1.0,Improving,45.900001525878906,45.224,40.806,51.9913,57.6723,9.77,1.53,0,clear,52.0,False,rebalance_week,ok,4756211.831067349,2026-09-21,0.0,46.15,46.41,45.67,True,2026-09-21,False,,False,,0.27,0.21,open,,,
CIM@2026-09-16,2026-09-16,CIM,Chimera Investment Corporation Common Stock,US,USALL,Real Estate,stage4_breakdown,C,late,True,Stage 4,-64.1,3.2,63.0,-10.7873,-1.9283,-9.0752,0.88,Improving,10.869999885559082,10.9207,12.2312,8.41,6.29,12.0,1.92,0,clear,52.0,False,rebalance_week,ok,6410113.82755805,2026-09-21,0.0,10.34,11.23,10.21,True,2026-09-21,False,,False,,0.54,0.44,open,,,
CPNG@2026-09-16,2026-09-16,CPNG,"Coupang, Inc. Class A Common Stock",US,USALL,Consumer Discretionary,stage4_breakdown,C,late,True,Stage 4,-70.8,9.2,51.9,-31.6507,0.0,-31.6507,0.88,Improving,14.289999961853027,14.0659,15.7538,7.9475,2.7455,12.0,3.62,0,clear,50.0,False,rebalance_week,ok,225996224.8903856,2026-09-21,0.0,13.88,14.96,13.86,True,2026-09-21,False,,False,,0.12,0.11,open,,,
CRI@2026-09-16,2026-09-16,CRI,"Carter's, Inc. Common Stock",US,USALL,Consumer Discretionary,stage4_breakdown,C,late,True,Stage 4,-70.1,0.2,69.0,-14.5149,0.0,-14.5149,0.88,Improving,29.63999938964844,29.1466,32.6442,16.511,5.7038,12.0,3.61,0,clear,49.0,False,rebalance_week,ok,27627073.63381145,2026-09-21,0.0,31.31,32.07,29.3,False,,False,,False,,,,watching,,,
CTKB@2026-09-16,2026-09-16,CTKB,"Cytek Biosciences, Inc. - Common Stock",US,USALL,Health Care,stage2_breakout,D,late,False,Stage 2,65.0,36.4,6.3,16.6437,16.994,-1.645,0.88,Improving,5.300000190734863,5.1141,4.5004,6.67,8.014,12.0,2.54,0,clear,51.0,False,rebalance_week,ok,2799046.007454722,2026-09-21,0.0,5.65,5.85,5.2,True,2026-09-21,False,,False,,1.2,0.87,open,,,
CVI@2026-09-16,2026-09-16,CVI,CVR Energy Inc. Common Stock,US,USALL,Energy,stage2_breakout,D,late,False,Stage 2,86.0,21.9,6.5,66.924,7.5984,,1.0,Improving,53.68999862670898,53.5563,47.1296,75.98,94.844,12.0,3.49,0,clear,44.0,False,rebalance_week,ok,23694170.76412241,2026-09-21,0.0,51.52,55.19,49.76,True,2026-09-21,False,,False,,0.25,-0.32,open,,,
CYD@2026-09-16,2026-09-16,CYD,China Yuchai International Limited Common Stock,US,USALL,Consumer Discretionary,stage4_breakdown,C,late,True,Stage 4,-73.5,4.9,69.0,-15.6784,0.0,-15.6784,0.88,Improving,35.400001525878906,34.2662,38.3782,19.5195,6.7431,12.0,3.59,0,clear,163.0,False,rebalance_week,ok,4119919.592299053,2026-09-21,0.0,33.03,35.66,31.06,True,2026-09-21,False,,False,,0.78,0.3,open,,,
CYPH@2026-09-02,2026-09-16,CYPH,Cypherpunk Technologies Inc. - Common Stock,US,USALL,Financials,stage2_breakout,D,late,False,Stage 2,81.9,18.6,4.5,253.8017,8.1749,228.7164,1.15,Improving,3.5999999046325684,3.3472,2.9455,4.6762,5.8372,12.0,3.31,2,clear,58.0,False,clear,ok,2273319.369709862,2026-09-21,0.0,4.12,4.19,3.375,True,2026-09-21,False,,False,,2.1,1.92,open,,,
DAKT@2026-09-16,2026-09-16,DAKT,"Daktronics, Inc. - Common Stock",US,USALL,Information Technology,stage4_breakdown,C,late,True,Stage 4,-76.3,1.8,52.6,-14.1209,17.0543,-28.2838,0.88,Improving,17.40999984741211,17.4064,19.4952,9.812,3.3896,12.0,3.64,0,clear,86.0,False,rebalance_week,ok,5525517.450989711,2026-09-21,0.0,17.02,18.14,16.965,True,2026-09-21,False,,False,,0.21,0.18,open,,,
DHX@2026-09-16,2026-09-16,DHX,"DHI Group, Inc. Common Stock",US,USALL,Information Technology,stage2_breakout,D,late,False,Stage 2,83.4,13.3,6.3,72.0343,17.0543,50.0958,1.15,Improving,4.900000095367432,4.9312,4.3395,6.9455,8.6699,12.0,3.4,0,clear,56.0,False,rebalance_week,thin,514855.7804361861,2026-09-21,0.0,4.73,4.95,4.56,True,2026-09-21,False,,False,,0.03,-0.34,open,,,
DMB@2026-09-16,2026-09-16,DMB,"BNY Mellon Municipal Bond Infrastructure Fund, Inc. Common Stock",US,USALL,Financials,stage4_breakdown,C,live,True,Stage 3 to 4,-55.9,6.8,50.1,-6.0178,8.1749,-13.3946,0.88,Improving,9.859999656677246,9.9269,11.0393,8.5168,7.3354,11.21,1.27,0,unknown,,,rebalance_week,ok,379990.2579567566,2026-09-21,0.0,9.52,10.02,9.51,True,2026-09-21,False,,False,,0.37,0.37,open,,,
DPG@2026-09-16,2026-09-16,DPG,Duff & Phelps Utility and Infrastructure Fund Inc.,US,USALL,Financials,stage4_breakdown,D,live,False,Stage 3 to 4,-21.4,27.8,45.0,-0.5315,8.1749,-8.1458,0.88,Improving,13.479999542236328,13.4841,15.08,12.2105,11.1056,11.84,0.8,0,unknown,,,rebalance_week,ok,654413.7875021339,2026-09-21,0.0,12.92,13.69,12.8,True,2026-09-21,False,,False,,0.43,0.35,open,,,
DSM@2026-09-16,2026-09-16,DSM,"BNY Mellon Strategic Municipal Bond Fund, Inc. Common Stock",US,USALL,Financials,stage4_breakdown,C,live,True,Stage 4,-61.9,7.5,55.4,-7.0319,8.1749,-14.3473,0.88,Improving,5.420000076293945,5.4973,6.079,4.7784,4.1771,10.58,1.24,0,unknown,,,rebalance_week,ok,469265.89404069,2026-09-21,0.0,5.26,5.47,5.23,True,2026-09-21,False,,False,,0.46,0.41,open,,,
DSX@2026-09-16,2026-09-16,DSX,Diana Shipping inc. common stock,US,USALL,Industrials,stage2_breakout,D,late,False,Stage 2,75.8,18.1,6.3,40.6619,0.0,40.6619,1.0,Improving,3.109999895095825,3.1486,2.7707,4.1875,5.0656,12.0,2.75,0,clear,66.0,False,rebalance_week,ok,1216260.036581152,2026-09-21,0.0,2.8,3.13,2.77,False,,False,,False,,,,watching,,,
DTST@2026-09-16,2026-09-16,DTST,Data Storage Corporation - Common Stock,US,USALL,Information Technology,stage4_breakdown,C,late,True,Stage 4,-75.3,9.1,44.8,-29.1256,17.0543,-41.5557,0.88,Improving,2.789999961853028,2.7563,3.0871,1.5675,0.5415,12.0,3.59,0,clear,63.0,False,rebalance_week,thin,44476.75108813351,2026-09-21,0.0,3.13,3.55,2.75,True,2026-09-21,True,2026-09-21,False,,0.02,-1.13,stopped out,,,
ELME@2026-06-24,2026-09-16,ELME,Elme Communities Common Stock,US,USALL,Real Estate,stage4_breakdown,C,live,True,Stage 4,-55.7,18.2,31.4,-23.5744,-1.9283,-22.6107,0.88,Improving,1.659999966621399,1.2159,1.3618,0.693,0.2394,12.0,3.58,12,clear,38.0,False,rebalance_week,ok,1508692.9431005542,2026-09-21,0.0,1.73,1.76,1.7,False,,False,,False,,,,watching,,,
EOT@2026-09-16,2026-09-16,EOT,Eaton Vance Municipal Income Trust EATON VANCE NATIONAL MUNICIPAL OPPORTUNITIES TRUST,US,USALL,Financials,stage4_breakdown,C,live,True,Stage 3 to 4,-48.3,8.2,51.5,-4.4138,8.1749,-11.8816,0.88,Improving,15.920000076293944,15.9074,17.6905,13.9696,12.32,11.21,1.09,0,unknown,,,rebalance_week,ok,357921.545145147,2026-09-21,0.0,15.41,16.03,15.33,True,2026-09-21,False,,False,,0.32,0.28,open,,,
EPRT@2026-09-16,2026-09-16,EPRT,"Essential Properties Realty Trust, Inc. Common Stock",US,USALL,Real Estate,stage4_breakdown,C,late,True,Stage 4,-67.2,4.8,65.5,-12.1385,-1.9283,-10.5062,0.88,Improving,26.75,28.3998,31.8077,23.2777,18.8998,12.0,1.5,0,clear,37.0,False,rebalance_week,ok,40818735.52823807,2026-09-21,0.0,26.53,27.29,26.21,True,2026-09-21,False,,False,,0.64,0.55,open,,,
ERII@2026-09-16,2026-09-16,ERII,"Energy Recovery, Inc. - Common Stock",US,USALL,Industrials,stage4_breakdown,C,late,True,Stage 4,-87.3,4.8,57.3,-39.6594,0.0,-39.6594,0.88,Improving,6.989999771118164,7.035,7.8792,3.9875,1.3775,12.0,3.61,0,clear,51.0,False,rebalance_week,ok,6460001.298864096,2026-09-21,0.0,6.81,7.14,6.69,True,2026-09-21,False,,False,,0.41,0.27,open,,,
ESOA@2026-09-16,2026-09-16,ESOA,Energy Services of America Corporation - Common Stock,US,USALL,Industrials,stage4_breakdown,D,late,False,Stage 4,-62.9,6.9,65.4,-15.0911,0.0,-15.0911,0.88,Improving,10.770000457763672,10.7825,12.0764,6.1435,2.1223,12.0,3.59,0,clear,70.0,False,rebalance_week,ok,1369095.2515240633,2026-09-21,0.0,11.12,11.42,10.65,True,2026-09-21,False,,False,,0.1,-0.26,open,,,
FCPT@2026-09-16,2026-09-16,FCPT,"Four Corners Property Trust, Inc. Common Stock",US,USALL,Real Estate,stage4_breakdown,D,live,False,Stage 3 to 4,-48.4,16.1,57.5,-5.1724,-1.9283,-3.3276,0.88,Improving,22.6200008392334,22.4954,25.1948,18.9151,15.8401,12.0,1.33,0,clear,44.0,False,rebalance_week,ok,13744922.84700694,2026-09-21,0.0,22.2,22.82,21.86,True,2026-09-21,False,,False,,0.24,0.11,open,,,
FEIM@2026-09-09,2026-09-16,FEIM,"Frequency Electronics, Inc. - Common Stock",US,USALL,Information Technology,stage2_breakout,D,late,False,Stage 2,72.5,30.4,5.0,58.6567,17.0543,37.1167,1.15,Improving,85.52999877929688,92.8961,81.7486,130.152,162.4656,12.0,3.34,1,event_driven,87.0,True,rebalance_week,ok,9529338.174620084,2026-09-21,0.0,88.43,89.6,82.7,False,,False,,False,,,,watching,,,
FER@2026-09-16,2026-09-16,FER,Ferrovial N.V. - Ordinary Shares,US,USALL,Industrials,stage4_breakdown,C,late,True,Stage 4,-79.0,3.8,67.4,-15.2841,0.0,-15.2841,0.88,Improving,55.040000915527344,54.5334,61.0775,35.7528,20.139,12.0,2.87,0,clear,43.0,False,rebalance_week,ok,69065620.44186828,2026-09-21,0.0,55.83,56.465,54.97,False,,False,,False,,,,watching,,,
FINW@2026-09-16,2026-09-16,FINW,FinWise Bancorp - Common Stock,US,USALL,Financials,stage4_breakdown,C,late,True,Stage 4,-76.9,3.9,47.6,-22.3534,8.1749,-28.8973,0.88,Improving,12.529999732971191,12.5628,14.0703,8.1,4.324,12.0,2.96,0,clear,45.0,False,rebalance_week,thin,253030.677278227,2026-09-21,0.0,11.32,12.61,10.79,True,2026-09-21,False,,False,,1.18,0.82,open,,,
FLO@2026-09-16,2026-09-16,FLO,"Flowers Foods, Inc. Common Stock",US,USALL,Consumer Staples,stage4_breakdown,C,late,True,Stage 4,-81.5,1.5,47.9,-33.2556,1.0404,-34.3147,0.88,Improving,5.940000057220459,5.8324,6.5323,3.3055,1.1419,12.0,3.61,0,clear,52.0,False,rebalance_week,ok,33315942.96699668,2026-09-21,0.0,5.74,6.08,5.615,True,2026-09-21,False,,False,,0.31,0.13,open,,,
FLUT@2026-09-16,2026-09-16,FLUT,Flutter Entertainment plc Ordinary Shares,US,USALL,Consumer Discretionary,stage4_breakdown,C,late,True,Stage 4,-71.4,8.6,47.5,-39.1965,0.0,-39.1965,0.88,Improving,89.55999755859375,86.8712,97.2958,50.835,19.735,12.0,3.46,0,clear,59.0,False,rebalance_week,ok,201491183.9202712,2026-09-21,0.0,83.23,91.51,78.8975,True,2026-09-21,False,,False,,0.76,0.35,open,,,
FT@2026-09-16,2026-09-16,FT,Franklin Universal Trust Common Stock,US,USALL,Financials,stage4_breakdown,C,live,True,Stage 3 to 4,-53.1,15.8,53.2,-5.372,8.1749,-12.8188,0.88,Improving,7.360000133514404,7.4715,8.1202,6.8586,6.3374,8.68,0.94,0,unknown,,,rebalance_week,ok,212250.2803611548,2026-09-21,0.0,7.09,7.38,7.03,True,2026-09-21,False,,False,,0.68,0.59,open,,,
GBFH@2026-07-29,2026-09-16,GBFH,GBank Financial Holdings Inc. - Common Stock,US,USALL,Financials,stage4_breakdown,C,late,True,Stage 4,-77.8,1.4,42.6,-38.0533,8.1749,-43.3797,0.88,Improving,18.920000076293945,18.557,20.7838,10.5875,3.6575,12.0,3.58,7,event_driven,43.0,True,clear,ok,1283559.3890182134,2026-09-21,0.0,19.12,19.455,18.335,True,2026-09-21,False,,False,,0.1,-0.25,open,,,
GH@2026-09-16,2026-09-16,GH,"Guardant Health, Inc. - Common Stock",US,USALL,Health Care,stage2_breakout,D,late,False,Stage 2,56.1,17.9,8.6,58.1368,16.994,37.3226,1.15,Improving,179.3800048828125,180.6278,158.9525,256.041,319.6098,12.0,3.48,0,clear,44.0,False,rebalance_week,ok,215898303.23262388,2026-09-21,0.0,177.25,181.79,170.5,True,2026-09-21,False,,False,,0.05,-0.16,open,,,
GOLF@2026-09-16,2026-09-16,GOLF,Acushnet Holdings Corp. Common Stock,US,USALL,Consumer Discretionary,stage4_breakdown,C,late,True,Stage 4,-69.7,1.0,69.2,-11.7208,0.0,-11.7208,0.88,Improving,80.55000305175781,81.6541,91.4526,47.6282,18.9604,12.0,3.47,0,clear,51.0,False,rebalance_week,ok,22661078.616353072,2026-09-21,0.0,83.02,84.44,80.18,True,2026-09-21,False,,False,,0.15,-0.14,open,,,
GRAB@2026-09-16,2026-09-16,GRAB,Grab Holdings Limited - Class A Ordinary Shares,US,USALL,Information Technology,stage4_breakdown,C,late,True,Stage 4,-76.7,1.7,48.1,-34.3497,17.0543,-45.9516,0.88,Improving,2.7950000762939453,2.8727,3.2175,1.628,0.5624,12.0,3.61,0,clear,50.0,False,rebalance_week,ok,129397265.600181,2026-09-21,0.0,3.13,3.26,2.78,True,2026-09-21,True,2026-09-21,False,,0.27,-0.75,stopped out,,,
GT@2026-09-16,2026-09-16,GT,The Goodyear Tire & Rubber Company - Common Stock,US,USALL,Consumer Discretionary,stage4_breakdown,C,late,True,Stage 4,-84.2,4.1,56.5,-31.1105,0.0,-31.1105,0.88,Improving,5.050000190734863,5.1828,5.8048,2.9425,1.0165,12.0,3.6,0,clear,50.0,False,rebalance_week,ok,40268037.94690553,2026-09-21,0.0,5.125,5.55,4.91,True,2026-09-21,False,,False,,0.44,0.09,open,,,
GTY@2026-09-16,2026-09-16,GTY,Getty Realty Corporation Common Stock,US,USALL,Real Estate,stage4_breakdown,D,live,False,Stage 3 to 4,-39.4,17.1,62.0,-2.9596,-1.9283,-0.9263,0.88,Improving,29.63999938964844,29.57,33.1184,23.0502,17.5383,12.0,1.84,0,clear,37.0,False,rebalance_week,ok,10160189.965058325,2026-09-21,0.0,28.66,29.96,28.13,True,2026-09-21,False,,False,,0.41,0.26,open,,,
HAFN@2026-09-16,2026-09-16,HAFN,Hafnia Limited Common Shares,US,USALL,Industrials,stage2_breakout,D,late,False,Stage 2,86.4,15.0,5.7,56.4395,0.0,56.4395,1.0,Improving,10.119999885559082,9.7455,8.5761,13.4686,16.5675,12.0,3.18,0,clear,65.0,False,rebalance_week,ok,8680875.326498799,2026-09-21,0.0,8.92,10.09,8.41,True,2026-09-21,True,2026-09-21,False,,0.29,-0.71,stopped out,,,
HHH@2026-09-16,2026-09-16,HHH,Howard Hughes Holdings Inc. Common Stock,US,USALL,Real Estate,stage4_breakdown,C,live,True,Stage 4,-75.5,3.4,53.7,-16.9996,-1.9283,-15.6475,0.88,Improving,60.220001220703125,60.0469,67.2526,38.1,19.772,12.0,3.05,0,clear,56.0,False,rebalance_week,ok,21249105.84358184,2026-09-21,0.0,68.43,69.21,61.0,False,,False,,False,,,,watching,,,
HUN@2026-09-16,2026-09-16,HUN,Huntsman Corporation Common Stock,US,USALL,Materials,stage4_breakdown,C,late,True,Stage 4,-71.3,5.2,57.8,-18.1609,0.0,-18.1609,0.88,Improving,9.09000015258789,8.876,9.9411,5.0557,1.7465,12.0,3.59,0,clear,52.0,False,rebalance_week,ok,39820703.62836967,2026-09-21,0.0,8.9,9.28,8.7,True,2026-09-21,False,,False,,0.17,-0.02,open,,,
IBEX@2026-09-16,2026-09-16,IBEX,IBEX Limited - Common Share,US,USALL,Information Technology,stage2_breakout,D,late,False,Stage 2,70.8,28.7,0.0,18.0297,17.0543,-1.0092,0.88,Improving,40.20000076293945,40.7815,35.8877,54.06,65.308,12.0,2.71,0,event_driven,52.0,True,rebalance_week,ok,2431908.1116203987,2026-09-21,0.0,44.53,45.28,40.05,True,2026-09-21,False,,False,,0.92,0.77,open,,,
IGI@2026-09-16,2026-09-16,IGI,Western Asset Investment Grade Opportunity Trust Inc. Common Stock,US,USALL,Financials,stage4_breakdown,C,live,True,Stage 3,-27.4,31.9,44.5,-2.4742,8.1749,-10.186,0.88,Improving,15.449999809265137,15.3582,16.2951,13.6194,12.1523,6.1,1.86,0,unknown,,,rebalance_week,ok,132590.56184911582,2026-09-21,0.0,15.7501,16.43,15.53,False,,False,,False,,,,watching,,,
INGN@2026-09-16,2026-09-16,INGN,"Inogen, Inc - Common Stock",US,USALL,Health Care,stage4_breakdown,C,late,True,Stage 4,-63.4,10.4,44.5,-22.0008,16.994,-35.0025,0.88,Improving,5.139999866485596,5.0228,5.6255,2.8353,0.9795,12.0,3.63,0,clear,52.0,False,rebalance_week,ok,1176883.6545514518,2026-09-21,0.0,5.36,5.395,5.045,False,,False,,False,,,,watching,,,
IONS@2026-09-16,2026-09-16,IONS,"Ionis Pharmaceuticals, Inc. - Common Stock",US,USALL,Health Care,stage4_breakdown,C,late,True,Stage 4,-81.3,2.3,46.8,-38.2081,16.994,-48.3549,0.88,Improving,44.43999862670898,48.4502,54.2642,27.5055,9.5019,12.0,3.6,0,clear,51.0,False,rebalance_week,ok,107288024.85709764,2026-09-21,0.0,44.5,46.41,43.01,True,2026-09-21,False,,False,,0.94,0.68,open,,,
IVR@2026-09-16,2026-09-16,IVR,INVESCO MORTGAGE CAPITAL INC Common Stock,US,USALL,Real Estate,stage4_breakdown,C,late,True,Stage 4,-72.1,2.3,64.9,-11.4666,-1.9283,-9.7468,0.88,Improving,6.449999809265137,6.7155,7.5214,5.2734,4.0521,12.0,1.79,0,clear,45.0,False,rebalance_week,ok,13250180.19972775,2026-09-21,0.0,6.41,6.66,6.35,True,2026-09-21,False,,False,,0.45,0.38,open,,,
JACS@2026-08-12,2026-09-16,JACS,Jackson Acquisition Company II Class A Ordinary Shares,US,USALL,Financials,stage2_breakout,D,live,False,Stage 1 to 2,35.6,34.8,37.8,2.1253,8.1749,-5.8999,0.88,Improving,10.774999618530272,10.803,10.6189,11.02,11.228,1.7,1.18,5,unknown,,,clear,ok,125085.16926748869,2026-09-21,0.0,10.83,10.83,10.77,True,2026-09-21,False,,False,,0.15,0.15,open,,,
JBSS@2026-09-16,2026-09-16,JBSS,"John B. Sanfilippo & Son, Inc. - Common Stock",US,USALL,Consumer Staples,stage4_breakdown,C,late,True,Stage 4,-62.2,3.3,56.1,-7.752,1.0404,-8.6121,0.88,Improving,67.30999755859375,68.4736,76.6905,49.5829,33.4332,12.0,2.3,0,clear,44.0,False,rebalance_week,ok,6380978.681273493,2026-09-21,0.0,67.24,68.34,66.38,True,2026-09-21,False,,False,,0.25,0.15,open,,,
JBTM@2026-09-16,2026-09-16,JBTM,JBT Marel Corporation Common Stock,US,USALL,Industrials,stage4_breakdown,C,late,True,Stage 4,-75.9,3.9,62.4,-19.5089,0.0,-19.5089,0.88,Improving,110.0,107.6874,120.6099,60.6045,20.9361,12.0,3.64,0,clear,49.0,False,rebalance_week,ok,47412017.879856095,2026-09-21,0.0,110.09,114.74,109.71,False,,False,,False,,,,watching,,,
JRVR@2026-09-16,2026-09-16,JRVR,"James River Group Holdings, Inc. - Common Stock",US,USALL,Financials,stage4_breakdown,C,late,True,Stage 4,-83.5,7.9,46.1,-31.3814,8.1749,-37.23,0.88,Improving,3.690000057220459,3.6229,4.0576,2.0512,0.7086,12.0,3.62,0,clear,56.0,False,rebalance_week,ok,958944.0319745973,2026-09-21,0.0,3.53,3.77,3.495,True,2026-09-21,False,,False,,0.29,0.21,open,,,
KAI@2026-09-16,2026-09-16,KAI,Kadant Inc Common Stock,US,USALL,Industrials,stage4_breakdown,C,late,True,Stage 4,-69.2,1.8,58.1,-12.5898,0.0,-12.5898,0.88,Improving,265.5599975585937,259.2494,290.3593,146.3825,50.5685,12.0,3.63,0,clear,50.0,False,rebalance_week,ok,32099359.606183864,2026-09-21,0.0,273.89,280.13,263.41,False,,False,,False,,,,watching,,,
KEP@2026-09-16,2026-09-16,KEP,Korea Electric Power Corporation Common Stock,US,USALL,Utilities,stage4_breakdown,C,late,True,Stage 4,-78.9,4.8,54.7,-27.048,-4.1682,-24.0297,0.7,Improving,11.010000228881836,10.8771,12.1823,6.138,2.1204,12.0,3.63,0,clear,59.0,False,rebalance_week,ok,8707519.42534659,2026-09-21,0.0,11.01,11.38,10.78,True,2026-09-21,False,,False,,0.07,-0.1,open,,,
KTF@2026-09-16,2026-09-16,KTF,DWS Municipal Income Trust,US,USALL,Financials,stage4_breakdown,C,live,True,Stage 3 to 4,-37.5,23.0,50.0,-3.348,8.1749,-10.932,0.88,Improving,8.4399995803833,8.411,9.1837,7.6956,7.0922,9.19,0.93,0,unknown,,,rebalance_week,ok,927916.121087708,2026-09-21,0.0,8.23,8.44,8.22,True,2026-09-21,False,,False,,0.25,0.23,open,,,
LAZ@2026-09-16,2026-09-16,LAZ,"Lazard, Inc. Common Stock",US,USALL,Financials,stage4_breakdown,C,late,True,Stage 4,-73.5,3.0,45.1,-22.1741,8.1749,-28.4509,0.88,Improving,35.75,36.7171,41.1232,21.8468,9.0712,12.0,3.37,0,clear,38.0,False,rebalance_week,ok,46348681.58438577,2026-09-21,0.0,36.72,37.37,35.37,True,2026-09-21,False,,False,,0.31,-0.0,open,,,
LCII@2026-09-16,2026-09-16,LCII,LCI Industries,US,USALL,Consumer Discretionary,stage4_breakdown,C,late,True,Stage 4,-85.8,7.2,57.2,-22.8554,0.0,-22.8554,0.88,Improving,85.5999984741211,85.994,96.3132,48.4161,16.7256,12.0,3.64,0,clear,45.0,False,rebalance_week,ok,23400785.86690833,2026-09-21,0.0,84.51,89.01,82.775,True,2026-09-21,False,,False,,0.31,0.14,open,,,
LEN-B@2026-09-16,2026-09-16,LEN-B,Lennar Corporation Class B,US,USALL,Consumer Discretionary,stage4_breakdown,C,late,True,Stage 4,-78.2,3.4,56.1,-22.1144,0.0,-22.1144,0.88,Improving,74.70999908447266,73.7008,82.5449,41.3545,14.2861,12.0,3.66,0,clear,92.0,False,rebalance_week,ok,4554239.120087111,2026-09-21,0.0,80.49,81.79,74.97,False,,False,,False,,,,watching,,,
LEO@2026-09-16,2026-09-16,LEO,"BNY Mellon Strategic Municipals, Inc. Common Stock",US,USALL,Financials,stage4_breakdown,C,live,True,Stage 3 to 4,-54.7,24.3,48.4,-5.4503,8.1749,-12.8774,0.88,Improving,5.800000190734863,5.8161,6.3981,5.2697,4.8074,10.01,0.94,0,unknown,,,rebalance_week,ok,976798.479228047,2026-09-21,0.0,5.63,5.83,5.59,True,2026-09-21,False,,False,,0.39,0.32,open,,,
LZB@2026-09-16,2026-09-16,LZB,La-Z-Boy Incorporated Common Stock,US,USALL,Consumer Discretionary,stage4_breakdown,C,late,True,Stage 4,-70.9,0.2,68.3,-16.0043,0.0,-16.0043,0.88,Improving,29.84000015258789,29.7304,33.2981,16.7475,5.7855,12.0,3.64,0,clear,64.0,False,rebalance_week,ok,11503106.957685309,2026-09-21,0.0,29.88,30.85,29.09,True,2026-09-21,False,,False,,0.18,-0.04,open,,,
MATX@2026-09-16,2026-09-16,MATX,"Matson, Inc. Common Stock",US,USALL,Industrials,stage2_breakout,D,late,False,Stage 2,62.5,19.0,10.2,43.6826,0.0,43.6826,1.0,Improving,232.9199981689453,235.8632,207.5596,321.7465,393.2077,12.0,3.03,0,clear,51.0,False,rebalance_week,ok,39519021.5012086,2026-09-21,0.0,224.66,236.4,220.79,True,2026-09-21,False,,False,,0.02,-0.4,open,,,
MBUU@2026-09-16,2026-09-16,MBUU,"Malibu Boats, Inc. - Common Stock",US,USALL,Consumer Discretionary,stage4_breakdown,C,late,True,Stage 4,-71.5,4.0,51.0,-17.8754,0.0,-17.8754,0.88,Improving,23.270000457763672,23.1467,25.9243,13.112,4.5296,12.0,3.61,0,clear,45.0,False,rebalance_week,ok,5415749.161853708,2026-09-21,0.0,24.09,24.29,22.82,True,2026-09-21,False,,False,,0.12,-0.34,open,,,
MDU@2026-09-16,2026-09-16,MDU,"MDU Resources Group, Inc. Common Stock (Holding Company)",US,USALL,Utilities,stage4_breakdown,C,live,True,Stage 4,-59.9,8.4,73.2,-7.8707,-4.1682,-3.8158,0.7,Improving,18.559999465942383,18.8624,21.1258,15.5212,12.6661,12.0,1.48,0,clear,52.0,False,rebalance_week,ok,23120489.57694921,2026-09-21,0.0,18.76,18.87,18.25,True,2026-09-21,False,,False,,0.27,0.05,open,,,
MFA@2026-09-16,2026-09-16,MFA,"MFA Financial, Inc.",US,USALL,Real Estate,stage4_breakdown,C,live,True,Stage 4,-58.1,13.1,63.5,-6.6894,-1.9283,-4.8966,0.88,Improving,8.359999656677246,8.4365,9.4489,7.0104,5.7948,12.0,1.41,0,clear,52.0,False,rebalance_week,ok,9579300.126013612,2026-09-21,0.0,8.17,8.61,8.115,True,2026-09-21,False,,False,,0.32,0.26,open,,,
MG@2026-09-16,2026-09-16,MG,Mistras Group Inc Common Stock,US,USALL,Industrials,stage2_breakout,D,late,False,Stage 2,75.0,26.8,5.7,37.617,0.0,37.617,1.0,Improving,20.75,20.594,18.1227,27.38,33.124,12.0,2.75,0,clear,51.0,False,rebalance_week,ok,2254444.4561076905,2026-09-21,0.0,21.52,21.77,20.51,True,2026-09-21,False,,False,,0.48,0.37,open,,,
MGPI@2026-09-16,2026-09-16,MGPI,"MGP Ingredients, Inc. - Common Stock",US,USALL,Consumer Staples,stage4_breakdown,C,late,True,Stage 4,-84.2,3.0,49.2,-30.5095,1.0404,-31.5799,0.88,Improving,14.130000114440918,14.3294,16.049,8.107,2.8006,12.0,3.62,0,clear,44.0,False,rebalance_week,ok,2467036.32355682,2026-09-21,0.0,12.82,14.2,12.66,True,2026-09-21,False,,False,,0.97,0.88,open,,,
MGX@2026-09-16,2026-09-16,MGX,"Metagenomi Therapeutics, Inc. - Common Stock",US,USALL,Health Care,stage4_breakdown,C,late,True,Stage 4,-72.8,9.2,45.1,-30.4771,16.994,-43.0935,0.88,Improving,1.100000023841858,1.0961,1.2276,0.6204,0.2143,12.0,3.62,0,clear,,False,rebalance_week,thin,158620.95511875342,2026-09-21,0.0,1.15,1.165,1.07,True,2026-09-21,False,,False,,0.2,-0.41,open,,,
MHD@2026-09-16,2026-09-16,MHD,"Blackrock MuniHoldings Fund, Inc. Common Stock",US,USALL,Financials,stage4_breakdown,C,live,True,Stage 3 to 4,-47.3,18.2,51.7,-4.6564,8.1749,-12.1461,0.88,Improving,10.760000228881836,10.754,11.9191,9.7463,8.8877,10.83,0.86,0,unknown,,,rebalance_week,ok,2928323.6997127086,2026-09-21,0.0,10.53,10.96,10.5,True,2026-09-21,False,,False,,0.22,0.19,open,,,
MMU@2026-09-16,2026-09-16,MMU,"Western Asset Managed Municipals Fund, Inc. Common Stock",US,USALL,Financials,stage4_breakdown,C,live,True,Stage 3 to 4,-55.4,14.8,54.9,-5.7542,8.1749,-13.1748,0.88,Improving,9.43000030517578,9.5337,10.4001,8.6848,7.9606,9.09,0.98,0,unknown,,,rebalance_week,ok,934458.8941028157,2026-09-21,0.0,8.98,9.45,8.96,True,2026-09-21,False,,False,,0.66,0.64,open,,,
MNOV@2026-09-16,2026-09-16,MNOV,"MediciNova, Inc. - Common Stock",US,USALL,Health Care,stage2_breakout,D,late,False,Stage 2,69.5,18.6,4.5,126.4725,16.994,91.5947,1.15,Improving,3.319999933242798,1.921,1.6905,2.6825,3.3485,12.0,3.3,0,clear,59.0,False,rebalance_week,thin,35602.90434767438,2026-09-21,0.0,2.58,3.4,2.48,True,2026-09-21,False,,True,2026-09-21,6.42,2.86,reached first target,,,
MPA@2026-09-16,2026-09-16,MPA,Blackrock MuniYield Pennsylvania Quality Fund Common Stock,US,USALL,Financials,stage4_breakdown,C,live,True,Stage 3 to 4,-60.2,14.3,55.8,-6.922,8.1749,-14.2677,0.88,Improving,10.15999984741211,10.2478,11.3723,8.8013,7.5928,10.97,1.29,0,unknown,,,rebalance_week,ok,223651.5996252524,2026-09-21,0.0,9.83,10.23,9.81,True,2026-09-21,False,,False,,0.39,0.37,open,,,
MQY@2026-09-16,2026-09-16,MQY,"Blackrock MuniYield Quality Fund, Inc. Common Stock",US,USALL,Financials,stage4_breakdown,C,live,True,Stage 3 to 4,-57.7,13.0,55.5,-6.1907,8.1749,-13.5782,0.88,Improving,10.350000381469728,10.4044,11.5946,9.305,8.3793,11.44,0.92,0,unknown,,,rebalance_week,ok,3394214.2370141805,2026-09-21,0.0,10.16,10.48,10.09,True,2026-09-21,False,,False,,0.26,0.21,open,,,
MWA@2026-09-16,2026-09-16,MWA,MUELLER WATER PRODUCTS Common Stock,US,USALL,Industrials,stage4_breakdown,C,late,True,Stage 4,-75.8,1.3,68.5,-15.2262,0.0,-15.2262,0.88,Improving,21.89999961853028,22.9713,25.7279,15.2876,8.8377,12.0,2.79,0,clear,52.0,False,rebalance_week,ok,21391301.63714452,2026-09-21,0.0,21.63,22.29,21.33,True,2026-09-21,False,,False,,0.6,0.49,open,,,
NHS@2026-09-16,2026-09-16,NHS,Neuberger High Yield Strategies Fund Inc. Common Stock,US,USALL,Financials,stage4_breakdown,C,live,True,Stage 4,-68.6,9.5,49.9,-8.4014,8.1749,-15.7984,0.88,Improving,5.670000076293945,5.7051,6.1055,4.4783,3.468,7.02,3.06,0,unknown,,,rebalance_week,ok,808542.2736601284,2026-09-21,0.0,5.47,5.68,5.42,True,2026-09-21,False,,False,,0.71,0.59,open,,,
NTIC@2026-09-16,2026-09-16,NTIC,Northern Technologies International Corporation - Common Stock,US,USALL,Materials,stage4_breakdown,C,live,True,Stage 4,-63.8,4.3,54.9,-7.3386,0.0,-7.3386,0.88,Improving,7.550000190734863,7.4765,8.3737,5.0792,3.0706,12.0,2.67,0,clear,64.0,False,rebalance_week,thin,57537.26439108758,2026-09-21,0.0,7.8,7.95,7.7,False,,False,,False,,,,watching,,,
NUTX@2026-09-16,2026-09-16,NUTX,Nutex Health Inc. - Common Stock,US,USALL,Health Care,stage2_breakout,D,late,False,Stage 2,78.1,28.1,4.5,50.6689,16.994,29.4899,1.15,Improving,208.7899932861328,209.8235,184.6447,295.8,369.24,12.0,3.41,0,clear,52.0,False,rebalance_week,ok,15379258.29606595,2026-09-21,0.0,220.11,222.0,198.25,True,2026-09-21,False,,False,,0.48,0.41,open,,,
NVGS@2026-09-16,2026-09-16,NVGS,Navigator Holdings Ltd. Ordinary Shares (Marshall Islands),US,USALL,Energy,stage2_breakout,C,late,True,Stage 2,76.5,35.1,6.6,28.2095,7.5984,,1.0,Improving,25.0,24.6589,21.6999,31.107,36.5685,12.0,2.18,0,clear,51.0,False,rebalance_week,ok,6507858.0597890895,2026-09-21,0.0,23.02,25.07,22.71,True,2026-09-21,False,,False,,0.14,-0.55,open,,,
NXP@2026-09-16,2026-09-16,NXP,Nuveen Select Tax Free Income Portfolio Common Stock,US,USALL,Financials,stage4_breakdown,C,live,True,Stage 3 to 4,-35.7,26.5,49.0,-3.384,8.1749,-10.9976,0.88,Improving,13.460000038146973,13.5536,14.5101,12.7839,12.1182,7.06,0.8,0,unknown,,,rebalance_week,ok,1418978.6380240694,2026-09-21,0.0,13.06,13.5,12.9,True,2026-09-21,False,,False,,0.68,0.52,open,,,
NXRT@2026-09-16,2026-09-16,NXRT,"NexPoint Residential Trust, Inc. Common Stock",US,USALL,Real Estate,stage4_breakdown,C,late,True,Stage 4,-77.1,1.7,54.3,-21.4468,-1.9283,-20.0681,0.88,Improving,21.040000915527344,21.2044,23.7489,14.0101,7.9245,12.0,2.83,0,clear,43.0,False,rebalance_week,ok,4119599.485535492,2026-09-21,0.0,19.64,21.85,19.62,True,2026-09-21,False,,False,,0.62,0.61,open,,,
OGC@2026-07-15,2026-09-16,OGC,OceanaGold Corporation Common Shares,US,USALL,Materials,stage4_breakdown,C,live,True,Stage 4,-39.1,13.7,44.1,-1.4288,0.0,-1.4288,0.88,Improving,28.440000534057617,21.0497,23.5757,12.0056,4.1474,12.0,3.58,9,clear,51.0,False,clear,ok,7918438.916578418,2026-09-21,0.0,28.13,29.12,26.98,False,,False,,False,,,,watching,,,
OIA@2026-09-16,2026-09-16,OIA,Invesco Municipal Income Opportunities Trust Common Stock,US,USALL,Financials,stage4_breakdown,C,live,True,Stage 3 to 4,-42.3,23.3,47.8,-3.7355,8.1749,-11.2693,0.88,Improving,5.690000057220459,5.6629,6.3098,5.0954,4.6086,11.42,0.88,0,unknown,,,rebalance_week,ok,468691.1619509022,2026-09-21,0.0,5.49,5.79,5.42,True,2026-09-21,False,,False,,0.38,0.27,open,,,
ONIT@2026-09-16,2026-09-16,ONIT,Onity Group Inc. Common Stock,US,USALL,Financials,stage4_breakdown,C,late,True,Stage 4,-74.8,6.3,45.8,-21.2658,8.1749,-27.599,0.88,Improving,31.790000915527344,32.0324,35.8763,18.15,6.27,12.0,3.61,0,clear,52.0,False,rebalance_week,ok,1729761.177403991,2026-09-21,0.0,30.75,32.67,30.57,True,2026-09-21,False,,False,,0.38,0.33,open,,,
ORC@2026-09-16,2026-09-16,ORC,"Orchid Island Capital, Inc. Common Stock",US,USALL,Real Estate,stage4_breakdown,C,live,True,Stage 4,-60.5,6.7,55.1,-6.8717,-1.9283,-5.145,0.88,Improving,6.039999961853027,6.0689,6.7972,4.9746,4.0429,12.0,1.5,0,clear,38.0,False,rebalance_week,ok,23297383.38295731,2026-09-21,0.0,5.71,6.15,5.67,True,2026-09-21,False,,False,,0.55,0.49,open,,,
PATK@2026-09-16,2026-09-16,PATK,"Patrick Industries, Inc. - Common Stock",US,USALL,Consumer Discretionary,stage4_breakdown,C,late,True,Stage 4,-88.6,6.0,69.0,-31.9669,0.0,-31.9669,0.88,Improving,68.70999908447266,71.204,79.7485,40.183,13.8814,12.0,3.63,0,clear,45.0,False,rebalance_week,ok,31342313.00067092,2026-09-21,0.0,68.49,71.79,67.0,True,2026-09-21,False,,False,,0.49,0.32,open,,,
PAX@2026-09-16,2026-09-16,PAX,Patria Investments Limited - Class A Common Shares,US,USALL,Financials,stage4_breakdown,C,late,True,Stage 4,-79.2,6.7,44.1,-21.2338,8.1749,-27.7808,0.88,Improving,10.0,10.2117,11.4372,7.1491,4.5477,12.0,2.5,0,clear,58.0,False,rebalance_week,ok,8132550.029291624,2026-09-21,0.0,10.24,10.58,9.98,True,2026-09-21,False,,False,,0.19,-0.02,open,,,
PCM@2026-09-16,2026-09-16,PCM,"PCM Fund, Inc. Common Stock",US,USALL,Financials,stage4_breakdown,C,live,True,Stage 4,-57.1,9.4,53.5,-7.5436,8.1749,-14.9191,0.88,Improving,5.070000171661377,5.0359,5.6403,4.4558,3.9564,12.0,0.96,0,unknown,,,rebalance_week,ok,173403.9884492564,2026-09-21,0.0,4.96,5.09,4.9,True,2026-09-21,False,,False,,0.22,0.13,open,,,
PETS@2026-09-16,2026-09-16,PETS,"PetMed Express, Inc. - Common Stock",US,USALL,Health Care,stage4_breakdown,C,late,True,Stage 4,-80.2,9.2,42.9,-31.813,16.994,-43.347,0.88,Improving,1.6100000143051147,1.5654,1.7532,0.891,0.3078,12.0,3.59,0,clear,63.0,False,rebalance_week,thin,142928.05764940375,2026-09-21,0.0,1.53,1.73,1.53,True,2026-09-21,False,,False,,0.19,0.19,open,,,
PEW@2026-09-16,2026-09-16,PEW,GrabAGun Digital Holdings Inc. Common Stock,US,USALL,Industrials,stage4_breakdown,C,late,True,Stage 4,-69.8,8.1,51.1,-30.6882,0.0,-30.6882,0.88,Improving,2.150000095367432,2.1411,2.3981,1.221,0.4218,12.0,3.58,0,clear,63.0,False,rebalance_week,ok,454269.0614504613,2026-09-21,0.0,2.16,2.24,2.12,True,2026-09-21,False,,False,,0.08,-0.07,open,,,
PHIN@2026-09-16,2026-09-16,PHIN,PHINIA Inc. Common Stock,US,USALL,Consumer Discretionary,stage4_breakdown,C,late,True,Stage 4,-65.2,2.6,69.2,-9.2406,0.0,-9.2406,0.88,Improving,61.41999816894531,60.3679,67.6121,36.9779,17.1476,12.0,3.23,0,clear,50.0,False,rebalance_week,ok,17632142.517349344,2026-09-21,0.0,62.04,62.3,58.79,True,2026-09-21,False,,False,,0.22,-0.23,open,,,
POOL@2026-09-16,2026-09-16,POOL,Pool Corporation - Common Stock,US,USALL,Industrials,stage4_breakdown,C,late,True,Stage 4,-77.9,5.5,53.7,-23.9518,0.0,-23.9518,0.88,Improving,167.9600067138672,167.7875,187.9219,94.3548,32.5953,12.0,3.65,0,clear,38.0,False,rebalance_week,ok,109389657.04893884,2026-09-21,0.0,164.91,171.29,160.38,True,2026-09-21,False,,False,,0.37,0.14,open,,,
QNBC@2026-09-16,2026-09-16,QNBC,QNB Corp. - Common Stock,US,USALL,Financials,stage2_breakout,C,live,True,Stage 2,81.4,45.7,5.3,17.216,8.1749,8.5556,1.15,Improving,45.7400016784668,45.6292,42.1403,55.4085,63.4232,7.65,2.8,0,unknown,,,rebalance_week,thin,92299.3353195742,2026-09-21,0.0,45.79,45.94,45.45,True,2026-09-21,False,,False,,0.09,0.05,open,,,
REZI@2026-09-16,2026-09-16,REZI,"Resideo Technologies, Inc. Common Stock",US,USALL,Industrials,stage4_breakdown,C,late,True,Stage 4,-71.9,1.4,66.0,-24.0143,0.0,-24.0143,0.88,Improving,18.3700008392334,17.9132,20.0628,10.175,3.515,12.0,3.6,0,clear,52.0,False,rebalance_week,ok,33901280.95638818,2026-09-21,0.0,18.27,19.22,18.14,False,,False,,False,,,,watching,,,
RUSHB@2026-09-16,2026-09-16,RUSHB,"Rush Enterprises, Inc. - Class B Common Stock",US,USALL,Consumer Discretionary,stage2_breakout,C,late,True,Stage 2,71.2,29.5,8.3,27.7726,0.0,27.7726,1.0,Improving,55.41999816894531,55.0628,48.4553,70.8908,84.2463,12.0,2.4,0,clear,44.0,False,rebalance_week,ok,3800099.744166908,2026-09-21,0.0,55.19,56.48,53.43,True,2026-09-21,False,,False,,0.21,0.02,open,,,
SBI@2026-09-16,2026-09-16,SBI,Western Asset Intermediate Muni Fund Inc Common Stock,US,USALL,Financials,stage4_breakdown,C,live,True,Stage 3 to 4,-35.6,31.4,47.1,-3.2026,8.1749,-10.8128,0.88,Improving,7.300000190734863,7.2812,7.8537,6.7934,6.3734,7.86,0.85,0,unknown,,,rebalance_week,ok,279045.68759838416,2026-09-21,0.0,7.0,7.33,6.98,True,2026-09-21,False,,False,,0.53,0.49,open,,,
SFD@2026-09-16,2026-09-16,SFD,"Smithfield Foods, Inc. - Common Stock",US,USALL,Consumer Staples,stage4_breakdown,C,late,True,Stage 4,-70.3,1.4,59.5,-15.4314,1.0404,-16.3335,0.88,Improving,19.81999969482422,19.7087,22.0737,11.0699,3.8858,12.0,3.65,0,clear,43.0,False,rebalance_week,ok,24683615.71267116,2026-09-21,0.0,19.04,20.125,18.812,True,2026-09-21,False,,False,,0.38,0.28,open,,,
SFL@2026-09-16,2026-09-16,SFL,SFL Corporation Ltd,US,USALL,Industrials,stage2_breakout,D,late,False,Stage 2,84.7,26.7,7.8,39.8342,0.0,39.8342,1.0,Improving,13.630000114440918,13.3743,11.7694,16.8978,19.8641,12.0,2.2,0,clear,57.0,False,rebalance_week,ok,10850817.825861966,2026-09-21,0.0,12.78,13.74,12.46,True,2026-09-21,False,,False,,0.23,-0.37,open,,,
SFWL@2026-09-09,2026-09-16,SFWL,Shengfeng Development Limited - Class A Ordinary Shares,US,USALL,Industrials,stage2_breakout,D,late,False,Stage 2,83.0,23.9,5.7,591.0872,0.0,591.0872,1.0,Improving,8.278800010681152,12.2522,10.7819,17.4,21.72,12.0,3.5,1,unknown,,,rebalance_week,untradeable,4620.3931463653735,2026-09-21,0.0,9.37,9.45,8.46,False,,False,,False,,,,watching,,,
STLA@2026-09-16,2026-09-16,STLA,Stellantis N.V. Common Shares,US,USALL,Consumer Discretionary,stage4_breakdown,C,late,True,Stage 4,-79.5,8.7,42.2,-40.3607,0.0,-40.3607,0.88,Improving,4.820000171661377,4.8956,5.483,2.7775,0.9595,12.0,3.61,0,clear,44.0,False,rebalance_week,ok,90276625.27799983,2026-09-21,0.0,4.6,4.94,4.46,True,2026-09-21,False,,False,,0.74,0.5,open,,,
STNG@2026-09-16,2026-09-16,STNG,Scorpio Tankers Inc. Common Shares,US,USALL,Energy,stage2_breakout,C,late,True,Stage 2,75.5,41.7,9.2,26.0397,7.5984,,1.0,Improving,87.16000366210938,87.761,77.2297,107.4321,124.2812,12.0,1.87,0,clear,45.0,False,rebalance_week,ok,50737907.24009536,2026-09-21,0.0,81.49,89.82,80.0,True,2026-09-21,False,,False,,0.2,-0.6,open,,,
TARA@2026-09-16,2026-09-16,TARA,"Protara Therapeutics, Inc.  - Common Stock",US,USALL,Health Care,stage4_breakdown,C,late,True,Stage 4,-83.2,3.4,53.7,-29.9085,16.994,-41.6922,0.88,Improving,3.549999952316284,3.494,3.9133,1.9883,0.6869,12.0,3.59,0,clear,57.0,False,rebalance_week,ok,1905483.6590764783,2026-09-21,0.0,3.28,3.88,3.23,True,2026-09-21,False,,False,,0.63,0.51,open,,,
TEN@2026-09-16,2026-09-16,TEN,Tsakos Energy Navigation Ltd Common Shares,US,USALL,Energy,stage2_breakout,D,late,False,Stage 2,86.8,14.0,6.5,58.8655,7.5984,,1.0,Improving,52.09000015258789,49.0973,43.2057,69.4529,86.4233,12.0,3.45,0,event_driven,66.0,True,rebalance_week,ok,8131109.073532033,2026-09-21,0.0,46.23,53.74,45.8,True,2026-09-21,False,,False,,0.79,-0.49,open,,,
TEVA@2026-09-16,2026-09-16,TEVA,Teva Pharmaceutical Industries Limited Ordinary Shares,US,USALL,Health Care,stage2_breakout,D,late,False,Stage 2,54.0,35.0,10.4,26.0445,16.994,8.0323,1.15,Improving,38.97999954223633,38.9936,34.3144,50.8177,60.7758,12.0,2.53,0,clear,51.0,False,rebalance_week,ok,138593485.8182723,2026-09-21,0.0,39.19,40.79,38.36,True,2026-09-21,False,,False,,0.38,0.04,open,,,
TG@2026-09-16,2026-09-16,TG,Tredegar Corporation Common Stock,US,USALL,Industrials,stage4_breakdown,C,late,True,Stage 4,-70.6,2.8,64.8,-14.2802,0.0,-14.2802,0.88,Improving,6.880000114440918,6.8955,7.723,3.894,1.3452,12.0,3.63,0,clear,53.0,False,rebalance_week,ok,918195.7708165,2026-09-21,0.0,7.05,7.16,6.86,True,2026-09-21,False,,False,,0.04,-0.19,open,,,
TGLS@2026-09-16,2026-09-16,TGLS,Tecnoglass Holdings Inc. Common Stock,US,USALL,Materials,stage4_breakdown,C,late,True,Stage 4,-74.2,3.9,54.5,-24.4435,0.0,-24.4435,0.88,Improving,35.77000045776367,36.3689,40.7331,20.7346,7.4424,12.0,3.58,0,clear,52.0,False,rebalance_week,ok,8566286.12097556,2026-09-21,0.0,35.44,37.83,34.19,True,2026-09-21,False,,False,,0.5,0.21,open,,,
TH@2026-09-16,2026-09-16,TH,Target Hospitality Corp. - Common Stock,US,USALL,Industrials,stage2_breakout,D,late,False,Stage 2,90.7,18.5,6.8,71.9484,0.0,71.9484,1.0,Improving,21.190000534057617,21.3136,18.756,30.2325,37.7385,12.0,3.49,0,clear,52.0,False,rebalance_week,ok,15829040.660547022,2026-09-21,0.0,20.58,21.76,20.56,True,2026-09-21,False,,False,,0.17,-0.29,open,,,
TK@2026-09-16,2026-09-16,TK,Teekay Corporation Ltd. Common Stock,US,USALL,Energy,stage2_breakout,D,late,False,Stage 2,79.7,25.2,6.9,38.4241,7.5984,,1.0,Improving,14.710000038146973,14.6457,12.8882,18.98,22.652,12.0,2.47,0,clear,51.0,False,rebalance_week,ok,4500135.590684142,2026-09-21,0.0,13.7,14.76,13.25,True,2026-09-21,False,,False,,0.07,-0.54,open,,,
TRMD@2026-09-16,2026-09-16,TRMD,TORM plc - Class A Common Stock,US,USALL,Energy,stage2_breakout,D,late,False,Stage 2,83.1,14.6,6.5,56.7172,7.5984,,1.0,Improving,38.22999954223633,36.5768,32.1876,49.9866,61.2255,12.0,3.06,0,clear,51.0,False,rebalance_week,ok,14372250.565904194,2026-09-21,0.0,34.32,38.38,33.81,True,2026-09-21,False,,False,,0.41,-0.51,open,,,
TRTX@2026-09-16,2026-09-16,TRTX,"TPG RE Finance Trust, Inc. Common Stock",US,USALL,Real Estate,stage4_breakdown,C,live,True,Stage 4,-68.4,6.9,63.3,-11.4419,-1.9283,-9.7874,0.88,Improving,7.179999828338623,7.2563,8.1271,5.8558,4.6641,12.0,1.61,0,clear,43.0,False,rebalance_week,ok,3900997.841466365,2026-09-21,0.0,6.56,7.368,6.53,True,2026-09-21,False,,False,,0.83,0.8,open,,,
VCV@2026-09-16,2026-09-16,VCV,Invesco California Value Municipal Income Trust Common Stock,US,USALL,Financials,stage4_breakdown,C,live,True,Stage 4,-61.7,10.8,51.4,-6.7626,8.1749,-14.1078,0.88,Improving,9.649999618530272,9.7774,10.8012,8.7473,7.8771,10.47,1.01,0,unknown,,,rebalance_week,ok,737270.0777603149,2026-09-21,0.0,9.14,9.7,8.96,True,2026-09-21,False,,False,,0.8,0.62,open,,,
VEL@2026-09-16,2026-09-16,VEL,"Velocity Financial, Inc. Common Stock",US,USALL,Financials,stage4_breakdown,C,live,True,Stage 4,-69.0,4.4,53.8,-13.2013,8.1749,-20.1169,0.88,Improving,16.0,16.3563,18.3191,13.2,10.44,12.0,1.61,0,clear,52.0,False,rebalance_week,ok,1310375.1518456037,2026-09-21,0.0,15.35,16.4,15.25,True,2026-09-21,False,,False,,0.56,0.51,open,,,
WDFC@2026-09-16,2026-09-16,WDFC,WD-40 Company - Common Stock,US,USALL,Materials,stage4_breakdown,C,late,True,Stage 4,-69.0,4.5,69.0,-10.948,0.0,-10.948,0.88,Improving,189.2899932861328,188.1023,210.6745,105.6619,36.5014,12.0,3.65,0,clear,37.0,False,rebalance_week,ok,22313380.7577443,2026-09-21,0.0,199.17,201.89,189.14,False,,False,,False,,,,watching,,,
WGO@2026-09-16,2026-09-16,WGO,"Winnebago Industries, Inc. Common Stock",US,USALL,Consumer Discretionary,stage4_breakdown,C,late,True,Stage 4,-84.1,5.0,59.1,-22.0468,0.0,-22.0468,0.88,Improving,26.43000030517578,25.7961,28.8917,14.5615,5.0303,12.0,3.63,0,clear,37.0,False,rebalance_week,ok,13430138.481111396,2026-09-21,0.0,27.15,28.43,26.37,False,,False,,False,,,,watching,,,
XENE@2026-09-16,2026-09-16,XENE,Xenon Pharmaceuticals Inc. - Common Shares,US,USALL,Health Care,stage4_breakdown,D,late,False,Stage 4,-53.8,9.0,51.7,-21.1707,16.994,-32.4726,0.88,Improving,39.75,39.4575,44.1923,22.473,7.7634,12.0,3.59,0,clear,49.0,False,rebalance_week,ok,38582447.7143829,2026-09-21,0.0,36.94,40.26,36.07,True,2026-09-21,False,,False,,0.72,0.53,open,,,
BEZ.L@2026-09-16,2026-09-16,BEZ.L,Beazley,UK,FTSE100,Financials,stage2_breakout,D,failed,False,Stage 2 to 3,12.2,31.0,42.1,-17.1238,-24.277,6.4487,0.88,Improving,1305.0,1309.216,1281.2818,1399.2339,1475.421,2.13,3.22,0,clear,170.0,False,rebalance_week,ok,46279259.1245,2026-09-21,0.0,1306.0,1310.0,1304.5,True,2026-09-21,False,,False,,0.03,-0.12,open,,,
HSX.L@2026-09-16,2026-09-16,HSX.L,Hiscox,UK,FTSE100,Financials,stage2_breakout,D,failed,False,Stage 2,24.3,30.4,23.3,-13.5579,-24.277,12.4774,0.88,Improving,1924.0,1921.4779,1705.2955,2381.0751,2762.8404,11.25,2.13,0,clear,163.0,False,rebalance_week,ok,21921970.36775415,2026-09-21,0.0,1873.0,1952.0,1860.6801,True,2026-09-21,False,,False,,0.14,-0.22,open,,,
AMD@2026-09-23,2026-09-23,AMD,Advanced Micro Devices,US,SP500,Information Technology,stage2_breakout,D,late,False,Stage 2,87.1,32.3,4.5,85.479,18.9799,61.7627,1.15,Improving,630.6300048828125,599.9369,527.9445,847.8585,1058.3613,12.0,3.44,0,clear,43.0,False,rebalance_week,ok,10652282286.474533,,,,,,,,,,,,,,,,,
LNT@2026-09-23,2026-09-23,LNT,Alliant Energy,US,SP500,Utilities,stage4_breakdown,C,live,True,Stage 4,-59.1,5.0,72.7,-7.6948,-6.9755,-0.7247,0.7,Improving,63.599998474121094,64.8682,72.6524,52.9048,42.7806,12.0,1.54,0,clear,45.0,False,rebalance_week,ok,126700757.53977981,,,,,,,,,,,,,,,,,
AEE@2026-09-23,2026-09-23,AEE,Ameren,US,SP500,Utilities,stage4_breakdown,C,live,True,Stage 3 to 4,-53.4,7.5,55.6,-5.7838,-6.9755,1.3091,0.88,Improving,99.38999938964844,101.1426,113.2797,86.9335,74.7122,12.0,1.17,0,clear,44.0,False,rebalance_week,ok,132904584.85291643,,,,,,,,,,,,,,,,,
AEP@2026-09-23,2026-09-23,AEP,American Electric Power,US,SP500,Utilities,stage4_breakdown,C,live,True,Stage 3 to 4,-46.0,8.6,54.9,-4.2617,-6.9755,2.9856,0.88,Improving,118.3499984741211,118.3797,132.5852,99.9022,84.056,12.0,1.3,0,clear,38.0,False,rebalance_week,ok,376826143.3150358,,,,,,,,,,,,,,,,,
ATO@2026-09-23,2026-09-23,ATO,Atmos Energy,US,SP500,Utilities,stage4_breakdown,C,live,True,Stage 4,-63.9,5.1,74.6,-8.8256,-6.9755,-2.018,0.7,Improving,157.2100067138672,158.5163,177.5383,129.68,105.44,12.0,1.52,0,clear,44.0,False,rebalance_week,ok,142345207.29333085,,,,,,,,,,,,,,,,,
BIIB@2026-09-23,2026-09-23,BIIB,Biogen,US,SP500,Health Care,stage2_breakout,D,late,False,Stage 2,60.6,43.1,6.9,21.0175,14.1416,5.6971,1.15,Improving,227.60000610351562,229.1615,201.6621,282.96,328.688,12.0,1.96,0,clear,37.0,False,rebalance_week,ok,151481704.1825586,,,,,,,,,,,,,,,,,
CNP@2026-09-23,2026-09-23,CNP,CenterPoint Energy,US,SP500,Utilities,stage4_breakdown,C,live,True,Stage 4,-63.9,3.3,73.4,-9.0761,-6.9755,-2.2063,0.7,Improving,36.84000015258789,37.3945,41.8818,30.6889,24.968,12.0,1.49,0,clear,31.0,False,rebalance_week,ok,170481672.1947286,,,,,,,,,,,,,,,,,
STZ@2026-09-23,2026-09-23,STZ,Constellation Brands,US,SP500,Consumer Staples,stage4_breakdown,C,late,True,Stage 4,-78.9,3.9,56.0,-19.1465,-0.5517,-18.8413,0.88,Improving,113.62999725341797,116.768,130.7802,65.4005,22.5929,12.0,3.67,0,event_ahead,15.0,False,rebalance_week,ok,209740720.01667398,,,,,,,,,,,,,,,,,
CRWD@2026-09-23,2026-09-23,CRWD,CrowdStrike,US,SP500,Information Technology,stage2_breakout,D,late,False,Stage 2,87.0,26.6,4.5,73.0631,18.9799,47.7947,1.15,Improving,252.1300048828125,256.2505,225.5004,362.964,453.0792,12.0,3.47,0,clear,71.0,False,rebalance_week,ok,1321053662.0153284,,,,,,,,,,,,,,,,,
CCI@2026-09-23,2026-09-23,CCI,Crown Castle,US,SP500,Real Estate,stage4_breakdown,C,late,True,Stage 4,-71.4,5.5,73.3,-18.2277,-3.3399,-15.6308,0.7,Improving,67.83999633789062,67.4487,75.5426,44.8149,25.6903,12.0,2.8,0,clear,30.0,False,rebalance_week,ok,206629051.670494,,,,,,,,,,,,,,,,,
DHR@2026-09-23,2026-09-23,DHR,Danaher Corporation,US,SP500,Health Care,stage2_breakout,D,late,False,Stage 2,55.8,34.6,6.0,9.9687,14.1416,-5.3105,0.88,Improving,224.49000549316406,224.1187,197.2245,280.7432,328.8017,12.0,2.11,0,clear,30.0,False,rebalance_week,ok,571610995.1795604,,,,,,,,,,,,,,,,,
DTE@2026-09-23,2026-09-23,DTE,DTE Energy,US,SP500,Utilities,stage4_breakdown,C,late,True,Stage 4,-68.0,2.7,74.0,-11.808,-6.9755,-5.1497,0.7,Improving,121.44000244140625,125.5771,140.6464,99.698,77.8419,12.0,1.72,0,clear,38.0,False,rebalance_week,ok,141308432.89260286,,,,,,,,,,,,,,,,,
DUK@2026-09-23,2026-09-23,DUK,Duke Energy,US,SP500,Utilities,stage4_breakdown,C,live,True,Stage 3 to 4,-57.7,11.0,73.4,-7.045,-6.9755,-0.0915,0.7,Improving,113.3499984741211,115.9076,129.8166,101.9043,89.7958,12.0,1.01,0,clear,45.0,False,rebalance_week,ok,316384089.6433558,,,,,,,,,,,,,,,,,
EFX@2026-09-23,2026-09-23,EFX,Equifax,US,SP500,Industrials,stage4_breakdown,C,late,True,Stage 4,-71.2,3.8,53.4,-22.0004,0.0,-22.0004,0.88,Improving,148.11000061035156,146.3034,163.8598,91.4076,44.2812,12.0,3.13,0,clear,29.0,False,rebalance_week,ok,181432018.52615875,,,,,,,,,,,,,,,,,
ES@2026-09-23,2026-09-23,ES,Eversource Energy,US,SP500,Utilities,stage4_breakdown,C,live,True,Stage 3 to 4,-57.3,5.2,66.9,-7.1855,-6.9755,-0.2594,0.7,Improving,63.66999816894531,64.0144,71.6961,52.622,42.8961,12.0,1.48,0,clear,44.0,False,rebalance_week,ok,116458807.06168044,,,,,,,,,,,,,,,,,
EXC@2026-09-23,2026-09-23,EXC,Exelon,US,SP500,Utilities,stage4_breakdown,C,live,True,Stage 4,-66.0,4.2,71.6,-10.2627,-6.9755,-3.5561,0.7,Improving,40.34000015258789,41.5204,46.5028,34.3152,28.1593,12.0,1.45,0,clear,43.0,False,rebalance_week,ok,255976744.3829921,,,,,,,,,,,,,,,,,
FFIV@2026-09-23,2026-09-23,FFIV,"F5, Inc.",US,SP500,Information Technology,stage2_breakout,D,late,False,Stage 2,84.4,42.1,4.2,35.8462,18.9799,14.8018,1.15,Improving,443.05999755859375,446.9846,393.3464,613.58,752.58,12.0,3.11,0,clear,35.0,False,rebalance_week,ok,173841685.60663706,,,,,,,,,,,,,,,,,
FIS@2026-09-23,2026-09-23,FIS,Fidelity National Information Services,US,SP500,Financials,stage4_breakdown,C,late,True,Stage 4,-75.8,5.9,42.8,-28.8621,6.368,-33.9789,0.88,Improving,35.40999984741211,34.6714,38.832,20.166,7.8747,12.0,3.49,0,clear,44.0,False,rebalance_week,ok,179789634.18531242,,,,,,,,,,,,,,,,,
FSLR@2026-09-23,2026-09-23,FSLR,First Solar,US,SP500,Information Technology,stage4_breakdown,C,late,True,Stage 4,-68.2,6.3,53.6,-22.8677,18.9799,-36.5071,0.88,Improving,177.7100067138672,176.6016,197.7938,100.6445,34.7681,12.0,3.58,0,clear,38.0,False,rebalance_week,ok,349881002.89046097,,,,,,,,,,,,,,,,,
FE@2026-09-23,2026-09-23,FE,FirstEnergy,US,SP500,Utilities,stage4_breakdown,C,live,True,Stage 4,-57.9,7.0,57.3,-6.6221,-6.9755,0.3666,0.88,Improving,43.29999923706055,42.8332,47.9732,34.3817,27.2464,12.0,1.64,0,clear,30.0,False,rebalance_week,ok,142425635.35125357,,,,,,,,,,,,,,,,,
FISV@2026-09-23,2026-09-23,FISV,Fiserv,US,SP500,Financials,stage4_breakdown,C,late,True,Stage 4,-66.6,5.2,42.4,-26.5127,6.368,-31.8917,0.88,Improving,46.47999954223633,45.8967,51.4043,28.79,14.19,12.0,3.11,0,clear,37.0,False,rebalance_week,ok,256810779.89704028,,,,,,,,,,,,,,,,,
HIG@2026-09-23,2026-09-23,HIG,Hartford (The),US,SP500,Financials,stage4_breakdown,C,live,True,Stage 3 to 4,-57.5,14.3,48.9,-6.9271,6.368,-12.7378,0.88,Improving,124.2300033569336,123.5784,138.4078,99.9454,79.8685,12.0,1.59,0,clear,38.0,False,rebalance_week,ok,156433929.67511994,,,,,,,,,,,,,,,,,
HSY@2026-09-23,2026-09-23,HSY,Hershey Company (The),US,SP500,Consumer Staples,stage4_breakdown,C,live,True,Stage 4,-75.6,8.7,57.4,-10.9584,-0.5517,-10.6402,0.88,Improving,166.3699951171875,163.9583,183.6333,97.1234,41.6532,12.0,3.4,0,clear,45.0,False,rebalance_week,ok,239550401.56971663,,,,,,,,,,,,,,,,,
LHX@2026-09-23,2026-09-23,LHX,L3Harris,US,SP500,Industrials,stage4_breakdown,C,late,True,Stage 4,-83.7,2.3,62.6,-21.7006,0.0,-21.7006,0.88,Improving,237.69000244140625,240.488,269.3466,134.618,46.5044,12.0,3.67,0,clear,38.0,False,rebalance_week,ok,309324576.2065732,,,,,,,,,,,,,,,,,
LVS@2026-09-23,2026-09-23,LVS,Las Vegas Sands,US,SP500,Consumer Discretionary,stage4_breakdown,C,late,True,Stage 4,-80.9,1.7,52.6,-26.4252,0.0,-26.4252,0.88,Improving,38.9900016784668,38.962,43.6374,21.8515,7.5487,12.0,3.66,0,clear,30.0,False,rebalance_week,ok,164966817.96105585,,,,,,,,,,,,,,,,,
LOW@2026-09-23,2026-09-23,LOW,Lowe's,US,SP500,Consumer Discretionary,stage4_breakdown,C,late,True,Stage 4,-82.6,4.2,64.9,-18.4279,0.0,-18.4279,0.88,Improving,189.27999877929688,189.0057,211.6864,105.6495,36.4971,12.0,3.68,0,clear,58.0,False,rebalance_week,ok,459955947.211408,,,,,,,,,,,,,,,,,
MLM@2026-09-23,2026-09-23,MLM,Martin Marietta Materials,US,SP500,Materials,stage4_breakdown,C,late,True,Stage 4,-80.5,2.7,65.7,-18.7961,0.0,-18.7961,0.88,Improving,484.29998779296875,480.4769,538.1341,278.0972,109.583,12.0,3.51,0,clear,43.0,False,rebalance_week,ok,240822992.5479494,,,,,,,,,,,,,,,,,
MCD@2026-09-23,2026-09-23,MCD,McDonald's,US,SP500,Consumer Discretionary,stage4_breakdown,C,late,True,Stage 4,-84.8,3.6,56.6,-18.4161,0.0,-18.4161,0.88,Improving,236.5,244.8064,274.1832,158.2479,86.7263,12.0,2.95,0,clear,45.0,False,rebalance_week,ok,857686913.4780931,,,,,,,,,,,,,,,,,
MTD@2026-09-23,2026-09-23,MTD,Mettler Toledo,US,SP500,Health Care,stage2_breakout,D,late,False,Stage 2,63.5,31.7,5.3,13.7921,14.1416,-1.8655,0.88,Improving,1511.6400146484375,1497.5837,1317.8737,1925.3299,2286.2419,12.0,2.38,0,clear,45.0,False,rebalance_week,ok,174577586.81458715,,,,,,,,,,,,,,,,,
MGM@2026-09-23,2026-09-23,MGM,MGM Resorts,US,SP500,Consumer Discretionary,stage4_breakdown,D,late,False,Stage 4,-60.0,11.5,59.6,-15.4206,0.0,-15.4206,0.88,Improving,32.58000183105469,32.7151,36.6409,18.3975,6.3555,12.0,3.65,0,clear,37.0,False,rebalance_week,ok,106768322.13317665,,,,,,,,,,,,,,,,,
OTIS@2026-09-23,2026-09-23,OTIS,Otis Worldwide,US,SP500,Industrials,stage4_breakdown,C,live,True,Stage 4,-80.6,4.2,54.7,-17.4018,0.0,-17.4018,0.88,Improving,65.94000244140625,66.8121,74.8295,42.2114,21.8686,12.0,3.07,0,clear,37.0,False,rebalance_week,ok,189489382.0315848,,,,,,,,,,,,,,,,,
PEP@2026-09-23,2026-09-23,PEP,PepsiCo,US,SP500,Consumer Staples,stage4_breakdown,C,live,True,Stage 4,-75.2,3.7,67.3,-10.9096,-0.5517,-10.5874,0.88,Improving,128.6300048828125,127.9843,143.3424,86.0887,51.3196,12.0,2.73,0,event_ahead,17.0,False,rebalance_week,ok,787593227.5666014,,,,,,,,,,,,,,,,,
PCG@2026-09-23,2026-09-23,PCG,PG&E Corporation,US,SP500,Utilities,stage4_breakdown,C,late,True,Stage 4,-76.1,0.0,79.3,-24.8381,-6.9755,-19.1569,0.7,Improving,12.34000015258789,12.2882,13.7628,6.9245,2.3921,12.0,3.64,0,clear,31.0,False,rebalance_week,ok,283489509.09559786,,,,,,,,,,,,,,,,,
PNW@2026-09-23,2026-09-23,PNW,Pinnacle West Capital,US,SP500,Utilities,stage4_breakdown,C,live,True,Stage 3 to 4,-46.7,9.8,56.1,-4.0828,-6.9755,3.2093,0.88,Improving,91.73999786376953,92.9349,104.087,77.6216,64.6069,12.0,1.37,0,clear,43.0,False,rebalance_week,ok,83521475.81112744,,,,,,,,,,,,,,,,,
O@2026-09-23,2026-09-23,O,Realty Income,US,SP500,Real Estate,stage4_breakdown,C,live,True,Stage 4,-63.1,7.0,76.7,-7.1026,-3.3399,-3.9077,0.7,Improving,55.540000915527344,55.9673,62.6834,45.7536,37.1166,12.0,1.52,0,clear,42.0,False,rebalance_week,ok,259079198.38524336,,,,,,,,,,,,,,,,,
SRE@2026-09-23,2026-09-23,SRE,Sempra,US,SP500,Utilities,stage4_breakdown,C,late,True,Stage 4,-68.4,3.1,74.8,-12.4682,-6.9755,-5.9347,0.7,Improving,77.93000030517578,77.8741,87.2189,58.3667,41.9185,12.0,2.09,0,clear,44.0,False,rebalance_week,ok,232989286.83956212,,,,,,,,,,,,,,,,,
SO@2026-09-23,2026-09-23,SO,Southern Company,US,SP500,Utilities,stage4_breakdown,C,live,True,Stage 4,-62.1,8.9,74.6,-8.738,-6.9755,-1.9037,0.7,Improving,82.87999725341797,84.557,94.7038,61.3984,42.1732,12.0,2.28,0,clear,45.0,False,rebalance_week,ok,375995086.2617176,,,,,,,,,,,,,,,,,
TMO@2026-09-23,2026-09-23,TMO,Thermo Fisher Scientific,US,SP500,Health Care,stage2_breakout,D,late,False,Stage 2,75.8,34.8,3.1,24.1732,14.1416,7.4352,1.15,Improving,675.0,672.5013,591.8012,892.639,1075.8941,12.0,2.73,0,clear,30.0,False,rebalance_week,ok,775195257.6010113,,,,,,,,,,,,,,,,,
WBD@2026-09-23,2026-09-23,WBD,Warner Bros. Discovery,US,SP500,Communication Services,stage2_breakout,C,late,True,Stage 2,61.6,42.7,14.7,16.5425,0.0,16.5425,1.0,Improving,30.860000610351562,29.4813,25.9435,33.15,36.31,12.0,1.04,0,clear,45.0,False,rebalance_week,ok,417958179.87855196,,,,,,,,,,,,,,,,,
WM@2026-09-23,2026-09-23,WM,Waste Management,US,SP500,Industrials,stage4_breakdown,C,live,True,Stage 4,-56.2,5.6,63.9,-6.1836,0.0,-6.1836,0.88,Improving,206.8300018310547,206.8314,231.6511,169.4925,137.7301,12.0,1.5,0,clear,36.0,False,rebalance_week,ok,343988182.8980276,,,,,,,,,,,,,,,,,
WEC@2026-09-23,2026-09-23,WEC,WEC Energy Group,US,SP500,Utilities,stage4_breakdown,C,live,True,Stage 4,-58.8,3.1,71.9,-7.5204,-6.9755,-0.6004,0.7,Improving,101.44999694824219,101.8172,114.0352,86.8462,74.0352,12.0,1.23,0,clear,38.0,False,rebalance_week,ok,159728318.3058187,,,,,,,,,,,,,,,,,
WY@2026-09-23,2026-09-23,WY,Weyerhaeuser,US,SP500,Real Estate,stage4_breakdown,C,late,True,Stage 4,-73.2,2.0,73.8,-15.0761,-3.3399,-12.1937,0.7,Improving,20.010000228881836,20.8553,23.358,15.233,10.4594,12.0,2.25,0,clear,38.0,False,rebalance_week,ok,90136376.81030706,,,,,,,,,,,,,,,,,
WYNN@2026-09-23,2026-09-23,WYNN,Wynn Resorts,US,SP500,Consumer Discretionary,stage4_breakdown,C,late,True,Stage 4,-77.4,0.6,54.6,-24.326,0.0,-24.326,0.88,Improving,81.12000274658203,79.5896,89.1404,49.2172,23.4709,12.0,3.18,0,clear,45.0,False,rebalance_week,ok,106670657.5083541,,,,,,,,,,,,,,,,,
XEL@2026-09-23,2026-09-23,XEL,Xcel Energy,US,SP500,Utilities,stage4_breakdown,C,live,True,Stage 4,-64.3,3.5,75.7,-9.6118,-6.9755,-2.8592,0.7,Improving,69.80000305175781,71.343,79.9042,60.9841,52.0354,12.0,1.21,0,clear,38.0,False,rebalance_week,ok,306721451.145311,,,,,,,,,,,,,,,,,
XYL@2026-09-23,2026-09-23,XYL,Xylem Inc.,US,SP500,Industrials,stage4_breakdown,C,live,True,Stage 4,-74.5,3.3,50.2,-18.0092,0.0,-18.0092,0.88,Improving,102.62999725341797,102.921,115.2715,78.026,56.8618,12.0,2.02,0,clear,43.0,False,rebalance_week,ok,159830223.62458462,,,,,,,,,,,,,,,,,
ADC@2026-09-23,2026-09-23,ADC,Agree Realty,US,SP400,Real Estate,stage4_breakdown,C,live,True,Stage 4,-63.7,6.0,76.2,-8.184,-3.3399,-5.0862,0.7,Improving,67.4800033569336,67.0152,75.057,53.8984,42.8571,12.0,1.63,0,clear,29.0,False,rebalance_week,ok,63409286.59195767,,,,,,,,,,,,,,,,,
AN@2026-09-23,2026-09-23,AN,AutoNation,US,SP400,Consumer Discretionary,stage4_breakdown,C,late,True,Stage 4,-67.4,3.6,51.0,-16.9451,0.0,-16.9451,0.88,Improving,166.97999572753906,163.0809,182.6507,98.29,43.282,12.0,3.31,0,clear,38.0,False,rebalance_week,ok,55592833.57312636,,,,,,,,,,,,,,,,,
BYD@2026-09-23,2026-09-23,BYD,Boyd Gaming,US,SP400,Consumer Discretionary,stage4_breakdown,C,late,True,Stage 4,-69.5,3.4,64.8,-13.8366,0.0,-13.8366,0.88,Improving,71.2300033569336,71.8355,80.4557,40.128,13.8624,12.0,3.68,0,clear,31.0,False,rebalance_week,ok,53660289.799339734,,,,,,,,,,,,,,,,,
DTM@2026-09-23,2026-09-23,DTM,DT Midstream,US,SP400,Energy,stage4_breakdown,C,live,True,Stage 4,-52.2,8.2,66.5,-4.852,7.7461,,1.0,Improving,122.27999877929688,121.4352,136.0074,95.4082,73.1966,12.0,1.79,0,clear,38.0,False,rebalance_week,ok,75274912.33752307,,,,,,,,,,,,,,,,,
FCN@2026-09-23,2026-09-23,FCN,FTI Consulting,US,SP400,Industrials,stage4_breakdown,C,late,True,Stage 4,-72.3,5.5,62.5,-17.6377,0.0,-17.6377,0.88,Improving,134.2899932861328,134.9152,151.105,86.0,44.68,12.0,3.02,0,clear,38.0,False,rebalance_week,ok,47407444.87620677,,,,,,,,,,,,,,,,,
FNF@2026-09-23,2026-09-23,FNF,Fidelity National Financial,US,SP400,Financials,stage4_breakdown,C,late,True,Stage 4,-75.9,1.6,48.6,-16.4307,6.368,-21.869,0.88,Improving,41.41999816894531,41.1559,46.0946,29.4786,19.6113,12.0,2.36,0,clear,45.0,False,rebalance_week,ok,57905955.984634876,,,,,,,,,,,,,,,,,
GLPI@2026-09-23,2026-09-23,GLPI,Gaming and Leisure Properties,US,SP400,Real Estate,stage4_breakdown,C,live,True,Stage 4,-66.8,5.2,75.1,-10.1935,-3.3399,-7.1855,0.7,Improving,38.790000915527344,39.0004,43.6804,30.6019,23.4993,12.0,1.79,0,clear,38.0,False,rebalance_week,ok,72880219.14074942,,,,,,,,,,,,,,,,,
IDA@2026-09-23,2026-09-23,IDA,Idacorp,US,SP400,Utilities,stage4_breakdown,C,live,True,Stage 3 to 4,-50.1,7.4,54.8,-4.9692,-6.9755,2.2194,0.88,Improving,129.77999877929688,129.9371,145.5296,108.7529,90.6673,12.0,1.36,0,clear,38.0,False,rebalance_week,ok,54619317.04485886,,,,,,,,,,,,,,,,,
NJR@2026-09-23,2026-09-23,NJR,New Jersey Resources,US,SP400,Utilities,stage4_breakdown,D,live,False,Stage 3 to 4,-31.6,9.5,50.7,-1.2718,-6.9755,6.2769,0.88,Improving,50.61000061035156,50.5397,56.6045,42.0139,34.7085,12.0,1.41,0,clear,56.0,False,rebalance_week,ok,23893581.745463155,,,,,,,,,,,,,,,,,
OGE@2026-09-23,2026-09-23,OGE,OGE Energy,US,SP400,Utilities,stage4_breakdown,C,live,True,Stage 3,-26.9,21.5,45.8,-1.9866,-6.9755,5.3878,0.88,Improving,44.810001373291016,44.6703,50.0308,39.6866,35.3252,12.0,0.93,0,clear,37.0,False,rebalance_week,ok,49487689.39929351,,,,,,,,,,,,,,,,,
OGS@2026-09-23,2026-09-23,OGS,One Gas,US,SP400,Utilities,stage4_breakdown,C,live,True,Stage 4,-66.7,4.4,69.8,-10.112,-6.9755,-3.4008,0.7,Improving,71.80000305175781,73.7477,82.5974,60.0254,48.3258,12.0,1.55,0,clear,42.0,False,rebalance_week,ok,33397092.384989224,,,,,,,,,,,,,,,,,
RYN@2026-09-23,2026-09-23,RYN,Rayonier,US,SP400,Real Estate,stage4_breakdown,C,live,True,Stage 4,-61.8,6.4,52.7,-10.3346,-3.3399,-7.3746,0.7,Improving,18.8799991607666,18.7428,20.9919,15.7267,13.1003,12.0,1.34,0,clear,44.0,False,rebalance_week,ok,38236773.5298215,,,,,,,,,,,,,,,,,
SFM@2026-09-23,2026-09-23,SFM,Sprouts Farmers Market,US,SP400,Consumer Staples,stage4_breakdown,D,late,False,Stage 4,-62.7,14.0,26.2,-22.9177,-0.5517,-22.6677,0.88,Improving,62.4900016784668,64.5831,72.333,36.6905,12.6749,12.0,3.6,0,clear,37.0,False,rebalance_week,ok,111135544.66748667,,,,,,,,,,,,,,,,,
SMG@2026-09-23,2026-09-23,SMG,Scotts Miracle-Gro Company,US,SP400,Materials,stage4_breakdown,C,late,True,Stage 4,-72.1,2.8,68.1,-14.8933,0.0,-14.8933,0.88,Improving,50.88999938964844,50.8439,56.9451,28.6715,9.9047,12.0,3.63,0,clear,44.0,False,rebalance_week,ok,40381669.370142825,,,,,,,,,,,,,,,,,
SPXC@2026-09-23,2026-09-23,SPXC,SPX Technologies,US,SP400,Industrials,stage4_breakdown,C,late,True,Stage 4,-73.4,4.4,68.0,-17.9329,0.0,-17.9329,0.88,Improving,172.7899932861328,171.8207,192.4392,96.9155,33.4799,12.0,3.63,0,clear,37.0,False,rebalance_week,ok,82251104.31075253,,,,,,,,,,,,,,,,,
SUI@2026-09-23,2026-09-23,SUI,Sun Communities,US,SP400,Real Estate,stage4_breakdown,C,live,True,Stage 4,-65.7,10.8,68.6,-9.1012,-3.3399,-6.1376,0.7,Improving,112.26000213623047,112.3525,125.8347,91.2839,73.319,12.0,1.56,0,clear,37.0,False,rebalance_week,ok,95364665.90654573,,,,,,,,,,,,,,,,,
AAF.L@2026-09-23,2026-09-23,AAF.L,Airtel Africa,UK,FTSE100,Telecommunications services,stage4_breakdown,C,late,True,Stage 4,-58.4,9.3,64.6,-35.6612,,,1.0,Improving,299.6000061035156,301.0623,337.1898,179.7846,77.2333,12.0,3.36,0,clear,39.0,False,rebalance_week,ok,13695379.731444154,,,,,,,,,,,,,,,,,
BEZ.L@2026-09-23,2026-09-23,BEZ.L,Beazley,UK,FTSE100,Financials,stage2_breakout,D,failed,False,Stage 2 to 3,9.9,28.0,42.1,-16.8826,-24.2717,6.7934,0.88,Improving,1306.0,1310.722,1282.7186,1395.2353,1467.0235,2.14,3.02,0,clear,163.0,False,rebalance_week,ok,46166353.8575,,,,,,,,,,,,,,,,,
FRES.L@2026-07-15,2026-09-23,FRES.L,Fresnillo plc,UK,FTSE100,Materials,stage4_breakdown,C,live,True,Stage 4,-60.0,6.2,44.4,-34.2287,-20.6587,-15.7436,0.7,Improving,2890.0,2310.5502,2587.8162,1318.21,455.3816,12.0,3.58,10,clear,162.0,False,clear,ok,33000016.632739015,,,,,,,,,,,,,,,,,
SMIN.L@2026-09-23,2026-09-23,SMIN.L,Smiths Group,UK,FTSE100,Industrials,stage2_breakout,D,failed,False,Stage 3 to 4,1.8,29.0,30.7,-21.8347,17.4974,-41.5804,0.88,Improving,2816.0,2788.7674,2458.4096,3420.4855,3953.5322,11.85,1.91,0,event_driven_and_ahead,1.0,True,rebalance_week,ok,23684038.490000002,,,,,,,,,,,,,,,,,
SN.L@2026-09-23,2026-09-23,SN.L,Smith & Nephew,UK,FTSE100,Health care equipment & supplies,stage4_breakdown,C,live,True,Stage 4,-56.7,10.6,47.7,-42.7408,,,1.0,Improving,1008.0,993.2419,1112.4309,620.7046,310.4684,12.0,3.13,0,clear,161.0,False,rebalance_week,ok,30340071.6905,,,,,,,,,,,,,,,,,
USA.L@2026-09-23,2026-09-23,USA.L,Baillie Gifford US Growth Trust,UK,FTSE250,Investment Trusts,stage2_breakout,D,failed,False,Stage 2,20.2,20.1,25.0,-11.7763,-1.0756,-10.6682,0.88,Improving,380.0,376.3777,331.2124,478.965,564.937,12.0,2.27,0,unknown,,,rebalance_week,ok,2549591.309,,,,,,,,,,,,,,,,,
ENT.L@2026-09-23,2026-09-23,ENT.L,Entain,UK,FTSE250,Consumer Discretionary,stage4_breakdown,C,late,True,Stage 4,-57.5,4.0,39.5,-51.9799,27.6255,-70.598,0.88,Improving,449.6000061035156,461.8615,517.2849,282.2166,129.1898,12.0,3.24,0,clear,164.0,False,rebalance_week,ok,18764209.260521363,,,,,,,,,,,,,,,,,
EWG.L@2026-09-23,2026-09-23,EWG.L,Eurowag,UK,FTSE250,Financials,stage4_breakdown,C,live,True,Stage 4,-55.2,5.6,57.9,-37.9784,-24.2717,-17.3119,0.7,Improving,93.80000305175781,91.6759,102.677,51.755,17.879,12.0,3.63,0,clear,183.0,False,rebalance_week,thin,238928.9761383362,,,,,,,,,,,,,,,,,
ITV.L@2026-09-23,2026-09-23,ITV.L,ITV,UK,FTSE250,Communication Services,stage4_breakdown,C,live,True,Stage 4,-49.9,9.4,52.0,-39.2139,-27.1247,-16.7544,0.7,Improving,68.55000305175781,67.9566,76.1114,50.5862,35.8952,12.0,2.13,0,clear,164.0,False,rebalance_week,ok,6617049.743868713,,,,,,,,,,,,,,,,,
RNK.L@2026-09-23,2026-09-23,RNK.L,Rank Group,UK,FTSE250,Consumer Discretionary,stage4_breakdown,C,late,True,Stage 4,-64.5,7.3,25.1,-48.0702,27.6255,-67.4686,0.88,Improving,76.5999984741211,80.0482,89.6539,45.582,15.7465,12.0,3.59,0,clear,129.0,False,rebalance_week,ok,396262.5860166016,,,,,,,,,,,,,,,,,
RAT.L@2026-09-23,2026-09-23,RAT.L,Rathbones,UK,FTSE250,Financials,stage4_breakdown,C,late,True,Stage 4,-69.6,7.5,50.2,-43.4964,-24.2717,-23.9289,0.7,Improving,1550.0,1550.8003,1736.8963,868.833,300.1423,12.0,3.66,0,clear,158.0,False,rebalance_week,ok,1852282.3809091798,,,,,,,,,,,,,,,,,
RSW.L@2026-09-23,2026-09-23,RSW.L,Renishaw,UK,FTSE250,Industrials,stage2_breakout,D,failed,False,Stage 2,26.9,19.3,24.2,-4.9787,17.4974,-27.0881,0.88,Improving,5660.0,5590.0148,4919.213,7515.0,9135.0,12.0,2.87,0,event_driven_and_ahead,2.0,True,rebalance_week,ok,5215810.736,,,,,,,,,,,,,,,,,
SRE.L@2026-09-23,2026-09-23,SRE.L,Sirius Real Estate,UK,FTSE250,Real Estate,stage4_breakdown,C,live,True,Stage 4,-53.0,13.4,55.7,-36.721,-31.6694,-7.5377,0.7,Improving,89.5999984741211,88.2708,98.8633,63.7988,43.0586,12.0,2.31,0,clear,56.0,False,rebalance_week,ok,3214598.1247873763,,,,,,,,,,,,,,,,,
CNE.L@2026-09-23,2026-09-23,CNE.L,Capricorn Energy,UK,FTSE_SMALL,Energy,stage2_breakout,D,late,False,Stage 2,85.2,14.5,5.7,19.5245,-19.6093,44.6891,0.88,Improving,450.0,396.4608,348.8855,530.5,642.9,12.0,2.82,0,event_driven_and_ahead,3.0,True,rebalance_week,ok,538158.22,,,,,,,,,,,,,,,,,
CLI.L@2026-09-23,2026-09-23,CLI.L,CLS Holdings,UK,FTSE_SMALL,Real Estate,stage4_breakdown,C,live,True,Stage 4,-53.5,9.4,51.1,-43.3329,-31.6694,-14.6836,0.7,Improving,45.0,44.2734,49.5862,26.9343,12.3617,12.0,3.26,0,clear,172.0,False,rebalance_week,thin,117279.56774973296,,,,,,,,,,,,,,,,,
MMIT.L@2026-09-23,2026-09-23,MMIT.L,Mobius Investment Trust,UK,FTSE_SMALL,Investment Trust,stage2_breakout,D,failed,False,Stage 2 to 3,14.8,30.8,24.3,-15.0745,-25.4314,12.3589,0.88,Improving,186.0,187.9825,165.4246,238.0,280.0,12.0,2.22,0,unknown,,,rebalance_week,thin,134709.93399999998,,,,,,,,,,,,,,,,,
PSDL.L@2026-09-23,2026-09-23,PSDL.L,Phoenix Spree Deutschland,UK,FTSE_SMALL,Investment Trust,stage4_breakdown,C,late,True,Stage 4,-60.8,4.2,55.1,-39.8603,-25.4314,-18.5166,0.7,Improving,144.5,143.0983,160.2701,79.6604,27.519,12.0,3.69,0,unknown,,,rebalance_week,thin,60399.19099999999,,,,,,,,,,,,,,,,,
ABR@2026-09-23,2026-09-23,ABR,Arbor Realty Trust Common Stock,US,USALL,Real Estate,stage4_breakdown,C,late,True,Stage 4,-82.1,3.4,59.3,-40.0218,-3.3399,-38.4356,0.7,Improving,4.03000020980835,4.117,4.611,2.332,0.8056,12.0,3.61,0,clear,39.0,False,rebalance_week,ok,13870738.032458127,,,,,,,,,,,,,,,,,
AGO@2026-09-23,2026-09-23,AGO,Assured Guaranty Ltd. Common Stock,US,USALL,Financials,stage4_breakdown,C,live,True,Stage 4,-73.4,1.9,47.4,-14.405,6.368,-19.9886,0.88,Improving,69.48999786376953,69.0014,77.2816,51.2219,36.2315,12.0,2.15,0,clear,45.0,False,rebalance_week,ok,20083107.492346056,,,,,,,,,,,,,,,,,
AGPU@2026-09-16,2026-09-23,AGPU,Axe Compute Inc. - Common Stock,US,USALL,Information Technology,stage2_breakout,D,late,False,Stage 2,85.8,34.5,0.3,82.3106,18.9799,55.1138,1.15,Improving,12.09000015258789,13.9926,12.3135,19.546,24.3988,12.0,3.31,1,clear,,False,rebalance_week,ok,1691523.3176780671,,,,,,,,,,,,,,,,,
AHT@2026-09-23,2026-09-23,AHT,Ashford Hospitality Trust Inc Common Stock,US,USALL,Real Estate,stage4_breakdown,C,late,True,Stage 4,-70.6,8.7,55.6,-29.1414,-3.3399,-27.0229,0.7,Improving,2.490000009536743,2.4306,2.7223,1.64,0.952,12.0,2.71,0,clear,50.0,False,rebalance_week,thin,47730.0465572274,,,,,,,,,,,,,,,,,
AMRX@2026-09-23,2026-09-23,AMRX,"Amneal Pharmaceuticals, Inc. - Class A Common Stock",US,USALL,Health Care,stage2_breakout,D,late,False,Stage 2,76.9,20.5,5.1,40.2797,14.1416,23.5894,1.15,Improving,19.770000457763672,19.5905,17.2397,26.81,32.85,12.0,3.07,0,clear,38.0,False,rebalance_week,ok,20845354.499656044,,,,,,,,,,,,,,,,,
AMTM@2026-09-23,2026-09-23,AMTM,"Amentum Holdings, Inc. Common Stock",US,USALL,Industrials,stage4_breakdown,C,late,True,Stage 4,-81.6,8.6,43.4,-24.9477,0.0,-24.9477,0.88,Improving,19.190000534057617,18.7316,20.9794,10.5655,3.6499,12.0,3.63,0,clear,84.0,False,rebalance_week,ok,31043744.760201573,,,,,,,,,,,,,,,,,
AOUT@2026-09-23,2026-09-23,AOUT,"American Outdoor Brands, Inc. - Common Stock",US,USALL,Consumer Discretionary,stage2_breakout,D,late,False,Stage 2,81.4,16.7,5.7,76.8245,0.0,76.8245,1.0,Improving,17.549999237060547,17.1489,15.0911,24.302,30.3356,12.0,3.48,0,clear,80.0,False,rebalance_week,ok,366254.51621484535,,,,,,,,,,,,,,,,,
APEI@2026-09-23,2026-09-23,APEI,"American Public Education, Inc. - Common Stock",US,USALL,Consumer Staples,stage4_breakdown,C,late,True,Stage 4,-61.8,6.6,59.4,-9.6515,-0.5517,-9.0245,0.88,Improving,41.665000915527344,40.6601,45.5393,22.968,7.9344,12.0,3.63,0,clear,49.0,False,rebalance_week,ok,10234759.223308742,,,,,,,,,,,,,,,,,
AQN@2026-09-23,2026-09-23,AQN,Algonquin Power & Utilities Corp. Common Shares,US,USALL,Utilities,stage4_breakdown,C,late,True,Stage 4,-78.8,3.5,69.7,-15.9208,-6.9755,-9.6552,0.7,Improving,5.0,5.1659,5.7858,3.5216,2.1469,12.0,2.65,0,clear,46.0,False,rebalance_week,ok,17590838.11039608,,,,,,,,,,,,,,,,,
ARCO@2026-09-23,2026-09-23,ARCO,Arcos Dorados Holdings Inc. Class A Shares,US,USALL,Consumer Discretionary,stage4_breakdown,C,live,True,Stage 4,-62.3,6.2,65.8,-7.3239,0.0,-7.3239,0.88,Improving,7.239999771118164,7.1535,8.012,4.9918,3.1564,12.0,2.52,0,clear,58.0,False,rebalance_week,ok,6691213.729542231,,,,,,,,,,,,,,,,,
ARI@2026-09-23,2026-09-23,ARI,"Apollo Commercial Real Estate Finance, Inc",US,USALL,Real Estate,stage4_breakdown,C,live,True,Stage 3 to 4,-53.0,7.9,68.3,-5.4295,-3.3399,-2.1818,0.7,Improving,6.239999771118164,6.231,6.9788,3.4799,1.2021,12.0,3.68,0,clear,38.0,False,rebalance_week,ok,11007362.702263048,,,,,,,,,,,,,,,,,
ASST@2026-09-16,2026-09-23,ASST,"Strive, Inc. - Class A Common Stock",US,USALL,Financials,stage2_breakout,D,late,False,Stage 2,82.6,33.1,0.0,68.799,6.368,57.5711,1.15,Improving,29.440000534057617,31.5173,27.7352,44.051,54.9878,12.0,3.31,1,clear,50.0,False,rebalance_week,ok,49081489.02857797,,,,,,,,,,,,,,,,,
AUDC@2026-09-23,2026-09-23,AUDC,AudioCodes Ltd. - Ordinary Shares,US,USALL,Information Technology,stage2_breakout,D,late,False,Stage 2,77.2,59.5,1.8,20.9319,18.9799,0.6567,1.15,Improving,10.65999984741211,10.8386,9.538,14.4199,17.4449,12.0,2.75,0,clear,50.0,False,rebalance_week,ok,713216.2091074123,,,,,,,,,,,,,,,,,
AVA@2026-09-23,2026-09-23,AVA,Avista Corporation Common Stock,US,USALL,Utilities,stage4_breakdown,C,live,True,Stage 4,-68.6,2.9,74.4,-9.7945,-6.9755,-3.0106,0.7,Improving,35.11000061035156,35.7587,40.0497,28.9841,23.2595,12.0,1.58,0,clear,44.0,False,rebalance_week,ok,17334923.397477083,,,,,,,,,,,,,,,,,
BANL@2026-08-26,2026-09-23,BANL,CBL International Limited - Class B Ordinary Shares,US,USALL,Energy,stage2_breakout,D,failed,False,Stage 4,-57.9,22.0,33.4,-20.5208,7.7461,,1.0,Improving,5.099999904632568,17.03,14.9864,23.7728,29.675,12.0,3.3,4,unknown,,,clear,thin,102021.16741379254,,,,,,,,,,,,,,,,,
BATRA@2026-09-23,2026-09-23,BATRA,"Atlanta Braves Holdings, Inc. - Series A Common Stock",US,USALL,Communication Services,stage2_breakout,D,live,False,Stage 2,73.2,41.4,10.9,19.3392,0.0,19.3392,1.0,Improving,59.029998779296875,59.0536,51.9671,70.91,80.942,12.0,1.67,0,clear,44.0,False,rebalance_week,ok,2288876.8168513873,,,,,,,,,,,,,,,,,
BHK@2026-09-23,2026-09-23,BHK,Blackrock Core Bond Trust,US,USALL,Financials,stage4_breakdown,C,live,True,Stage 3 to 4,-50.6,19.1,53.4,-5.2298,6.368,-11.2616,0.88,Improving,8.369999885559082,8.3451,9.1853,7.6696,7.0852,10.07,0.8,0,unknown,,,rebalance_week,ok,1650652.076721962,,,,,,,,,,,,,,,,,
BHR@2026-09-23,2026-09-23,BHR,Braemar Hotels & Resorts Inc. Common Stock,US,USALL,Real Estate,stage4_breakdown,C,late,True,Stage 4,-82.0,3.5,65.1,-31.4104,-3.3399,-29.3218,0.7,Improving,1.690000057220459,1.664,1.8637,0.946,0.3268,12.0,3.6,0,clear,44.0,False,rebalance_week,ok,695359.4808672059,,,,,,,,,,,,,,,,,
BKD@2026-09-23,2026-09-23,BKD,Brookdale Senior Living Inc. Common Stock,US,USALL,Health Care,stage4_breakdown,C,late,True,Stage 4,-75.8,2.3,67.0,-12.1766,14.1416,-23.4151,0.88,Improving,11.109999656677246,11.1465,12.4841,6.281,2.1698,12.0,3.64,0,clear,45.0,False,rebalance_week,ok,39279331.488308586,,,,,,,,,,,,,,,,,
BKT@2026-09-23,2026-09-23,BKT,BlackRock Income Trust Inc. (The),US,USALL,Financials,stage4_breakdown,C,live,True,Stage 4,-58.5,14.1,56.2,-6.3618,6.368,-12.3146,0.88,Improving,9.550000190734863,9.6189,10.6069,8.8142,8.1216,10.27,0.81,0,unknown,,,rebalance_week,ok,820593.6497864095,,,,,,,,,,,,,,,,,
BKV@2026-09-23,2026-09-23,BKV,BKV Corporation Common Stock,US,USALL,Energy,stage4_breakdown,C,late,True,Stage 4,-75.2,1.8,68.2,-18.2021,,,1.0,Improving,21.809999465942383,22.0943,24.7456,12.4795,4.3111,12.0,3.63,0,clear,50.0,False,rebalance_week,ok,16495648.295757454,,,,,,,,,,,,,,,,,
BV@2026-09-23,2026-09-23,BV,"BrightView Holdings, Inc. Common Stock",US,USALL,Industrials,stage4_breakdown,C,late,True,Stage 4,-71.6,0.7,63.8,-17.454,0.0,-17.454,0.88,Improving,10.40999984741211,10.1798,11.4014,5.84,2.176,12.0,3.55,0,clear,58.0,False,rebalance_week,ok,6729105.117626878,,,,,,,,,,,,,,,,,
CALM@2026-09-23,2026-09-23,CALM,"Cal-Maine Foods, Inc. - Common Stock",US,USALL,Consumer Staples,stage4_breakdown,C,late,True,Stage 4,-70.7,2.5,57.4,-17.2695,-0.5517,-16.9594,0.88,Improving,67.43000030517578,70.9444,79.4578,40.8467,15.5755,12.0,3.54,0,event_ahead,9.0,False,rebalance_week,ok,46868408.2827696,,,,,,,,,,,,,,,,,
CALX@2026-09-23,2026-09-23,CALX,"Calix, Inc Common Stock",US,USALL,Information Technology,stage4_breakdown,C,late,True,Stage 4,-79.0,6.0,46.9,-29.9423,18.9799,-43.538,0.88,Improving,33.13999938964844,33.0516,37.0178,18.6725,6.4505,12.0,3.63,0,clear,35.0,False,rebalance_week,ok,28246305.55509311,,,,,,,,,,,,,,,,,
CASH@2026-09-23,2026-09-23,CASH,"Pathward Financial, Inc. - Common Stock",US,USALL,Financials,stage4_breakdown,C,late,True,Stage 4,-72.2,2.4,60.0,-10.1907,6.368,-15.7049,0.88,Improving,73.80000305175781,73.9469,82.8206,49.3261,28.6029,12.0,2.77,0,clear,30.0,False,rebalance_week,ok,13069989.30615386,,,,,,,,,,,,,,,,,
CERT@2026-09-23,2026-09-23,CERT,"Certara, Inc. - Common Stock",US,USALL,Health Care,stage2_breakout,D,late,False,Stage 2,69.8,28.2,0.0,16.4274,14.1416,-0.8484,0.88,Improving,9.109999656677246,9.106,8.0133,12.8833,16.0819,12.0,3.46,0,clear,45.0,False,rebalance_week,ok,17504858.08341244,,,,,,,,,,,,,,,,,
CHT@2026-09-23,2026-09-23,CHT,"Chunghwa Telecom Co., Ltd.",US,USALL,Communication Services,stage2_breakout,D,live,False,Stage 2,69.8,52.0,4.7,10.5187,0.0,10.5187,1.0,Improving,46.150001525878906,46.3934,41.3766,54.3513,60.9763,10.81,1.59,0,clear,45.0,False,rebalance_week,ok,4809021.076861992,,,,,,,,,,,,,,,,,
CIM@2026-09-23,2026-09-23,CIM,Chimera Investment Corporation Common Stock,US,USALL,Real Estate,stage4_breakdown,C,late,True,Stage 4,-71.6,1.6,74.8,-14.9073,-3.3399,-11.9984,0.7,Improving,10.34000015258789,10.6924,11.9755,7.97,5.674,12.0,2.12,0,clear,45.0,False,rebalance_week,ok,6481286.703938367,,,,,,,,,,,,,,,,,
CLMB@2026-09-23,2026-09-23,CLMB,"Climb Global Solutions, Inc. - Common Stock",US,USALL,Information Technology,stage2_breakout,D,late,False,Stage 2,65.1,27.1,2.4,21.8879,18.9799,0.1918,1.15,Improving,31.649999618530273,30.5753,26.9062,43.355,54.119,12.0,3.48,0,clear,37.0,False,rebalance_week,ok,2480190.73895087,,,,,,,,,,,,,,,,,
CNTY@2026-09-23,2026-09-23,CNTY,"Century Casinos, Inc. - Common Stock",US,USALL,Consumer Discretionary,stage4_breakdown,C,late,True,Stage 4,-74.1,8.7,46.4,-25.6274,0.0,-25.6274,0.88,Improving,1.100000023841858,1.0795,1.2091,0.6105,0.2109,12.0,3.62,0,clear,46.0,False,rebalance_week,thin,52951.75171050608,,,,,,,,,,,,,,,,,
CPNG@2026-09-23,2026-09-23,CPNG,"Coupang, Inc. Class A Common Stock",US,USALL,Consumer Discretionary,stage4_breakdown,C,late,True,Stage 4,-73.1,8.7,53.9,-32.4745,0.0,-32.4745,0.88,Improving,13.880000114440918,13.7736,15.4265,7.7825,2.6885,12.0,3.62,0,clear,43.0,False,rebalance_week,ok,224161009.2748289,,,,,,,,,,,,,,,,,
CRVL@2026-09-23,2026-09-23,CRVL,CorVel Corp. - Common Stock,US,USALL,Financials,stage2_breakout,D,late,False,Stage 2,78.7,46.2,0.0,16.4728,6.368,9.0042,1.15,Improving,74.33000183105469,74.2023,65.298,105.0,130.6,12.0,3.46,0,clear,43.0,False,rebalance_week,ok,8426388.31017801,,,,,,,,,,,,,,,,,
CTKB@2026-09-23,2026-09-23,CTKB,"Cytek Biosciences, Inc. - Common Stock",US,USALL,Health Care,stage2_breakout,D,late,False,Stage 2,68.9,31.6,3.4,23.1737,14.1416,6.393,1.15,Improving,5.650000095367432,5.4419,4.7888,7.32,8.924,12.0,2.88,0,clear,44.0,False,rebalance_week,ok,2888195.987899836,,,,,,,,,,,,,,,,,
CX@2026-09-23,2026-09-23,CX,"Cemex, S.A.B. de C.V. Sponsored ADR",US,USALL,Materials,stage4_breakdown,C,late,True,Stage 4,-73.9,1.0,66.9,-15.0433,0.0,-15.0433,0.88,Improving,9.710000038146973,9.6498,10.8078,5.4159,1.8709,12.0,3.66,0,clear,35.0,False,rebalance_week,ok,48540217.64923348,,,,,,,,,,,,,,,,,
DAKT@2026-09-23,2026-09-23,DAKT,"Daktronics, Inc. - Common Stock",US,USALL,Information Technology,stage4_breakdown,C,late,True,Stage 4,-79.9,2.7,44.4,-15.7273,18.9799,-30.8523,0.88,Improving,17.020000457763672,16.8464,18.868,9.4985,3.2813,12.0,3.63,0,clear,79.0,False,rebalance_week,ok,5586868.46300854,,,,,,,,,,,,,,,,,
DLPN@2026-07-29,2026-09-23,DLPN,"Dolphin Entertainment, Inc. - Common Stock",US,USALL,Communication Services,stage4_breakdown,D,late,True,Stage 4,-62.7,11.2,43.1,-22.0341,0.0,-22.0341,0.88,Improving,1.0850000381469727,0.9839,1.1019,0.561,0.1938,12.0,3.58,8,clear,51.0,False,clear,untradeable,18446.47158869811,,,,,,,,,,,,,,,,,
DMB@2026-09-23,2026-09-23,DMB,"BNY Mellon Municipal Bond Infrastructure Fund, Inc. Common Stock",US,USALL,Financials,stage4_breakdown,C,live,True,Stage 4,-68.2,3.8,56.4,-9.1666,6.368,-14.8914,0.88,Improving,9.520000457763672,9.7791,10.9526,8.1802,6.8444,12.0,1.36,0,unknown,,,rebalance_week,ok,384209.3562046365,,,,,,,,,,,,,,,,,
DNUT@2026-09-23,2026-09-23,DNUT,"Krispy Kreme, Inc. - Common Stock",US,USALL,Consumer Staples,stage4_breakdown,C,late,True,Stage 4,-64.2,17.3,26.6,-19.1869,-0.5517,-19.0185,0.88,Improving,2.890000104904175,2.802,3.1382,1.595,0.551,12.0,3.59,0,clear,45.0,False,rebalance_week,ok,6281918.002360709,,,,,,,,,,,,,,,,,
DPG@2026-09-23,2026-09-23,DPG,Duff & Phelps Utility and Infrastructure Fund Inc.,US,USALL,Financials,stage4_breakdown,C,live,True,Stage 3 to 4,-50.3,8.0,57.0,-4.7979,6.368,-10.6125,0.88,Improving,12.920000076293945,13.2744,14.8673,11.8074,10.5414,12.0,0.92,0,unknown,,,rebalance_week,ok,661679.8849307356,,,,,,,,,,,,,,,,,
DSM@2026-09-23,2026-09-23,DSM,"BNY Mellon Strategic Municipal Bond Fund, Inc. Common Stock",US,USALL,Financials,stage4_breakdown,C,live,True,Stage 4,-71.8,3.9,56.9,-9.6784,6.368,-15.3898,0.88,Improving,5.260000228881836,5.3852,6.0315,4.5243,3.8078,12.0,1.33,0,unknown,,,rebalance_week,ok,474476.23563749035,,,,,,,,,,,,,,,,,
EMA@2026-09-23,2026-09-23,EMA,Emera Incorporated Common Shares,US,USALL,Utilities,stage4_breakdown,C,live,True,Stage 3 to 4,-46.6,9.8,52.9,-4.711,-6.9755,2.447,0.88,Improving,47.72999954223633,47.8108,53.5481,41.24,35.616,12.0,1.15,0,clear,46.0,False,rebalance_week,ok,14833509.335614126,,,,,,,,,,,,,,,,,
ENB@2026-09-23,2026-09-23,ENB,Enbridge Inc Common Stock,US,USALL,Energy,stage4_breakdown,C,live,True,Stage 4,-57.6,5.7,63.2,-6.7886,7.7461,,1.0,Improving,46.7400016784668,47.1051,52.7577,37.6232,29.6097,12.0,1.68,0,clear,46.0,False,rebalance_week,ok,168598197.25073513,,,,,,,,,,,,,,,,,
EOT@2026-09-23,2026-09-23,EOT,Eaton Vance Municipal Income Trust EATON VANCE NATIONAL MUNICIPAL OPPORTUNITIES TRUST,US,USALL,Financials,stage4_breakdown,C,live,True,Stage 3 to 4,-61.3,10.7,55.6,-7.4316,6.368,-13.2301,0.88,Improving,15.40999984741211,15.6222,17.4968,13.3306,11.3952,12.0,1.22,0,unknown,,,rebalance_week,ok,361895.6252585063,,,,,,,,,,,,,,,,,
ERII@2026-09-23,2026-09-23,ERII,"Energy Recovery, Inc. - Common Stock",US,USALL,Industrials,stage4_breakdown,C,late,True,Stage 4,-87.2,4.9,53.9,-40.3708,0.0,-40.3708,0.88,Improving,6.809999942779541,6.6824,7.4843,3.7895,1.3091,12.0,3.61,0,clear,44.0,False,rebalance_week,ok,5854405.0277953865,,,,,,,,,,,,,,,,,
EVLV@2026-09-23,2026-09-23,EVLV,"Evolv Technologies Holdings, Inc. - Class A Common Stock",US,USALL,Industrials,stage4_breakdown,C,late,True,Stage 4,-63.5,14.2,48.3,-22.25,0.0,-22.25,0.88,Improving,4.789999961853027,4.7165,5.2824,2.673,0.9234,12.0,3.61,0,clear,52.0,False,rebalance_week,ok,9495005.533706337,,,,,,,,,,,,,,,,,
EVN@2026-09-23,2026-09-23,EVN,Eaton Vance Municipal Income Trust Common Stock,US,USALL,Financials,stage4_breakdown,C,live,True,Stage 3 to 4,-55.5,15.4,55.0,-6.5573,6.368,-12.4519,0.88,Improving,9.789999961853027,9.731,10.8988,8.513,7.4779,12.0,1.04,0,unknown,,,rebalance_week,ok,630702.9459185976,,,,,,,,,,,,,,,,,
FBRT@2026-09-23,2026-09-23,FBRT,"Franklin BSP Realty Trust, Inc. Common Stock",US,USALL,Real Estate,stage4_breakdown,C,late,True,Stage 4,-73.3,2.3,57.4,-20.6486,-3.3399,-18.1755,0.7,Improving,6.96999979019165,7.2102,8.0755,5.4231,3.8856,12.0,2.07,0,clear,37.0,False,rebalance_week,ok,6825170.018833836,,,,,,,,,,,,,,,,,
FCPT@2026-09-23,2026-09-23,FCPT,"Four Corners Property Trust, Inc. Common Stock",US,USALL,Real Estate,stage4_breakdown,C,live,True,Stage 3 to 4,-56.8,9.5,71.7,-6.8884,-3.3399,-3.6882,0.7,Improving,22.200000762939453,22.1383,24.7949,18.1976,14.8356,12.0,1.48,0,clear,37.0,False,rebalance_week,ok,14104799.806247633,,,,,,,,,,,,,,,,,
FINW@2026-09-23,2026-09-23,FINW,FinWise Bancorp - Common Stock,US,USALL,Financials,stage4_breakdown,C,late,True,Stage 4,-79.9,1.5,48.0,-29.0509,6.368,-33.9377,0.88,Improving,11.319999694824219,12.1486,13.6065,7.3,3.204,12.0,3.33,0,clear,38.0,False,rebalance_week,thin,265262.13472456054,,,,,,,,,,,,,,,,,
FLO@2026-09-23,2026-09-23,FLO,"Flowers Foods, Inc. Common Stock",US,USALL,Consumer Staples,stage4_breakdown,C,late,True,Stage 4,-84.1,1.6,54.3,-34.6623,-0.5517,-34.6664,0.88,Improving,5.739999771118164,5.6868,6.3692,3.223,1.1134,12.0,3.61,0,clear,45.0,False,rebalance_week,ok,33903964.491977796,,,,,,,,,,,,,,,,,
FLUT@2026-09-23,2026-09-23,FLUT,Flutter Entertainment plc Ordinary Shares,US,USALL,Consumer Discretionary,stage4_breakdown,C,late,True,Stage 4,-75.6,7.6,51.8,-42.0028,0.0,-42.0028,0.88,Improving,83.2300033569336,86.4788,96.8562,53.86,25.476,12.0,3.14,0,clear,52.0,False,rebalance_week,ok,203728383.9935723,,,,,,,,,,,,,,,,,
FT@2026-09-23,2026-09-23,FT,Franklin Universal Trust Common Stock,US,USALL,Financials,stage4_breakdown,C,live,True,Stage 4,-66.6,9.2,56.6,-8.211,6.368,-14.0131,0.88,Improving,7.090000152587891,7.2152,8.0202,6.4007,5.7156,11.16,1.01,0,unknown,,,rebalance_week,ok,223535.64521546056,,,,,,,,,,,,,,,,,
FTS@2026-09-23,2026-09-23,FTS,Fortis Inc. Common Shares,US,USALL,Utilities,stage4_breakdown,C,live,True,Stage 3 to 4,-27.8,11.6,51.5,-1.4168,-6.9755,6.0092,0.88,Improving,53.09000015258789,52.8207,59.1592,47.6049,43.0809,12.0,0.82,0,clear,43.0,False,rebalance_week,ok,30264481.103881635,,,,,,,,,,,,,,,,,
FWDI@2026-09-23,2026-09-23,FWDI,"Forward Industries, Inc. - Common Stock",US,USALL,Consumer Discretionary,stage2_breakout,D,late,False,Stage 2,72.5,19.0,0.0,20.1867,0.0,20.1867,1.0,Improving,8.420000076293945,7.9996,7.0397,11.1795,13.9551,12.0,3.31,0,clear,71.0,False,rebalance_week,ok,3338248.4003766766,,,,,,,,,,,,,,,,,
GIL@2026-09-23,2026-09-23,GIL,"Gildan Activewear, Inc. Class A Sub. Vot. Common Stock",US,USALL,Consumer Discretionary,stage4_breakdown,C,late,True,Stage 4,-81.1,1.7,58.0,-29.1683,0.0,-29.1683,0.88,Improving,40.97999954223633,44.3397,49.6605,25.036,8.6488,12.0,3.63,0,clear,38.0,False,rebalance_week,ok,44658235.10717683,,,,,,,,,,,,,,,,,
GRAL@2026-09-23,2026-09-23,GRAL,"GRAIL, Inc. - Common Stock",US,USALL,Health Care,stage2_breakout,D,late,False,Stage 2,68.1,18.6,4.5,69.7012,14.1416,46.1222,1.15,Improving,126.88999938964844,88.6892,78.0465,123.9605,154.7369,12.0,3.31,0,clear,51.0,False,rebalance_week,ok,29410880.032714427,,,,,,,,,,,,,,,,,
GTBP@2026-09-09,2026-09-23,GTBP,"GT Biopharma, Inc. - Common Stock",US,USALL,Health Care,stage2_breakout,D,late,False,Stage 2,94.7,28.7,6.3,648.0374,14.1416,580.5088,1.15,Improving,6.889999866485596,12.2508,10.7807,17.371,21.6838,12.0,3.48,2,clear,,False,rebalance_week,thin,277622.41280126665,,,,,,,,,,,,,,,,,
GTY@2026-09-23,2026-09-23,GTY,Getty Realty Corporation Common Stock,US,USALL,Real Estate,stage4_breakdown,D,live,False,Stage 4,-50.9,5.4,75.2,-4.7874,-3.3399,-1.3752,0.7,Improving,28.65999984741211,28.7426,32.1918,22.0144,16.3353,12.0,1.95,0,clear,30.0,False,rebalance_week,ok,10193509.478797356,,,,,,,,,,,,,,,,,
HGLB@2026-09-23,2026-09-23,HGLB,Highland Global Allocation Fund Common Stock,US,USALL,Financials,stage4_breakdown,C,live,True,Stage 4,-69.3,8.4,40.2,-12.7298,6.368,-18.5518,0.88,Improving,6.880000114440918,6.8978,7.6415,5.3889,4.1175,10.78,2.03,0,unknown,,,rebalance_week,ok,412105.38907961507,,,,,,,,,,,,,,,,,
HITI@2026-09-23,2026-09-23,HITI,High Tide Inc. - Common Shares,US,USALL,Health Care,stage2_breakout,C,late,True,Stage 2,66.4,29.6,1.7,9.4737,14.1416,-6.3919,0.88,Improving,2.7899999618530273,2.7872,2.4528,3.9657,4.9503,12.0,3.52,0,event_driven,129.0,True,rebalance_week,ok,670438.0582700588,,,,,,,,,,,,,,,,,
HLP@2026-09-23,2026-09-23,HLP,Hongli Group Inc. - Class A Ordinary Shares,US,USALL,Materials,stage2_breakout,D,late,False,Stage 2,74.5,31.6,4.0,96.4579,0.0,96.4579,1.0,Improving,2.2100000381469727,2.1861,1.9238,3.0668,3.8282,12.0,3.36,0,unknown,,,rebalance_week,thin,134696.15224008175,,,,,,,,,,,,,,,,,
HOS@2026-09-23,2026-09-23,HOS,"Hornbeck Offshore Services, Inc. Common Stock",US,USALL,,stage4_breakdown,D,late,False,Stage 4,-47.3,8.3,67.0,-3.4045,,,1.0,Improving,8.1899995803833,8.0904,9.0613,5.0131,2.3915,12.0,3.17,0,clear,30.0,False,rebalance_week,ok,10840691.128824228,,,,,,,,,,,,,,,,,
IBEX@2026-09-23,2026-09-23,IBEX,IBEX Limited - Common Share,US,USALL,Information Technology,stage2_breakout,D,late,False,Stage 2,76.0,23.2,0.7,30.4835,18.9799,7.7379,1.15,Improving,44.529998779296875,42.7291,37.6016,57.88,70.656,12.0,2.95,0,clear,45.0,False,rebalance_week,ok,2458910.1119050933,,,,,,,,,,,,,,,,,
IIM@2026-09-23,2026-09-23,IIM,Invesco Value Municipal Income Trust Common Stock,US,USALL,Financials,stage4_breakdown,C,live,True,Stage 3 to 4,-59.8,11.5,55.0,-8.3457,6.368,-14.0729,0.88,Improving,11.0,11.3203,12.6787,9.9519,8.785,12.0,1.01,0,unknown,,,rebalance_week,ok,909739.2370280696,,,,,,,,,,,,,,,,,
ISD@2026-09-23,2026-09-23,ISD,"PGIM High Yield Bond Fund, Inc.",US,USALL,Financials,stage4_breakdown,C,live,True,Stage 4,-70.0,5.4,52.3,-9.3288,6.368,-15.2141,0.88,Improving,11.680000305175781,11.7682,12.7157,9.8224,8.2003,8.05,2.05,0,unknown,,,rebalance_week,ok,1027638.2595404789,,,,,,,,,,,,,,,,,
JBI@2026-09-23,2026-09-23,JBI,"Janus International Group, Inc. Common Stock",US,USALL,Industrials,stage4_breakdown,C,late,True,Stage 4,-79.6,2.3,56.1,-31.1312,0.0,-31.1312,0.88,Improving,4.210000038146973,4.1229,4.6177,2.3375,0.8075,12.0,3.61,0,clear,38.0,False,rebalance_week,ok,5808814.736652076,,,,,,,,,,,,,,,,,
JRVR@2026-09-23,2026-09-23,JRVR,"James River Group Holdings, Inc. - Common Stock",US,USALL,Financials,stage4_breakdown,C,late,True,Stage 4,-87.6,7.0,49.8,-33.8851,6.368,-38.525,0.88,Improving,3.5299999713897705,3.5311,3.9548,1.9992,0.6906,12.0,3.62,0,clear,49.0,False,rebalance_week,ok,988202.0171480778,,,,,,,,,,,,,,,,,
KTF@2026-09-23,2026-09-23,KTF,DWS Municipal Income Trust,US,USALL,Financials,stage4_breakdown,C,live,True,Stage 3 to 4,-51.8,16.1,54.4,-5.0411,6.368,-11.0185,0.88,Improving,8.229999542236328,8.2598,9.0518,7.4616,6.7912,9.59,1.01,0,unknown,,,rebalance_week,ok,931438.0330592853,,,,,,,,,,,,,,,,,
LADR@2026-09-23,2026-09-23,LADR,Ladder Capital Corp Class A Common Stock,US,USALL,Real Estate,stage4_breakdown,C,live,True,Stage 4,-59.2,8.3,71.1,-8.8991,-3.3399,-5.903,0.7,Improving,9.079999923706055,9.1252,10.2202,7.8729,6.7861,12.0,1.14,0,clear,31.0,False,rebalance_week,ok,7421095.292657,,,,,,,,,,,,,,,,,
LBTYK@2026-09-23,2026-09-23,LBTYK,Liberty Global Ltd. - Class C Common Shares,US,USALL,Communication Services,stage4_breakdown,C,late,True,Stage 4,-72.4,3.4,65.8,-16.3171,0.0,-16.3171,0.88,Improving,9.260000228881836,9.1185,10.2127,5.87,3.126,12.0,2.97,0,clear,43.0,False,rebalance_week,ok,10592806.676465157,,,,,,,,,,,,,,,,,
LCII@2026-09-23,2026-09-23,LCII,LCI Industries,US,USALL,Consumer Discretionary,stage4_breakdown,C,late,True,Stage 4,-86.3,7.3,56.2,-23.7484,0.0,-23.7484,0.88,Improving,84.51000213623047,83.0687,93.0369,46.7885,16.1633,12.0,3.64,0,clear,38.0,False,rebalance_week,ok,23959214.210906558,,,,,,,,,,,,,,,,,
LEO@2026-09-23,2026-09-23,LEO,"BNY Mellon Strategic Municipals, Inc. Common Stock",US,USALL,Financials,stage4_breakdown,C,live,True,Stage 4,-67.8,16.9,54.5,-8.1446,6.368,-13.9382,0.88,Improving,5.630000114440918,5.7465,6.3605,5.1345,4.6182,10.69,1.0,0,unknown,,,rebalance_week,ok,1019403.1079716586,,,,,,,,,,,,,,,,,
LGCY@2026-09-23,2026-09-23,LGCY,Legacy Education Inc. Common Stock,US,USALL,Consumer Staples,stage4_breakdown,C,late,True,Stage 4,-69.6,0.6,69.0,-15.8564,-0.5517,-15.4251,0.88,Improving,9.3100004196167,9.5567,10.7035,5.4065,1.8677,12.0,3.62,0,event_driven_and_ahead,3.0,True,rebalance_week,ok,375190.3465000995,,,,,,,,,,,,,,,,,
LITS@2026-09-23,2026-09-23,LITS,"Lite Strategy, Inc. - Common Stock",US,USALL,Health Care,stage2_breakout,D,late,False,Stage 2,64.1,15.1,2.3,10.622,14.1416,-7.2956,0.88,Improving,1.440000057220459,1.3179,1.1597,1.8415,2.2987,12.0,3.31,0,event_ahead,7.0,False,rebalance_week,thin,190449.5584190881,,,,,,,,,,,,,,,,,
MFA@2026-09-23,2026-09-23,MFA,"MFA Financial, Inc.",US,USALL,Real Estate,stage4_breakdown,C,live,True,Stage 4,-64.6,3.8,74.1,-8.7947,-3.3399,-5.6823,0.7,Improving,8.170000076293945,8.2643,9.256,6.6704,5.3188,12.0,1.61,0,clear,45.0,False,rebalance_week,ok,9685661.161405468,,,,,,,,,,,,,,,,,
MG@2026-09-23,2026-09-23,MG,Mistras Group Inc Common Stock,US,USALL,Industrials,stage2_breakout,D,late,False,Stage 2,79.2,23.7,5.7,40.6006,0.0,40.6006,1.0,Improving,21.520000457763672,21.7084,19.1034,29.62,36.26,12.0,3.04,0,clear,44.0,False,rebalance_week,ok,2437549.9572890936,,,,,,,,,,,,,,,,,
MGEE@2026-09-23,2026-09-23,MGEE,MGE Energy Inc. - Common Stock,US,USALL,Utilities,stage4_breakdown,C,live,True,Stage 4,-64.2,12.7,74.4,-10.5305,-6.9755,-3.9263,0.7,Improving,70.05999755859375,70.3348,78.7749,57.7518,46.9556,12.0,1.49,0,clear,44.0,False,rebalance_week,ok,12573410.328242222,,,,,,,,,,,,,,,,,
MGLD@2026-09-23,2026-09-23,MGLD,"The Marygold Companies, Inc. Common Stock",US,USALL,Financials,stage2_breakout,D,late,False,Stage 2,68.1,21.8,3.1,77.4462,6.368,66.4951,1.15,Improving,1.9299999475479126,1.3806,1.215,1.9285,2.4073,12.0,3.31,0,unknown,,,rebalance_week,untradeable,11476.973403146676,,,,,,,,,,,,,,,,,
MGPI@2026-09-23,2026-09-23,MGPI,"MGP Ingredients, Inc. - Common Stock",US,USALL,Consumer Staples,stage4_breakdown,C,late,True,Stage 4,-84.3,1.7,56.0,-36.2732,-0.5517,-36.2481,0.88,Improving,12.819999694824219,13.6113,15.2446,7.711,2.6638,12.0,3.61,0,clear,37.0,False,rebalance_week,ok,2494428.3599552047,,,,,,,,,,,,,,,,,
MHD@2026-09-23,2026-09-23,MHD,"Blackrock MuniHoldings Fund, Inc. Common Stock",US,USALL,Financials,stage4_breakdown,C,live,True,Stage 3 to 4,-58.6,11.6,55.3,-6.6178,6.368,-12.5049,0.88,Improving,10.529999732971191,10.601,11.7445,9.4474,8.4692,10.79,1.01,0,unknown,,,rebalance_week,ok,2960837.4964893544,,,,,,,,,,,,,,,,,
MMD@2026-09-23,2026-09-23,MMD,NYLIM MacKay DefinedTerm Muni Opportunities Fund Common Shares,US,USALL,Financials,stage4_breakdown,C,live,True,Stage 4,-57.9,13.2,56.0,-5.9674,6.368,-11.8822,0.88,Improving,13.8100004196167,13.9608,15.2971,12.4664,11.1995,9.57,1.12,0,unknown,,,rebalance_week,ok,629866.0807731089,,,,,,,,,,,,,,,,,
MMU@2026-09-23,2026-09-23,MMU,"Western Asset Managed Municipals Fund, Inc. Common Stock",US,USALL,Financials,stage4_breakdown,C,live,True,Stage 4,-69.9,8.4,57.2,-9.6013,6.368,-15.3205,0.88,Improving,8.979999542236328,9.1848,10.287,8.0573,7.1067,12.0,1.02,0,unknown,,,rebalance_week,ok,939300.2415569015,,,,,,,,,,,,,,,,,
MNTK@2026-09-23,2026-09-23,MNTK,"Montauk Renewables, Inc. - Common Stock",US,USALL,Materials,stage2_breakout,D,late,False,Stage 2,74.3,19.6,4.0,69.5526,0.0,69.5526,1.0,Improving,2.930000066757202,2.8121,2.4746,3.9585,4.9413,12.0,3.4,0,clear,44.0,False,rebalance_week,thin,232391.56588116754,,,,,,,,,,,,,,,,,
MPA@2026-09-23,2026-09-23,MPA,Blackrock MuniYield Pennsylvania Quality Fund Common Stock,US,USALL,Financials,stage4_breakdown,C,live,True,Stage 4,-70.7,8.6,57.2,-9.8173,6.368,-15.5398,0.88,Improving,9.829999923706055,9.993,11.1921,8.2782,6.8527,12.0,1.43,0,unknown,,,rebalance_week,ok,229723.49191264584,,,,,,,,,,,,,,,,,
MQY@2026-09-23,2026-09-23,MQY,"Blackrock MuniYield Quality Fund, Inc. Common Stock",US,USALL,Financials,stage4_breakdown,C,live,True,Stage 4,-66.9,8.7,57.1,-7.7796,6.368,-13.6111,0.88,Improving,10.15999984741211,10.2593,11.4886,9.0096,7.9614,11.98,1.02,0,unknown,,,rebalance_week,ok,3431900.929762248,,,,,,,,,,,,,,,,,
MRP@2026-09-02,2026-09-23,MRP,"Millrose Properties, Inc. Class A Common Stock",US,USALL,Real Estate,stage2_breakout,D,failed,False,Stage 3 to 4,-47.1,12.2,74.6,-5.5631,-3.3399,-2.4134,0.7,Improving,27.190000534057617,32.5958,28.6843,38.7202,43.9604,12.0,1.57,3,clear,51.0,False,clear,ok,28326042.429176033,,,,,,,,,,,,,,,,,
MUA@2026-09-23,2026-09-23,MUA,"Blackrock MuniAssets Fund, Inc Common Stock",US,USALL,Financials,stage4_breakdown,C,live,True,Stage 4,-62.0,3.6,51.8,-7.402,6.368,-13.3001,0.88,Improving,9.550000190734863,9.5585,10.692,7.1191,5.1183,11.86,2.15,0,unknown,,,rebalance_week,ok,1016570.7724212457,,,,,,,,,,,,,,,,,
MUC@2026-09-23,2026-09-23,MUC,"Blackrock MuniHoldings California Quality Fund, Inc.  Common Stock",US,USALL,Financials,stage4_breakdown,C,live,True,Stage 3 to 4,-53.1,14.0,54.3,-5.5633,6.368,-11.4955,0.88,Improving,9.819999694824219,9.8356,10.8735,8.8002,7.9235,10.55,1.0,0,unknown,,,rebalance_week,ok,2484092.7138110115,,,,,,,,,,,,,,,,,
MWA@2026-09-23,2026-09-23,MWA,MUELLER WATER PRODUCTS Common Stock,US,USALL,Industrials,stage4_breakdown,C,late,True,Stage 4,-79.1,1.2,68.2,-16.0537,0.0,-16.0537,0.88,Improving,21.6299991607666,21.3112,23.8685,11.924,4.1192,12.0,3.67,0,clear,45.0,False,rebalance_week,ok,22055925.752786465,,,,,,,,,,,,,,,,,
MYI@2026-09-23,2026-09-23,MYI,"Blackrock MuniYield Quality Fund III, Inc Common Stock",US,USALL,Financials,stage4_breakdown,C,live,True,Stage 4,-63.0,10.3,56.2,-7.2404,6.368,-13.0948,0.88,Improving,9.779999732971191,9.8791,10.9113,8.8447,7.9685,10.45,1.0,0,unknown,,,rebalance_week,ok,2226139.689752874,,,,,,,,,,,,,,,,,
NHI@2026-09-23,2026-09-23,NHI,"National Health Investors, Inc. Common Stock",US,USALL,Real Estate,stage4_breakdown,C,live,True,Stage 4,-74.0,6.2,75.9,-12.2096,-3.3399,-9.348,0.7,Improving,66.91999816894531,66.1693,74.1096,45.4104,28.0311,12.0,2.61,0,clear,45.0,False,rebalance_week,ok,22046671.715701234,,,,,,,,,,,,,,,,,
NHS@2026-09-23,2026-09-23,NHS,Neuberger High Yield Strategies Fund Inc. Common Stock,US,USALL,Financials,stage4_breakdown,C,live,True,Stage 4,-81.3,6.2,56.1,-11.3804,6.368,-17.1665,0.88,Improving,5.46999979019165,5.552,6.0009,4.1761,3.0449,8.09,3.06,0,unknown,,,rebalance_week,ok,817519.6929134453,,,,,,,,,,,,,,,,,
NMRK@2026-09-23,2026-09-23,NMRK,"Newmark Group, Inc. - Class A Common Stock",US,USALL,Real Estate,stage4_breakdown,C,late,True,Stage 4,-67.1,2.6,71.7,-17.2786,-3.3399,-14.6282,0.7,Improving,13.0600004196167,13.1539,14.7323,7.4061,2.5585,12.0,3.64,0,clear,38.0,False,rebalance_week,ok,14812428.359516036,,,,,,,,,,,,,,,,,
NPKI@2026-09-23,2026-09-23,NPKI,NPK International Inc. Common Stock,US,USALL,Industrials,stage4_breakdown,C,late,True,Stage 4,-69.0,4.1,62.8,-13.7882,0.0,-13.7882,0.88,Improving,11.720000267028809,11.5116,12.893,6.49,2.242,12.0,3.64,0,clear,38.0,False,rebalance_week,ok,8986701.01765348,,,,,,,,,,,,,,,,,
NTWK@2026-09-23,2026-09-23,NTWK,NETSOL Technologies Inc. - Common Stock,US,USALL,Information Technology,stage2_breakout,D,late,False,Stage 2,75.9,34.9,1.1,28.1239,18.9799,7.1807,1.15,Improving,4.900000095367432,4.9136,4.324,6.989,8.7242,12.0,3.52,0,event_ahead,7.0,False,rebalance_week,thin,56535.58600514978,,,,,,,,,,,,,,,,,
NWN@2026-09-23,2026-09-23,NWN,Northwest Natural Holding Company Common Stock,US,USALL,Utilities,stage4_breakdown,C,live,True,Stage 3 to 4,-39.5,9.4,54.9,-2.8468,-6.9755,4.4674,0.88,Improving,47.040000915527344,46.5518,52.1381,39.2787,33.0207,12.0,1.3,0,clear,45.0,False,rebalance_week,ok,8587330.032170868,,,,,,,,,,,,,,,,,
NXP@2026-09-23,2026-09-23,NXP,Nuveen Select Tax Free Income Portfolio Common Stock,US,USALL,Financials,stage4_breakdown,C,live,True,Stage 3 to 4,-55.1,15.8,54.4,-6.1582,6.368,-12.0958,0.88,Improving,13.0600004196167,13.3515,14.5164,12.3921,11.5698,8.73,0.82,0,unknown,,,rebalance_week,ok,1434733.8134665522,,,,,,,,,,,,,,,,,
NXRT@2026-09-23,2026-09-23,NXRT,"NexPoint Residential Trust, Inc. Common Stock",US,USALL,Real Estate,stage4_breakdown,C,late,True,Stage 4,-78.5,0.9,62.6,-26.1489,-3.3399,-23.7412,0.7,Improving,19.639999389648438,20.2369,22.6653,12.0958,5.2444,12.0,3.35,0,clear,36.0,False,rebalance_week,ok,4256801.429758828,,,,,,,,,,,,,,,,,
OIA@2026-09-23,2026-09-23,OIA,Invesco Municipal Income Opportunities Trust Common Stock,US,USALL,Financials,stage4_breakdown,C,live,True,Stage 3 to 4,-60.5,10.8,56.0,-7.0799,6.368,-12.9129,0.88,Improving,5.489999771118164,5.5554,6.2221,4.8797,4.3034,12.0,1.01,0,unknown,,,rebalance_week,ok,485973.1807115892,,,,,,,,,,,,,,,,,
ONIT@2026-09-23,2026-09-23,ONIT,Onity Group Inc. Common Stock,US,USALL,Financials,stage4_breakdown,C,late,True,Stage 4,-74.8,7.4,45.6,-23.4687,6.368,-28.4536,0.88,Improving,30.75,30.614,34.2877,17.3525,5.9945,12.0,3.61,0,clear,45.0,False,rebalance_week,ok,1692369.006347708,,,,,,,,,,,,,,,,,
ORC@2026-09-23,2026-09-23,ORC,"Orchid Island Capital, Inc. Common Stock",US,USALL,Real Estate,stage4_breakdown,C,live,True,Stage 4,-70.2,4.1,69.0,-11.9263,-3.3399,-8.981,0.7,Improving,5.710000038146973,5.8861,6.5924,4.5609,3.4416,12.0,1.88,0,clear,31.0,False,rebalance_week,ok,23556059.25550913,,,,,,,,,,,,,,,,,
PATK@2026-09-23,2026-09-23,PATK,"Patrick Industries, Inc. - Common Stock",US,USALL,Consumer Discretionary,stage4_breakdown,C,late,True,Stage 4,-89.6,5.7,57.1,-31.7533,0.0,-31.7533,0.88,Improving,68.48999786376953,66.6911,74.694,37.675,13.015,12.0,3.63,0,clear,38.0,False,rebalance_week,ok,33186566.762902092,,,,,,,,,,,,,,,,,
PDT@2026-09-23,2026-09-23,PDT,John Hancock Premium Dividend Fund,US,USALL,Financials,stage4_breakdown,C,live,True,Stage 3 to 4,-53.0,17.2,48.1,-5.0295,6.368,-11.0191,0.88,Improving,11.779999732971191,11.8355,13.0005,10.7439,9.8111,9.84,0.94,0,unknown,,,rebalance_week,ok,1117390.447199205,,,,,,,,,,,,,,,,,
PETS@2026-09-23,2026-09-23,PETS,"PetMed Express, Inc. - Common Stock",US,USALL,Health Care,stage4_breakdown,C,late,True,Stage 4,-85.1,10.1,46.0,-34.6046,14.1416,-44.334,0.88,Improving,1.5299999713897705,1.5257,1.7088,0.869,0.3002,12.0,3.59,0,clear,56.0,False,rebalance_week,thin,146520.68909808173,,,,,,,,,,,,,,,,,
PHAR@2026-07-29,2026-09-23,PHAR,"Pharming Group N.V. - ADS, each representing 10 ordinary shares",US,USALL,Health Care,stage4_breakdown,C,late,True,Stage 4,-79.0,5.5,47.9,-29.1526,14.1416,-39.5724,0.88,Improving,10.460000038146973,9.2748,10.3878,5.291,1.8278,12.0,3.58,8,event_driven,,True,clear,thin,122217.02613302693,,,,,,,,,,,,,,,,,
PINE@2026-09-23,2026-09-23,PINE,"Alpine Income Property Trust, Inc. Common Stock",US,USALL,Real Estate,stage4_breakdown,C,live,True,Stage 4,-48.8,8.3,62.6,-3.4945,-3.3399,0.0371,0.88,Improving,17.06999969482422,16.9939,19.0332,12.8798,9.3844,12.0,2.02,0,clear,31.0,False,rebalance_week,ok,1985305.3571247298,,,,,,,,,,,,,,,,,
POOL@2026-09-23,2026-09-23,POOL,Pool Corporation - Common Stock,US,USALL,Industrials,stage4_breakdown,C,late,True,Stage 4,-79.0,6.3,52.1,-24.455,0.0,-24.455,0.88,Improving,164.91000366210938,161.6774,181.0787,90.9535,31.4203,12.0,3.65,0,clear,31.0,False,rebalance_week,ok,114949285.58063254,,,,,,,,,,,,,,,,,
PRTH@2026-09-23,2026-09-23,PRTH,"Priority Technology Holdings, Inc. - Common Stock",US,USALL,Information Technology,stage2_breakout,D,late,False,Stage 2,68.0,18.3,4.1,31.8472,18.9799,9.3753,1.15,Improving,7.78000020980835,7.6254,6.7103,10.3,12.592,12.0,2.92,0,clear,45.0,False,rebalance_week,ok,1415110.898574107,,,,,,,,,,,,,,,,,
RQI@2026-09-23,2026-09-23,RQI,Cohen & Steers Quality Income Realty Fund Inc Common Shares,US,USALL,Financials,stage4_breakdown,C,live,True,Stage 3 to 4,-57.6,6.8,57.2,-5.7277,6.368,-11.5415,0.88,Improving,11.170000076293945,11.0957,12.4272,9.1997,7.5969,12.0,1.42,0,unknown,,,rebalance_week,ok,4506748.30907649,,,,,,,,,,,,,,,,,
SAFE@2026-09-23,2026-09-23,SAFE,Safehold Inc. New Common Stock,US,USALL,Real Estate,stage4_breakdown,C,late,True,Stage 4,-68.7,1.7,78.6,-15.9768,-3.3399,-12.9852,0.7,Improving,12.260000228881836,12.6867,14.2091,8.4252,4.8153,12.0,2.8,0,clear,38.0,False,rebalance_week,ok,3550434.0074277013,,,,,,,,,,,,,,,,,
SBET@2026-09-23,2026-09-23,SBET,"Sharplink, Inc. - Common Stock",US,USALL,Financials,stage2_breakout,D,late,False,Stage 2,70.4,26.4,0.0,13.8143,6.368,5.3659,1.15,Improving,9.630000114440918,9.8047,8.6281,13.7605,17.1769,12.0,3.36,0,clear,52.0,False,rebalance_week,ok,38212768.343475595,,,,,,,,,,,,,,,,,
SBI@2026-09-23,2026-09-23,SBI,Western Asset Intermediate Muni Fund Inc Common Stock,US,USALL,Financials,stage4_breakdown,C,live,True,Stage 3 to 4,-58.3,13.3,55.0,-6.5504,6.368,-12.4471,0.88,Improving,7.0,7.1475,7.8118,6.5783,6.0905,9.29,0.86,0,unknown,,,rebalance_week,ok,280509.50524823985,,,,,,,,,,,,,,,,,
SBXD@2026-09-23,2026-09-23,SBXD,SilverBox Corp IV Class A Ordinary Shares,US,USALL,Financials,stage2_breakout,D,live,False,Stage 1 to 2,54.4,48.5,28.9,6.3511,6.368,-0.3383,0.88,Improving,11.390000343322754,11.2448,10.7673,12.38,13.324,4.25,2.38,0,unknown,,,rebalance_week,thin,60011.61155645885,,,,,,,,,,,,,,,,,
SION@2026-07-15,2026-09-23,SION,"Sionna Therapeutics, Inc. - Common Stock",US,USALL,Health Care,stage2_breakout,D,failed,False,Stage 4,-70.1,1.2,38.8,-85.1815,14.1416,-87.382,0.88,Improving,5.230000019073486,56.5838,49.7938,79.7065,99.4957,12.0,3.41,10,clear,45.0,False,clear,ok,11434971.594299307,,,,,,,,,,,,,,,,,
SMPL@2026-09-23,2026-09-23,SMPL,The Simply Good Foods Company - Common Stock,US,USALL,Consumer Staples,stage4_breakdown,C,late,True,Stage 4,-77.0,9.3,41.8,-37.6651,-0.5517,-37.8462,0.88,Improving,9.600000381469727,9.419,10.5493,5.3597,1.8515,12.0,3.59,0,clear,31.0,False,rebalance_week,ok,19456912.84167375,,,,,,,,,,,,,,,,,
SNN@2026-09-23,2026-09-23,SNN,"Smith & Nephew SNATS, Inc. Common Stock",US,USALL,Health Care,stage4_breakdown,C,live,True,Stage 4,-76.1,2.6,56.8,-15.7188,14.1416,-27.7173,0.88,Improving,26.90999984741211,26.8409,30.0618,17.924,10.4792,12.0,2.77,0,clear,161.0,False,rebalance_week,ok,29936790.35932237,,,,,,,,,,,,,,,,,
SONO@2026-09-23,2026-09-23,SONO,"Sonos, Inc. - Common Stock",US,USALL,Information Technology,stage2_breakout,D,late,False,Stage 2,65.5,24.7,4.9,16.252,18.9799,-4.4831,0.88,Improving,18.174999237060547,17.9976,15.8379,22.76,26.888,12.0,2.21,0,clear,51.0,False,rebalance_week,ok,18096264.006574564,,,,,,,,,,,,,,,,,
STLA@2026-09-23,2026-09-23,STLA,Stellantis N.V. Common Shares,US,USALL,Consumer Discretionary,stage4_breakdown,C,late,True,Stage 4,-81.5,6.8,46.9,-42.4488,0.0,-42.4488,0.88,Improving,4.599999904632568,4.608,5.161,2.618,0.9044,12.0,3.6,0,clear,37.0,False,rebalance_week,ok,91278986.1195999,,,,,,,,,,,,,,,,,
STOK@2026-09-23,2026-09-23,STOK,"Stoke Therapeutics, Inc. - Common Stock",US,USALL,Health Care,stage4_breakdown,C,late,True,Stage 4,-70.2,1.9,59.7,-20.3656,14.1416,-31.1875,0.88,Improving,24.799999237060547,26.4076,29.5765,14.9793,5.1747,12.0,3.61,0,clear,43.0,False,rebalance_week,ok,15911073.990235347,,,,,,,,,,,,,,,,,
SWZ@2026-09-23,2026-09-23,SWZ,Total Return Securities Fund Common Stock,US,USALL,,stage4_breakdown,C,live,True,Stage 3 to 4,-34.3,44.5,52.1,-3.1397,,,1.0,Improving,5.820000171661377,5.8133,6.0467,5.47,5.174,4.02,1.47,0,unknown,,,rebalance_week,ok,201629.70306471,,,,,,,,,,,,,,,,,
TAP@2026-09-23,2026-09-23,TAP,Molson Coors Beverage Company Class B Common Stock,US,USALL,Consumer Staples,stage4_breakdown,C,late,True,Stage 4,-76.7,2.7,55.4,-16.3852,-0.5517,-16.1273,0.88,Improving,35.95000076293945,36.6229,41.0176,26.1239,17.175,12.0,2.39,0,clear,43.0,False,rebalance_week,ok,90030737.66864328,,,,,,,,,,,,,,,,,
TARA@2026-09-23,2026-09-23,TARA,"Protara Therapeutics, Inc.  - Common Stock",US,USALL,Health Care,stage4_breakdown,C,late,True,Stage 4,-85.2,3.4,51.6,-35.0,14.1416,-44.6955,0.88,Improving,3.2799999713897705,3.3261,3.7252,1.8975,0.6555,12.0,3.58,0,clear,50.0,False,rebalance_week,ok,1926640.6551237428,,,,,,,,,,,,,,,,,
TDF@2026-09-23,2026-09-23,TDF,"Templeton Dragon Fund, Inc. Common Stock",US,USALL,Financials,stage4_breakdown,C,live,True,Stage 4,-64.0,7.1,49.3,-9.1214,6.368,-14.935,0.88,Improving,9.789999961853027,9.6724,10.8331,6.3448,3.5761,12.0,2.87,0,unknown,,,rebalance_week,ok,424945.40450449765,,,,,,,,,,,,,,,,,
TGLS@2026-09-23,2026-09-23,TGLS,Tecnoglass Holdings Inc. Common Stock,US,USALL,Materials,stage4_breakdown,C,late,True,Stage 4,-73.3,2.7,53.6,-24.1564,0.0,-24.1564,0.88,Improving,35.439998626708984,34.604,38.7565,19.7077,7.0098,12.0,3.59,0,clear,45.0,False,rebalance_week,ok,8443591.13444702,,,,,,,,,,,,,,,,,
TGS@2026-09-23,2026-09-23,TGS,Transportadora de Gas del Sur SA TGS Common Stock,US,USALL,Energy,stage4_breakdown,C,live,True,Stage 4,-62.3,8.6,59.1,-10.2507,7.7461,,1.0,Improving,26.6200008392334,26.8869,30.1133,18.65,11.57,12.0,2.55,0,clear,43.0,False,rebalance_week,ok,5434122.022751072,,,,,,,,,,,,,,,,,
TPB@2026-09-23,2026-09-23,TPB,"Turning Point Brands, Inc. Common Stock",US,USALL,Consumer Staples,stage4_breakdown,C,late,True,Stage 4,-86.6,6.3,69.0,-33.3731,-0.5517,-33.2062,0.88,Improving,62.06999969482422,63.4127,71.0222,36.1115,12.4749,12.0,3.59,0,clear,44.0,False,rebalance_week,ok,23723026.516759124,,,,,,,,,,,,,,,,,
TRTX@2026-09-23,2026-09-23,TRTX,"TPG RE Finance Trust, Inc. Common Stock",US,USALL,Real Estate,stage4_breakdown,C,late,True,Stage 4,-73.8,3.5,73.4,-18.8283,-3.3399,-16.0962,0.7,Improving,6.559999942779541,7.0823,7.9322,5.525,4.201,12.0,1.83,0,clear,36.0,False,rebalance_week,ok,3944311.461879301,,,,,,,,,,,,,,,,,
TTAM@2026-09-16,2026-09-23,TTAM,Titan America SA Common Shares,US,USALL,Materials,stage4_breakdown,C,late,True,Stage 4,-73.5,3.0,73.6,-14.3791,0.0,-14.3791,0.88,Improving,13.850000381469727,12.9984,14.5582,7.3205,2.5289,12.0,3.64,1,clear,44.0,False,rebalance_week,ok,2645987.829886403,,,,,,,,,,,,,,,,,
TWIN@2026-09-23,2026-09-23,TWIN,"Twin Disc, Incorporated - Common Stock",US,USALL,Industrials,stage2_breakout,D,late,False,Stage 2,79.0,27.9,5.7,40.8251,0.0,40.8251,1.0,Improving,26.1299991607666,26.0363,22.9119,36.7412,45.7341,12.0,3.43,0,clear,44.0,False,rebalance_week,ok,1429776.564963234,,,,,,,,,,,,,,,,,
TYG@2026-09-23,2026-09-23,TYG,Tortoise Energy Infrastructure Corporation Common Stock,US,USALL,Financials,stage4_breakdown,C,live,True,Stage 3 to 4,-49.9,10.4,53.4,-4.1649,6.368,-10.1498,0.88,Improving,40.02000045776367,40.2123,44.9085,32.6908,26.2876,11.68,1.6,0,clear,,False,rebalance_week,ok,4495218.605583412,,,,,,,,,,,,,,,,,
UA@2026-09-23,2026-09-23,UA,"Under Armour, Inc. Class C Common Stock",US,USALL,Consumer Discretionary,stage4_breakdown,C,late,True,Stage 4,-78.4,3.3,69.0,-21.506,0.0,-21.506,0.88,Improving,4.369999885559082,4.5101,5.0513,2.5657,0.8863,12.0,3.59,0,clear,45.0,False,rebalance_week,ok,11115946.81784452,,,,,,,,,,,,,,,,,
UAA@2026-09-23,2026-09-23,UAA,"Under Armour, Inc. Class A Common Stock",US,USALL,Consumer Discretionary,stage4_breakdown,C,late,True,Stage 4,-78.4,1.2,69.0,-22.7265,0.0,-22.7265,0.88,Improving,4.429999828338623,4.6068,5.1596,2.6235,0.9063,12.0,3.59,0,clear,45.0,False,rebalance_week,ok,33600749.17275473,,,,,,,,,,,,,,,,,
VBF@2026-09-23,2026-09-23,VBF,Invesco Bond Fund Common Stock,US,USALL,Financials,stage4_breakdown,C,live,True,Stage 3 to 4,-39.0,26.5,48.1,-3.7344,6.368,-9.879,0.88,Improving,14.180000305175781,14.1641,14.8889,11.9934,10.204,5.12,2.99,0,unknown,,,rebalance_week,ok,628530.6252135095,,,,,,,,,,,,,,,,,
VCV@2026-09-23,2026-09-23,VCV,Invesco California Value Municipal Income Trust Common Stock,US,USALL,Financials,stage4_breakdown,C,live,True,Stage 4,-74.5,7.2,57.5,-11.61,6.368,-17.2123,0.88,Improving,9.140000343322754,9.5332,10.6771,8.2679,7.2022,12.0,1.11,0,unknown,,,rebalance_week,ok,745456.1464503511,,,,,,,,,,,,,,,,,
VGM@2026-09-23,2026-09-23,VGM,Invesco Trust for Investment Grade Municipals Common Stock (DE),US,USALL,Financials,stage4_breakdown,C,live,True,Stage 3 to 4,-58.7,11.6,54.9,-7.4203,6.368,-13.1841,0.88,Improving,9.119999885559082,9.1403,10.2371,7.9227,6.89,12.0,1.11,0,unknown,,,rebalance_week,ok,1203813.1035547783,,,,,,,,,,,,,,,,,
VKQ@2026-09-23,2026-09-23,VKQ,Invesco Municipal Trust Common Stock,US,USALL,Financials,stage4_breakdown,C,live,True,Stage 3 to 4,-56.4,13.3,54.5,-6.6426,6.368,-12.4514,0.88,Improving,8.710000038146973,8.8781,9.9082,7.9571,7.1737,11.6,0.89,0,unknown,,,rebalance_week,ok,1425204.9050622773,,,,,,,,,,,,,,,,,
VLT@2026-09-23,2026-09-23,VLT,Invesco High Income Trust II,US,USALL,Financials,stage4_breakdown,C,live,True,Stage 4,-68.2,8.6,55.9,-8.8553,6.368,-14.6798,0.88,Improving,9.140000343322754,9.282,10.2464,8.3577,7.5749,10.39,0.96,0,unknown,,,rebalance_week,ok,119047.54683890697,,,,,,,,,,,,,,,,,
VMO@2026-09-23,2026-09-23,VMO,Invesco Municipal Opportunity Trust Common Stock,US,USALL,Financials,stage4_breakdown,C,live,True,Stage 3 to 4,-58.4,12.3,54.7,-7.1847,6.368,-12.9715,0.88,Improving,8.630000114440918,8.8093,9.8618,7.9311,7.182,11.95,0.83,0,unknown,,,rebalance_week,ok,1650881.9550471765,,,,,,,,,,,,,,,,,
VNCE@2026-09-23,2026-09-23,VNCE,Vince Holding Corp. - Common Stock,US,USALL,Consumer Discretionary,stage2_breakout,D,late,False,Stage 2,81.3,16.8,5.7,161.9475,0.0,161.9475,1.0,Improving,11.5,11.659,10.2599,16.3125,20.3625,12.0,3.33,0,clear,78.0,False,rebalance_week,thin,676106.8652642801,,,,,,,,,,,,,,,,,
VTN@2026-09-23,2026-09-23,VTN,Invesco Trust for Investment Grade New York Municipals Common Stock,US,USALL,Financials,stage4_breakdown,C,late,True,Stage 4,-73.8,2.6,57.4,-12.4984,6.368,-18.0159,0.88,Improving,9.399999618530273,9.7058,10.8705,8.0156,6.588,12.0,1.45,0,unknown,,,rebalance_week,ok,180220.30833206442,,,,,,,,,,,,,,,,,
VTSI@2026-09-23,2026-09-23,VTSI,"VirTra, Inc. - Common Stock",US,USALL,Information Technology,stage4_breakdown,C,late,True,Stage 4,-70.1,10.8,37.7,-30.9403,18.9799,-44.3648,0.88,Improving,2.859999895095825,2.7875,3.122,1.5785,0.5453,12.0,3.61,0,clear,49.0,False,rebalance_week,thin,108494.53928557415,,,,,,,,,,,,,,,,,
VYGR@2026-09-23,2026-09-23,VYGR,"Voyager Therapeutics, Inc. - Common Stock",US,USALL,Health Care,stage4_breakdown,C,late,True,Stage 4,-70.3,6.9,46.9,-30.0823,14.1416,-40.3698,0.88,Improving,2.680000066757202,2.8394,3.1801,1.617,0.5586,12.0,3.59,0,clear,49.0,False,rebalance_week,ok,1351914.2899856332,,,,,,,,,,,,,,,,,
XENE@2026-09-23,2026-09-23,XENE,Xenon Pharmaceuticals Inc. - Common Shares,US,USALL,Health Care,stage4_breakdown,D,late,False,Stage 4,-57.7,9.0,50.2,-26.7142,14.1416,-35.7381,0.88,Improving,36.939998626708984,37.7028,42.2272,21.494,7.4252,12.0,3.58,0,clear,42.0,False,rebalance_week,ok,39010836.95293593,,,,,,,,,,,,,,,,,
XERS@2026-09-23,2026-09-23,XERS,"Xeris Biopharma Holdings, Inc. - Common Stock",US,USALL,Health Care,stage2_breakout,D,late,False,Stage 2,72.6,33.7,0.9,24.6083,14.1416,7.967,1.15,Improving,9.100000381469727,9.2147,8.109,12.935,16.067,12.0,3.36,0,clear,45.0,False,rebalance_week,ok,8994006.354720464,,,,,,,,,,,,,,,,,
YELP@2026-09-23,2026-09-23,YELP,Yelp Inc. Common Stock,US,USALL,Communication Services,stage4_breakdown,C,late,True,Stage 4,-69.2,4.3,52.4,-31.0303,0.0,-31.0303,0.88,Improving,18.030000686645508,18.9659,21.2418,10.769,3.7202,12.0,3.6,0,clear,45.0,False,rebalance_week,ok,20758970.543492228,,,,,,,,,,,,,,,,,
