ticker,fetched_on,dates
A,2026-10-05,2020-11-23|2021-02-16|2021-05-25|2021-08-17|2021-11-22|2022-02-22|2022-05-24|2022-08-16|2022-11-21|2023-02-28|2023-05-23|2023-08-15|2023-11-20|2024-02-27|2024-05-29|2024-08-21|2024-11-25|2025-02-26|2025-05-28|2025-08-27|2025-11-24|2026-02-25|2026-05-27|2026-08-26|2026-11-25
AA,2026-10-05,2020-10-14|2021-01-20|2021-04-15|2021-07-15|2021-10-14|2022-01-19|2022-04-20|2022-07-20|2022-10-19|2023-01-18|2023-04-19|2023-07-19|2023-10-18|2024-01-17|2024-04-17|2024-07-17|2024-10-16|2025-01-22|2025-04-16|2025-07-16|2025-10-22|2026-01-22|2026-04-16|2026-07-16|2026-10-15
AAF.L,2026-10-05,2020-07-24|2020-10-23|2021-01-29|2021-05-12|2021-07-29|2021-10-28|2022-02-04|2022-05-11|2022-07-28|2022-10-27|2023-02-02|2023-05-11|2023-07-27|2023-10-30|2024-02-01|2024-05-09|2024-07-25|2024-10-25|2025-01-30|2025-05-08|2025-10-28|2026-01-30|2026-05-08|2026-07-23|2026-10-30
AAL,2026-09-14,2020-10-22|2021-01-28|2021-04-22|2021-07-22|2021-10-21|2022-01-20|2022-04-21|2022-07-21|2022-10-20|2023-01-26|2023-04-27|2023-07-20|2023-10-19|2024-01-25|2024-04-25|2024-07-25|2024-10-24|2025-01-23|2025-04-24|2025-07-24|2025-10-23|2026-01-27|2026-04-23|2026-07-23|2026-10-22
AAL.L,2026-10-05,2010-02-28|2026-07-30|2027-02-19
AAON,2026-10-05,2020-11-05|2021-02-25|2021-05-06|2021-08-05|2021-11-04|2022-02-28|2022-05-05|2022-08-08|2022-11-07|2023-02-27|2023-05-04|2023-08-03|2023-11-06|2024-02-28|2024-05-02|2024-08-01|2024-11-07|2025-02-27|2025-04-30|2025-08-11|2025-11-06|2026-03-02|2026-05-07|2026-08-10|2026-11-05
AAP,2026-10-05,2020-11-10|2021-02-16|2021-06-02|2021-08-24|2021-11-15|2022-02-14|2022-05-23|2022-08-23|2022-11-15|2023-02-28|2023-05-31|2023-08-23|2023-11-15|2024-02-28|2024-05-29|2024-08-22|2024-11-14|2025-02-26|2025-05-22|2025-08-14|2025-10-30|2026-02-13|2026-05-21|2026-08-20|2026-11-05
AAUC,2026-10-05,2026-11-04
ABAT,2026-10-05,2021-10-13|2021-11-15|2022-05-15|2022-11-14|2023-02-14|2023-05-15|2023-11-14|2024-02-14|2024-05-15|2024-09-23|2024-11-14|2025-05-15|2025-09-18|2026-02-05|2026-05-11|2026-09-14|2026-11-06
ABBV,2026-10-05,2020-10-30|2021-02-03|2021-04-30|2021-07-30|2021-10-29|2022-02-02|2022-04-29|2022-07-29|2022-10-28|2023-02-09|2023-04-27|2023-07-27|2023-10-27|2024-02-02|2024-04-26|2024-07-25|2024-10-30|2025-01-31|2025-04-25|2025-07-31|2025-10-31|2026-02-04|2026-04-29|2026-07-31|2026-10-30
ABCB,2026-09-14,2020-10-22|2021-01-28|2021-04-22|2021-07-22|2021-10-28|2022-01-27|2022-04-26|2022-07-26|2022-10-27|2023-01-26|2023-04-27|2023-07-27|2023-10-26|2024-01-25|2024-04-25|2024-07-25|2024-10-24|2025-01-30|2025-04-28|2025-07-28|2025-10-27|2026-01-29|2026-04-23|2026-07-23|2026-10-26
ABG,2026-10-05,2020-10-27|2021-02-02|2021-04-27|2021-07-27|2021-10-26|2022-02-15|2022-04-28|2022-07-28|2022-10-27|2023-02-02|2023-04-25|2023-07-25|2023-10-24|2024-02-08|2024-04-25|2024-08-02|2024-10-29|2025-01-30|2025-04-29|2025-07-29|2025-10-28|2026-02-05|2026-04-28|2026-07-28|2026-10-27
ABLV,2026-10-05,FAILED
ABNB,2026-09-21,2021-02-26|2021-05-14|2021-08-12|2021-11-04|2022-02-15|2022-05-03|2022-08-02|2022-11-01|2023-02-14|2023-05-09|2023-08-03|2023-11-01|2024-02-13|2024-05-08|2024-08-06|2024-11-07|2025-02-13|2025-05-01|2025-08-06|2025-11-06|2026-02-12|2026-05-07|2026-08-06|2026-11-05
ABOS,2026-10-05,2021-08-16|2021-11-15|2022-03-28|2022-05-16|2022-08-15|2022-11-14|2023-03-27|2023-05-09|2023-08-08|2023-11-13|2024-03-26|2024-05-14|2024-08-13|2024-11-12|2025-03-27|2025-05-13|2025-08-12|2025-11-12|2026-03-26|2026-05-12|2026-08-12|2026-11-11
ABR,2026-10-05,2020-10-30|2021-02-19|2021-05-07|2021-07-30|2021-10-29|2022-02-18|2022-05-06|2022-07-29|2022-11-04|2023-02-17|2023-05-05|2023-07-28|2023-10-27|2024-02-16|2024-05-03|2024-08-02|2024-11-01|2025-02-21|2025-05-02|2025-08-01|2025-10-31|2026-02-27|2026-05-08|2026-07-31|2026-10-30
ABTC,2026-10-05,2026-03-27|2026-05-06|2026-08-03|2026-11-04
ABX,2026-09-21,2024-08-12|2024-11-07|2025-03-27|2025-05-08|2025-08-08|2025-11-06|2026-03-11|2026-05-06|2026-08-06|2026-11-05
ACA,2026-10-05,2020-10-28|2021-02-24|2021-04-29|2021-08-04|2021-11-03|2022-02-23|2022-04-28|2022-08-03|2022-11-02|2023-02-23|2023-04-27|2023-08-03|2023-11-01|2024-02-22|2024-05-02|2024-08-01|2024-10-30|2025-02-27|2025-05-06|2025-08-07|2025-10-30|2026-02-26|2026-04-30|2026-08-05|2026-10-29
ACB,2026-10-05,2020-09-22|2020-11-09|2021-02-11|2021-05-13|2021-09-27|2021-11-09|2022-02-10|2022-05-12|2022-09-20|2022-11-10|2023-02-10|2023-06-14|2023-08-10|2023-11-09|2024-02-08|2024-06-20|2024-08-07|2025-02-05|2025-06-18|2025-08-06|2025-11-05|2026-02-04|2026-06-11|2026-08-05|2026-11-04
ACCO,2026-10-05,2020-10-27|2021-02-16|2021-04-27|2021-07-28|2021-10-26|2022-02-15|2022-04-26|2022-08-08|2022-11-07|2023-02-23|2023-05-04|2023-08-08|2023-11-02|2024-02-22|2024-05-02|2024-08-01|2024-10-31|2025-02-20|2025-05-01|2025-07-31|2025-10-30|2026-03-09|2026-04-30|2026-07-30|2026-10-29
ACCS,2026-09-07,2020-04-30|2020-07-31|2020-10-29|2021-03-04|2021-05-06|2021-08-05|2021-11-04|2022-03-03|2022-05-05|2022-08-04|2022-11-03|2023-03-02|2023-05-11|2023-08-10|2023-11-09|2024-03-07|2024-05-09|2024-08-08|2024-11-07|2025-03-25|2025-08-12|2025-11-12|2026-03-19|2026-08-11|2026-11-10
ACET,2026-10-05,2020-11-05|2021-03-11|2021-05-17|2021-08-12|2021-11-10|2022-03-15|2022-05-12|2022-08-10|2022-11-08|2023-03-15|2023-05-09|2023-08-09|2023-11-08|2024-03-19|2024-05-14|2024-08-13|2024-11-06|2025-03-06|2025-05-06|2025-08-07|2025-11-05|2026-03-12|2026-05-13|2026-08-05|2026-11-05
ACH,2026-09-07,2020-11-02|2021-02-24|2021-05-05|2021-08-03|2021-11-03|2022-02-23|2022-05-03|2022-08-03|2022-11-02|2023-02-28|2023-05-05|2023-08-04|2023-11-03|2024-02-20|2024-05-03|2024-08-02|2024-11-04|2025-02-28|2025-05-08|2025-08-11|2025-10-30|2026-02-19|2026-05-11|2026-08-10|2026-10-29
ACHC,2026-10-05,2020-10-29|2021-02-25|2021-04-29|2021-08-02|2021-10-28|2022-02-28|2022-05-03|2022-07-27|2022-10-31|2023-02-27|2023-04-26|2023-07-27|2023-11-02|2024-02-27|2024-05-01|2024-07-31|2024-10-30|2025-02-27|2025-05-12|2025-08-05|2025-11-05|2026-02-25|2026-04-29|2026-07-28|2026-11-04
ACHR,2026-10-05,2021-11-12|2022-03-14|2022-05-12|2022-08-10|2022-11-10|2023-03-09|2023-05-11|2023-08-10|2023-11-09|2024-02-26|2024-05-09|2024-08-08|2024-11-07|2025-02-27|2025-05-12|2025-08-11|2025-11-06|2026-03-02|2026-05-11|2026-08-10|2026-11-05
ACHV,2026-09-21,2020-11-12|2021-03-11|2021-05-13|2021-08-12|2021-11-09|2022-03-10|2022-05-12|2022-08-11|2022-11-14|2023-03-16|2023-05-09|2023-08-14|2023-11-09|2024-03-28|2024-05-09|2024-08-13|2024-11-07|2025-03-11|2025-05-13|2025-08-07|2025-11-06|2026-03-24|2026-05-12|2026-08-11|2026-11-05
ACI,2026-09-07,2020-10-20|2021-01-12|2021-04-26|2021-07-29|2021-10-18|2022-01-11|2022-04-12|2022-07-26|2022-10-18|2023-01-10|2023-04-11|2023-07-25|2023-10-17|2024-01-09|2024-04-22|2024-07-23|2024-10-15|2025-01-08|2025-04-15|2025-07-15|2025-10-14|2026-01-07|2026-04-14|2026-07-23|2026-10-13
ACIC,2026-10-05,2020-02-20|2020-05-06|2020-08-05|2020-11-05|2021-02-24|2021-05-05|2021-08-04|2021-11-11|2022-02-23|2022-05-09|2022-08-08|2022-11-09|2023-11-13|2024-02-29|2024-05-08|2024-08-07|2024-11-06|2025-02-27|2025-05-08|2025-08-06|2025-11-05|2026-02-19|2026-05-05|2026-08-05|2026-11-04
ACIW,2026-10-05,2020-11-05|2021-02-25|2021-05-06|2021-08-05|2021-11-04|2022-02-24|2022-05-05|2022-08-04|2022-11-02|2023-03-01|2023-05-04|2023-08-03|2023-11-02|2024-02-29|2024-04-30|2024-08-01|2024-11-07|2025-02-27|2025-05-08|2025-08-07|2025-11-06|2026-02-26|2026-05-07|2026-08-06|2026-11-05
ACM,2026-10-05,2020-11-16|2021-02-08|2021-05-10|2021-08-09|2021-11-15|2022-02-07|2022-05-09|2022-08-08|2022-11-14|2023-02-06|2023-05-08|2023-08-07|2023-11-13|2024-02-05|2024-05-06|2024-08-05|2024-11-18|2025-02-03|2025-05-05|2025-08-04|2025-11-18|2026-02-09|2026-05-11|2026-08-10|2026-11-17
ACOG,2026-09-28,2022-04-28|2022-08-25|2022-11-28|2023-03-08|2024-08-12|2024-11-15|2025-03-31|2025-05-15|2025-08-14|2025-11-13|2026-03-26|2026-05-14|2026-08-13|2026-11-12
ACON,2026-10-05,2022-08-15|2022-11-14|2023-02-27|2023-07-03|2023-08-25|2023-11-14|2024-05-15|2024-08-14|2024-11-14|2025-04-09|2025-08-14|2025-11-12|2026-03-18|2026-05-13|2026-08-06
ACP,2026-10-05,FAILED
ACR,2026-09-07,2020-11-04|2021-03-04|2021-05-06|2021-08-04|2021-11-04|2022-03-03|2022-05-05|2022-08-04|2022-11-07|2023-03-02|2023-05-03|2023-08-02|2023-11-01|2024-02-28|2024-05-01|2024-07-31|2024-10-30|2025-03-05|2025-04-30|2025-07-30|2025-10-29|2026-03-04|2026-04-30|2026-07-29|2026-10-28
ACRE,2026-10-05,2020-10-29|2021-02-18|2021-05-04|2021-07-30|2021-11-03|2022-02-15|2022-05-03|2022-07-29|2022-11-02|2023-02-15|2023-05-02|2023-08-02|2023-11-03|2024-02-22|2024-05-09|2024-08-06|2024-11-07|2025-02-12|2025-05-07|2025-08-05|2025-11-07|2026-02-10|2026-05-07|2026-08-04|2026-11-05
ACT,2026-10-05,2021-11-02|2022-02-01|2022-05-03|2022-08-01|2022-11-01|2023-02-06|2023-05-03|2023-08-01|2023-11-01|2024-02-06|2024-05-01|2024-07-31|2024-11-06|2025-02-04|2025-04-30|2025-07-30|2025-11-05|2026-02-03|2026-05-05|2026-08-05|2026-11-04
ACVA,2026-10-05,2021-05-13|2021-08-11|2021-11-10|2022-02-16|2022-05-11|2022-08-10|2022-11-09|2023-02-22|2023-05-10|2023-08-07|2023-11-06|2024-02-21|2024-05-08|2024-08-07|2024-11-07|2025-02-19|2025-05-07|2025-08-11|2025-11-05|2026-02-23|2026-05-06|2026-08-10|2026-11-04
ACXP,2026-10-05,2022-03-16|2022-05-10|2022-08-12|2022-11-10|2023-03-15|2023-05-12|2023-08-11|2023-11-13|2024-03-15|2024-05-14|2024-08-08|2024-11-12|2025-03-17|2025-05-12|2025-08-11|2025-11-12|2026-03-12|2026-05-11|2026-08-13|2026-11-11
ADAG,2026-10-05,2021-03-31|2021-08-25|2022-04-25|2022-08-30|2022-11-03|2023-04-28
ADBE,2026-09-07,2020-12-10|2021-03-23|2021-06-17|2021-09-21|2021-12-16|2022-03-22|2022-06-16|2022-09-15|2022-12-15|2023-03-15|2023-06-15|2023-09-14|2023-12-13|2024-03-14|2024-06-13|2024-09-12|2024-12-11|2025-03-12|2025-06-12|2025-09-11|2025-12-10|2026-03-12|2026-06-11|2026-09-10|2026-12-09
ADC,2026-10-05,2020-10-19|2021-02-18|2021-05-03|2021-07-26|2021-11-01|2022-02-22|2022-05-03|2022-08-02|2022-11-01|2023-02-14|2023-05-04|2023-08-01|2023-10-24|2024-02-13|2024-04-23|2024-07-23|2024-10-22|2025-02-11|2025-04-22|2025-07-31|2025-10-21|2026-02-10|2026-04-21|2026-07-30|2026-10-20
ADM,2026-10-05,2020-10-29|2021-01-26|2021-04-27|2021-07-27|2021-10-26|2022-01-25|2022-04-26|2022-07-26|2022-10-25|2023-01-26|2023-04-25|2023-07-25|2023-10-24|2024-03-12|2024-04-30|2024-07-30|2024-11-18|2025-02-04|2025-05-06|2025-08-05|2025-11-04|2026-02-03|2026-05-05|2026-08-04|2026-11-03
ADP,2026-10-05,2020-10-28|2021-01-27|2021-04-28|2021-07-28|2021-10-27|2022-01-26|2022-04-27|2022-07-27|2022-10-26|2023-01-25|2023-04-26|2023-07-26|2023-10-25|2024-01-31|2024-05-01|2024-07-31|2024-10-30|2025-01-29|2025-04-30|2025-07-30|2025-10-29|2026-01-28|2026-04-29|2026-07-28|2026-10-28
ADPT,2026-10-05,2020-11-10|2021-02-24|2021-05-05|2021-08-04|2021-11-03|2022-02-15|2022-05-04|2022-08-03|2022-11-03|2023-02-14|2023-05-03|2023-08-02|2023-11-09|2024-02-14|2024-05-07|2024-08-01|2024-11-07|2025-02-11|2025-05-01|2025-08-05|2025-11-05|2026-02-05|2026-05-05|2026-07-29|2026-11-04
ADSK,2026-09-07,2020-11-24|2021-02-25|2021-05-27|2021-08-25|2021-11-23|2022-02-24|2022-05-26|2022-08-24|2022-11-22|2023-02-23|2023-05-25|2023-08-23|2023-11-21|2024-02-29|2024-06-10|2024-08-29|2024-11-26|2025-02-27|2025-05-22|2025-08-28|2025-11-25|2026-02-26|2026-05-28|2026-08-27|2026-11-27
ADTN,2026-10-05,2020-11-02|2021-02-03|2021-05-05|2021-08-04|2021-11-01|2022-02-02|2022-05-04|2022-08-03|2022-11-08|2023-02-21|2023-05-08|2023-08-06|2023-11-06|2024-02-26|2024-05-07|2024-08-05|2024-11-07|2025-02-26|2025-05-07|2025-08-04|2025-11-03|2026-02-25|2026-05-04|2026-08-03|2026-11-02
AEC,2026-10-05,2026-11-13
AEE,2026-10-05,2020-11-04|2021-02-18|2021-05-10|2021-08-05|2021-11-03|2022-02-17|2022-05-05|2022-08-04|2022-11-03|2023-02-15|2023-05-04|2023-08-02|2023-11-08|2024-02-22|2024-05-02|2024-08-01|2024-11-06|2025-02-13|2025-05-01|2025-07-31|2025-11-05|2026-02-11|2026-05-05|2026-07-30|2026-11-05
AEHL,2026-10-05,2011-03-14|2011-05-09|2011-08-10|2011-11-14|2012-03-07|2012-05-14|2012-08-15|2012-11-14
AEHR,2026-10-05,2020-09-24|2021-01-07|2021-04-08|2021-07-15|2021-09-23|2022-01-06|2022-03-31|2022-07-19|2022-10-06|2023-01-05|2023-03-30|2023-07-13|2023-10-05|2024-01-09|2024-04-09|2024-07-16|2024-10-10|2025-01-13|2025-04-08|2025-07-08|2025-10-06|2026-01-08|2026-04-07|2026-07-14|2026-11-02
AEM,2026-10-05,2020-10-28|2021-02-11|2021-04-29|2021-07-28|2021-10-27|2022-02-23|2022-04-28|2022-07-27|2022-10-26|2023-02-16|2023-04-27|2023-07-26|2023-10-25|2024-02-15|2024-04-25|2024-07-31|2024-10-30|2025-02-13|2025-04-24|2025-07-30|2025-10-29|2026-02-12|2026-04-30|2026-07-29|2026-10-28
AEMD,2026-09-21,2020-10-28|2021-02-10|2021-06-24|2021-08-09|2021-11-09|2022-02-14|2022-06-28|2022-08-09|2022-11-14|2023-02-13|2023-06-28|2023-08-10|2023-11-14|2024-02-14|2024-06-27|2024-08-14|2024-11-13|2025-02-12|2025-06-26|2025-08-13|2025-11-12|2026-02-12|2026-06-10|2026-08-13|2026-11-11
AENT,2026-10-05,2024-09-20|2024-11-12|2025-02-13|2025-09-10|2025-11-12|2026-02-12|2026-05-14|2026-09-10|2026-11-11
AEP,2026-10-05,2020-10-22|2021-02-25|2021-04-22|2021-07-22|2021-10-28|2022-02-24|2022-04-28|2022-07-27|2022-10-27|2023-02-23|2023-05-04|2023-07-27|2023-11-02|2024-02-26|2024-04-30|2024-07-30|2024-11-06|2025-02-13|2025-05-06|2025-07-30|2025-10-29|2026-02-12|2026-05-05|2026-07-30|2026-10-28
AERT,2026-09-07,FAILED
AFG,2026-09-21,2020-10-28|2021-02-03|2021-05-04|2021-08-03|2021-11-02|2022-02-09|2022-05-04|2022-08-03|2022-11-02|2023-02-01|2023-05-02|2023-08-02|2023-11-01|2024-02-06|2024-05-01|2024-08-06|2024-11-05|2025-02-04|2025-05-06|2025-08-05|2025-11-04|2026-02-03|2026-04-29|2026-08-04|2026-11-03
AFL,2026-10-05,2020-10-27|2021-02-03|2021-04-28|2021-07-28|2021-10-27|2022-02-02|2022-04-27|2022-08-01|2022-10-31|2023-02-01|2023-04-26|2023-08-01|2023-11-01|2024-01-31|2024-05-01|2024-07-31|2024-10-30|2025-02-05|2025-04-30|2025-08-05|2025-11-04|2026-02-04|2026-04-29|2026-08-06|2026-11-04
AFRI,2026-10-05,FAILED
AFYA,2026-10-05,2020-12-03|2021-04-08|2021-05-27|2021-08-26|2021-11-22|2022-03-31|2022-05-23|2022-08-22|2022-11-21|2023-03-22|2023-05-24|2023-08-28|2023-11-13|2024-03-14|2024-05-09|2024-08-14|2024-11-13|2025-03-13|2025-05-08|2025-08-13|2025-11-12|2026-03-12|2026-05-07|2026-08-13|2026-11-12
AG,2026-10-05,2020-11-05|2021-02-18|2021-05-06|2021-08-16|2021-11-04|2022-03-10|2022-05-12|2022-08-04|2022-11-09|2023-02-23|2023-05-04|2023-08-03|2023-11-02|2024-02-22|2024-05-08|2024-08-01|2024-11-07|2025-02-20|2025-05-07|2025-08-14|2025-11-05|2026-02-19|2026-05-12|2026-07-30|2026-11-05
AGCO,2026-10-05,2020-11-03|2021-02-04|2021-04-29|2021-07-29|2021-10-28|2022-02-08|2022-05-03|2022-07-28|2022-11-01|2023-02-07|2023-05-02|2023-07-27|2023-10-31|2024-02-06|2024-05-02|2024-07-30|2024-11-05|2025-02-06|2025-05-01|2025-07-31|2025-10-31|2026-02-05|2026-05-05|2026-07-30|2026-10-29
AGI,2026-09-28,2020-10-28|2021-02-23|2021-04-28|2021-07-28|2021-10-27|2022-02-23|2022-04-27|2022-07-27|2022-10-26|2023-02-22|2023-04-26|2023-07-26|2023-10-25|2024-02-21|2024-04-24|2024-07-31|2024-11-06|2025-02-19|2025-04-30|2025-07-30|2025-10-28|2026-02-18|2026-04-29|2026-07-29|2026-10-28
AGIG,2026-09-28,FAILED
AGIO,2026-09-28,2020-11-05|2021-02-25|2021-04-29|2021-07-29|2021-11-03|2022-02-24|2022-05-05|2022-08-04|2022-11-03|2023-02-23|2023-05-04|2023-08-03|2023-11-02|2024-02-15|2024-05-02|2024-08-01|2024-10-31|2025-02-13|2025-05-01|2025-07-31|2025-10-30|2026-02-12|2026-04-29|2026-07-30|2026-10-29
AGM,2026-10-05,2020-11-09|2021-02-25|2021-05-06|2021-08-05|2021-11-08|2022-02-28|2022-05-09|2022-08-08|2022-11-07|2023-02-24|2023-05-09|2023-08-07|2023-11-06|2024-02-23|2024-05-06|2024-08-05|2024-11-04|2025-02-21|2025-05-09|2025-08-07|2025-11-03|2026-02-19|2026-05-05|2026-07-30|2026-11-03
AGM-A,2026-09-14,FAILED
AGMH,2026-08-17,FAILED
AGNC,2026-10-05,2020-10-26|2021-01-25|2021-04-26|2021-07-26|2021-10-25|2022-01-31|2022-05-02|2022-07-25|2022-10-24|2023-01-30|2023-04-24|2023-07-24|2023-10-30|2024-01-22|2024-04-22|2024-07-22|2024-10-21|2025-01-27|2025-04-21|2025-07-21|2025-10-20|2026-01-26|2026-04-20|2026-07-20|2026-10-19
AGNT,2026-10-05,2020-11-09|2021-03-11|2021-05-06|2021-08-04|2021-11-03|2022-02-24|2022-05-04|2022-08-03|2022-11-02|2023-02-28|2023-05-02|2023-08-03|2023-11-02|2024-02-22|2024-05-01|2024-07-31|2024-11-07|2025-02-20|2025-05-06|2025-07-31|2025-11-06|2026-02-24|2026-05-11|2026-08-04|2026-11-05
AGO,2026-10-05,2020-11-05|2021-02-25|2021-05-06|2021-08-05|2021-11-04|2022-02-24|2022-05-05|2022-08-03|2022-11-07|2023-02-28|2023-05-09|2023-08-08|2023-11-07|2024-02-27|2024-05-07|2024-08-07|2024-11-11|2025-02-27|2025-05-08|2025-08-07|2025-11-06|2026-02-26|2026-05-07|2026-08-06|2026-11-05
AGPU,2026-10-05,2021-03-15|2021-05-12|2021-08-11|2021-11-10|2022-03-31|2022-05-12|2022-11-10|2024-11-12|2025-03-31
AGX,2026-10-05,2020-12-09|2021-04-14|2021-06-08|2021-09-07|2021-12-08|2022-04-13|2022-06-08|2022-09-08|2022-12-07|2023-04-12|2023-06-08|2023-09-06|2023-12-06|2024-04-11|2024-06-06|2024-09-05|2024-12-05|2025-03-27|2025-06-04|2025-09-04|2025-12-04|2026-03-26|2026-06-04|2026-09-02|2026-12-03
AGYS,2026-10-05,2020-10-27|2021-01-26|2021-05-18|2021-07-27|2021-10-26|2022-01-25|2022-05-17|2022-07-26|2022-10-25|2023-01-24|2023-05-16|2023-07-24|2023-10-23|2024-01-22|2024-05-13|2024-07-22|2024-10-28|2025-01-21|2025-05-19|2025-07-21|2025-10-27|2026-01-26|2026-05-18|2026-07-27|2026-10-26
AHCO,2026-10-05,2020-11-04|2021-03-04|2021-05-06|2021-08-05|2021-11-04|2022-02-24|2022-05-10|2022-08-09|2022-11-08|2023-02-26|2023-05-09|2023-08-08|2023-11-07|2024-02-27|2024-05-07|2024-08-06|2024-11-05|2025-02-25|2025-05-06|2025-08-05|2025-11-04|2026-02-24|2026-05-05|2026-08-04|2026-11-03
AHR,2026-10-05,2024-03-21|2024-05-13|2024-08-05|2024-11-12|2025-02-27|2025-05-08|2025-08-07|2025-11-06|2026-02-26|2026-05-07|2026-08-06|2026-11-05
AHRT,2026-09-14,2020-11-05|2021-02-11|2021-05-04|2021-08-03|2021-11-02|2022-02-10|2022-05-03|2022-08-04|2022-11-08|2023-02-14|2023-05-09|2023-08-03|2023-11-02|2024-02-22|2024-05-08|2024-08-07|2024-11-04|2025-02-19|2025-05-07|2025-08-04|2025-11-03|2026-02-16|2026-05-04|2026-08-03|2026-11-02
AHT,2026-10-05,2020-10-27|2021-02-24|2021-05-04|2021-07-28|2021-10-26|2022-02-23|2022-05-03|2022-08-02|2022-11-01|2023-02-21|2023-05-01|2023-08-02|2023-11-07|2024-02-28|2024-05-09|2024-07-30|2024-11-05|2025-02-25|2025-05-06|2025-07-31|2025-11-04|2026-02-25|2026-05-11|2026-08-12|2026-11-10
AIFU,2026-10-05,2011-05-23|2011-08-29|2011-11-21|2012-03-01|2014-03-10|2014-05-21|2014-08-25|2014-11-25|2015-03-02|2015-05-19|2015-08-19|2015-11-19|2016-03-08|2016-11-21|2019-08-20|2019-11-20|2020-08-24|2020-11-24|2021-03-16|2021-05-26|2021-08-23|2021-11-23|2022-03-28|2022-05-26|2022-08-23
AIR,2026-09-14,2020-09-24|2020-12-17|2021-03-23|2021-07-20|2021-09-23|2021-12-21|2022-03-22|2022-07-21|2022-09-22|2022-12-20|2023-03-21|2023-07-18|2023-09-26|2023-12-21|2024-03-21|2024-07-18|2024-09-23|2025-01-07|2025-03-27|2025-07-16|2025-09-23|2026-01-06|2026-03-24|2026-07-21|2026-09-29
AIRE,2026-10-05,2024-11-12|2025-04-02|2025-05-16|2025-08-14|2025-11-12|2026-03-12|2026-04-28
AIRI,2026-10-05,2019-08-08|2019-11-07|2020-03-27|2020-05-15|2020-08-07|2020-11-09|2021-03-29|2021-05-11|2021-08-05|2021-11-12|2022-03-25|2022-05-11|2022-08-22|2022-11-14|2023-05-16|2023-08-17|2023-12-06|2024-04-01|2024-05-15|2024-08-14|2024-11-14|2025-03-31|2025-05-15|2025-08-14|2026-05-14
AIRS,2026-10-05,2021-12-03|2022-03-11|2022-05-13|2022-08-12|2022-11-10|2023-03-10|2023-05-12|2023-08-11|2023-11-09|2024-02-27|2024-05-10|2024-08-09|2024-11-08|2025-03-14|2025-05-02|2025-08-01|2025-11-07|2026-03-31|2026-05-08|2026-08-10|2026-11-09
AIRT,2026-09-21,FAILED
AISP,2026-10-05,2024-08-14|2024-11-14|2025-02-28|2025-05-15|2025-08-05|2025-11-14|2026-02-17|2026-05-08|2026-08-06|2026-11-16
AIV,2026-10-05,2026-11-05
AIXC,2026-09-21,2021-05-14|2021-08-16|2021-11-15|2022-03-31|2022-05-13|2022-08-15|2022-11-14|2023-05-02|2023-05-15|2023-08-14|2023-11-14|2024-04-08
ALB,2026-10-05,2020-11-04|2021-02-17|2021-05-05|2021-08-04|2021-11-03|2022-02-16|2022-05-04|2022-08-03|2022-11-02|2023-02-15|2023-05-03|2023-08-02|2023-11-01|2024-02-14|2024-05-01|2024-07-31|2024-11-06|2025-02-12|2025-04-30|2025-07-30|2025-11-05|2026-02-11|2026-05-06|2026-08-05|2026-11-04
ALGN,2026-10-05,2020-10-21|2021-02-03|2021-04-28|2021-07-28|2021-10-27|2022-02-02|2022-04-27|2022-07-27|2022-10-26|2023-02-01|2023-04-26|2023-07-26|2023-10-25|2024-01-31|2024-04-24|2024-07-24|2024-10-23|2025-02-05|2025-04-30|2025-07-30|2025-10-29|2026-02-04|2026-04-29|2026-07-29|2026-10-28
ALGT,2026-09-21,2020-10-28|2021-02-03|2021-05-04|2021-07-28|2021-10-27|2022-02-02|2022-05-04|2022-08-03|2022-11-02|2023-02-01|2023-05-03|2023-08-02|2023-11-02|2024-02-05|2024-05-07|2024-07-31|2024-10-30|2025-02-04|2025-05-06|2025-08-04|2025-11-04|2026-02-04|2026-04-30|2026-08-04|2026-11-04
ALHC,2026-10-05,2021-05-17|2021-08-09|2021-11-04|2022-03-03|2022-05-05|2022-08-04|2022-11-03|2023-02-28|2023-05-04|2023-08-03|2023-11-02|2024-02-27|2024-05-02|2024-08-01|2024-10-29|2025-02-27|2025-05-01|2025-07-30|2025-10-30|2026-02-26|2026-04-30|2026-07-30|2026-10-29
ALIT,2026-10-05,2021-11-09|2022-02-23|2022-05-09|2022-08-03|2022-11-03|2023-02-21|2023-05-09|2023-08-01|2023-11-01|2024-02-21|2024-05-08|2024-08-06|2024-11-12|2025-02-20|2025-05-08|2025-08-05|2025-11-05|2026-02-19|2026-05-05|2026-08-04|2026-11-04
ALKT,2026-10-05,2021-05-12|2021-08-04|2021-11-04|2022-02-23|2022-05-05|2022-08-03|2022-11-03|2023-02-23|2023-05-03|2023-08-02|2023-11-01|2024-02-28|2024-05-01|2024-07-31|2024-10-30|2025-02-27|2025-04-30|2025-07-30|2025-10-30|2026-02-25|2026-04-29|2026-07-29|2026-10-28
ALL,2026-09-28,2020-11-04|2021-02-03|2021-05-05|2021-08-04|2021-11-03|2022-02-02|2022-05-04|2022-08-03|2022-11-02|2023-02-01|2023-05-03|2023-08-01|2023-11-01|2024-02-07|2024-05-01|2024-07-31|2024-10-30|2025-02-05|2025-04-30|2025-07-30|2025-11-05|2026-02-04|2026-04-29|2026-08-05|2026-11-04
ALLO,2026-10-05,2020-11-04|2021-02-25|2021-05-05|2021-08-04|2021-11-04|2022-02-23|2022-05-04|2022-08-09|2022-11-02|2023-02-28|2023-05-03|2023-08-02|2023-11-02|2024-03-14|2024-05-13|2024-08-07|2024-11-07|2025-03-13|2025-05-13|2025-08-13|2025-11-06|2026-03-12|2026-05-13|2026-08-12|2026-11-05
ALMS,2026-10-05,2024-08-13|2024-11-13|2025-03-19|2025-05-14|2025-08-13|2025-11-13|2026-03-19|2026-05-14|2026-08-13|2026-11-12
ALOY,2026-10-05,2026-08-13
ALP,2026-10-05,2021-08-30|2021-11-23|2022-02-24|2022-08-01|2022-08-29|2022-11-29|2023-03-01|2023-07-31|2023-08-29|2023-11-28|2024-02-28|2024-08-14|2026-06-29|2026-07-16|2027-01-12
ALRM,2026-10-05,2020-11-05|2021-02-25|2021-05-04|2021-08-05|2021-11-04|2022-02-24|2022-05-05|2022-08-09|2022-11-08|2023-02-23|2023-05-10|2023-08-09|2023-11-09|2024-02-22|2024-05-09|2024-08-08|2024-11-07|2025-02-20|2025-05-08|2025-08-07|2025-11-06|2026-02-19|2026-05-07|2026-08-06|2026-11-05
ALTI,2026-10-05,2023-05-22|2023-08-14|2023-11-14|2024-03-15|2024-05-10|2024-08-09|2024-11-08|2025-03-13|2025-05-12|2025-08-11|2025-11-12|2026-03-31|2026-05-11|2026-08-10|2026-11-09
ALVO,2026-10-05,2023-11-28|2024-03-20|2024-05-21|2024-08-15|2024-11-13|2025-03-26|2025-08-13|2025-11-12|2026-03-17|2026-05-05|2026-08-19|2026-11-11
ALW.L,2026-10-05,2026-07-31|2027-03-05
ALX,2026-09-14,2020-05-04|2020-08-03|2026-11-02
ALXO,2026-10-05,2020-11-12|2021-03-18|2021-05-17|2021-08-12|2021-11-11|2022-02-28|2022-05-09|2022-08-08|2022-11-08|2023-03-09|2023-05-11|2023-08-10|2023-11-13|2024-03-07|2024-05-09|2024-08-08|2024-11-07|2025-03-06|2025-05-08|2025-08-12|2025-11-07|2026-02-27|2026-05-08|2026-08-06|2026-11-06
AMBP,2026-09-21,2021-10-28|2022-02-24|2022-04-28|2022-07-28|2022-10-27|2023-02-23|2023-04-27|2023-07-27|2023-10-26|2024-02-22|2024-04-25|2024-07-25|2024-10-24|2025-02-27|2025-04-24|2025-07-24|2025-10-23|2026-02-26|2026-04-23|2026-07-22|2026-10-22
AMCI,2026-10-05,FAILED
AMCX,2026-10-05,2020-11-02|2021-02-26|2021-05-07|2021-08-06|2021-11-05|2022-02-16|2022-05-05|2022-08-05|2022-11-04|2023-02-17|2023-05-09|2023-08-04|2023-11-03|2024-02-09|2024-05-10|2024-08-09|2024-11-08|2025-02-14|2025-05-09|2025-08-08|2025-11-07|2026-02-11|2026-05-08|2026-07-30|2026-11-06
AMD,2026-10-05,2020-10-27|2021-01-26|2021-04-27|2021-07-27|2021-10-26|2022-02-01|2022-05-03|2022-08-02|2022-11-01|2023-01-31|2023-05-02|2023-08-01|2023-10-31|2024-01-30|2024-04-30|2024-07-30|2024-10-29|2025-02-04|2025-05-06|2025-08-05|2025-11-04|2026-02-03|2026-05-05|2026-08-04|2026-11-03
AME,2026-10-05,2020-10-29|2021-02-04|2021-05-04|2021-08-03|2021-11-02|2022-02-03|2022-05-03|2022-08-02|2022-11-01|2023-02-02|2023-05-02|2023-08-01|2023-10-31|2024-02-06|2024-05-02|2024-08-01|2024-10-31|2025-02-04|2025-05-01|2025-07-31|2025-10-30|2026-02-03|2026-04-30|2026-08-04|2026-10-29
AMGN,2026-10-05,2020-10-28|2021-02-02|2021-04-27|2021-08-03|2021-11-02|2022-02-07|2022-04-27|2022-08-04|2022-11-03|2023-01-31|2023-04-27|2023-08-03|2023-10-31|2024-02-06|2024-05-02|2024-08-06|2024-10-30|2025-02-04|2025-05-01|2025-08-05|2025-11-04|2026-02-03|2026-04-30|2026-08-04|2026-11-03
AMH,2026-09-14,2020-11-05|2021-02-25|2021-05-06|2021-08-05|2021-11-04|2022-02-24|2022-05-05|2022-08-04|2022-11-03|2023-02-23|2023-05-04|2023-07-27|2023-11-02|2024-02-22|2024-05-02|2024-08-01|2024-10-29|2025-02-20|2025-05-01|2025-07-31|2025-10-29|2026-02-19|2026-05-06|2026-07-30|2026-10-28
AMIX,2026-10-05,2024-11-08|2025-02-13|2025-05-29|2025-08-13|2025-11-12|2026-02-11|2026-08-13
AMLX,2026-10-05,2022-03-31|2022-05-12|2022-08-11|2022-11-10|2023-03-13|2023-05-11|2023-08-10|2023-11-09|2024-02-22|2024-05-09|2024-08-08|2024-11-07|2025-03-04|2025-05-08|2025-08-07|2025-11-06|2026-03-03|2026-05-07|2026-08-06|2026-11-05
AMP,2026-10-05,2020-10-28|2021-01-27|2021-04-26|2021-07-26|2021-10-26|2022-01-26|2022-04-25|2022-07-26|2022-10-25|2023-01-25|2023-04-24|2023-07-26|2023-10-25|2024-01-24|2024-04-22|2024-07-24|2024-10-23|2025-01-29|2025-04-24|2025-07-24|2025-10-30|2026-01-29|2026-04-23|2026-07-23|2026-10-29
AMPL,2026-10-05,2021-11-09|2022-02-16|2022-05-04|2022-08-03|2022-11-02|2023-02-15|2023-05-09|2023-08-08|2023-11-07|2024-02-20|2024-05-09|2024-08-08|2024-11-07|2025-02-19|2025-05-07|2025-08-06|2025-11-05|2026-02-18|2026-05-06|2026-08-05|2026-11-04
AMPY,2026-09-14,2020-03-05|2020-05-06|2020-08-05|2020-11-05|2021-03-11|2021-05-05|2021-08-04|2022-11-01|2023-03-09|2023-05-03|2023-08-08|2023-11-06|2024-03-06|2024-05-08|2024-08-07|2024-11-06|2025-03-05|2025-05-12|2025-08-06|2025-11-05|2026-03-09|2026-05-11|2026-08-10|2026-11-04
AMR,2026-10-05,2020-11-09|2021-03-15|2021-05-10|2021-08-06|2021-11-05|2022-03-07|2022-05-05|2022-08-08|2022-11-07|2023-02-23|2023-05-08|2023-08-04|2023-11-02|2024-02-26|2024-05-06|2024-08-05|2024-11-01|2025-02-28|2025-05-09|2025-08-08|2025-11-06|2026-02-27|2026-05-08|2026-08-07|2026-11-06
AMRC,2026-10-05,2020-11-02|2021-03-01|2021-05-04|2021-08-02|2021-11-01|2022-02-28|2022-05-02|2022-08-01|2022-11-01|2023-02-27|2023-05-01|2023-07-31|2023-11-06|2024-02-28|2024-05-07|2024-08-05|2024-11-07|2025-02-27|2025-05-05|2025-08-04|2025-11-03|2026-03-02|2026-05-04|2026-08-03|2026-11-02
AMRX,2026-10-05,2021-02-26|2021-05-07|2021-08-09|2021-11-03|2022-03-01|2022-05-04|2022-08-05|2022-11-04|2023-03-02|2023-05-05|2023-08-04|2023-11-07|2024-03-01|2024-05-03|2024-08-09|2024-11-08|2025-02-28|2025-05-02|2025-08-05|2025-10-30|2026-02-27|2026-05-04|2026-05-07|2026-07-30|2026-11-03
AMSF,2026-10-05,2020-10-28|2021-02-24|2021-04-29|2021-07-28|2021-10-27|2022-02-22|2022-04-27|2022-07-28|2022-10-26|2023-02-20|2023-04-26|2023-07-27|2023-10-25|2024-02-21|2024-04-24|2024-07-29|2024-10-23|2025-02-26|2025-04-29|2025-07-24|2025-10-29|2026-02-25|2026-04-22|2026-07-21|2026-10-28
AMTB,2026-09-14,2020-10-29|2021-01-29|2021-04-28|2021-07-21|2021-10-20|2022-01-19|2022-04-20|2022-07-20|2022-10-20|2023-01-19|2023-04-20|2023-07-20|2023-10-19|2024-01-24|2024-04-24|2024-07-24|2024-10-23|2025-01-22|2025-04-23|2025-07-23|2025-10-28|2026-01-22|2026-04-23|2026-07-23|2026-10-27
AMTM,2026-10-05,2024-12-16|2025-02-04|2025-05-06|2025-08-05|2025-11-24|2026-02-09|2026-05-11|2026-08-10|2026-12-14
AMUB,2026-08-17,FAILED
AN,2026-10-05,2020-10-21|2021-02-16|2021-04-20|2021-07-19|2021-10-21|2022-02-17|2022-04-21|2022-07-21|2022-10-27|2023-02-17|2023-04-20|2023-07-21|2023-10-27|2024-02-13|2024-04-26|2024-07-31|2024-10-25|2025-02-11|2025-04-25|2025-07-25|2025-10-23|2026-02-06|2026-05-01|2026-07-31|2026-10-29
ANET,2026-10-05,2020-11-02|2021-02-18|2021-05-04|2021-08-02|2021-11-01|2022-02-14|2022-05-02|2022-08-01|2022-10-31|2023-02-13|2023-05-01|2023-07-31|2023-10-30|2024-02-12|2024-05-07|2024-07-30|2024-11-07|2025-02-18|2025-05-06|2025-08-05|2025-11-04|2026-02-12|2026-05-05|2026-08-04|2026-11-03
ANF,2026-10-05,2020-11-24|2021-03-02|2021-05-26|2021-08-26|2021-11-23|2022-03-02|2022-05-24|2022-08-25|2022-11-22|2023-03-01|2023-05-24|2023-08-23|2023-11-21|2024-03-06|2024-05-29|2024-08-28|2024-11-26|2025-03-05|2025-05-28|2025-08-27|2025-11-25|2026-03-04|2026-05-27|2026-08-26|2026-11-25
ANGO,2026-10-05,2021-01-07|2021-03-30|2021-07-13|2021-09-30|2022-01-06|2022-04-07|2022-07-12|2022-10-06|2023-01-05|2023-03-30|2023-07-12|2023-10-04|2024-01-05|2024-04-04|2024-07-16|2024-10-03|2025-01-08|2025-04-02|2025-07-15|2025-10-02|2026-01-06|2026-04-02|2026-07-14|2026-10-08|2027-01-06
ANIK,2026-10-05,2020-11-04|2021-03-04|2021-05-06|2021-08-05|2021-11-04|2022-03-08|2022-05-05|2022-08-03|2022-11-08|2023-03-06|2023-05-09|2023-08-08|2023-11-02|2024-03-13|2024-05-08|2024-08-08|2024-10-31|2025-03-12|2025-05-09|2025-07-30|2025-11-05|2026-02-26|2026-04-29|2026-07-29|2026-11-04
ANNX,2026-10-05,2020-11-16|2021-03-25|2021-05-17|2021-08-16|2021-11-09|2022-03-01|2022-05-09|2022-08-08|2022-11-03|2023-03-06|2023-05-08|2023-08-07|2023-11-13|2024-03-26|2024-05-13|2024-08-12|2024-11-14|2025-03-03|2025-05-12|2025-08-14|2025-11-10|2026-03-30|2026-05-07|2026-08-12|2026-11-09
ANRO,2026-10-05,2024-03-21|2024-05-14|2024-08-13|2024-11-12|2025-03-20|2025-05-14|2025-08-13|2025-11-12|2026-03-16|2026-05-13|2026-08-12|2026-11-11
ANVS,2026-10-05,2020-07-29|2020-11-04|2021-07-28|2021-11-03|2022-03-02|2022-05-04|2022-08-08|2022-11-08|2023-03-31|2023-05-10|2023-08-14|2023-11-08|2024-03-29|2024-05-10|2024-08-14|2024-11-08|2025-03-21|2025-05-13|2025-08-12|2025-11-12|2026-03-13|2026-05-15|2026-08-14
AOD,2026-08-17,FAILED
AOMR,2026-10-05,2021-08-12|2021-11-09|2022-03-15|2022-05-12|2022-08-09|2022-11-08|2023-03-09|2023-05-04|2023-08-08|2023-11-07|2024-03-05|2024-05-07|2024-08-06|2024-11-06|2025-03-04|2025-05-05|2025-08-05|2025-11-06|2026-02-25|2026-05-05|2026-08-04|2026-11-05
AON,2026-10-05,2020-10-30|2021-02-05|2021-04-30|2021-07-30|2021-10-29|2022-02-04|2022-04-29|2022-07-29|2022-10-28|2023-02-03|2023-04-28|2023-07-28|2023-10-27|2024-02-02|2024-04-26|2024-07-26|2024-10-25|2025-01-31|2025-04-25|2025-07-25|2025-10-31|2026-01-30|2026-05-01|2026-07-29|2026-10-28
AOUT,2026-10-05,2020-12-15|2021-03-17|2021-07-15|2021-09-09|2021-12-09|2022-03-10|2022-07-14|2022-09-08|2022-12-01|2023-03-09|2023-06-28|2023-09-07|2023-11-30|2024-03-07|2024-06-27|2024-09-05|2024-12-05|2025-03-06|2025-06-26|2025-09-04|2025-12-09|2026-03-12|2026-06-25|2026-09-03|2026-12-10
APD,2026-09-21,2020-11-11|2021-02-04|2021-05-10|2021-08-09|2021-11-04|2022-02-04|2022-05-05|2022-08-04|2022-11-03|2023-02-02|2023-05-09|2023-08-03|2023-11-07|2024-02-05|2024-04-30|2024-08-01|2024-11-07|2025-02-06|2025-05-01|2025-07-31|2025-11-06|2026-01-30|2026-04-30|2026-07-30|2026-11-05
APEI,2026-10-05,2020-11-09|2021-03-09|2021-05-10|2021-08-09|2021-11-08|2022-03-02|2022-05-10|2022-08-09|2022-11-08|2023-03-14|2023-05-09|2023-08-08|2023-11-07|2024-03-05|2024-05-07|2024-08-06|2024-11-12|2025-03-06|2025-05-12|2025-08-06|2025-11-10|2026-03-12|2026-05-11|2026-08-10|2026-11-09
APOG,2026-09-14,2020-09-17|2020-12-18|2021-04-08|2021-06-25|2021-09-21|2021-12-21|2022-04-07|2022-06-23|2022-09-20|2022-12-22|2023-04-12|2023-06-23|2023-09-19|2023-12-21|2024-04-18|2024-06-27|2024-10-04|2025-01-07|2025-04-24|2025-06-27|2025-10-09|2026-01-07|2026-04-24|2026-06-26|2026-10-06
APP,2026-10-05,2021-05-12|2021-08-11|2021-11-10|2022-02-16|2022-05-11|2022-08-10|2022-11-09|2023-02-08|2023-05-10|2023-08-09|2023-11-08|2024-02-14|2024-05-08|2024-08-07|2024-11-06|2025-02-12|2025-05-07|2025-08-06|2025-11-05|2026-02-11|2026-05-06|2026-08-05|2026-11-04
APPN,2026-10-05,2020-11-05|2021-02-18|2021-05-06|2021-08-05|2021-11-04|2022-02-17|2022-05-05|2022-08-04|2022-11-03|2023-02-16|2023-05-09|2023-08-03|2023-11-02|2024-02-15|2024-05-02|2024-08-01|2024-11-07|2025-02-19|2025-05-08|2025-08-07|2025-11-06|2026-02-19|2026-05-07|2026-08-06|2026-11-05
APTD.L,2026-09-21,FAILED
APTV,2026-10-05,2020-10-29|2021-02-03|2021-05-06|2021-08-05|2021-11-04|2022-02-03|2022-05-05|2022-08-04|2022-11-03|2023-02-02|2023-05-04|2023-08-03|2023-11-02|2024-01-31|2024-05-02|2024-08-01|2024-10-31|2025-02-06|2025-05-01|2025-07-31|2025-10-30|2026-02-02|2026-05-05|2026-08-04|2026-11-03
APVO,2026-10-05,2020-05-13|2020-08-14|2020-11-10|2021-03-31|2021-05-11|2021-08-12|2021-11-12|2022-03-24|2022-05-12|2022-08-11|2022-11-10|2023-03-30|2023-05-11|2023-08-10|2023-11-14|2024-03-05|2024-05-08|2024-08-08|2024-11-07|2025-02-14|2025-05-15|2025-08-11|2025-11-06|2026-05-13|2026-08-14
APYX,2026-10-05,2020-11-09|2021-03-31|2021-05-12|2021-08-12|2021-11-11|2022-03-17|2022-05-12|2022-08-11|2022-11-10|2023-03-16|2023-05-11|2023-08-10|2023-11-09|2024-03-21|2024-05-09|2024-08-08|2024-11-08|2025-03-13|2025-05-08|2025-08-07|2025-11-06|2026-03-10|2026-05-07|2026-08-06|2026-11-05
AQB,2026-10-05,2018-11-02|2019-03-07|2019-05-02|2019-08-06|2019-11-05|2020-03-10|2020-05-05|2020-08-06|2020-11-03|2021-03-09|2021-05-04|2021-08-04|2021-11-04|2022-03-10|2022-05-05|2022-08-09|2022-11-08|2023-03-07|2023-05-04|2023-08-01|2023-11-07|2024-04-01|2024-05-15|2024-08-06|2024-11-05
AQMS,2026-10-05,2019-02-28|2019-05-09|2019-07-31|2019-11-12|2020-03-11|2020-04-30|2020-08-04|2020-10-22|2021-02-25|2021-04-29|2021-07-29|2021-11-04|2022-02-24|2022-04-28|2022-07-21|2022-11-03|2023-03-09|2023-05-04|2023-08-09|2023-11-08|2024-03-28|2024-05-15|2024-08-05|2024-11-14|2026-11-03
AQN,2026-10-05,2020-11-12|2021-03-04|2021-05-06|2021-08-12|2021-11-11|2022-03-03|2022-05-12|2022-08-11|2022-11-11|2023-03-17|2023-05-11|2023-08-10|2023-11-10|2024-03-08|2024-05-10|2024-08-09|2024-11-07|2025-03-07|2025-05-09|2025-08-08|2025-11-07|2026-03-06|2026-05-08|2026-08-07|2026-11-06
ARCO,2026-10-05,2020-11-11|2021-03-17|2021-05-12|2021-08-11|2021-11-10|2022-03-16|2022-05-18|2022-08-10|2022-11-16|2023-03-15|2023-05-17|2023-08-17|2023-11-16|2024-03-13|2024-05-15|2024-08-14|2024-11-13|2025-03-12|2025-05-14|2025-08-13|2025-11-12|2026-03-19|2026-05-20|2026-08-13|2026-11-18
ARCT,2026-10-05,2020-11-09|2021-03-01|2021-05-10|2021-08-09|2021-11-08|2022-02-28|2022-05-09|2022-08-09|2022-11-09|2023-03-28|2023-05-09|2023-08-07|2023-11-14|2024-03-07|2024-05-08|2024-08-05|2024-11-07|2025-03-06|2025-05-12|2025-08-11|2025-11-10|2026-03-03|2026-05-06|2026-08-06|2026-11-09
ARDX,2026-10-05,2020-11-05|2021-03-08|2021-05-06|2021-08-13|2021-11-12|2022-02-28|2022-05-05|2022-08-04|2022-11-03|2023-03-02|2023-05-03|2023-08-02|2023-10-31|2024-02-22|2024-05-02|2024-08-01|2024-10-31|2025-02-20|2025-05-01|2025-08-04|2025-10-30|2026-02-19|2026-04-30|2026-08-06|2026-10-29
ARI,2026-10-05,2020-10-26|2021-02-10|2021-04-22|2021-07-26|2021-10-25|2022-02-08|2022-04-25|2022-07-26|2022-10-24|2023-02-09|2023-04-26|2023-07-31|2023-10-30|2024-02-06|2024-04-29|2024-08-06|2024-10-30|2025-02-10|2025-04-24|2025-07-29|2025-10-30|2026-02-10|2026-04-28|2026-08-10|2026-10-29
ARKO,2026-10-05,2021-03-25|2021-05-13|2021-08-12|2021-11-10|2022-02-23|2022-05-04|2022-08-08|2022-11-07|2023-02-27|2023-05-08|2023-08-07|2023-11-06|2024-02-27|2024-05-07|2024-08-06|2024-11-07|2025-02-26|2025-05-08|2025-08-06|2025-11-05|2026-02-25|2026-05-07|2026-08-07|2026-11-04
ARKR,2026-09-14,2002-12-18|2003-02-11|2007-12-18|2008-02-08|2008-05-12|2009-05-11|2009-08-07|2009-12-31|2010-12-29|2011-02-14|2011-05-16|2011-08-15|2011-12-29|2012-02-13|2012-05-14|2012-08-10|2012-12-26|2013-02-11|2013-05-13|2013-08-13|2013-12-20|2014-02-10|2014-05-09|2014-08-11|2026-08-10|2026-12-14
ARL,2026-09-14,2011-04-01|2011-05-16|2011-08-15|2011-11-14
ARMP,2026-09-28,2020-11-12|2021-03-18|2021-05-13|2021-08-12|2021-11-10|2022-03-17|2022-05-12|2022-08-11|2022-11-09|2023-03-16|2023-05-11|2023-08-14|2023-11-14|2024-03-21|2024-05-07|2024-08-13|2024-11-13|2025-03-20|2025-05-14|2025-08-12|2025-11-12|2026-03-25|2026-05-13|2026-08-12|2026-11-11
ARR,2026-10-05,2020-10-21|2021-02-17|2021-04-21|2021-07-22|2021-10-27|2022-02-16|2022-04-27|2022-07-27|2022-10-26|2023-02-15|2023-04-26|2023-07-26|2023-10-25|2024-02-14|2024-04-25|2024-07-24|2024-10-23|2025-02-12|2025-04-23|2025-07-23|2025-10-22|2026-02-18|2026-04-22|2026-07-22|2026-10-28
ARRY,2026-10-05,2021-03-09|2021-05-11|2021-08-11|2021-11-11|2022-04-05|2022-05-10|2022-08-09|2022-11-08|2023-03-21|2023-05-09|2023-08-08|2023-11-07|2024-02-27|2024-05-08|2024-08-08|2024-11-07|2025-02-27|2025-05-06|2025-08-07|2025-11-05|2026-02-25|2026-05-06|2026-08-05|2026-11-04
ARTNA,2026-10-05,2017-03-08|2017-05-03|2017-08-02|2017-11-02|2018-03-14|2018-05-02|2021-11-03|2022-03-09|2022-05-03|2022-08-03|2022-11-03|2023-03-09|2023-05-09|2023-08-07|2023-11-06|2024-03-13|2024-05-06|2024-08-05|2024-11-04|2025-03-25|2025-05-05|2025-08-04|2025-10-30|2026-05-05|2026-11-10
ARW,2026-10-05,2020-10-29|2021-02-04|2021-05-06|2021-08-05|2021-11-04|2022-02-03|2022-05-05|2022-08-04|2022-11-03|2023-02-02|2023-05-04|2023-08-03|2023-11-02|2024-02-08|2024-05-02|2024-08-01|2024-10-31|2025-02-06|2025-05-01|2025-07-31|2025-10-30|2026-02-05|2026-05-07|2026-08-06|2026-10-29
AS,2026-10-05,2024-03-05|2024-05-21|2024-08-20|2024-11-19|2025-02-25|2025-05-20|2025-08-19|2025-11-18|2026-02-24|2026-05-19|2026-08-18|2026-11-17
ASA,2026-10-05,FAILED
ASB,2026-09-14,2020-10-22|2021-01-21|2021-04-22|2021-07-22|2021-10-21|2022-01-20|2022-04-21|2022-07-21|2022-10-20|2023-01-26|2023-04-20|2023-07-20|2023-10-19|2024-01-25|2024-04-25|2024-07-25|2024-10-24|2025-01-23|2025-04-24|2025-07-24|2025-10-23|2026-01-22|2026-04-23|2026-07-23|2026-10-22
ASBP,2026-10-05,FAILED
ASC,2026-10-05,2020-11-04|2021-02-10|2021-05-05|2021-07-27|2021-11-10|2022-02-15|2022-05-04|2022-07-27|2022-11-02|2023-02-14|2023-05-09|2023-08-01|2023-11-07|2024-02-15|2024-05-08|2024-07-31|2024-11-06|2025-02-13|2025-05-07|2025-07-30|2025-11-05|2026-02-12|2026-05-07|2026-07-29|2026-11-04
ASC.L,2026-09-28,2026-11-05
ASGI,2026-08-17,FAILED
ASH,2026-09-07,2020-11-10|2021-02-03|2021-04-28|2021-07-27|2021-11-09|2022-02-01|2022-04-26|2022-07-26|2022-11-07|2023-01-31|2023-05-02|2023-07-25|2023-11-08|2024-01-30|2024-04-30|2024-08-06|2024-11-06|2025-01-28|2025-04-30|2025-07-29|2025-11-04|2026-02-02|2026-04-28|2026-07-28|2026-11-03
ASLE,2026-10-05,2021-03-31|2021-05-07|2021-08-06|2021-11-09|2022-03-14|2022-05-09|2022-08-08|2022-11-08|2023-03-06|2023-05-09|2023-08-08|2023-11-08|2024-03-07|2024-05-08|2024-08-07|2024-11-07|2025-03-06|2025-05-07|2025-08-06|2025-11-06|2026-03-05|2026-05-07|2026-08-06|2026-11-05
ASND,2026-09-21,2020-11-11|2021-03-10|2021-05-27|2021-08-25|2021-11-10|2022-03-02|2022-05-11|2022-08-10|2022-11-02|2023-02-16|2023-04-27|2023-09-05|2023-11-07|2024-02-07|2024-05-02|2024-09-03|2024-11-14|2025-02-12|2025-05-01|2025-08-07|2025-11-12|2026-02-11|2026-04-30|2026-05-07|2026-08-13
ASO,2026-10-05,2020-12-10|2021-03-30|2021-06-08|2021-09-09|2021-12-10|2022-03-29|2022-06-07|2022-09-07|2022-12-07|2023-03-16|2023-06-06|2023-08-31|2023-11-30|2024-03-21|2024-06-11|2024-09-10|2024-12-10|2025-03-20|2025-06-10|2025-09-02|2025-12-09|2026-03-17|2026-06-09|2026-09-09|2026-12-08
ASPI,2026-10-05,2024-11-19|2025-03-31|2025-05-20|2025-08-14|2025-11-19|2026-04-10|2026-05-20|2026-08-14|2026-11-12
ASRV,2026-10-05,2003-07-21|2003-10-20|2004-03-23|2004-04-19|2004-07-20|2004-10-18|2005-01-24|2011-01-25|2011-04-19|2011-07-19|2011-10-18|2012-01-24|2026-10-20
ASST,2026-10-05,2026-05-14|2026-08-10|2026-11-10
ASTE,2026-10-05,2020-11-04|2021-03-01|2021-05-05|2021-08-04|2021-11-03|2022-02-28|2022-05-04|2022-08-02|2022-11-02|2023-03-01|2023-05-03|2023-08-02|2023-11-01|2024-02-28|2024-05-01|2024-08-07|2024-11-06|2025-02-26|2025-04-29|2025-08-06|2025-11-05|2026-02-25|2026-05-06|2026-08-05|2026-11-04
ASTI,2026-10-05,2009-05-07|2009-08-07|2009-11-05|2010-03-16|2010-05-06|2010-08-05|2010-11-02|2011-02-28|2011-04-28|2011-08-15|2011-11-10|2012-03-22|2012-05-10|2012-08-10|2012-11-08|2013-03-14|2013-05-09|2013-08-08|2013-11-07|2014-03-06|2014-05-07|2014-11-12|2015-03-18|2026-05-08|2026-08-06
ATAI,2026-08-31,2021-08-16|2021-11-15|2022-03-30|2022-05-16|2022-08-15|2022-11-10|2023-03-24|2023-05-11|2023-08-10|2023-11-14|2024-03-28|2024-05-15|2024-08-13|2024-11-13|2025-03-17|2025-05-14|2025-08-14|2025-11-12|2026-03-06|2026-08-11|2026-11-12
ATG.L,2026-10-05,2026-11-25
ATGL,2026-10-05,FAILED
ATKR,2026-10-05,2020-11-19|2021-02-02|2021-04-29|2021-08-03|2021-11-18|2022-01-31|2022-05-03|2022-08-02|2022-11-18|2023-02-01|2023-05-09|2023-08-08|2023-11-17|2024-02-01|2024-05-07|2024-08-06|2024-11-21|2025-02-04|2025-05-06|2025-08-05|2025-11-20|2026-02-03|2026-05-05|2026-08-03|2026-11-19
ATLO,2026-10-05,2010-10-15|2011-01-21|2011-04-15|2011-07-15|2011-10-14|2012-01-20|2012-04-13|2012-07-13|2012-10-12|2013-01-18|2013-04-12|2013-07-12|2013-10-18|2014-01-17|2014-04-14|2014-07-18|2014-10-17|2015-03-12|2015-05-07|2026-04-24|2026-07-17|2026-07-30|2026-10-16
ATLX,2026-10-05,2023-03-30|2023-05-15|2023-08-14|2023-10-20|2024-03-27|2024-05-15|2024-08-09|2024-11-08|2025-03-14|2025-05-09|2025-08-04|2025-11-13|2026-03-04
ATMP,2026-08-17,FAILED
ATMU,2026-10-05,2023-08-09|2023-11-03|2024-02-14|2024-05-03|2024-08-02|2024-11-08|2025-02-21|2025-05-02|2025-08-08|2025-11-07|2026-02-13|2026-05-01|2026-08-07|2026-11-06
ATNI,2026-10-05,2020-10-28|2021-02-23|2021-04-27|2021-07-28|2021-10-27|2022-02-23|2022-04-27|2022-07-27|2022-10-26|2023-02-22|2023-04-26|2023-07-26|2023-10-25|2024-02-21|2024-04-24|2024-07-24|2024-10-29|2025-03-04|2025-04-30|2025-08-07|2025-11-05|2026-03-04|2026-05-06|2026-08-05|2026-11-09
ATNM,2026-10-05,2020-08-14|2020-10-23|2021-03-31|2021-05-14|2021-07-30|2021-11-12|2022-03-25|2022-05-13|2022-08-12|2022-11-14|2023-03-31|2023-05-15|2023-08-14|2023-11-02|2024-03-29|2024-04-26|2024-08-05|2024-11-14|2025-03-31|2025-05-09|2025-08-08|2025-11-14|2026-03-30|2026-05-08|2026-08-07
ATO,2026-10-05,2020-11-11|2021-02-02|2021-05-05|2021-08-04|2021-11-10|2022-02-08|2022-05-04|2022-08-03|2022-11-09|2023-02-07|2023-05-03|2023-08-02|2023-11-08|2024-02-06|2024-05-08|2024-08-07|2024-11-18|2025-02-04|2025-05-07|2025-08-06|2025-11-06|2026-02-03|2026-05-06|2026-08-05|2026-11-04
ATOS,2026-09-14,2020-08-13|2020-11-13|2021-03-31|2021-05-14|2021-08-13|2021-11-15|2022-02-28|2022-05-09|2022-08-08|2022-11-07|2023-03-22|2023-05-15|2023-08-14|2023-11-13|2024-04-01|2024-05-13|2024-08-12|2024-11-12|2025-03-25|2025-05-13|2025-08-12|2025-11-12|2026-03-25|2026-05-08|2026-08-07
ATRC,2026-10-05,2020-11-05|2021-02-23|2021-04-27|2021-08-04|2021-11-03|2022-02-15|2022-05-03|2022-08-02|2022-11-01|2023-02-21|2023-05-02|2023-07-25|2023-11-01|2024-02-15|2024-05-01|2024-07-30|2024-10-29|2025-02-12|2025-04-29|2025-07-29|2025-10-29|2026-02-17|2026-05-05|2026-07-23|2026-10-27
ATRO,2026-09-07,2020-10-30|2021-02-23|2021-05-06|2021-08-06|2021-11-08|2022-03-02|2022-05-06|2022-08-10|2022-11-15|2023-03-02|2023-05-09|2023-08-03|2023-11-08|2024-02-28|2024-05-02|2024-08-01|2024-11-06|2025-03-04|2025-05-06|2025-08-06|2025-11-04|2026-02-24|2026-05-12|2026-08-11|2026-11-05
ATS,2026-10-05,2020-11-04|2021-02-03|2021-05-20|2021-08-11|2021-11-03|2022-02-02|2022-05-19|2022-08-10|2022-11-09|2023-02-09|2023-05-18|2023-08-09|2023-11-08|2024-02-07|2024-05-16|2024-08-08|2024-11-06|2025-02-05|2025-05-28|2025-08-07|2025-11-05|2026-02-04|2026-05-28|2026-08-06|2026-11-04
ATYM.L,2026-09-07,2020-11-19|2021-03-25|2021-05-13|2021-08-11|2021-11-18|2022-03-24|2022-05-19|2022-08-10|2022-11-09|2023-03-22|2023-05-15|2023-08-10|2023-11-16|2024-03-19|2024-05-21|2024-08-14|2024-11-13|2025-03-18|2025-05-29|2025-08-12|2025-11-13|2026-03-19|2026-05-26|2026-08-10|2026-11-12
AU,2026-10-05,2013-05-13|2013-08-07|2013-11-04|2014-02-19|2014-05-19|2014-08-11|2014-11-03|2015-02-23|2015-05-11|2015-08-17|2015-11-09|2016-02-22|2022-03-30|2022-05-09|2022-08-04|2024-08-06|2024-11-07|2025-02-19|2025-05-09|2025-08-01|2025-11-11|2026-02-19|2026-05-07|2026-07-31|2026-11-05
AUB,2026-09-21,2020-10-22|2021-01-26|2021-04-22|2021-07-22|2021-10-25|2022-01-25|2022-04-21|2022-07-21|2022-10-20|2023-01-24|2023-04-25|2023-07-25|2023-10-19|2024-01-23|2024-04-23|2024-07-25|2024-10-21|2025-01-23|2025-04-24|2025-07-24|2025-10-23|2026-01-22|2026-04-21|2026-07-20|2026-10-22
AUBN,2026-09-14,2010-10-22|2011-01-28|2011-04-29|2011-07-29|2011-10-24|2012-01-19
AUDC,2026-10-05,2020-10-27|2021-01-26|2021-04-27|2021-07-27|2021-10-26|2022-02-01|2022-05-02|2022-08-02|2022-11-02|2023-02-07|2023-05-09|2023-08-01|2023-11-02|2024-02-06|2024-05-07|2024-07-30|2024-11-06|2025-02-04|2025-05-06|2025-07-29|2025-11-04|2026-02-03|2026-05-05|2026-08-04|2026-11-10
AUPH,2026-09-14,2020-11-10|2021-02-24|2021-05-06|2021-08-05|2021-11-03|2022-02-28|2022-05-10|2022-08-04|2022-11-03|2023-02-28|2023-05-04|2023-08-03|2023-11-02|2024-02-15|2024-05-02|2024-08-01|2024-11-07|2025-02-27|2025-05-12|2025-07-31|2025-11-04|2026-02-26|2026-05-07|2026-08-06|2026-11-09
AURE,2026-10-05,FAILED
AUST,2026-09-21,2022-08-15|2022-11-08|2023-03-16|2023-05-10|2023-08-09|2023-11-08|2024-03-01
AV.L,2026-09-07,2026-08-17|2027-02-26
AVA,2026-10-05,2020-11-04|2021-02-24|2021-05-05|2021-08-04|2021-11-03|2022-02-23|2022-05-04|2022-08-03|2022-11-01|2023-02-22|2023-05-03|2023-08-02|2023-11-01|2024-02-21|2024-05-01|2024-08-07|2024-11-06|2025-02-26|2025-05-07|2025-08-06|2025-11-05|2026-02-25|2026-05-05|2026-08-03|2026-11-04
AVAH,2026-10-05,2021-05-25|2021-08-11|2021-11-15|2022-03-28|2022-05-11|2022-08-10|2022-11-09|2023-03-16|2023-05-11|2023-08-10|2023-11-09|2024-03-14|2024-05-09|2024-08-08|2024-11-07|2025-03-13|2025-05-08|2025-08-07|2025-11-06|2026-03-19|2026-05-14|2026-08-13|2026-11-05
AVBP,2026-10-05,2024-03-28|2024-05-08|2024-08-14|2024-11-14|2025-03-03|2025-05-12|2025-08-11|2025-11-10|2026-03-05|2026-05-11|2026-08-12|2026-11-16
AVD,2026-10-05,2020-03-09|2020-05-11|2020-08-06|2020-11-09|2021-03-11|2021-05-06|2021-08-09|2021-11-08|2022-03-08|2022-05-04|2022-08-08|2022-11-08|2023-03-13|2023-05-09|2023-08-08|2023-11-09|2024-03-14|2024-05-09|2024-08-08|2024-11-11|2025-05-29|2025-06-06|2025-07-31|2025-11-10|2026-11-09
AVNT,2026-10-05,2020-11-03|2021-02-09|2021-04-30|2021-07-30|2021-10-28|2022-02-08|2022-04-20|2022-07-26|2022-11-02|2023-02-15|2023-05-03|2023-07-27|2023-11-02|2024-02-14|2024-05-07|2024-08-06|2024-10-31|2025-02-13|2025-05-06|2025-08-01|2025-11-05|2026-02-12|2026-05-07|2026-08-06|2026-11-04
AVON.L,2026-10-05,2026-11-11
AVPT,2026-10-05,2021-08-10|2021-11-15|2022-03-17|2022-05-12|2022-08-11|2022-11-10|2023-03-09|2023-05-10|2023-08-09|2023-11-09|2024-02-29|2024-05-09|2024-08-08|2024-11-07|2025-02-27|2025-05-08|2025-08-07|2025-11-06|2026-02-26|2026-05-07|2026-08-06|2026-11-05
AVT,2026-10-05,2020-10-28|2021-01-27|2021-04-28|2021-08-11|2021-10-28|2022-01-26|2022-04-27|2022-08-10|2022-10-26|2023-02-01|2023-05-03|2023-08-16|2023-11-01|2024-01-31|2024-05-01|2024-08-08|2024-10-30|2025-01-29|2025-04-30|2025-08-06|2025-10-29|2026-01-28|2026-04-29|2026-08-05|2026-10-28
AVTR,2026-10-05,2020-10-27|2021-02-03|2021-04-28|2021-07-29|2021-10-28|2022-02-03|2022-04-28|2022-07-28|2022-10-28|2023-02-03|2023-04-28|2023-07-28|2023-10-27|2024-02-14|2024-04-26|2024-07-26|2024-10-25|2025-02-07|2025-04-25|2025-08-01|2025-10-29|2026-02-11|2026-04-29|2026-07-29|2026-10-28
AVXL,2026-10-05,2020-12-28|2021-02-11|2021-05-13|2021-08-12|2021-11-24|2022-02-09|2022-05-10|2022-08-09|2022-11-28|2023-02-07|2023-05-09|2023-08-08|2023-11-27|2024-02-07|2024-05-09|2024-08-06|2024-12-23|2025-02-12|2025-05-13|2025-08-12|2025-11-25|2026-02-09|2026-07-30|2026-08-25|2026-11-24
AWK,2026-10-05,2020-11-04|2021-02-24|2021-05-03|2021-08-02|2021-11-02|2022-02-16|2022-04-27|2022-07-27|2022-10-31|2023-02-15|2023-04-26|2023-07-26|2023-11-01|2024-02-14|2024-05-01|2024-07-31|2024-10-30|2025-02-19|2025-04-30|2025-07-30|2025-10-29|2026-02-18|2026-04-29|2026-07-29|2026-10-28
AWP,2026-08-17,FAILED
AWR,2026-10-05,2020-08-03|2020-11-02|2021-02-22|2021-05-03|2021-08-02|2021-11-01|2022-02-22|2022-05-02|2022-08-01|2022-11-07|2023-03-01|2023-05-10|2023-08-07|2023-11-06|2024-02-21|2024-05-07|2024-08-06|2024-11-06|2025-02-19|2025-05-07|2025-08-06|2025-11-05|2026-05-06|2026-08-05|2026-11-04
AWX,2026-09-07,FAILED
AXG,2026-09-14,2026-08-13|2026-12-31
AXGN,2026-10-05,2020-10-29|2021-02-22|2021-05-05|2021-08-04|2021-11-03|2022-02-22|2022-05-04|2022-08-03|2022-11-08|2023-03-14|2023-05-09|2023-08-07|2023-11-07|2024-03-05|2024-05-02|2024-08-08|2024-11-07|2025-02-25|2025-05-08|2025-08-05|2025-10-29|2026-02-24|2026-04-28|2026-07-29|2026-10-28
AXR,2026-10-05,2011-03-07|2011-07-21|2011-09-13|2011-12-09|2012-03-09|2025-09-09|2025-12-12|2026-03-12|2026-07-24|2026-09-11
AXS,2026-09-21,2020-10-28|2021-01-27|2021-04-28|2021-07-27|2021-10-27|2022-01-26|2022-04-27|2022-07-26|2022-10-26|2023-01-25|2023-04-26|2023-08-01|2023-11-01|2024-01-31|2024-05-01|2024-07-30|2024-10-30|2025-01-29|2025-04-30|2025-07-29|2025-10-29|2026-01-28|2026-04-29|2026-07-28|2026-10-28
AXTA,2026-10-05,2020-10-21|2021-02-17|2021-04-26|2021-07-26|2021-10-25|2022-01-31|2022-04-25|2022-07-26|2022-10-25|2023-01-25|2023-05-02|2023-08-01|2023-11-01|2024-02-08|2024-05-01|2024-08-01|2024-10-30|2025-02-04|2025-05-07|2025-07-30|2025-10-28|2026-02-10|2026-04-30|2026-07-28|2026-10-29
AYA,2026-10-05,2026-11-11
AZN,2026-10-05,2020-07-30|2020-11-05|2021-02-11|2021-04-30|2021-07-29|2021-11-12|2022-02-10|2022-04-29|2022-07-29|2022-11-10|2023-02-09|2023-04-27|2023-07-28|2023-11-09|2024-02-08|2024-04-25|2024-07-25|2024-11-12|2025-02-06|2025-04-29|2025-07-29|2025-11-06|2026-04-29|2026-07-27|2026-10-30
AZO,2026-10-05,2020-12-08|2021-03-02|2021-05-25|2021-09-21|2021-12-07|2022-03-01|2022-05-24|2022-09-19|2022-12-06|2023-02-28|2023-06-09|2023-09-19|2023-12-05|2024-02-27|2024-05-21|2024-09-24|2024-12-10|2025-03-04|2025-05-27|2025-09-23|2025-12-09|2026-03-03|2026-05-26|2026-09-22|2026-12-08
AZTA,2026-10-05,2020-11-10|2021-02-02|2021-05-10|2021-08-05|2021-11-10|2022-02-08|2022-05-09|2022-08-09|2022-11-14|2023-02-08|2023-05-09|2023-08-08|2023-11-13|2024-02-07|2024-05-08|2024-08-06|2024-11-12|2025-02-05|2025-05-07|2025-08-05|2025-11-21|2026-02-04|2026-05-05|2026-08-04|2026-11-20
BAC,2026-10-05,2020-10-14|2021-01-19|2021-04-15|2021-07-14|2021-10-14|2022-01-19|2022-04-18|2022-07-18|2022-10-17|2023-01-13|2023-04-18|2023-07-18|2023-10-17|2024-01-12|2024-04-16|2024-07-16|2024-10-15|2025-01-16|2025-04-15|2025-07-16|2025-10-15|2026-01-14|2026-04-15|2026-07-14|2026-10-14
BAER,2026-09-07,2024-08-12|2024-11-11|2025-03-13|2025-05-08|2025-08-07|2025-11-06|2026-03-05|2026-05-05|2026-08-06|2026-11-05
BAFN,2026-10-05,2026-10-29
BAG.L,2026-10-05,2026-09-29|2027-03-23
BAK,2026-09-14,2020-08-05|2020-11-09|2021-03-10|2021-05-11|2021-08-05|2021-11-08|2022-03-15|2022-05-12|2022-08-11|2022-11-09|2023-03-21|2023-05-07|2023-08-09|2023-11-09|2024-03-19|2024-05-08|2024-08-08|2024-11-07|2025-02-27|2025-05-10|2025-08-07|2025-11-12|2026-03-27|2026-08-14|2026-11-12
BANL,2026-10-05,FAILED
BANR,2026-10-05,2020-10-21|2021-01-21|2021-04-21|2021-07-21|2021-10-20|2022-01-20|2022-04-20|2022-07-20|2022-10-19|2023-01-19|2023-04-19|2023-07-19|2023-10-18|2024-01-18|2024-04-17|2024-07-17|2024-10-16|2025-01-22|2025-04-16|2025-07-16|2025-10-15|2026-01-21|2026-04-22|2026-07-22|2026-10-21
BAP,2026-09-07,2020-11-06|2021-02-07|2021-05-07|2021-08-15|2021-12-01|2022-02-07|2022-05-09|2022-08-11|2022-11-07|2023-02-08|2023-05-06|2023-08-15|2023-11-06|2024-02-07|2024-05-08|2024-08-07|2024-11-06|2025-02-09|2025-05-15|2025-08-14|2025-11-13|2026-02-11|2026-05-14|2026-08-12|2026-11-09
BATL,2026-10-05,2022-11-14|2023-03-30|2023-05-15|2023-08-21
BATRA,2026-10-05,2026-11-04
BAX,2026-09-21,2020-10-29|2021-02-04|2021-04-29|2021-07-29|2021-10-28|2022-02-17|2022-04-28|2022-07-28|2022-10-27|2023-02-09|2023-04-27|2023-07-27|2023-11-02|2024-02-08|2024-05-02|2024-08-06|2024-11-08|2025-02-20|2025-05-01|2025-07-31|2025-10-30|2026-02-12|2026-04-30|2026-07-30|2026-10-29
BBAI,2026-10-05,2022-03-17|2022-05-09|2022-08-09|2022-11-09|2023-03-13|2023-05-09|2023-08-08|2023-11-07|2024-03-07|2024-05-02|2024-08-01|2024-11-05|2025-03-06|2025-05-01|2025-08-11|2025-11-10|2026-03-02|2026-05-05|2026-07-30|2026-11-02
BBAR,2026-10-05,2020-08-25|2020-11-24|2021-03-09|2021-05-26|2021-08-24|2021-11-24|2022-03-03|2022-05-19|2022-08-23|2022-11-22|2023-03-06|2023-05-23|2023-08-23|2023-11-21|2024-03-05|2024-08-21|2024-11-20|2025-03-05|2025-05-21|2025-08-20|2025-11-25|2026-03-04|2026-05-26|2026-08-27|2026-11-24
BBDC,2026-10-05,2020-11-09|2021-03-23|2021-05-06|2021-08-05|2021-11-09|2022-02-23|2022-05-05|2022-08-09|2022-11-10|2023-02-23|2023-05-04|2023-08-09|2023-11-09|2024-02-22|2024-05-07|2024-08-07|2024-11-06|2025-02-20|2025-05-08|2025-08-07|2025-11-06|2026-02-19|2026-05-07|2026-08-05|2026-11-05
BBGI,2026-09-14,2019-04-29|2019-08-05|2019-11-07|2020-02-18|2020-06-12|2020-08-04|2020-11-03|2021-02-10|2021-05-04|2021-08-05|2021-11-02|2022-02-08|2022-05-09|2022-08-01|2022-11-07|2023-02-16|2023-04-26|2023-08-03|2023-11-01|2024-02-12|2024-05-09|2024-08-12|2024-11-05|2026-08-12|2026-11-09
BBIO,2026-09-28,2020-11-05|2021-02-25|2021-05-06|2021-08-05|2021-11-04|2022-02-24|2022-05-05|2022-08-04|2022-11-03|2023-02-23|2023-05-04|2023-08-03|2023-11-02|2024-02-22|2024-05-02|2024-08-01|2024-11-12|2025-02-20|2025-04-29|2025-08-05|2025-10-29|2026-02-24|2026-05-07|2026-08-10|2026-10-28
BBOT,2026-10-05,2025-11-12|2026-03-05|2026-08-11|2026-11-11
BBOX.L,2026-10-05,2026-08-06|2027-02-25
BBSI,2026-10-05,2020-11-03|2021-03-03|2021-05-05|2021-08-04|2021-11-03|2022-03-02|2022-05-04|2022-08-03|2022-11-02|2023-03-01|2023-05-03|2023-08-02|2023-11-01|2024-02-28|2024-05-01|2024-07-31|2024-11-06|2025-02-26|2025-05-07|2025-08-06|2025-11-05|2026-02-25|2026-05-06|2026-08-05|2026-11-04
BBUC,2026-10-05,2020-11-03|2021-02-05|2021-05-05|2021-08-06|2021-11-05|2022-02-04|2022-05-13|2022-08-05|2022-11-07|2023-02-03|2023-05-09|2023-08-04|2023-11-03|2024-03-01|2024-05-07|2024-08-02|2024-11-08|2025-01-31|2025-05-06|2025-08-01|2025-11-10|2026-01-30|2026-05-08|2026-07-31|2026-11-05
BBVA,2026-09-21,2007-07-25|2007-10-24|2008-01-24|2008-07-28|2008-10-29|2009-01-29|2009-04-28|2021-10-29|2022-02-03|2023-07-28|2023-10-31|2024-01-30|2024-04-29|2024-07-31|2024-10-30|2025-01-30|2025-04-29|2025-07-31|2025-10-30|2026-02-05|2026-04-29|2026-07-29|2026-10-29
BBW,2026-10-05,2020-12-03|2021-03-10|2021-05-26|2021-08-26|2021-12-01|2022-03-10|2022-05-26|2022-09-01|2022-11-30|2023-03-09|2023-05-25|2023-08-24|2023-11-30|2024-03-14|2024-05-30|2024-08-29|2024-12-05|2025-03-13|2025-05-29|2025-08-28|2025-12-04|2026-03-12|2026-05-28|2026-08-27|2026-12-03
BBY,2026-10-05,2020-11-24|2021-02-25|2021-05-27|2021-08-24|2021-11-23|2022-03-03|2022-05-24|2022-08-30|2022-11-22|2023-03-02|2023-05-25|2023-08-29|2023-11-21|2024-02-29|2024-05-30|2024-08-29|2024-11-26|2025-03-04|2025-05-29|2025-08-28|2025-11-25|2026-03-03|2026-05-28|2026-08-27|2026-11-24
BC,2026-10-05,2020-10-29|2021-01-28|2021-04-29|2021-07-29|2021-10-28|2022-01-27|2022-04-28|2022-07-28|2022-10-27|2023-02-02|2023-04-27|2023-07-27|2023-10-26|2024-02-01|2024-04-25|2024-07-25|2024-10-24|2025-01-30|2025-04-24|2025-07-24|2025-10-23|2026-01-29|2026-04-30|2026-07-30|2026-10-29
BCAB,2026-08-24,2021-03-24|2021-05-12|2021-08-13|2021-11-15|2022-02-28|2022-05-05|2022-08-09|2022-11-04|2023-03-23|2023-05-11|2023-08-01|2023-11-07|2024-03-26|2024-05-14|2024-08-08|2024-11-07|2025-03-28|2025-05-06|2025-08-07|2025-11-13|2026-11-12
BCAL,2026-09-14,2023-07-25|2023-10-26|2024-01-30|2024-04-29|2024-07-29|2024-10-29|2025-01-29|2025-04-24|2025-07-28|2025-10-28|2026-01-28|2026-04-28|2026-07-27|2026-10-28
BCAX,2026-10-05,2024-11-12|2025-03-27|2025-05-13|2025-08-12|2025-11-10|2026-03-30|2026-05-11|2026-08-11|2026-11-10
BCE,2026-10-05,2020-11-05|2021-02-04|2021-04-29|2021-08-05|2021-11-04|2022-02-03|2022-05-05|2022-08-04|2022-11-03|2023-02-02|2023-05-04|2023-08-03|2023-11-02|2024-02-08|2024-05-02|2024-08-01|2024-11-07|2025-02-06|2025-05-07|2025-08-07|2025-11-06|2026-02-05|2026-05-07|2026-08-06|2026-11-05
BCG,2026-10-05,FAILED
BCG.L,2026-10-05,2026-12-03
BCHT,2026-10-05,2018-04-17|2018-05-21|2018-08-14|2018-11-13|2019-04-11|2019-05-15|2019-08-14|2019-11-14|2021-04-05|2021-05-17|2021-08-16|2021-11-15|2022-04-05|2022-05-18|2022-11-14|2023-05-15|2023-06-06|2023-08-16|2023-11-20|2024-04-16|2025-11-13|2026-03-31|2026-05-13|2026-08-13|2026-11-12
BCML,2026-09-21,2020-10-22|2021-01-28|2021-04-22|2021-07-22|2021-10-21|2022-01-27|2022-04-21|2022-07-21|2022-10-20|2023-01-26|2023-04-20|2023-07-26|2023-10-19|2024-01-25|2024-04-17|2024-07-18|2024-10-17|2025-01-23|2025-04-17|2025-07-17|2025-10-23|2026-01-22|2026-04-23|2026-07-23|2026-10-22
BCO,2026-09-14,2020-10-29|2021-02-23|2021-04-28|2021-07-22|2021-10-27|2022-02-23|2022-05-10|2022-08-03|2022-10-26|2023-02-22|2023-05-10|2023-08-09|2023-11-07|2024-02-29|2024-05-08|2024-08-07|2024-11-06|2025-02-26|2025-05-12|2025-08-06|2025-11-05|2026-02-26|2026-05-06|2026-08-05|2026-11-04
BCS,2026-09-21,2001-08-01|2010-04-30|2012-07-27|2013-07-30|2014-02-11|2024-02-20|2024-04-25|2024-08-01|2025-02-13|2025-07-29|2025-10-22|2026-02-10|2026-04-28|2026-07-28|2026-10-22
BCSF,2026-10-05,2020-11-05|2021-02-24|2021-05-05|2021-08-04|2021-11-03|2022-02-23|2022-05-05|2022-08-03|2022-11-09|2023-02-28|2023-05-09|2023-08-08|2023-11-06|2024-02-27|2024-05-06|2024-08-06|2024-11-05|2025-02-27|2025-05-05|2025-08-05|2025-11-10|2026-02-26|2026-05-11|2026-08-10|2026-11-09
BDJ,2026-09-21,FAILED
BDL,2026-09-07,FAILED
BDSX,2026-09-14,2020-12-10|2021-03-16|2021-05-11|2021-08-10|2021-11-15|2022-03-14|2022-05-11|2022-08-04|2022-11-03|2023-03-06|2023-05-11|2023-08-07|2023-11-07|2024-03-01|2024-05-08|2024-08-07|2024-11-01|2025-03-03|2025-05-13|2025-08-07|2025-11-03|2026-02-26|2026-05-04|2026-08-05|2026-11-03
BDTX,2026-09-07,2020-11-10|2021-03-25|2021-05-07|2021-08-12|2021-11-08|2022-03-17|2022-05-11|2022-08-09|2022-11-08|2023-03-09|2023-05-09|2023-08-11|2023-11-06|2024-03-12|2024-05-09|2024-08-06|2024-11-05|2025-03-06|2025-05-12|2025-08-07|2025-11-06|2026-03-16|2026-05-07|2026-08-05|2026-11-05
BDX,2026-10-05,2020-11-05|2021-02-04|2021-05-06|2021-08-05|2021-11-04|2022-02-03|2022-05-05|2022-08-04|2022-11-10|2023-02-02|2023-05-04|2023-08-03|2023-11-09|2024-02-01|2024-05-02|2024-08-01|2024-11-07|2025-02-05|2025-05-01|2025-08-07|2025-11-06|2026-02-09|2026-05-07|2026-08-06|2026-11-05
BENF,2026-10-05,2024-11-14|2025-02-13|2025-08-18|2025-09-29|2025-10-20|2025-11-14|2026-02-17|2026-06-29|2026-08-14
BEPC,2026-10-05,2021-05-04|2021-08-05|2021-11-05|2022-02-04|2022-05-06|2022-08-05|2022-11-04|2023-02-03|2023-05-05|2023-08-04|2024-02-02|2024-05-03|2024-08-02|2024-11-08|2025-01-31|2025-05-02|2025-08-01|2025-11-05|2026-01-30|2026-05-01|2026-07-31|2026-11-04
BETR,2026-10-05,2025-08-13|2025-11-12|2026-03-13|2026-05-07|2026-08-06|2026-11-09
BEZ.L,2026-09-21,2026-08-05|2027-03-03
BFC,2026-10-05,2020-10-20|2021-01-19|2021-04-20|2021-07-20|2021-10-19|2022-01-18|2022-04-19|2022-07-19|2022-11-09|2023-01-17|2023-04-18|2023-07-18|2023-10-17|2024-01-16|2024-04-16|2024-07-16|2024-10-15|2025-01-21|2025-04-15|2025-07-18|2025-10-21|2026-01-22|2026-04-16|2026-07-20|2026-10-20
BFLY,2026-09-07,2021-08-09|2021-11-15|2022-02-28|2022-05-05|2022-08-03|2022-11-03|2023-02-28|2023-05-11|2023-08-03|2023-11-02|2024-02-28|2024-05-01|2024-08-01|2024-11-01|2025-02-28|2025-05-02|2025-08-01|2025-10-31|2026-02-26|2026-04-30|2026-07-30|2026-10-30
BFRI,2026-09-28,2021-11-30|2022-04-08|2022-05-13|2022-08-12|2022-11-14|2023-03-13|2023-05-12|2023-08-11|2023-11-09|2024-03-15|2024-05-15|2024-08-14|2024-11-13|2025-03-21|2025-05-15|2025-08-13|2025-11-12|2026-03-19|2026-05-14|2026-08-13|2026-11-11
BFS,2026-10-05,2004-11-02|2005-02-23|2005-05-04|2005-08-08|2006-02-22|2006-08-08|2006-11-07|2007-02-22|2007-04-25|2007-08-08|2007-11-08|2008-02-19|2008-04-23|2024-05-02|2024-08-01|2024-11-07|2025-02-28|2025-05-08|2025-08-07|2025-11-06|2026-02-27|2026-05-07|2026-11-05
BFST,2026-09-14,2020-10-22|2021-01-25|2021-04-22|2021-07-26|2021-10-21|2022-01-25|2022-04-26|2022-07-26|2022-10-26|2023-01-25|2023-04-27|2023-07-27|2023-10-26|2024-01-23|2024-04-25|2024-07-25|2024-10-24|2025-01-23|2025-04-24|2025-07-28|2025-10-23|2026-01-22|2026-04-27|2026-07-23|2026-10-22
BGC,2026-09-07,2020-10-28|2021-02-24|2021-04-29|2021-08-04|2021-11-03|2022-02-16|2022-05-03|2022-08-03|2022-11-02|2023-02-27|2023-05-03|2023-08-02|2023-10-30|2024-02-14|2024-04-30|2024-07-30|2024-10-31|2025-02-14|2025-05-07|2025-07-31|2025-11-06|2026-02-12|2026-05-07|2026-07-30|2026-11-05
BGEO.L,2026-09-07,2018-08-16|2018-11-22|2019-02-19|2019-08-14|2019-11-07|2020-02-13|2020-08-20|2020-11-17|2021-02-25|2021-05-19|2021-08-17|2021-11-11|2022-02-22|2022-05-11|2023-11-14|2025-08-19|2026-02-27|2026-08-10|2026-11-04
BGEU.L,2026-09-07,FAILED
BGFD.L,2026-08-31,FAILED
BGR,2026-10-05,FAILED
BGS,2026-10-05,2020-07-30|2020-11-05|2021-03-02|2021-05-11|2021-08-05|2021-11-04|2022-03-01|2022-05-05|2022-08-04|2022-11-09|2023-02-28|2023-05-04|2023-08-03|2023-11-08|2024-02-27|2024-05-08|2024-08-06|2024-11-05|2025-02-25|2025-05-07|2025-08-04|2025-11-05|2026-03-03|2026-08-11|2026-11-11
BGS.L,2026-10-05,FAILED
BGSF,2026-10-05,2019-11-05|2020-03-12|2020-05-07|2020-08-05|2020-11-05|2021-03-11|2021-05-06|2021-08-05|2021-11-03|2022-03-10|2022-04-27|2022-08-03|2022-11-02|2023-03-08|2023-05-10|2023-08-09|2023-11-08|2024-03-13|2024-05-08|2024-08-07|2024-11-06|2025-03-12|2025-05-07|2025-08-07|2026-11-06
BGT,2026-10-05,FAILED
BHB,2026-09-14,2016-04-28|2016-07-28|2016-10-27|2021-07-21|2021-10-21|2022-01-20|2022-05-05|2022-07-21|2022-10-19|2023-01-19|2023-04-20|2023-07-20|2023-10-17|2024-01-23|2024-04-18|2024-07-18|2024-10-22|2025-01-23|2025-04-17|2025-07-22|2025-10-21|2026-01-22|2026-04-21|2026-07-21|2026-10-20
BHC,2026-09-07,2020-11-03|2021-02-24|2021-05-04|2021-08-03|2021-11-02|2022-02-23|2022-05-10|2022-08-09|2022-11-03|2023-02-23|2023-05-04|2023-08-03|2023-11-02|2024-02-22|2024-05-02|2024-08-01|2024-10-30|2025-02-19|2025-04-30|2025-07-30|2025-10-29|2026-02-18|2026-04-29|2026-07-29|2026-10-28
BHK,2026-10-05,FAILED
BHM,2026-10-05,FAILED
BHR,2026-10-05,2020-07-30|2020-10-28|2021-02-25|2021-05-07|2021-07-29|2021-10-27|2022-02-24|2022-05-04|2022-08-03|2022-11-02|2023-02-22|2023-05-02|2023-07-31|2023-11-08|2024-02-29|2024-05-09|2024-07-31|2024-11-06|2025-02-26|2025-05-07|2025-07-31|2025-11-04|2026-02-26|2026-05-06|2026-11-04
BHRB,2026-09-14,2024-07-26|2024-10-25|2025-01-24|2025-04-25|2025-07-24|2025-10-23|2026-01-22|2026-04-23|2026-07-23|2026-10-22
BHVN,2026-09-14,2022-11-09|2023-03-23|2023-05-12|2023-07-31|2023-11-14|2024-02-29|2024-05-09|2024-08-08|2024-11-12|2025-03-03|2025-05-12|2025-08-11|2025-11-10|2026-03-02|2026-05-04|2026-08-10|2026-11-09
BIAF,2026-10-05,2024-08-14|2024-11-14|2025-03-31|2025-05-15|2025-08-14|2025-11-14
BIIB,2026-10-05,2020-10-21|2021-02-03|2021-04-22|2021-07-22|2021-10-20|2022-02-03|2022-05-03|2022-07-20|2022-10-25|2023-02-15|2023-04-25|2023-07-25|2023-11-08|2024-02-13|2024-04-24|2024-08-01|2024-10-30|2025-02-12|2025-05-01|2025-07-31|2025-10-30|2026-02-06|2026-04-29|2026-07-29|2026-10-28
BIO,2026-10-05,2020-10-29|2021-02-11|2021-04-29|2021-07-29|2021-10-28|2022-02-10|2022-04-28|2022-07-28|2022-10-27|2023-02-16|2023-05-04|2023-08-03|2023-10-26|2024-02-15|2024-05-07|2024-08-01|2024-10-30|2025-02-13|2025-05-01|2025-07-31|2025-10-29|2026-02-12|2026-04-30|2026-08-04|2026-10-29
BIO-B,2026-10-05,2018-11-01|2019-02-28|2019-05-08|2019-08-01
BIOA,2026-09-21,2024-11-07|2025-03-20|2025-05-06|2025-08-06|2025-11-06|2026-03-24|2026-05-08|2026-08-05|2026-11-05
BIVI,2026-09-14,2021-01-29|2021-05-10|2021-08-30|2022-02-08|2022-05-11|2022-09-27|2022-11-04|2023-02-10|2023-05-12|2023-08-16|2023-11-08|2024-02-13|2024-05-14|2025-02-11|2025-05-12|2025-08-15|2025-11-10|2026-08-24|2026-11-09
BJRI,2026-09-07,2020-10-22|2021-02-11|2021-04-22|2021-07-29|2021-10-21|2022-02-17|2022-04-21|2022-07-21|2022-10-20|2023-02-16|2023-04-27|2023-07-27|2023-10-26|2024-02-15|2024-05-02|2024-07-25|2024-10-31|2025-02-20|2025-05-01|2025-07-31|2025-10-30|2026-02-25|2026-05-05|2026-07-30|2026-10-29
BKD,2026-10-05,2020-11-04|2021-02-24|2021-05-06|2021-08-05|2021-11-04|2022-02-14|2022-05-05|2022-08-08|2022-11-07|2023-02-21|2023-05-08|2023-08-07|2023-11-06|2024-02-20|2024-05-07|2024-08-08|2024-11-06|2025-02-18|2025-05-06|2025-08-06|2025-11-06|2026-02-18|2026-05-06|2026-08-10|2026-11-05
BKT,2026-10-05,FAILED
BKV,2026-10-05,2024-11-12|2025-02-26|2025-05-09|2025-08-12|2025-11-10|2026-02-25|2026-05-07|2026-08-06|2026-11-10
BKYI,2026-10-05,2019-11-14|2020-05-14|2020-06-08|2020-08-14|2020-11-16|2021-03-29|2021-05-17|2021-08-16|2021-11-15|2022-04-01|2022-05-23|2022-08-17|2022-11-14|2023-06-01|2023-06-09|2023-08-14|2023-10-25|2024-08-14|2024-11-14|2025-03-27|2025-05-15|2025-08-13|2025-11-14|2026-05-18|2026-08-13
BLDP,2026-10-05,2020-11-05|2021-03-10|2021-05-03|2021-08-05|2021-11-08|2022-03-11|2022-05-09|2022-08-10|2022-11-07|2023-03-17|2023-05-10|2023-08-09|2023-11-07|2024-03-11|2024-05-07|2024-08-12|2024-11-05|2025-03-13|2025-05-06|2025-08-11|2025-11-13|2026-03-12|2026-05-05|2026-07-30|2026-10-30
BLDR,2026-10-05,2020-10-29|2021-02-26|2021-05-06|2021-08-05|2021-11-04|2022-03-01|2022-05-10|2022-08-01|2022-11-08|2023-02-28|2023-05-03|2023-08-02|2023-11-01|2024-02-22|2024-05-07|2024-08-06|2024-11-05|2025-02-20|2025-05-01|2025-07-31|2025-10-30|2026-02-17|2026-04-30|2026-07-30|2026-10-29
BLFS,2026-09-14,2020-11-05|2021-03-22|2021-05-13|2021-08-12|2021-11-11|2022-02-28|2022-05-09|2022-08-09|2022-11-09|2023-03-16|2023-05-10|2023-08-08|2023-11-09|2024-02-29|2024-05-10|2024-08-08|2024-11-12|2025-03-03|2025-05-08|2025-08-07|2025-11-06|2026-02-26|2026-05-07|2026-08-06|2026-11-05
BLK,2026-10-05,2008-04-16|2008-07-17|2008-10-21|2009-01-21|2009-04-21|2009-07-21|2009-10-20|2022-07-15|2022-10-13|2023-01-13|2023-04-14|2023-07-14|2023-10-13|2024-01-12|2024-04-12|2024-07-15|2024-10-11|2025-01-15|2025-04-11|2025-07-15|2025-10-14|2026-01-15|2026-04-14|2026-07-15|2026-10-14
BLMN,2026-09-14,2020-10-23|2021-02-18|2021-04-29|2021-07-30|2021-11-02|2022-02-18|2022-04-29|2022-07-29|2022-10-28|2023-02-16|2023-04-28|2023-08-01|2023-11-03|2024-02-23|2024-05-07|2024-08-06|2024-11-08|2025-02-26|2025-05-07|2025-08-06|2025-11-06|2026-02-25|2026-05-06|2026-08-05|2026-11-05
BLND,2026-09-28,2021-08-19|2021-11-10|2022-03-31|2022-05-12|2022-08-15|2022-11-10|2023-03-16|2023-05-09|2023-08-09|2023-11-07|2024-03-14|2024-05-08|2024-08-08|2024-11-06|2025-02-27|2025-05-08|2025-08-07|2025-11-06|2026-03-10|2026-05-07|2026-08-06|2026-11-05
BLZE,2026-09-28,2021-12-13|2022-02-17|2022-05-05|2022-08-09|2022-11-10|2023-02-15|2023-05-09|2023-08-08|2023-11-08|2024-02-15|2024-05-08|2024-08-08|2024-11-07|2025-02-25|2025-05-07|2025-08-07|2025-11-06|2026-02-23|2026-05-04|2026-08-03|2026-11-05
BME,2026-09-21,FAILED
BME.L,2026-10-05,2026-11-11
BMR,2026-10-05,FAILED
BMRA,2026-09-28,2016-04-14|2016-08-29|2016-10-17|2017-01-17|2017-04-14|2017-08-29|2017-10-16|2018-01-16|2018-04-16|2018-08-29|2018-10-15|2019-01-14|2019-04-15|2019-08-29|2019-10-15|2020-01-14|2020-04-14|2020-08-31|2020-10-15|2021-01-14|2021-04-14|2021-08-27|2021-10-14|2022-01-12|2023-04-14
BMRC,2026-09-21,2020-10-26|2021-01-25|2021-04-19|2021-07-19|2021-10-25|2022-01-24|2022-04-25|2022-07-25|2022-10-24|2023-01-23|2023-04-24|2023-07-24|2023-10-23|2024-01-29|2024-04-29|2024-07-29|2024-10-28|2025-01-27|2025-04-28|2025-07-28|2025-10-27|2026-01-26|2026-04-27|2026-07-27|2026-10-26
BMRN,2026-10-05,2020-11-05|2021-02-25|2021-04-29|2021-07-28|2021-10-27|2022-02-23|2022-04-27|2022-08-03|2022-10-26|2023-02-27|2023-04-26|2023-07-31|2023-11-01|2024-02-22|2024-04-24|2024-08-05|2024-10-29|2025-02-19|2025-05-01|2025-08-04|2025-10-27|2026-02-23|2026-05-04|2026-08-06|2026-10-26
BMY,2026-10-05,2020-11-05|2021-02-04|2021-04-29|2021-07-28|2021-10-27|2022-02-04|2022-04-29|2022-07-27|2022-10-25|2023-02-02|2023-04-27|2023-07-27|2023-10-26|2024-02-02|2024-04-25|2024-07-26|2024-10-31|2025-02-06|2025-04-24|2025-07-31|2025-10-30|2026-02-05|2026-04-30|2026-07-30|2026-10-29
BN,2026-10-05,2017-11-09|2018-02-15|2018-05-10|2018-08-09|2018-11-08|2019-02-14|2019-05-09|2019-08-08|2019-11-14|2020-02-13|2020-05-14|2020-08-13|2020-11-11|2021-02-11|2021-05-13|2021-08-12|2021-11-11|2022-02-10|2022-05-12|2022-08-11|2022-11-10|2023-02-09|2023-05-11|2023-08-10|2026-11-12
BNAI,2026-10-05,2024-08-14|2024-11-14|2025-03-31|2025-06-05|2025-10-14|2025-11-25|2026-05-15|2026-08-14|2026-11-13
BNED,2026-09-14,2020-03-03|2020-07-14|2020-09-02|2020-12-08|2021-03-09|2021-06-29|2021-09-02|2021-11-30|2022-03-08|2022-06-29|2022-08-31|2022-12-06|2023-03-09|2023-08-04|2023-09-06|2023-12-06|2024-03-12|2024-07-01|2024-09-10|2024-12-09|2025-03-10|2025-09-17|2026-07-09|2026-09-08|2026-12-10
BNGO,2026-10-05,2020-11-13|2021-03-23|2021-05-13|2021-08-04|2021-11-04|2022-03-01|2022-05-05|2022-08-04|2022-11-03|2023-03-09|2023-05-09|2023-08-09|2023-11-08|2024-03-05|2024-05-08|2024-08-07|2024-11-14|2025-03-31|2025-05-14|2025-08-14|2025-11-13|2026-03-23|2026-05-13|2026-08-10|2026-11-12
BNT,2026-10-05,2026-11-12
BNTC,2026-10-05,2020-08-14|2020-10-06|2020-11-13|2021-02-09|2022-05-16|2022-09-02|2022-11-10|2023-02-13|2023-05-15|2023-11-13|2024-02-13|2024-05-13|2024-11-14|2025-02-14|2025-05-14|2025-09-22|2025-11-14|2026-02-12|2026-05-14|2026-09-14|2026-11-12
BNZL.L,2026-09-21,2026-09-01
BOC,2026-09-21,2019-05-10|2019-08-09|2019-11-12|2020-08-07|2020-11-09|2021-03-29|2021-08-13|2021-11-12|2022-03-28|2022-05-13|2022-08-12|2022-11-10|2023-03-24|2023-05-12|2023-08-14|2023-11-13|2024-03-27|2024-05-14|2024-08-13|2024-11-12|2025-03-28|2025-08-13|2025-11-13|2026-03-30|2026-11-12
BODI,2026-10-05,2021-11-15|2022-03-01|2022-05-09|2022-08-08|2022-11-09|2023-03-14|2023-05-08|2023-08-08|2023-11-07|2024-03-11|2024-05-06|2024-08-06|2024-11-12|2025-03-27|2025-05-14|2025-08-05|2025-11-10|2026-03-10|2026-08-10|2026-11-09
BOH,2026-10-05,2020-10-26|2021-01-25|2021-04-26|2021-07-26|2021-10-25|2022-01-24|2022-04-25|2022-07-25|2022-10-24|2023-01-23|2023-04-24|2023-07-24|2023-10-23|2024-01-22|2024-04-22|2024-07-22|2024-10-28|2025-01-27|2025-04-21|2025-07-28|2025-10-27|2026-01-26|2026-04-20|2026-07-27|2026-10-26
BOKF,2026-09-14,2020-10-21|2021-01-20|2021-04-21|2021-07-21|2021-10-20|2022-01-19|2022-04-27|2022-07-27|2022-10-26|2023-01-25|2023-04-26|2023-07-26|2023-10-25|2024-01-24|2024-04-24|2024-07-22|2024-10-21|2025-01-17|2025-04-21|2025-07-21|2025-10-19|2026-01-16|2026-04-20|2026-07-20|2026-10-19
BOLD,2026-09-14,2024-05-13|2024-08-12|2024-11-07|2025-03-27|2025-05-09|2025-08-05|2025-11-05|2026-03-09|2026-05-08|2026-08-07
BOLT,2026-10-05,2021-03-31|2021-05-13|2021-08-12|2021-11-09|2022-03-30|2022-05-12|2022-08-10|2022-11-10|2023-03-29|2023-05-11|2023-08-07|2023-11-09|2024-03-21|2024-05-14|2024-08-13|2024-11-12|2025-03-24|2025-05-12|2025-08-14|2025-11-12|2026-03-12|2026-08-11
BON,2026-10-05,FAILED
BOOT,2026-10-05,2020-10-28|2021-01-25|2021-05-12|2021-08-04|2021-10-27|2022-01-27|2022-05-10|2022-07-27|2022-10-26|2023-01-25|2023-05-17|2023-08-02|2023-11-02|2024-01-31|2024-05-14|2024-08-07|2024-10-28|2025-01-30|2025-05-14|2025-07-31|2025-10-29|2026-02-04|2026-05-14|2026-07-29|2026-10-28
BOW,2026-09-21,2024-08-06|2024-11-05|2025-02-25|2025-05-06|2025-08-05|2025-11-04|2026-02-24|2026-05-05|2026-08-03|2026-11-03
BOX,2026-10-05,2020-12-01|2021-03-02|2021-05-27|2021-08-25|2021-11-30|2022-03-02|2022-05-25|2022-08-24|2022-11-30|2023-03-01|2023-05-30|2023-08-29|2023-12-05|2024-03-05|2024-05-28|2024-08-27|2024-12-03|2025-03-04|2025-05-27|2025-08-26|2025-12-02|2026-03-03|2026-05-26|2026-08-25|2026-12-01
BOY.L,2026-10-05,2026-07-28|2027-03-10
BPOP,2026-09-14,2020-10-28|2021-01-28|2021-04-28|2021-07-22|2021-10-20|2022-01-27|2022-04-26|2022-07-28|2022-10-26|2023-01-25|2023-04-26|2023-07-26|2023-10-26|2024-01-25|2024-04-23|2024-07-24|2024-10-23|2025-01-28|2025-04-23|2025-07-23|2025-10-23|2026-01-27|2026-04-23|2026-07-23|2026-10-22
BPRN,2026-09-21,2020-10-22|2021-01-28|2021-04-22|2021-07-22|2021-10-21|2022-01-27|2022-04-21|2022-07-21|2022-10-20|2023-01-26|2023-04-20|2023-07-27|2023-10-26|2024-01-25|2024-04-25|2024-07-25|2024-10-29|2025-01-28|2025-04-24|2025-07-24|2025-10-29|2026-01-29|2026-04-23|2026-07-23|2026-10-28
BPT.L,2026-10-05,2026-07-17|2027-03-11
BRAG,2026-10-05,2021-03-25|2021-05-13|2021-08-11|2021-11-08|2022-03-10|2022-05-11|2022-08-09|2022-11-10|2023-03-21|2023-05-10|2023-08-10|2023-11-09|2024-03-26|2024-05-09|2024-08-08|2024-11-14|2025-03-20|2025-05-15|2025-08-14|2025-11-13|2026-03-19|2026-05-14|2026-08-13|2026-11-12
BRBR,2026-10-05,2020-11-19|2021-02-04|2021-05-06|2021-08-05|2021-11-18|2022-02-03|2022-05-05|2022-08-04|2022-11-17|2023-02-06|2023-05-08|2023-08-07|2023-11-20|2024-02-05|2024-05-06|2024-08-05|2024-11-18|2025-02-03|2025-05-05|2025-08-04|2025-11-18|2026-02-03|2026-05-05|2026-08-04|2026-11-17
BRBS,2026-10-05,2026-10-28
BRCC,2026-08-24,2022-04-19|2022-05-12|2022-08-11|2022-11-10|2023-03-15|2023-05-11|2023-08-10|2023-11-09|2024-03-06|2024-05-08|2024-08-07|2024-11-04|2025-03-03|2025-05-05|2025-08-04|2025-11-03|2026-03-02|2026-05-04|2026-08-03|2026-11-02
BRK-A,2026-10-05,2020-11-07|2021-02-27|2021-05-01|2021-08-07|2021-11-06|2022-02-26|2022-04-30|2022-08-06|2022-11-05|2023-02-25|2023-05-06|2023-08-05|2023-11-04|2024-02-24|2024-05-04|2024-08-03|2024-11-02|2025-02-22|2025-05-03|2025-08-02|2025-11-01|2026-02-28|2026-05-02|2026-08-08|2026-11-07
BRK-B,2026-10-05,2020-11-07|2021-02-27|2021-05-01|2021-08-07|2021-11-06|2022-02-26|2022-04-30|2022-08-06|2022-11-05|2023-02-25|2023-05-06|2023-08-05|2023-11-04|2024-02-24|2024-05-04|2024-08-03|2024-11-02|2025-02-22|2025-05-03|2025-08-02|2025-11-01|2026-02-28|2026-05-02|2026-08-08|2026-11-07
BRLT,2026-09-14,2021-11-12|2022-03-16|2022-05-12|2022-08-12|2022-11-10|2023-03-15|2023-05-11|2023-08-09|2023-11-09|2024-03-14|2024-05-09|2024-08-08|2024-11-07|2025-03-12|2025-05-06|2025-08-07|2025-11-05|2026-03-05|2026-05-06|2026-08-06|2026-11-04
BROS,2026-10-05,2021-11-10|2022-03-01|2022-05-11|2022-08-10|2022-11-09|2023-02-22|2023-05-09|2023-08-08|2023-11-07|2024-02-21|2024-05-07|2024-08-07|2024-11-06|2025-02-12|2025-05-07|2025-08-06|2025-11-05|2026-02-12|2026-05-06|2026-08-05|2026-11-04
BRSL,2026-10-05,2020-11-11|2021-03-02|2021-05-11|2021-08-03|2021-11-09|2022-03-01|2022-05-10|2022-08-02|2022-11-08|2023-02-28|2023-05-09|2023-08-01|2023-10-31|2024-03-12|2024-05-14|2024-07-30|2024-11-12|2025-02-25|2025-05-13|2025-07-29|2025-11-04|2026-02-24|2026-05-12|2026-08-04|2026-11-10
BRSP,2026-10-05,2020-11-05|2021-02-24|2021-05-05|2021-08-04|2021-11-03|2022-02-22|2022-05-03|2022-08-03|2022-11-02|2023-02-21|2023-05-03|2023-08-02|2023-10-30|2024-02-21|2024-05-01|2024-07-30|2024-10-29|2025-02-18|2025-04-29|2025-07-29|2025-10-28|2026-02-17|2026-04-28|2026-07-28|2026-10-27
BRT,2026-09-14,2020-11-05|2021-03-11|2021-05-06|2021-08-05|2021-11-08|2022-03-14|2022-05-09|2022-08-08|2022-11-07|2023-03-14|2023-05-08|2023-08-07|2023-11-06|2024-03-12|2024-05-08|2024-08-09|2024-11-07|2025-03-12|2025-05-08|2025-08-07|2025-11-06|2026-03-13|2026-05-07|2026-08-10|2026-11-05
BRTX,2026-09-14,2022-03-30|2022-05-16|2022-11-14|2023-03-27|2023-05-12|2023-08-11|2023-11-13|2024-04-01|2024-06-11|2024-08-13|2024-11-12|2025-03-28|2025-05-14|2025-08-12|2025-11-12|2026-03-26|2026-05-14
BRZE,2026-10-05,2021-12-20|2022-03-30|2022-06-13|2022-09-12|2022-12-13|2023-03-30|2023-06-08|2023-09-07|2023-12-06|2024-03-26|2024-06-06|2024-09-05|2024-12-09|2025-03-27|2025-06-05|2025-09-04|2025-12-09|2026-03-24|2026-05-27|2026-09-08|2026-12-08
BSEM,2026-09-21,2022-11-15|2023-11-13|2024-05-14|2024-08-12|2024-11-11|2025-04-14|2025-05-11|2025-08-13|2025-11-13|2026-05-14|2026-08-12|2026-11-12
BSET,2026-10-05,2021-01-21|2021-04-01|2021-07-01|2021-09-30|2022-01-31|2022-03-31|2022-06-30|2022-09-29|2023-01-24|2023-03-30|2023-06-29|2023-09-28|2024-01-25|2024-04-03|2024-07-10|2024-10-09|2025-01-29|2025-04-02|2025-07-09|2025-10-08|2026-02-04|2026-04-01|2026-07-01|2026-09-30|2027-02-03
BSVN,2026-09-14,2020-10-29|2021-01-29|2021-04-29|2021-07-29|2021-10-21|2022-01-28|2022-04-26|2022-07-27|2022-10-26|2023-01-26|2023-04-27|2023-07-20|2023-10-26|2024-01-29|2024-04-12|2024-07-11|2024-10-11|2025-01-16|2025-04-10|2025-07-17|2025-10-15|2026-01-15|2026-04-14|2026-07-16|2026-10-14
BSY,2026-09-07,2020-11-10|2021-03-02|2021-05-11|2021-08-10|2021-11-09|2022-03-01|2022-05-10|2022-08-09|2022-11-08|2023-02-28|2023-05-09|2023-08-08|2023-11-07|2024-02-27|2024-05-07|2024-08-06|2024-11-07|2025-02-26|2025-05-07|2025-08-06|2025-11-05|2026-02-26|2026-05-07|2026-08-06|2026-11-04
BTCT,2026-09-14,2021-08-18|2022-05-16|2022-11-29
BTG,2026-10-05,2020-11-03|2021-02-23|2021-05-04|2021-08-04|2021-11-02|2022-02-22|2022-05-03|2022-08-03|2022-11-01|2023-02-22|2023-05-09|2023-08-02|2023-11-08|2024-02-21|2024-05-07|2024-08-08|2024-11-06|2025-02-19|2025-05-07|2025-08-07|2025-11-05|2026-02-18|2026-05-07|2026-08-06|2026-11-04
BTI,2026-10-05,1999-06-29|1999-09-29|2000-10-31|2001-02-28|2001-05-02|2001-07-31|2001-10-30|2002-02-26|2002-04-30|2002-07-30|2002-10-29|2003-02-25|2003-04-29|2003-07-29|2003-10-28|2004-02-24|2004-04-27|2004-07-27|2004-10-26|2005-03-01|2006-02-28|2006-05-03|2006-07-27|2006-10-26|2026-07-30|2027-02-10
BTMD,2026-10-05,2022-08-16|2022-11-14|2023-03-28|2023-05-09|2023-08-10|2023-11-07|2024-03-12|2024-05-07|2024-08-08|2024-11-12|2025-03-12|2025-05-07|2025-08-06|2025-11-05|2026-03-11|2026-05-06|2026-08-05|2026-11-04
BTO,2026-09-21,FAILED
BURL,2026-10-05,2020-11-24|2021-03-04|2021-05-27|2021-08-26|2021-11-23|2022-03-03|2022-05-26|2022-08-25|2022-11-22|2023-03-02|2023-05-25|2023-08-24|2023-11-21|2024-03-07|2024-05-30|2024-08-29|2024-11-26|2025-03-06|2025-05-29|2025-08-28|2025-11-25|2026-03-05|2026-05-28|2026-08-27|2026-11-27
BURU,2026-09-28,FAILED
BUSE,2026-09-14,2020-10-27|2021-01-26|2021-04-27|2021-07-27|2021-10-26|2022-01-25|2022-04-26|2022-07-26|2022-10-25|2023-01-24|2023-04-25|2023-07-25|2023-10-24|2024-01-23|2024-04-23|2024-07-23|2024-10-22|2025-01-28|2025-04-22|2025-07-22|2025-10-28|2026-01-27|2026-04-28|2026-07-28|2026-10-27
BV,2026-10-05,2020-11-18|2021-02-04|2021-05-06|2021-08-05|2021-11-17|2022-02-03|2022-05-05|2022-08-04|2022-11-17|2023-02-07|2023-05-04|2023-08-03|2023-11-16|2024-01-31|2024-05-01|2024-07-31|2024-11-13|2025-02-05|2025-05-07|2025-08-06|2025-11-19|2026-02-03|2026-05-05|2026-08-04|2026-11-18
BVC,2026-10-05,FAILED
BVFL,2026-09-14,2026-10-16
BVS,2026-10-05,2021-03-25|2021-05-12|2021-08-10|2021-11-09|2022-03-10|2022-05-10|2022-08-11|2022-11-08|2023-03-31|2023-05-16|2023-08-08|2023-11-07|2024-03-12|2024-05-07|2024-08-06|2024-11-05|2025-03-11|2025-05-06|2025-08-06|2025-11-04|2026-03-05|2026-05-06|2026-08-05|2026-11-03
BW,2026-10-05,2020-11-12|2021-02-09|2021-04-22|2021-08-12|2021-11-10|2022-03-08|2022-05-09|2022-08-08|2022-11-08|2023-03-15|2023-05-10|2023-08-08|2023-11-09|2024-03-14|2024-05-09|2024-08-08|2024-11-12|2025-03-31|2025-05-12|2025-08-11|2025-11-04|2026-03-04|2026-05-11|2026-08-10|2026-11-03
BWB,2026-10-05,2020-10-29|2021-01-28|2021-04-29|2021-07-29|2021-10-28|2022-01-27|2022-04-28|2022-07-28|2022-10-27|2023-01-25|2023-04-26|2023-07-26|2023-10-25|2024-01-24|2024-04-24|2024-07-24|2024-10-23|2025-01-29|2025-04-23|2025-07-23|2025-10-21|2026-01-27|2026-04-21|2026-07-21|2026-10-20
BWG,2026-10-05,FAILED
BWIN,2026-10-05,2020-11-12|2021-03-11|2021-05-10|2021-08-09|2021-11-08|2022-03-01|2022-05-10|2022-08-09|2022-11-07|2023-02-28|2023-05-09|2023-08-09|2023-11-07|2024-02-28|2024-05-07|2024-08-06|2024-11-04|2025-02-25|2025-05-06|2025-08-05|2025-11-04|2026-02-26|2026-05-04|2026-07-30|2026-11-03
BWLP,2026-10-05,2026-11-23
BWMN,2026-10-05,2021-06-10|2021-08-11|2021-11-10|2022-03-20|2022-05-11|2022-08-12|2022-11-11|2023-03-10|2023-05-08|2023-08-07|2023-11-05|2024-03-11|2024-05-06|2024-08-06|2024-11-06|2025-03-11|2025-05-06|2025-08-06|2025-11-05|2026-03-04|2026-05-05|2026-08-10|2026-11-04
BWXT,2026-10-05,2020-11-02|2021-02-22|2021-05-03|2021-08-02|2021-11-01|2022-02-22|2022-05-09|2022-08-08|2022-11-07|2023-02-23|2023-05-08|2023-08-03|2023-11-01|2024-02-27|2024-05-06|2024-08-05|2024-11-04|2025-02-24|2025-05-05|2025-08-04|2025-11-03|2026-02-23|2026-05-04|2026-08-03|2026-11-02
BXMT,2026-09-14,2020-10-29|2021-02-10|2021-04-28|2021-07-28|2021-10-27|2022-02-09|2022-04-27|2022-07-27|2022-10-26|2023-02-08|2023-04-26|2023-07-26|2023-10-25|2024-02-14|2024-04-24|2024-07-24|2024-10-23|2025-02-12|2025-04-30|2025-07-30|2025-10-29|2026-02-11|2026-04-29|2026-07-30|2026-10-28
BY,2026-09-14,2020-10-22|2021-01-28|2021-04-29|2021-07-29|2021-10-28|2022-01-27|2022-04-28|2022-07-28|2022-10-27|2023-01-26|2023-04-27|2023-07-27|2023-10-26|2024-01-25|2024-04-25|2024-07-25|2024-10-24|2025-01-23|2025-04-24|2025-07-24|2025-10-23|2026-01-22|2026-04-23|2026-07-23|2026-10-22
BYAH,2026-10-05,FAILED
BYD,2026-10-05,2020-10-26|2021-02-16|2021-04-27|2021-07-27|2021-10-26|2022-02-03|2022-04-26|2022-07-26|2022-10-25|2023-02-02|2023-04-25|2023-07-27|2023-10-24|2024-02-08|2024-04-25|2024-07-25|2024-10-24|2025-02-06|2025-04-24|2025-07-24|2025-10-23|2026-02-05|2026-04-23|2026-07-23|2026-10-22
BYFC,2026-10-05,FAILED
BYG.L,2026-10-05,2026-11-16
BYND,2026-10-05,2020-11-09|2021-02-25|2021-05-06|2021-08-05|2021-11-10|2022-02-24|2022-05-11|2022-08-04|2022-11-09|2023-02-23|2023-05-10|2023-08-07|2023-11-08|2024-02-27|2024-05-08|2024-08-07|2024-11-06|2025-02-26|2025-05-07|2025-08-06|2025-11-10|2026-03-31|2026-05-06|2026-08-05|2026-11-04
BZH,2026-10-05,2020-11-12|2021-01-28|2021-04-29|2021-07-29|2021-11-10|2022-01-27|2022-04-28|2022-07-28|2022-11-10|2023-02-02|2023-04-27|2023-07-27|2023-11-16|2024-02-01|2024-05-01|2024-08-01|2024-11-13|2025-01-30|2025-05-01|2025-07-31|2025-11-13|2026-01-29|2026-04-30|2026-08-07|2026-11-12
CABA,2026-10-05,2020-11-10|2021-03-16|2021-05-03|2021-08-05|2021-11-01|2022-03-17|2022-05-12|2022-08-11|2022-11-10|2023-03-16|2023-05-11|2023-08-10|2023-11-09|2024-03-21|2024-05-15|2024-08-08|2024-11-14|2025-03-31|2025-05-15|2025-08-07|2025-11-10|2026-03-23|2026-05-14|2026-08-13|2026-11-16
CAC,2026-09-14,2020-10-27|2021-01-26|2021-04-27|2021-07-27|2021-10-26|2022-01-25|2022-04-26|2022-07-26|2022-10-25|2023-01-31|2023-04-25|2023-07-25|2023-10-31|2024-01-30|2024-04-30|2024-07-30|2024-10-29|2025-01-28|2025-05-06|2025-07-29|2025-10-28|2026-01-27|2026-04-28|2026-07-28|2026-10-27
CAH,2026-09-14,2020-11-05|2021-02-05|2021-05-06|2021-08-05|2021-11-09|2022-02-03|2022-05-05|2022-08-11|2022-11-04|2023-02-02|2023-05-04|2023-08-15|2023-11-03|2024-02-01|2024-05-02|2024-08-14|2024-11-01|2025-01-30|2025-05-01|2025-08-12|2025-10-30|2026-02-05|2026-04-30|2026-08-11|2026-11-05
CAKE,2026-09-07,2020-10-29|2021-02-17|2021-04-28|2021-07-27|2021-11-03|2022-02-16|2022-04-27|2022-07-27|2022-11-01|2023-02-22|2023-05-10|2023-08-02|2023-11-01|2024-02-21|2024-05-08|2024-07-31|2024-10-29|2025-02-19|2025-04-30|2025-07-29|2025-10-28|2026-02-18|2026-04-29|2026-07-28|2026-10-27
CALC,2026-10-05,2023-05-12|2023-08-10|2023-11-09|2024-03-28|2024-05-13|2024-08-12|2024-11-13|2025-03-27|2025-05-14|2025-08-12|2025-11-12|2026-03-03|2026-05-12|2026-08-11
CALM,2026-10-05,2021-01-05|2021-03-29|2021-07-19|2021-09-28|2021-12-28|2022-03-29|2022-07-19|2022-09-27|2022-12-28|2023-03-28|2023-07-25|2023-10-03|2024-01-03|2024-04-02|2024-07-23|2024-10-01|2025-01-07|2025-04-08|2025-07-22|2025-10-01|2026-01-07|2026-04-01|2026-07-22|2026-09-30|2027-01-06
CALX,2026-10-05,2020-10-20|2021-01-27|2021-04-27|2021-07-26|2021-10-25|2022-01-26|2022-04-25|2022-07-25|2022-10-24|2023-01-25|2023-04-19|2023-07-19|2023-10-23|2024-01-29|2024-04-23|2024-07-22|2024-10-28|2025-01-29|2025-04-21|2025-07-21|2025-10-29|2026-01-28|2026-04-21|2026-07-20|2026-11-02
CAMP,2026-10-05,2024-11-21|2025-05-13|2025-08-12|2025-08-14|2025-11-06|2026-03-05|2026-05-07|2026-08-13
CANG,2026-09-07,2018-11-22|2019-03-27|2019-05-28|2019-09-03|2019-11-15|2020-03-23|2020-05-27|2020-08-24|2020-11-23|2021-03-11|2021-05-31|2021-08-19|2021-11-22|2022-03-10|2022-06-09|2022-08-29|2022-11-29|2023-03-09|2023-06-08|2025-09-04|2026-03-16|2026-05-31|2026-08-31|2026-11-04
CAPD.L,2026-10-05,FAILED
CAPR,2026-10-05,2020-03-18|2020-05-13|2020-08-06|2020-11-12|2021-03-11|2021-08-12|2021-11-09|2022-03-10|2022-08-10|2022-11-10|2023-03-15|2023-05-11|2023-08-07|2023-11-14|2024-02-29|2024-05-13|2024-08-07|2024-11-13|2025-03-19|2025-05-13|2025-08-11|2025-11-10|2026-03-12|2026-08-13|2026-11-10
CARD.L,2026-10-05,2026-05-12|2026-09-29|2027-04-27
CARR,2026-09-14,2020-10-29|2021-02-09|2021-04-29|2021-07-29|2021-10-28|2022-02-08|2022-04-28|2022-07-28|2022-10-27|2023-02-07|2023-04-25|2023-07-27|2023-10-26|2024-02-06|2024-04-25|2024-07-25|2024-10-24|2025-02-11|2025-05-01|2025-07-29|2025-10-28|2026-02-05|2026-04-30|2026-07-28|2026-10-27
CART,2026-09-14,2023-11-08|2024-02-13|2024-05-10|2024-08-06|2024-11-12|2025-02-25|2025-05-01|2025-08-07|2025-11-10|2026-02-12|2026-05-05|2026-08-06|2026-11-09
CASH,2026-10-05,2020-10-28|2021-01-27|2021-04-27|2021-07-28|2021-10-27|2022-01-26|2022-04-28|2022-07-27|2022-10-27|2023-01-25|2023-04-26|2023-07-26|2023-10-25|2024-01-24|2024-04-24|2024-07-24|2024-10-23|2025-01-21|2025-04-22|2025-07-28|2025-10-21|2026-01-22|2026-04-22|2026-07-22|2026-10-21
CASS,2026-10-05,2013-04-15|2013-07-18|2013-10-24|2014-01-30|2014-04-21|2014-07-24|2014-10-23|2015-01-29|2015-04-20|2023-01-19|2023-04-17|2023-07-20|2023-10-19|2024-01-25|2024-04-18|2024-07-18|2024-10-17|2025-01-23|2025-04-17|2025-07-17|2025-10-23|2026-01-22|2026-04-23|2026-07-23|2026-10-22
CASY,2026-10-05,2020-12-07|2021-03-08|2021-06-08|2021-09-07|2021-12-07|2022-03-08|2022-06-07|2022-09-07|2022-12-06|2023-03-07|2023-06-06|2023-09-11|2023-12-11|2024-03-11|2024-06-11|2024-09-04|2024-12-09|2025-03-11|2025-06-09|2025-09-08|2025-12-09|2026-03-09|2026-06-09|2026-09-08|2026-12-08
CATO,2026-10-05,2012-11-15|2013-03-21|2013-05-23|2013-08-22|2013-11-21|2014-03-20|2014-05-20|2014-08-21|2014-11-20|2015-03-19|2015-05-21|2015-08-20|2015-11-19|2016-03-17|2016-05-19|2016-08-18|2016-11-17|2017-03-16|2017-05-18|2017-08-17|2017-11-16|2018-03-22|2018-05-24|2018-08-23|2026-11-19
CATX,2026-10-05,2019-11-12|2020-02-11|2020-05-12|2020-09-17|2020-11-10|2021-02-09|2021-05-13|2021-09-21|2021-11-10|2022-02-08|2022-05-10|2023-08-11|2023-11-14|2024-03-28|2024-05-15|2024-08-12|2024-11-12|2025-03-26|2025-05-12|2025-08-13|2025-11-10|2026-03-16|2026-05-11|2026-08-10|2026-11-09
CAVA,2026-10-05,2023-08-15|2023-11-07|2024-02-26|2024-05-28|2024-08-22|2024-11-12|2025-02-25|2025-05-15|2025-08-12|2025-11-04|2026-02-24|2026-05-19|2026-08-11|2026-11-10
CB,2026-09-21,2020-10-27|2021-02-02|2021-04-27|2021-07-27|2021-10-26|2022-02-01|2022-04-26|2022-07-26|2022-10-25|2023-01-31|2023-04-25|2023-07-25|2023-10-24|2024-01-30|2024-04-23|2024-07-23|2024-10-29|2025-01-28|2025-04-22|2025-07-22|2025-10-21|2026-02-03|2026-04-21|2026-07-21|2026-10-27
CBAN,2026-10-05,2020-10-15|2021-01-22|2021-04-22|2021-07-22|2021-10-21|2022-01-20|2022-04-21|2022-07-21|2022-10-20|2023-01-26|2023-04-27|2023-07-26|2023-10-25|2024-01-24|2024-04-24|2024-07-24|2024-10-23|2025-01-22|2025-04-23|2025-07-23|2025-10-22|2026-01-28|2026-04-22|2026-07-22|2026-10-28
CBAT,2026-10-05,2007-12-13|2008-01-31|2008-07-28|2008-12-02|2009-01-23|2009-04-28|2009-07-23|2009-12-02|2010-01-28|2010-04-26|2010-07-28|2010-11-30|2011-01-28|2023-11-09|2024-03-15|2024-05-10|2024-08-09|2024-11-12|2025-03-17|2025-05-19|2025-08-18|2025-11-10|2026-03-30|2026-05-18|2026-10-16
CBNA,2026-09-21,2024-10-29|2025-01-28|2025-04-28|2025-07-28|2025-10-28|2026-01-28|2026-04-28|2026-07-28|2026-10-27
CBNK,2026-10-05,2020-10-26|2021-01-27|2021-04-22|2021-07-22|2021-10-25|2022-01-26|2022-04-20|2022-07-20|2022-10-20|2023-01-25|2023-04-20|2023-07-27|2023-10-23|2024-01-22|2024-04-22|2024-07-22|2024-10-28|2025-01-27|2025-04-28|2025-07-28|2025-10-27|2026-01-26|2026-04-27|2026-07-27|2026-10-26
CBRL,2026-09-21,2020-12-03|2021-02-23|2021-05-25|2021-09-21|2021-11-23|2022-02-22|2022-06-07|2022-09-27|2022-12-02|2023-02-28|2023-06-06|2023-09-13|2023-11-30|2024-02-27|2024-05-30|2024-09-19|2024-12-04|2025-03-06|2025-06-05|2025-09-17|2025-12-09|2026-03-04|2026-06-09|2026-09-23|2026-12-09
CBSH,2026-09-21,2020-10-20|2021-01-20|2021-04-15|2021-07-22|2021-10-19|2022-01-19|2022-04-19|2022-07-21|2022-10-18|2023-01-19|2023-04-18|2023-07-19|2023-10-18|2024-01-18|2024-04-16|2024-07-18|2024-10-17|2025-01-22|2025-04-16|2025-07-16|2025-10-16|2026-01-22|2026-04-21|2026-07-16|2026-10-15
CBU,2026-09-14,2020-10-26|2021-01-25|2021-04-26|2021-07-26|2021-10-25|2022-01-24|2022-04-25|2022-07-25|2022-10-24|2023-01-24|2023-04-25|2023-07-31|2023-10-24|2024-01-23|2024-04-23|2024-07-23|2024-10-22|2025-01-21|2025-04-28|2025-07-22|2025-10-21|2026-01-27|2026-04-29|2026-07-28|2026-10-27
CC,2026-10-05,2020-11-03|2021-02-11|2021-05-03|2021-07-29|2021-11-04|2022-02-10|2022-05-02|2022-07-28|2022-10-25|2023-02-09|2023-04-27|2023-07-27|2023-10-26|2024-03-27|2024-04-30|2024-08-01|2024-11-04|2025-02-18|2025-05-06|2025-08-05|2025-11-06|2026-02-19|2026-05-05|2026-08-04|2026-11-05
CCAP,2026-10-05,2020-11-04|2021-02-24|2021-05-12|2021-08-11|2021-11-10|2022-02-23|2022-05-09|2022-08-10|2022-11-09|2023-02-22|2023-05-10|2023-08-09|2023-11-08|2024-02-21|2024-05-08|2024-08-12|2024-11-12|2025-02-19|2025-05-14|2025-08-13|2025-11-12|2026-02-25|2026-05-13|2026-08-10|2026-11-11
CCB,2026-10-05,2020-10-27|2021-01-27|2021-04-27|2021-07-27|2021-10-27|2022-01-27|2022-04-27|2022-07-27|2022-10-27|2023-01-27|2023-04-27|2023-07-27|2023-10-27|2024-01-30|2024-04-29|2024-07-29|2024-10-28|2025-01-28|2025-04-29|2025-07-29|2025-10-29|2026-01-29|2026-04-29|2026-07-30|2026-10-29
CCBG,2026-09-14,2020-10-27|2021-01-26|2021-04-27|2021-07-27|2021-10-26|2022-01-25|2022-04-25|2022-07-26|2022-10-25|2023-01-24|2023-04-24|2023-07-25|2023-10-24|2024-01-23|2024-04-22|2024-07-23|2024-10-22|2025-01-28|2025-04-21|2025-07-22|2025-10-21|2026-01-27|2026-04-20|2026-07-21|2026-10-20
CCD,2026-08-17,FAILED
CCEL,2026-10-05,2006-10-16|2022-10-14|2023-02-28|2023-04-21|2023-07-14|2023-10-12|2024-02-28|2024-04-15|2024-07-15|2024-10-15|2025-02-28|2025-04-14|2025-07-15|2025-10-15|2026-02-27|2026-04-14|2026-07-15|2026-10-09
CCI,2026-10-05,2020-10-21|2021-01-27|2021-04-21|2021-07-21|2021-10-20|2022-01-26|2022-04-20|2022-07-20|2022-10-19|2023-01-25|2023-04-19|2023-07-19|2023-10-18|2024-01-24|2024-04-17|2024-07-17|2024-10-16|2025-03-13|2025-04-30|2025-07-23|2025-10-22|2026-02-04|2026-04-22|2026-07-22|2026-10-21
CCK,2026-10-05,2020-10-19|2021-02-09|2021-04-19|2021-07-19|2021-10-25|2022-02-08|2022-04-25|2022-07-20|2022-10-24|2023-02-07|2023-04-24|2023-07-24|2023-10-23|2024-02-05|2024-04-29|2024-07-22|2024-10-17|2025-02-05|2025-04-28|2025-07-21|2025-10-20|2026-02-04|2026-04-27|2026-07-20|2026-10-19
CCL,2026-10-05,2021-01-26|2021-04-07|2021-06-28|2021-09-30|2021-12-20|2022-03-22|2022-06-24|2022-09-30|2022-12-21|2023-03-27|2023-06-26|2023-09-29|2023-12-21|2024-03-27|2024-06-25|2024-09-30|2024-12-20|2025-03-21|2025-06-24|2025-09-29|2025-12-19|2026-03-27|2026-06-23|2026-09-29|2026-12-18
CCLD,2026-10-05,2020-11-09|2021-02-25|2021-05-06|2021-08-05|2021-11-04|2022-03-14|2022-05-09|2022-08-04|2022-11-03|2023-03-02|2023-05-04|2023-08-03|2023-11-02|2024-03-21|2024-05-14|2024-08-13|2024-11-12|2025-03-13|2025-05-06|2025-08-05|2025-11-06|2026-03-12|2026-05-07|2026-08-06|2026-11-05
CCNE,2026-09-14,2020-10-20|2021-01-26|2021-04-19|2021-07-20|2021-10-25|2022-01-24|2022-04-18|2022-07-19|2022-10-18|2023-01-19|2023-04-17|2023-07-20|2023-10-23|2024-01-23|2024-04-15|2024-07-18|2024-10-21|2025-01-28|2025-04-14|2025-07-22|2025-10-30|2026-01-27|2026-04-20|2026-07-23|2026-10-29
CCOI,2026-09-14,2020-11-05|2021-02-25|2021-04-28|2021-08-05|2021-11-04|2022-02-24|2022-04-29|2022-08-04|2022-11-03|2023-02-23|2023-05-04|2023-08-09|2023-11-09|2024-02-29|2024-05-09|2024-08-08|2024-11-07|2025-02-27|2025-05-08|2025-08-07|2025-11-06|2026-02-20|2026-05-04|2026-08-06|2026-11-05
CCZ,2026-09-21,FAILED
CD,2026-10-05,2026-11-12
CDE,2026-10-05,2020-10-28|2021-02-17|2021-04-28|2021-07-28|2021-10-27|2022-02-16|2022-05-04|2022-08-03|2022-11-09|2023-02-22|2023-05-10|2023-08-09|2023-11-08|2024-02-21|2024-05-01|2024-08-07|2024-11-06|2025-02-19|2025-05-07|2025-08-06|2025-10-29|2026-02-18|2026-05-06|2026-08-05|2026-10-28
CDLX,2026-10-05,2020-11-02|2021-03-01|2021-05-04|2021-08-03|2021-11-02|2022-03-01|2022-05-02|2022-08-02|2022-11-01|2023-03-01|2023-05-04|2023-08-01|2023-11-08|2024-03-14|2024-05-08|2024-08-07|2024-11-06|2025-03-12|2025-05-07|2025-08-06|2025-11-05|2026-03-04|2026-05-07|2026-08-05|2026-11-04
CDNA,2026-09-21,2020-10-29|2021-02-24|2021-05-05|2021-07-29|2021-10-28|2022-02-24|2022-05-05|2022-08-04|2022-11-03|2023-02-27|2023-05-10|2023-08-08|2023-11-08|2024-02-28|2024-05-08|2024-07-31|2024-11-04|2025-02-26|2025-04-30|2025-08-06|2025-11-04|2026-02-24|2026-04-28|2026-07-30|2026-11-03
CDRE,2026-10-05,2021-12-02|2022-03-10|2022-05-12|2022-08-11|2022-11-10|2023-03-15|2023-05-09|2023-08-08|2023-11-08|2024-03-05|2024-05-07|2024-08-09|2024-11-06|2025-03-11|2025-05-06|2025-08-05|2025-11-04|2026-03-10|2026-05-11|2026-08-05|2026-11-03
CDRO,2026-09-07,2022-03-31|2022-04-28|2022-09-01|2026-11-16
CDTG,2026-09-07,FAILED
CDW,2026-10-05,2020-11-02|2021-02-10|2021-05-05|2021-08-04|2021-11-03|2022-02-09|2022-05-04|2022-08-03|2022-11-02|2023-02-08|2023-05-03|2023-08-02|2023-11-01|2024-02-07|2024-05-01|2024-07-31|2024-10-30|2025-02-05|2025-05-07|2025-08-06|2025-11-04|2026-02-04|2026-05-06|2026-08-05|2026-11-03
CEG,2026-09-21,2022-02-25|2022-05-12|2022-08-04|2022-11-08|2023-02-16|2023-05-04|2023-08-03|2023-11-06|2024-02-27|2024-05-09|2024-08-06|2024-11-04|2025-02-18|2025-05-06|2025-08-07|2025-11-07|2026-02-24|2026-05-11|2026-08-06|2026-11-09
CELC,2026-10-05,2020-11-09|2021-02-16|2021-05-10|2021-08-09|2021-11-08|2022-03-23|2022-05-16|2022-08-11|2022-11-10|2023-03-23|2023-05-15|2023-08-10|2023-11-13|2024-03-27|2024-05-15|2024-08-14|2024-11-14|2025-03-31|2025-05-14|2025-08-14|2025-11-12|2026-03-25|2026-05-14|2026-08-13|2026-11-11
CELH,2026-10-05,2020-11-12|2021-03-11|2021-05-13|2021-08-12|2021-11-11|2022-03-01|2022-05-10|2022-08-09|2022-11-09|2023-03-01|2023-05-09|2023-08-08|2023-11-07|2024-02-29|2024-05-07|2024-08-06|2024-11-06|2025-02-20|2025-05-06|2025-08-07|2025-11-06|2026-02-26|2026-05-07|2026-08-06|2026-11-09
CENN,2026-09-28,FAILED
CENT,2026-09-14,2020-11-23|2021-02-03|2021-05-05|2021-08-04|2021-11-22|2022-02-02|2022-05-04|2022-08-03|2022-11-21|2023-01-31|2023-05-03|2023-08-02|2023-11-21|2024-02-07|2024-05-08|2024-08-07|2024-11-25|2025-02-05|2025-05-07|2025-08-06|2025-11-24|2026-02-04|2026-05-06|2026-08-05|2026-11-25
CENTA,2026-09-14,2020-11-23|2021-02-03|2021-05-05|2021-08-04|2021-11-22|2022-02-02|2022-05-04|2022-08-03|2022-11-21|2023-01-31|2023-05-03|2023-08-02|2023-11-21|2024-02-07|2024-05-08|2024-08-07|2024-11-25|2025-02-05|2025-05-07|2025-08-06|2025-11-24|2026-02-04|2026-05-06|2026-08-05|2026-11-25
CENX,2026-10-05,2020-10-29|2021-02-18|2021-05-05|2021-08-04|2021-11-03|2022-02-24|2022-04-28|2022-08-09|2022-11-07|2023-02-23|2023-05-08|2023-08-09|2023-11-08|2024-02-21|2024-05-01|2024-08-08|2024-11-04|2025-02-20|2025-05-07|2025-08-07|2025-11-06|2026-02-19|2026-05-07|2026-08-06|2026-11-05
CERS,2026-09-21,2020-10-29|2021-02-25|2021-05-04|2021-08-03|2021-11-02|2022-02-22|2022-05-05|2022-08-04|2022-11-03|2023-02-28|2023-05-04|2023-08-02|2023-11-02|2024-03-05|2024-05-02|2024-08-01|2024-10-30|2025-02-20|2025-05-01|2025-08-05|2025-11-06|2026-03-02|2026-04-30|2026-07-30|2026-11-05
CERT,2026-10-05,2021-03-04|2021-05-06|2021-08-05|2021-11-09|2022-03-01|2022-05-05|2022-08-09|2022-11-07|2023-03-01|2023-05-08|2023-08-09|2023-11-08|2024-02-29|2024-05-07|2024-08-06|2024-11-06|2025-02-26|2025-05-05|2025-08-06|2025-11-06|2026-02-26|2026-05-11|2026-08-04|2026-11-05
CET,2026-10-05,FAILED
CETX,2026-10-05,2015-08-11|2015-12-21|2016-05-16|2016-08-11|2016-12-28|2017-02-09|2017-05-11|2017-08-14|2017-12-07|2018-02-14|2018-05-15|2018-08-14|2019-01-02|2019-02-19|2019-05-20|2019-08-19|2020-08-14|2021-01-05|2021-05-28|2021-06-23|2021-08-16
CFBK,2026-10-05,2006-02-17|2006-04-21|2006-07-21|2006-10-20|2020-10-26|2021-02-02|2021-05-04|2021-08-04|2021-10-27|2022-02-07|2022-05-05|2022-08-03|2022-11-07|2023-02-07|2023-05-10|2023-08-03|2025-08-04|2025-11-03|2026-02-05|2026-05-05|2026-07-28|2026-11-03
CFFI,2026-09-14,2005-07-29|2005-10-26|2006-01-27|2006-04-28|2006-08-14|2006-10-27|2007-01-26|2007-04-27|2007-07-27|2007-10-26|2008-02-01|2008-04-29|2008-07-25|2010-01-29|2010-04-28|2010-07-30|2010-10-29|2011-01-28|2011-04-29|2011-07-28|2011-10-26|2012-01-26|2012-04-25|2013-01-24|2026-10-22
CFFN,2026-09-14,2020-10-28|2021-01-28|2021-04-29|2021-07-29|2021-10-28|2022-01-28|2022-04-27|2022-07-27|2022-10-26|2023-01-25|2023-04-26|2023-07-26|2023-10-25|2024-01-24|2024-04-24|2024-07-24|2024-10-23|2025-01-29|2025-04-23|2025-07-23|2025-10-29|2026-01-28|2026-04-29|2026-07-29|2026-10-28
CFG,2026-09-14,2020-10-16|2021-01-20|2021-04-16|2021-07-20|2021-10-20|2022-01-19|2022-04-19|2022-07-19|2022-10-19|2023-01-17|2023-04-19|2023-07-19|2023-10-18|2024-01-17|2024-04-17|2024-07-17|2024-10-16|2025-01-17|2025-04-16|2025-07-17|2025-10-15|2026-01-21|2026-04-16|2026-07-16|2026-10-16
CFR,2026-09-14,2020-10-29|2021-01-28|2021-04-29|2021-07-29|2021-10-28|2022-01-27|2022-04-28|2022-07-28|2022-10-27|2023-01-26|2023-04-27|2023-07-27|2023-10-26|2024-01-25|2024-04-25|2024-07-25|2024-10-31|2025-01-30|2025-05-01|2025-07-31|2025-10-30|2026-01-29|2026-04-30|2026-07-30|2026-10-29
CG,2026-10-05,2020-10-29|2021-02-04|2021-04-29|2021-07-29|2021-10-28|2022-02-03|2022-04-28|2022-07-28|2022-11-08|2023-02-07|2023-05-04|2023-08-02|2023-11-07|2024-02-07|2024-05-01|2024-08-05|2024-11-07|2025-02-11|2025-05-08|2025-08-06|2025-10-31|2026-02-06|2026-05-07|2026-08-05|2026-11-04
CGAU,2026-10-05,2020-11-04|2021-02-24|2021-05-11|2021-08-10|2021-11-05|2022-02-25|2022-05-04|2022-08-10|2022-11-07|2023-02-23|2023-05-15|2023-07-31|2023-10-31|2024-02-22|2024-05-14|2024-08-01|2024-10-31|2025-02-20|2025-05-06|2025-08-06|2025-10-28|2026-02-18|2026-04-29|2026-07-28|2026-10-29
CGEM,2026-09-14,2021-03-30|2021-05-14|2021-08-10|2021-11-09|2022-03-17|2022-05-16|2022-08-10|2022-11-14|2023-03-09|2023-05-11|2023-08-10|2023-11-08|2024-03-14|2024-05-15|2024-08-08|2024-11-07|2025-02-27|2025-05-08|2025-08-07|2025-11-06|2026-03-10|2026-05-07|2026-08-06|2026-11-14
CGON,2026-10-05,2024-03-26|2024-05-09|2024-08-08|2024-11-12|2025-03-28|2025-05-13|2025-08-08|2025-11-14|2026-02-27|2026-05-08|2026-08-06|2026-11-09
CHCI,2026-10-05,2005-03-01|2005-05-03|2005-08-01|2005-11-07|2006-03-06|2006-05-10|2006-08-07|2006-11-06|2007-03-12|2007-05-10|2007-08-09|2007-11-09|2008-03-24|2008-05-13|2026-11-12
CHCO,2026-09-14,2020-10-22|2021-01-25|2021-04-21|2021-07-22|2021-10-21|2022-01-25|2022-04-21|2022-07-21|2022-10-18|2023-01-24|2023-04-25|2023-07-25|2023-10-24|2024-01-24|2024-04-23|2024-07-23|2024-10-24|2025-01-23|2025-04-23|2025-07-22|2025-10-22|2026-01-21|2026-04-23|2026-07-22|2026-10-21
CHCT,2026-10-05,2019-11-05|2020-02-25|2020-05-05|2020-08-04|2020-11-03|2021-02-16|2021-05-04|2021-08-03|2021-11-02|2022-02-15|2022-05-03|2022-08-02|2022-11-01|2023-02-14|2023-05-02|2023-08-01|2023-10-31|2024-02-13|2024-04-30|2024-07-30|2024-10-29|2025-02-18|2025-04-29|2025-10-28|2026-10-27
CHDN,2026-10-05,2020-10-28|2021-02-24|2021-04-21|2021-07-28|2021-10-27|2022-02-23|2022-04-27|2022-07-27|2022-10-26|2023-02-22|2023-04-26|2023-07-26|2023-10-25|2024-02-21|2024-04-24|2024-07-24|2024-10-23|2025-02-19|2025-04-23|2025-07-23|2025-10-22|2026-02-25|2026-04-22|2026-07-29|2026-10-28
CHE,2026-10-05,2020-10-29|2021-02-23|2021-04-27|2021-07-27|2021-10-28|2022-02-24|2022-04-26|2022-07-27|2022-10-31|2023-02-23|2023-04-26|2023-07-26|2023-10-25|2024-02-27|2024-04-24|2024-07-24|2024-10-29|2025-02-26|2025-04-23|2025-07-29|2025-10-28|2026-02-25|2026-04-23|2026-07-28|2026-10-27
CHG.L,2026-10-05,2026-12-08
CHGA,2026-10-05,FAILED
CHMI,2026-10-05,2020-11-09|2021-03-09|2021-05-10|2021-08-09|2021-11-09|2022-03-15|2022-05-09|2022-08-03|2022-11-02|2023-03-07|2023-05-08|2023-08-03|2023-11-02|2024-03-07|2024-05-06|2024-08-08|2024-11-12|2025-03-06|2025-05-06|2025-08-07|2025-11-06|2026-02-25|2026-05-07|2026-08-10|2026-11-05
CHPT,2026-10-05,2021-03-11|2021-06-03|2021-09-01|2021-12-07|2022-03-02|2022-05-31|2022-08-30|2022-12-01|2023-03-02|2023-06-01|2023-09-05|2023-12-06|2024-03-05|2024-06-05|2024-09-04|2024-12-04|2025-03-04|2025-06-04|2025-09-03|2025-12-04|2026-03-04|2026-06-03|2026-09-02|2026-12-02
CHRS,2026-10-05,2020-11-05|2021-02-24|2021-05-06|2021-08-05|2021-11-08|2022-02-17|2022-05-05|2022-08-04|2022-11-08|2023-03-06|2023-05-08|2023-08-02|2023-11-06|2024-03-13|2024-05-09|2024-08-08|2024-11-06|2025-03-10|2025-05-12|2025-08-07|2025-11-06|2026-03-09|2026-05-11|2026-08-05|2026-11-05
CHRW,2026-10-05,2020-10-27|2021-01-26|2021-04-27|2021-07-27|2021-10-26|2022-02-02|2022-04-27|2022-07-27|2022-11-02|2023-02-01|2023-04-26|2023-08-02|2023-11-01|2024-01-31|2024-05-01|2024-07-31|2024-10-30|2025-01-29|2025-04-30|2025-07-30|2025-10-29|2026-01-28|2026-04-29|2026-07-29|2026-10-28
CHT,2026-10-05,2012-10-26|2013-01-30|2026-11-04
CHTR,2026-10-05,2020-10-30|2021-01-29|2021-04-30|2021-07-30|2021-10-29|2022-01-28|2022-04-29|2022-07-29|2022-10-28|2023-01-27|2023-04-28|2023-07-28|2023-10-27|2024-02-02|2024-04-26|2024-07-26|2024-11-01|2025-01-31|2025-04-25|2025-07-25|2025-10-31|2026-01-30|2026-04-24|2026-07-24|2026-11-06
CIA,2026-10-05,2011-11-03|2012-03-12|2012-05-07|2012-08-06|2012-11-06|2013-03-11|2013-05-02|2013-08-06|2013-11-06|2014-03-11|2014-05-06|2014-08-07|2014-11-05|2015-04-06|2024-05-07|2024-08-06|2024-11-07|2025-03-13|2025-05-08|2025-08-07|2025-11-06|2026-03-12|2026-05-07|2026-08-06|2026-11-05
CIFR,2026-09-07,2022-11-14|2023-03-14|2023-05-09|2023-08-08|2023-11-08|2024-03-05|2024-05-07|2024-08-13|2024-10-31|2025-02-25|2025-05-06|2025-08-07|2025-11-03|2026-02-24|2026-05-05|2026-08-04|2026-11-02
CIGI,2026-10-05,2020-10-27|2021-02-11|2021-05-04|2021-08-04|2021-11-02|2022-02-10|2022-05-03|2022-08-03|2022-11-01|2023-02-09|2023-05-02|2023-08-02|2023-11-02|2024-02-08|2024-05-02|2024-08-01|2024-11-05|2025-02-06|2025-05-06|2025-07-31|2025-11-04|2026-02-13|2026-05-05|2026-07-30|2026-11-04
CIIT,2026-10-05,FAILED
CIM,2026-10-05,2020-11-04|2021-02-10|2021-05-05|2021-08-04|2021-11-03|2022-02-17|2022-05-05|2022-08-04|2022-11-03|2023-02-15|2023-05-04|2023-08-03|2023-11-02|2024-02-14|2024-05-09|2024-08-07|2024-11-06|2025-02-12|2025-05-08|2025-08-06|2025-11-06|2026-02-11|2026-05-07|2026-08-05|2026-11-05
CINF,2026-09-21,2020-10-26|2021-02-10|2021-04-28|2021-07-28|2021-10-27|2022-02-15|2022-04-28|2022-07-27|2022-10-31|2023-02-06|2023-04-27|2023-07-27|2023-10-26|2024-02-06|2024-04-25|2024-07-25|2024-10-24|2025-02-10|2025-04-28|2025-07-28|2025-10-27|2026-02-09|2026-04-27|2026-07-27|2026-10-26
CINT,2026-10-05,2022-04-22|2022-05-18|2022-08-17|2022-11-17|2023-03-08|2023-05-19|2023-08-18|2023-11-17|2024-03-14|2024-05-22|2024-08-16|2024-11-14|2025-03-12|2025-05-13|2025-08-13|2025-11-12|2026-03-11|2026-05-11|2026-08-11|2026-11-11
CION,2026-09-14,2021-11-15|2022-03-10|2022-05-12|2022-08-11|2022-11-10|2023-03-16|2023-05-10|2023-08-09|2023-11-09|2024-03-14|2024-05-09|2024-08-08|2024-11-07|2025-03-13|2025-05-08|2025-08-07|2025-11-06|2026-03-12|2026-05-07|2026-08-06
CIVB,2026-09-14,2020-10-23|2021-02-05|2021-04-23|2021-07-23|2021-10-27|2022-02-04|2022-04-28|2022-07-28|2022-10-27|2023-02-07|2023-04-28|2023-07-28|2023-10-27|2024-02-08|2024-04-30|2024-07-29|2024-10-29|2025-01-30|2025-04-24|2025-07-24|2025-10-23|2026-01-29|2026-04-22|2026-07-23|2026-10-22
CIX,2026-09-14,1999-04-20|1999-10-18|2000-01-21|2000-04-18|2000-07-18|2000-10-19|2001-01-31|2009-08-03|2010-10-29|2011-03-02|2011-05-02|2011-08-02|2011-11-02|2012-03-05|2026-11-04
CLB,2026-09-14,2020-10-21|2021-01-27|2021-04-21|2021-07-28|2021-10-27|2022-02-02|2022-04-27|2022-07-28|2022-10-26|2023-02-01|2023-04-26|2023-07-26|2023-11-01|2024-01-31|2024-04-24|2024-07-24|2024-10-23|2025-01-29|2025-04-23|2025-07-23|2025-10-22|2026-02-04|2026-04-29|2026-07-29|2026-10-28
CLDX,2026-09-21,2020-11-05|2021-03-29|2021-05-06|2021-08-05|2021-11-09|2022-02-28|2022-05-05|2022-08-08|2022-11-09|2023-02-28|2023-05-04|2023-08-08|2023-11-02|2024-02-26|2024-05-06|2024-08-08|2024-11-06|2025-02-27|2025-05-08|2025-08-07|2025-11-10|2026-02-25|2026-05-07|2026-08-06|2026-11-09
CLI.L,2026-10-05,2026-08-12|2027-03-12
CLIG.L,2026-10-05,2026-09-15|2027-02-23
CLMB,2026-10-05,2000-02-01|2000-04-26|2000-08-09|2000-10-31|2001-04-16|2014-02-06|2014-04-24|2014-07-24|2022-11-02|2023-03-01|2023-05-03|2023-08-02|2023-11-01|2024-02-28|2024-05-01|2024-08-06|2024-10-30|2025-03-05|2025-04-30|2025-07-30|2025-10-29|2026-02-25|2026-04-29|2026-07-29|2026-10-28
CLMT,2026-10-05,2020-11-06|2021-03-03|2021-05-07|2021-08-06|2021-11-05|2022-02-25|2022-05-06|2022-08-05|2022-11-09|2023-03-15|2023-05-05|2023-08-04|2023-11-09|2024-02-23|2024-05-10|2024-08-09|2024-11-08|2025-02-28|2025-05-09|2025-08-08|2025-11-07|2026-02-27|2026-05-08|2026-08-07|2026-11-06
CLNE,2026-10-05,2020-11-05|2021-03-09|2021-05-06|2021-08-05|2021-11-04|2022-02-24|2022-05-05|2022-08-04|2022-11-08|2023-02-28|2023-05-09|2023-08-09|2023-11-09|2024-02-27|2024-05-08|2024-08-07|2024-11-06|2025-02-24|2025-05-08|2025-08-07|2025-11-04|2026-02-24|2026-05-07|2026-08-06|2026-11-04
CLNN,2026-10-05,2021-03-29|2021-05-10|2021-08-09|2021-11-08|2022-03-11|2022-05-09|2022-08-15|2022-11-07|2023-03-13|2023-05-12|2023-08-14|2023-11-07|2024-03-13|2024-05-08|2024-08-07|2024-11-13|2025-03-24|2025-05-07|2025-08-13|2025-08-14|2025-11-13|2026-03-12|2026-05-14|2026-08-14
CLRB,2026-10-05,2020-11-09|2021-03-02|2021-05-10|2021-08-09|2021-11-08|2022-03-21|2022-05-10|2022-08-05|2022-11-03|2023-03-09|2023-05-04|2023-08-14|2023-11-13|2024-03-27|2024-05-14|2024-10-29|2024-11-18|2025-03-13|2025-05-13|2025-08-14|2025-11-13|2026-03-04|2026-05-14|2026-08-13|2026-11-12
CLVT,2026-10-05,2020-10-29|2021-02-25|2021-05-10|2021-07-29|2021-10-28|2022-03-10|2022-05-09|2022-08-09|2022-11-08|2023-03-01|2023-05-09|2023-08-03|2023-11-07|2024-02-27|2024-05-08|2024-08-06|2024-11-06|2025-02-19|2025-04-29|2025-07-30|2025-10-29|2026-02-24|2026-04-29|2026-07-29|2026-11-03
CLW,2026-10-05,2020-11-03|2021-02-25|2021-05-05|2021-08-04|2021-11-02|2022-02-15|2022-04-28|2022-08-02|2022-10-31|2023-02-14|2023-05-02|2023-08-01|2023-10-30|2024-02-20|2024-04-29|2024-08-06|2024-11-04|2025-02-13|2025-04-29|2025-07-29|2025-10-28|2026-02-18|2026-04-28|2026-07-28|2026-10-27
CLWT,2026-09-07,FAILED
CLX,2026-10-05,2020-11-02|2021-02-04|2021-04-30|2021-08-03|2021-11-01|2022-02-03|2022-05-02|2022-08-03|2022-11-01|2023-02-02|2023-05-02|2023-08-02|2023-11-01|2024-02-01|2024-04-30|2024-08-01|2024-10-30|2025-02-03|2025-05-05|2025-07-31|2025-11-03|2026-02-03|2026-04-30|2026-08-03|2026-11-03
CMBT,2026-10-05,2020-11-04|2021-02-03|2021-05-06|2021-08-12|2021-11-04|2022-02-03|2022-05-12|2022-08-04|2022-11-03|2023-02-02|2023-05-11|2023-08-03|2023-11-02|2024-02-01|2024-05-08|2024-08-08|2024-11-07|2025-02-27|2025-05-21|2025-08-14|2025-11-26|2026-02-26|2026-05-19|2026-08-27|2026-11-26
CMCSA,2026-10-05,2020-10-29|2021-01-28|2021-04-29|2021-07-29|2021-10-28|2022-01-27|2022-04-28|2022-07-28|2022-10-27|2023-01-26|2023-04-27|2023-07-27|2023-10-26|2024-01-25|2024-04-25|2024-07-23|2024-10-31|2025-01-30|2025-04-24|2025-07-31|2025-10-30|2026-01-29|2026-04-23|2026-07-23|2026-10-22
CMCT,2026-10-05,2020-03-16|2020-05-11|2020-08-10|2020-11-09|2021-03-16|2021-08-09|2021-11-09|2022-03-16|2022-05-10|2022-08-09|2022-11-14|2023-03-31|2023-05-02|2023-08-10|2023-11-14|2024-03-27|2024-05-15|2024-08-08|2024-11-08|2026-05-08|2026-08-14|2026-11-13
CME,2026-09-14,2020-10-28|2021-02-10|2021-04-28|2021-07-28|2021-10-27|2022-02-09|2022-04-27|2022-07-27|2022-10-26|2023-02-08|2023-04-26|2023-07-26|2023-10-25|2024-02-14|2024-04-24|2024-07-24|2024-10-23|2025-02-12|2025-04-23|2025-07-23|2025-10-22|2026-02-04|2026-04-22|2026-07-22|2026-10-21
CMPX,2026-09-21,2021-11-12|2022-03-18|2022-05-09|2022-08-01|2022-11-09|2023-03-15|2023-05-04|2023-08-03|2023-11-09|2024-03-21|2024-05-13|2024-08-12|2024-11-12|2025-02-27|2025-05-08|2025-08-11|2025-11-05|2026-03-05|2026-05-05|2026-08-06|2026-11-05
CMRC,2026-10-05,2020-11-05|2021-02-22|2021-05-11|2021-08-05|2021-11-04|2022-02-28|2022-05-02|2022-08-04|2022-11-03|2023-02-23|2023-05-04|2023-08-03|2023-11-08|2024-02-22|2024-05-09|2024-08-01|2024-11-07|2025-02-20|2025-05-08|2025-07-31|2025-11-06|2026-02-12|2026-05-07|2026-08-06|2026-11-09
CMRE,2026-09-21,2020-10-27|2021-02-01|2021-06-01|2021-07-28|2021-10-27|2022-03-09|2022-05-05|2022-07-28|2022-11-02|2023-02-08|2023-05-15|2023-07-28|2023-11-01|2024-02-07|2024-05-10|2024-07-31|2024-11-01|2025-02-05|2025-05-08|2025-07-31|2025-11-04|2026-02-18|2026-04-29|2026-07-27|2026-11-03
CMS,2026-10-05,2020-10-29|2021-02-04|2021-04-29|2021-07-29|2021-10-28|2022-02-03|2022-05-03|2022-07-28|2022-10-27|2023-02-02|2023-04-27|2023-07-27|2023-10-26|2024-02-01|2024-04-25|2024-07-25|2024-10-31|2025-02-06|2025-04-24|2025-07-31|2025-10-30|2026-02-05|2026-04-28|2026-07-28|2026-10-27
CMTG,2026-10-05,2021-12-13|2022-03-15|2022-05-10|2022-08-02|2022-11-09|2023-02-16|2023-05-02|2023-08-01|2023-10-31|2024-02-20|2024-05-06|2024-08-05|2024-11-07|2025-02-19|2025-05-07|2025-08-06|2025-11-04|2026-02-18|2026-05-05|2026-07-29|2026-11-04
CMTL,2026-09-28,2020-09-29|2020-12-09|2021-03-11|2021-06-08|2021-10-04|2021-12-09|2022-03-10|2022-06-09|2022-09-29|2022-12-08|2023-03-09|2023-06-08|2023-10-12|2023-12-07|2024-03-18|2024-06-18|2024-10-30|2025-01-13|2025-03-12|2025-06-09|2025-11-10|2025-12-11|2026-03-16|2026-06-15|2026-10-06
CNA,2026-10-05,2020-11-02|2021-02-08|2021-05-03|2021-08-02|2021-11-01|2022-02-07|2022-05-02|2022-08-01|2022-10-31|2023-02-06|2023-05-01|2023-07-31|2023-10-30|2024-02-05|2024-05-06|2024-07-29|2024-11-04|2025-02-10|2025-05-05|2025-08-04|2025-11-03|2026-02-09|2026-05-04|2026-08-03|2026-11-02
CNA.L,2026-10-05,2026-07-23|2027-02-18
CNCK,2026-10-05,2025-08-28|2025-11-14|2026-02-19|2026-11-12
CNE.L,2026-10-05,2026-09-24|2027-03-25
CNH,2026-10-05,2020-11-05|2021-02-03|2021-05-05|2021-07-30|2021-11-04|2022-02-08|2022-05-03|2022-07-29|2022-11-08|2023-02-02|2023-05-05|2023-07-28|2023-11-07|2024-02-14|2024-05-02|2024-07-31|2024-11-07|2025-02-04|2025-05-01|2025-08-01|2025-11-07|2026-02-17|2026-04-30|2026-08-03|2026-11-09
CNM,2026-10-05,2021-09-14|2021-12-07|2022-03-30|2022-06-14|2022-09-13|2022-12-13|2023-03-28|2023-06-06|2023-09-06|2023-12-05|2024-03-19|2024-06-04|2024-09-04|2024-12-03|2025-03-25|2025-06-10|2025-09-09|2025-12-09|2026-03-24|2026-06-10|2026-09-09|2026-12-08
CNMD,2026-10-05,2020-10-28|2021-01-27|2021-04-28|2021-07-28|2021-10-27|2022-01-26|2022-05-04|2022-07-27|2022-10-26|2023-02-02|2023-04-26|2023-07-26|2023-10-25|2024-01-31|2024-04-24|2024-07-31|2024-10-30|2025-02-05|2025-04-30|2025-07-30|2025-11-05|2026-01-28|2026-04-29|2026-07-29|2026-10-28
CNNE,2026-10-05,2020-11-09|2021-02-22|2021-05-10|2021-08-05|2021-11-09|2022-02-17|2022-05-09|2022-08-08|2022-11-09|2023-02-22|2023-05-09|2023-08-09|2023-11-07|2024-02-21|2024-05-09|2024-08-08|2024-11-12|2025-02-24|2025-05-12|2025-08-11|2025-11-10|2026-02-23|2026-05-11|2026-08-10|2026-11-09
CNOB,2026-09-14,2020-10-29|2021-01-28|2021-04-29|2021-07-29|2021-10-28|2022-01-27|2022-04-28|2022-07-28|2022-10-27|2023-01-26|2023-04-27|2023-07-27|2023-10-26|2024-01-25|2024-04-25|2024-07-25|2024-10-24|2025-01-30|2025-04-24|2025-07-29|2025-10-30|2026-01-29|2026-04-23|2026-07-23|2026-10-29
CNP,2026-10-05,2020-11-05|2021-02-25|2021-05-06|2021-08-05|2021-11-04|2022-02-22|2022-05-03|2022-08-02|2022-11-01|2023-02-17|2023-04-27|2023-07-27|2023-10-26|2024-02-20|2024-04-30|2024-07-30|2024-10-28|2025-02-20|2025-04-24|2025-07-24|2025-10-23|2026-02-19|2026-04-23|2026-07-28|2026-10-27
CNQ,2026-10-05,2020-11-05|2021-03-04|2021-05-06|2021-08-05|2021-11-04|2022-03-03|2022-05-05|2022-08-04|2022-11-03|2023-03-02|2023-05-04|2023-08-03|2023-11-02|2024-02-29|2024-05-02|2024-08-01|2024-10-31|2025-03-06|2025-05-08|2025-08-07|2025-11-06|2026-03-05|2026-05-07|2026-08-06|2026-11-05
CNSY,2026-10-05,2020-08-10|2020-10-22|2021-02-22|2021-04-22|2021-07-22|2021-10-21|2022-02-24|2022-04-21|2022-07-21|2022-10-20|2023-02-23|2023-04-20|2023-08-14|2023-10-31|2024-03-05|2024-05-15|2024-08-14|2024-11-14|2025-03-27|2025-05-30|2025-08-14|2025-10-30|2026-03-12|2026-05-15|2026-08-14
CNTB,2026-09-21,2022-03-30|2022-03-31|2022-09-12|2025-05-15|2025-08-13|2025-11-12|2026-03-31|2026-08-12
CNTN,2026-10-05,FAILED
CNTY,2026-09-28,2020-11-06|2021-03-12|2021-05-07|2021-08-06|2021-11-05|2022-03-08|2022-05-06|2022-08-05|2022-11-04|2023-03-10|2023-05-09|2023-08-08|2023-11-09|2024-03-14|2024-05-09|2024-08-08|2024-11-04|2025-03-13|2025-05-12|2025-08-07|2025-11-10|2026-03-13|2026-05-08|2026-08-07|2026-11-06
CNVS,2026-10-05,2020-11-16|2021-02-22|2021-07-30|2021-09-09|2021-11-15|2022-02-14|2022-07-01|2022-08-15|2022-11-14|2023-02-14|2023-06-29|2023-08-14|2023-11-14|2024-02-14|2024-07-01|2024-08-14|2024-11-14|2025-02-13|2025-06-27|2025-08-14|2025-11-14|2026-02-17|2026-06-26|2026-08-13|2026-11-12
CNX,2026-10-05,2020-10-29|2021-01-28|2021-04-29|2021-07-29|2021-10-28|2022-01-27|2022-04-28|2022-07-28|2022-10-27|2023-01-26|2023-04-27|2023-07-27|2023-10-25|2024-01-25|2024-04-25|2024-07-25|2024-10-24|2025-01-30|2025-04-24|2025-07-24|2025-10-30|2026-01-29|2026-04-30|2026-07-30|2026-10-29
COCP,2026-10-05,2020-11-13|2021-03-17|2021-05-17|2021-08-16|2021-11-15|2022-03-23|2022-05-11|2022-08-15|2022-11-14|2023-03-29|2023-05-15|2023-08-14|2023-11-13|2024-03-28|2024-05-13|2024-08-14|2024-11-13|2025-03-31|2025-05-15|2025-08-13|2025-08-14|2025-11-14|2026-03-31|2026-05-15|2026-08-13
CODI,2026-08-17,2021-02-24|2021-04-29|2021-07-29|2021-10-28|2022-02-24|2022-05-05|2022-08-03|2022-11-03|2023-03-01|2023-05-03|2023-08-02|2023-11-02|2024-02-28|2024-05-01|2024-07-31|2024-10-30|2025-02-27|2025-08-20|2025-12-18|2025-12-29|2026-01-14|2026-02-26|2026-05-06|2026-08-10|2026-11-09
CODX,2026-10-05,2020-11-16|2021-03-25|2021-05-13|2021-08-12|2021-11-11|2022-03-24|2022-05-12|2022-08-11|2022-11-10|2023-03-16|2023-05-11|2023-08-10|2023-11-09|2024-03-14|2024-05-09|2024-08-08|2024-11-07|2025-03-27|2025-05-08|2025-08-14|2025-11-13|2026-03-31|2026-05-14|2026-08-13|2026-11-16
COGT,2026-10-05,2020-11-09|2021-03-16|2021-05-12|2021-08-16|2021-11-10|2022-03-15|2022-05-10|2022-08-09|2022-11-14|2023-03-14|2023-05-09|2023-08-08|2023-11-02|2024-02-26|2024-05-07|2024-08-06|2024-11-12|2025-02-25|2025-05-06|2025-08-05|2025-11-07|2026-02-17|2026-05-05|2026-08-10|2026-11-03
COHN,2026-10-05,2026-08-03|2026-11-04
COLB,2026-10-05,2020-10-21|2021-01-20|2021-04-21|2021-07-21|2021-10-20|2022-01-19|2022-04-20|2022-07-20|2022-10-19|2023-01-23|2023-04-26|2023-07-19|2023-10-18|2024-01-24|2024-04-25|2024-07-25|2024-10-24|2025-01-23|2025-04-23|2025-07-24|2025-10-30|2026-01-22|2026-04-23|2026-07-23|2026-10-22
COLL,2026-10-05,2020-11-05|2021-02-25|2021-05-06|2021-08-05|2021-11-04|2022-02-24|2022-05-10|2022-08-04|2022-11-03|2023-02-23|2023-05-04|2023-08-03|2023-11-07|2024-02-22|2024-05-09|2024-08-08|2024-11-07|2025-02-27|2025-05-08|2025-08-07|2025-11-06|2026-02-26|2026-05-07|2026-08-06|2026-11-05
COO,2026-10-05,2020-12-03|2021-03-04|2021-06-03|2021-09-02|2021-12-02|2022-03-03|2022-06-02|2022-08-31|2022-12-08|2023-03-02|2023-06-01|2023-08-30|2023-12-07|2024-02-29|2024-05-30|2024-08-28|2024-12-05|2025-03-06|2025-05-29|2025-08-27|2025-12-04|2026-03-05|2026-06-04|2026-09-09|2026-12-10
COP,2026-10-05,2020-10-29|2021-02-02|2021-05-04|2021-08-03|2021-11-02|2022-02-03|2022-05-05|2022-08-04|2022-11-03|2023-02-02|2023-05-04|2023-08-03|2023-11-02|2024-02-08|2024-05-02|2024-08-01|2024-10-31|2025-02-06|2025-05-08|2025-08-07|2025-11-06|2026-02-05|2026-04-30|2026-08-06|2026-11-05
CORT,2026-10-05,2020-11-03|2021-02-08|2021-05-06|2021-07-29|2021-11-03|2022-02-15|2022-05-05|2022-08-03|2022-11-03|2023-02-28|2023-05-03|2023-08-02|2023-11-01|2024-02-15|2024-05-01|2024-07-29|2024-10-30|2025-02-26|2025-05-05|2025-07-31|2025-11-04|2026-02-24|2026-04-30|2026-07-29|2026-11-04
COST,2026-10-05,2020-12-10|2021-03-04|2021-05-27|2021-09-23|2021-12-09|2022-03-03|2022-05-26|2022-09-22|2022-12-08|2023-03-02|2023-06-01|2023-09-26|2023-12-14|2024-03-07|2024-06-06|2024-09-26|2024-12-12|2025-03-06|2025-05-29|2025-09-25|2025-12-11|2026-03-05|2026-05-28|2026-09-24|2026-12-10
CPA,2026-09-14,2020-11-18|2021-02-10|2021-05-05|2021-08-04|2021-11-17|2022-02-09|2022-05-11|2022-08-03|2022-11-16|2023-02-15|2023-05-10|2023-08-09|2023-11-15|2024-02-07|2024-05-15|2024-08-07|2024-11-20|2025-02-12|2025-05-07|2025-08-06|2025-11-19|2026-02-11|2026-05-13|2026-08-05|2026-11-18
CPAY,2026-10-05,2020-11-05|2021-02-04|2021-05-05|2021-08-04|2021-11-03|2022-02-08|2022-05-05|2022-08-03|2022-11-02|2023-02-08|2023-05-03|2023-08-08|2023-11-08|2024-02-07|2024-05-08|2024-08-07|2024-11-07|2025-02-05|2025-05-06|2025-08-06|2025-11-05|2026-02-04|2026-05-07|2026-08-05|2026-11-04
CPHC,2026-09-14,2001-05-15|2001-08-14|2001-11-14|2002-04-01
CPI.L,2026-10-05,2026-08-04|2027-03-10
CPNG,2026-10-05,2021-05-12|2021-08-11|2021-11-12|2022-03-02|2022-05-11|2022-08-10|2022-11-09|2023-02-28|2023-05-09|2023-08-08|2023-11-07|2024-02-27|2024-05-07|2024-08-06|2024-11-05|2025-02-25|2025-05-06|2025-08-05|2025-11-04|2026-02-26|2026-05-05|2026-08-04|2026-11-03
CPRI,2026-10-05,2020-11-05|2021-02-03|2021-05-26|2021-07-30|2021-11-03|2022-02-02|2022-06-01|2022-08-09|2022-11-09|2023-02-08|2023-05-31|2023-08-10|2023-11-09|2024-02-08|2024-05-29|2024-08-08|2024-11-07|2025-02-05|2025-05-28|2025-08-06|2025-11-04|2026-02-03|2026-05-27|2026-08-05|2026-11-03
CPS,2026-10-05,2020-11-04|2021-02-16|2021-05-07|2021-08-04|2021-11-03|2022-02-17|2022-05-05|2022-08-04|2022-11-01|2023-02-17|2023-05-03|2023-08-03|2023-11-02|2024-02-15|2024-05-06|2024-08-01|2024-10-31|2025-02-13|2025-05-01|2025-07-31|2025-10-30|2026-02-12|2026-05-06|2026-08-05|2026-10-29
CR,2026-09-14,2021-01-25|2021-05-03|2021-07-26|2021-10-25|2022-01-24|2022-04-25|2022-07-25|2022-10-24|2023-01-23|2023-05-10|2023-07-25|2023-10-23|2024-01-29|2024-04-22|2024-07-29|2024-10-28|2025-01-27|2025-04-28|2025-07-28|2025-10-27|2026-01-26|2026-04-27|2026-07-28|2026-10-26
CRBG,2026-10-05,2022-11-09|2023-02-17|2023-05-09|2023-08-04|2023-11-03|2024-02-15|2024-05-03|2024-07-31|2024-11-04|2025-02-12|2025-05-05|2025-08-04|2025-11-03|2026-02-09|2026-05-04|2026-08-04|2026-11-02
CRBP,2026-10-05,2020-11-09|2021-03-15|2021-05-13|2021-08-12|2021-11-12|2022-03-08|2022-05-10|2022-08-09|2022-11-08|2023-03-07|2023-05-09|2023-08-08|2023-11-07|2024-03-12|2024-05-07|2024-08-06|2024-11-07|2025-03-11|2025-05-06|2025-08-05|2025-11-12|2026-03-09|2026-05-12|2026-08-06|2026-11-16
CRBU,2026-09-28,2021-09-02|2021-11-09|2022-03-21|2022-05-09|2022-08-09|2022-11-08|2023-03-09|2023-05-09|2023-08-08|2023-11-07|2024-03-11|2024-05-07|2024-08-06|2024-11-06|2025-03-10|2025-05-08|2025-08-12|2025-11-12|2026-03-05|2026-05-07|2026-08-13|2026-11-11
CRCT,2026-10-05,2021-05-13|2021-08-12|2021-11-10|2022-03-08|2022-05-10|2022-08-09|2022-11-08|2023-03-07|2023-05-09|2023-08-08|2023-11-08|2024-03-05|2024-05-07|2024-08-06|2024-11-05|2025-03-04|2025-05-06|2025-08-05|2025-11-04|2026-03-03|2026-05-05|2026-08-04|2026-11-03
CRD-A,2026-09-14,2020-11-02|2021-03-04|2021-05-05|2021-08-03|2021-11-08|2022-03-14|2022-05-09|2022-08-08|2022-11-08|2023-03-06|2023-05-03|2023-08-03|2023-11-06|2024-03-04|2024-05-01|2024-08-05|2024-11-04|2025-03-03|2025-05-05|2025-08-04|2025-11-03|2026-03-02|2026-05-04|2026-08-03|2026-11-02
CRD-B,2026-10-05,2020-11-02|2021-03-04|2021-05-05|2021-08-03|2021-11-08|2022-03-14|2022-05-09|2022-08-08|2022-11-08|2023-03-06|2023-05-03|2023-08-03|2023-11-06|2024-03-04|2024-05-01|2024-08-05|2024-11-04|2025-03-03|2025-05-05|2025-08-04|2025-11-03|2026-03-02|2026-05-04|2026-08-03|2026-11-02
CRDA.L,2026-10-05,2008-04-30|2008-07-29|2009-02-17|2009-04-29|2009-07-28|2010-02-28|2010-07-27|2010-10-28|2011-04-28|2011-07-28|2011-10-27|2012-02-21|2012-04-26|2012-07-24|2012-11-01|2013-02-26|2013-04-25|2014-02-25|2014-07-22|2014-11-07|2016-07-25|2017-07-25|2027-02-23
CRDF,2026-09-07,2020-11-05|2021-02-25|2021-05-06|2021-08-05|2021-11-04|2022-02-24|2022-05-05|2022-08-04|2022-11-03|2023-03-02|2023-05-04|2023-08-09|2023-11-02|2024-02-29|2024-05-02|2024-08-08|2024-11-07|2025-02-27|2025-05-08|2025-07-29|2025-11-06|2026-02-24|2026-05-14|2026-08-11|2026-11-12
CRDL,2026-10-05,2020-03-26|2020-05-13|2020-11-12|2021-05-16|2021-08-16|2022-03-22|2022-05-16|2022-08-10|2022-11-10|2023-03-28|2023-05-15|2023-08-10|2023-11-14|2024-04-01|2024-05-14|2024-08-12|2024-11-14|2025-03-31|2025-05-14|2025-08-14|2025-11-13|2026-03-31|2026-05-11|2026-08-12|2026-11-12
CREX,2026-10-05,2019-05-09|2019-08-08|2019-11-07|2020-03-13|2020-05-14|2020-08-13|2020-11-12|2022-08-15|2022-11-14|2023-03-30|2023-05-15|2023-08-04|2023-11-09|2024-03-21|2024-05-10|2024-08-14|2024-11-13|2025-03-14|2025-05-14|2025-08-13|2025-11-12|2026-04-14|2026-05-15|2026-08-13|2026-11-11
CRGO,2026-09-21,2023-05-23|2023-08-21|2023-11-21|2024-02-26|2024-05-20|2024-08-19|2024-11-25|2025-02-24|2025-05-20|2025-08-18|2025-11-17|2026-02-23|2026-05-26|2026-08-17|2026-11-23
CRGY,2026-10-05,2022-05-10|2022-08-09|2022-11-09|2023-03-07|2023-05-10|2023-08-09|2023-11-06|2024-03-04|2024-05-06|2024-08-05|2024-11-04|2025-02-26|2025-05-05|2025-08-04|2025-11-03|2026-02-25|2026-05-04|2026-08-03|2026-11-02
CRH,2026-10-05,2024-05-10|2024-08-08|2024-11-07|2025-02-26|2025-05-05|2025-08-06|2025-11-05|2026-02-18|2026-04-30|2026-07-30|2026-10-29
CRI,2026-10-05,2020-10-23|2021-02-26|2021-04-30|2021-07-30|2021-10-29|2022-02-25|2022-04-29|2022-07-29|2022-10-28|2023-02-24|2023-04-28|2023-07-28|2023-10-27|2024-02-27|2024-04-26|2024-07-26|2024-10-25|2025-02-25|2025-04-25|2025-07-25|2025-10-27|2026-02-27|2026-05-06|2026-07-31|2026-11-02
CRIS,2026-09-14,2020-11-10|2021-03-16|2021-05-12|2021-08-03|2021-11-09|2022-02-24|2022-05-05|2022-08-04|2022-11-09|2023-03-13|2023-05-04|2023-08-03|2023-11-02|2024-02-08|2024-05-07|2024-08-01|2024-11-14|2025-03-28|2025-05-06|2025-08-05|2025-11-06|2026-03-19|2026-05-12|2026-08-14|2026-11-05
CRL,2026-09-21,2020-10-29|2021-02-17|2021-05-04|2021-08-04|2021-11-03|2022-02-16|2022-05-04|2022-08-03|2022-11-02|2023-02-22|2023-05-11|2023-08-09|2023-11-08|2024-02-14|2024-05-09|2024-08-07|2024-11-06|2025-02-19|2025-05-07|2025-08-06|2025-11-05|2026-02-18|2026-05-07|2026-08-05|2026-11-04
CRM,2026-09-07,2020-12-01|2021-02-25|2021-05-27|2021-08-25|2021-11-30|2022-03-01|2022-05-31|2022-08-24|2022-11-30|2023-03-01|2023-05-31|2023-08-30|2023-11-29|2024-02-28|2024-05-29|2024-08-28|2024-12-03|2025-02-26|2025-05-28|2025-09-03|2025-12-03|2026-02-25|2026-05-27|2026-08-26|2026-12-02
CRML,2026-10-05,FAILED
CRMT,2026-10-05,2020-08-17|2020-11-16|2021-02-16|2021-05-24|2021-08-17|2021-11-17|2022-02-16|2022-05-23|2022-08-17|2022-11-16|2023-02-22|2023-05-24|2023-09-05|2023-12-05|2024-03-08|2024-06-18|2024-09-04|2024-12-05|2025-03-06|2025-06-12|2025-09-04|2025-12-04|2026-03-12|2026-07-14|2026-09-09|2026-12-10
CRON,2026-10-05,2020-11-05|2021-02-26|2021-05-07|2021-08-06|2022-02-18|2022-03-01|2022-05-10|2022-08-09|2022-11-07|2023-02-28|2023-05-09|2023-08-08|2023-11-08|2024-02-29|2024-05-09|2024-08-08|2024-11-12|2025-02-27|2025-05-08|2025-08-07|2025-11-06|2026-02-26|2026-05-11|2026-08-06|2026-11-05
CRSR,2026-10-05,2020-11-10|2021-02-09|2021-05-04|2021-08-03|2021-11-02|2022-02-08|2022-05-05|2022-08-04|2022-11-03|2023-02-09|2023-05-10|2023-08-03|2023-11-07|2024-02-13|2024-05-07|2024-08-01|2024-11-06|2025-02-12|2025-05-06|2025-08-07|2025-11-04|2026-02-12|2026-05-07|2026-08-06|2026-11-05
CRTO,2026-10-05,2020-10-28|2021-02-10|2021-05-05|2021-08-04|2021-11-03|2022-02-09|2022-05-04|2022-08-03|2022-10-28|2023-02-08|2023-05-03|2023-08-02|2023-11-02|2024-02-07|2024-05-02|2024-08-01|2024-10-30|2025-02-05|2025-05-02|2025-07-30|2025-10-29|2026-02-11|2026-05-06|2026-08-05|2026-10-28
CRUS,2026-10-05,2020-11-02|2021-02-01|2021-04-29|2021-07-28|2021-11-01|2022-01-31|2022-05-03|2022-08-02|2022-11-01|2023-02-02|2023-05-04|2023-08-02|2023-11-02|2024-02-06|2024-05-07|2024-08-06|2024-11-04|2025-02-04|2025-05-06|2025-08-05|2025-11-04|2026-02-03|2026-05-06|2026-08-05|2026-11-03
CRVL,2026-10-05,2005-11-07|2006-02-07|2006-06-01|2006-08-11|2006-11-08|2007-02-08|2010-11-02|2011-02-01|2011-05-26|2011-08-02|2011-11-01|2012-01-31|2012-05-30|2012-07-31|2012-10-30|2013-01-29|2013-05-30|2013-07-30|2013-10-29|2014-01-28|2014-05-29|2014-07-29|2014-10-28|2015-02-03|2026-11-03
CRVS,2026-10-05,2020-10-29|2021-03-25|2021-04-29|2021-08-02|2021-11-01|2022-03-10|2022-05-05|2022-08-08|2022-11-03|2023-03-28|2023-05-08|2023-08-08|2023-11-07|2024-03-19|2024-05-06|2024-08-06|2024-11-12|2025-03-25|2025-05-08|2025-08-07|2025-11-04|2026-03-12|2026-05-07|2026-08-06|2026-11-03
CRWD,2026-10-05,2020-12-02|2021-03-16|2021-06-03|2021-08-31|2021-12-01|2022-03-09|2022-06-02|2022-08-30|2022-11-29|2023-03-07|2023-05-31|2023-08-30|2023-11-28|2024-03-05|2024-06-04|2024-08-28|2024-11-26|2025-03-04|2025-06-03|2025-08-27|2025-12-02|2026-03-03|2026-06-03|2026-08-26|2026-12-01
CSBR,2026-10-05,2020-03-12|2020-07-27|2020-09-14|2020-12-14|2021-03-11|2021-07-22|2021-09-13|2021-12-13|2022-03-15|2022-07-22|2022-09-12|2022-12-13|2023-03-15|2023-07-24|2023-09-13|2023-12-12|2024-03-12|2024-07-18|2024-09-11|2024-12-11|2025-03-11|2025-07-23|2025-09-15|2025-12-15|2026-09-10|2026-12-15
CSIQ,2026-10-05,2020-11-19|2021-03-18|2021-05-20|2021-08-12|2021-11-18|2022-03-17|2022-05-24|2022-08-18|2022-11-22|2023-03-21|2023-05-18|2023-08-22|2023-11-14|2024-03-14|2024-05-09|2024-08-22|2024-12-05|2025-03-25|2025-05-15|2025-08-21|2025-11-13|2026-03-19|2026-05-14|2026-08-27|2026-11-12
CSL,2026-10-05,2020-10-20|2021-02-04|2021-04-22|2021-07-22|2021-10-21|2022-02-10|2022-04-28|2022-07-27|2022-10-27|2023-02-07|2023-04-27|2023-07-26|2023-10-26|2024-02-06|2024-04-25|2024-07-24|2024-10-24|2025-02-04|2025-04-23|2025-07-30|2025-10-29|2026-02-03|2026-04-23|2026-07-29|2026-10-28
CSN.L,2026-10-05,2026-08-25|2027-03-25
CSQ,2026-08-17,FAILED
CSR,2026-10-05,2020-11-02|2021-02-22|2021-05-03|2021-08-02|2021-11-01|2022-02-28|2022-05-02|2022-08-01|2022-10-31|2023-02-21|2023-05-01|2023-07-31|2023-10-30|2024-02-20|2024-04-29|2024-07-29|2024-10-28|2025-02-18|2025-05-01|2025-08-04|2025-11-03|2026-02-17|2026-05-04|2026-08-03|2026-11-02
CSTE,2026-10-05,2019-11-06|2020-02-12|2020-05-06|2020-08-05|2021-02-24|2021-05-05|2021-08-04|2021-11-03|2022-02-09|2022-05-11|2022-08-03|2022-11-09|2023-03-01|2023-05-10|2023-08-09|2023-11-08|2024-02-21|2024-05-08|2024-08-07|2024-11-13|2025-03-05|2025-05-07|2025-08-06|2025-11-12|2026-11-11
CSV,2026-10-05,2020-10-27|2021-02-17|2021-04-21|2021-07-27|2021-10-27|2022-02-23|2022-04-27|2022-07-27|2022-10-26|2023-02-22|2023-05-03|2023-08-02|2023-11-08|2024-02-21|2024-05-01|2024-07-31|2024-10-30|2025-02-26|2025-04-30|2025-08-06|2025-11-05|2026-02-25|2026-05-06|2026-08-05|2026-11-04
CSWC,2026-10-05,2020-10-30|2021-02-01|2021-05-25|2021-08-02|2021-11-01|2022-01-31|2022-05-23|2022-08-01|2022-10-31|2023-01-30|2023-05-22|2023-08-07|2023-10-30|2024-01-29|2024-05-14|2024-08-05|2024-10-28|2025-02-03|2025-05-14|2025-08-06|2025-11-03|2026-02-02|2026-05-13|2026-08-03|2026-11-02
CTKB,2026-10-05,2021-09-02|2021-11-08|2022-02-23|2022-05-11|2022-08-10|2022-11-09|2023-02-28|2023-05-09|2023-08-08|2023-11-07|2024-03-13|2024-05-08|2024-08-06|2024-11-05|2025-02-27|2025-05-08|2025-08-06|2025-11-05|2026-02-26|2026-05-07|2026-08-05|2026-11-04
CTMX,2026-10-05,2020-11-05|2021-02-24|2021-05-06|2021-08-05|2021-11-04|2022-03-01|2022-05-05|2022-08-04|2022-11-08|2023-03-27|2023-05-09|2023-08-08|2023-11-07|2024-03-11|2024-05-08|2024-08-08|2024-11-07|2025-03-06|2025-05-12|2025-08-07|2025-11-06|2026-03-16|2026-05-07|2026-08-06|2026-11-05
CTNM,2026-10-05,2024-05-16|2024-08-13|2024-11-06|2025-03-06|2025-05-14|2025-08-05|2025-10-30|2026-03-05|2026-05-05|2026-07-30|2026-10-29
CTNT,2026-10-05,2024-03-18|2024-05-13|2024-08-13|2024-11-13|2025-03-12|2025-05-05|2025-08-04|2025-11-07|2026-03-20|2026-05-14|2026-08-13
CTRE,2026-10-05,2020-11-05|2021-02-10|2021-05-06|2021-08-05|2021-11-08|2022-02-16|2022-05-05|2022-08-04|2022-11-08|2023-02-09|2023-05-10|2023-08-03|2023-11-09|2024-02-08|2024-05-02|2024-08-01|2024-10-29|2025-02-12|2025-05-01|2025-08-06|2025-11-05|2026-02-12|2026-05-07|2026-08-06|2026-11-09
CTRI,2026-10-05,2024-07-29|2024-11-06|2025-02-26|2025-05-12|2025-08-06|2025-11-05|2026-02-25|2026-05-06|2026-08-04|2026-11-04
CTRN,2026-09-07,2020-12-01|2021-03-16|2021-05-25|2021-08-24|2021-11-30|2022-03-15|2022-05-24|2022-08-24|2022-11-29|2023-03-21|2023-05-23|2023-08-22|2023-11-28|2024-03-19|2024-06-04|2024-08-27|2024-12-03|2025-03-18|2025-06-03|2025-08-26|2025-12-02|2026-03-17|2026-06-02|2026-08-25|2026-12-01
CTVA,2026-10-05,2020-11-04|2021-02-03|2021-05-04|2021-08-05|2021-11-03|2022-02-02|2022-05-04|2022-08-04|2022-11-03|2023-02-01|2023-05-03|2023-08-03|2023-10-27|2024-01-31|2024-05-01|2024-07-31|2024-11-06|2025-02-05|2025-05-07|2025-08-06|2025-11-04|2026-02-03|2026-05-05|2026-07-30|2026-11-11
CTY.L,2026-08-24,FAILED
CURV,2026-10-05,2021-09-08|2021-12-08|2022-03-17|2022-06-07|2022-09-07|2022-12-08|2023-03-23|2023-06-07|2023-09-06|2023-12-07|2024-03-28|2024-06-12|2024-09-04|2024-12-03|2025-03-20|2025-06-05|2025-09-04|2025-12-03|2026-03-19|2026-06-04|2026-09-03|2026-12-02
CUZ,2026-09-14,2020-10-28|2021-02-11|2021-04-29|2021-07-29|2021-10-28|2022-02-03|2022-04-28|2022-07-28|2022-10-27|2023-02-09|2023-04-27|2023-07-27|2023-10-26|2024-02-07|2024-04-25|2024-07-25|2024-10-24|2025-02-06|2025-05-01|2025-07-31|2025-10-30|2026-02-05|2026-04-29|2026-07-30|2026-10-29
CVBF,2026-09-21,2020-10-21|2021-01-27|2021-04-21|2021-07-21|2021-10-20|2022-01-26|2022-04-20|2022-07-20|2022-10-19|2023-01-25|2023-04-26|2023-07-26|2023-10-25|2024-01-24|2024-04-24|2024-07-24|2024-10-23|2025-01-22|2025-04-23|2025-07-23|2025-10-22|2026-01-21|2026-04-22|2026-07-21|2026-10-21
CVE,2026-10-05,2020-10-29|2021-02-09|2021-05-07|2021-07-29|2021-11-03|2022-02-08|2022-04-27|2022-07-28|2022-11-02|2023-02-16|2023-04-26|2023-07-27|2023-11-02|2024-02-15|2024-05-01|2024-08-01|2024-10-31|2025-02-20|2025-05-08|2025-07-31|2025-10-31|2026-02-19|2026-05-06|2026-07-29|2026-10-29
CVI,2026-10-05,2020-11-02|2021-02-22|2021-05-03|2021-08-02|2021-11-01|2022-02-22|2022-05-02|2022-08-01|2022-10-31|2023-02-21|2023-05-01|2023-07-31|2023-10-30|2024-02-20|2024-04-29|2024-07-29|2024-10-28|2025-02-18|2025-04-28|2025-07-30|2025-10-29|2026-02-18|2026-04-29|2026-07-29|2026-10-28
CVKD,2026-09-07,2024-03-11|2024-05-09|2024-08-07|2024-11-07|2025-03-13|2025-05-08|2025-08-11|2025-11-10|2026-03-31|2026-05-07|2026-08-13
CVLT,2026-10-05,2020-10-27|2021-01-27|2021-05-04|2021-07-27|2021-10-26|2022-01-25|2022-05-03|2022-07-26|2022-11-01|2023-01-31|2023-05-02|2023-08-01|2023-10-31|2024-01-30|2024-04-30|2024-07-30|2024-10-29|2025-01-28|2025-04-29|2025-07-29|2025-10-28|2026-01-27|2026-04-28|2026-07-28|2026-10-27
CVRX,2026-10-05,2021-08-04|2021-11-04|2022-02-15|2022-04-25|2022-07-28|2022-11-01|2023-01-26|2023-04-27|2023-07-25|2023-10-26|2024-01-25|2024-04-30|2024-07-29|2024-10-29|2025-02-04|2025-05-08|2025-08-04|2025-11-05|2026-02-12|2026-05-11|2026-08-06|2026-11-05
CVSA,2026-10-05,2020-11-05|2021-02-02|2021-04-29|2021-08-19|2021-11-03|2022-02-08|2022-05-05|2022-08-11|2022-11-03|2023-02-02|2023-05-02|2023-08-10|2023-10-26|2024-01-30|2024-05-02|2024-08-06|2024-10-29|2025-01-30|2025-05-08|2025-08-07|2025-10-30|2026-01-28|2026-05-07|2026-08-06|2026-10-29
CVU,2026-09-21,2014-11-04|2015-03-04|2015-05-05|2015-08-05|2015-11-04|2016-03-28|2016-05-10|2016-08-04|2016-11-08|2017-03-07|2017-05-09|2017-08-08|2017-11-08|2018-03-22|2018-05-15|2018-08-08|2018-11-08|2019-03-13|2019-05-10|2019-08-07|2019-11-06|2020-09-30|2020-11-12|2020-12-31|2021-04-15
CVX,2026-10-05,2020-10-30|2021-01-29|2021-04-30|2021-07-30|2021-10-29|2022-01-28|2022-04-29|2022-07-29|2022-10-28|2023-01-27|2023-04-28|2023-07-23|2023-10-27|2024-02-02|2024-04-26|2024-08-02|2024-11-01|2025-01-31|2025-05-02|2025-08-01|2025-10-31|2026-01-30|2026-05-01|2026-07-31|2026-10-30
CW,2026-10-05,2020-10-28|2021-02-24|2021-05-05|2021-08-03|2021-11-03|2022-02-23|2022-05-04|2022-08-03|2022-11-02|2023-02-21|2023-05-03|2023-08-02|2023-11-01|2024-02-14|2024-05-01|2024-08-07|2024-10-30|2025-02-12|2025-05-07|2025-08-06|2025-11-05|2026-02-11|2026-05-06|2026-08-05|2026-11-04
CWBC,2026-09-14,2020-10-28|2021-01-28|2021-04-22|2021-07-21|2021-10-20|2022-01-26|2022-04-20|2022-07-20|2022-10-19|2023-01-26|2023-04-20|2023-07-20|2023-10-19|2024-01-18|2024-04-18|2024-07-23|2024-10-24|2025-01-23|2025-04-21|2025-07-17|2025-10-16|2026-01-22|2026-04-23|2026-07-23|2026-10-22
CWH,2026-10-05,2020-11-02|2021-02-25|2021-05-04|2021-08-03|2021-11-02|2022-02-22|2022-05-03|2022-08-02|2022-11-01|2023-02-21|2023-05-02|2023-08-01|2023-11-01|2024-02-21|2024-05-01|2024-07-31|2024-10-28|2025-02-25|2025-04-29|2025-07-29|2025-10-28|2026-02-24|2026-04-29|2026-07-29|2026-10-27
CWT,2026-10-05,2020-11-06|2021-02-25|2021-04-29|2021-07-29|2021-10-28|2022-02-24|2022-04-28|2022-07-28|2022-10-27|2023-03-01|2023-04-27|2023-07-27|2023-10-26|2024-02-29|2024-04-25|2024-08-01|2024-10-31|2025-02-27|2025-05-01|2025-07-31|2025-10-30|2026-02-25|2026-04-29|2026-07-29|2026-10-28
CX,2026-10-05,2020-10-28|2021-02-11|2021-04-29|2021-07-28|2021-10-28|2022-02-10|2022-04-28|2022-07-28|2022-10-27|2023-02-13|2023-05-02|2023-07-27|2023-10-26|2024-02-08|2024-04-25|2024-07-25|2024-10-28|2025-02-06|2025-04-28|2025-07-24|2025-10-28|2026-02-05|2026-04-23|2026-07-23|2026-10-26
CXAI,2026-10-05,2023-11-14|2024-08-12|2024-11-12|2025-04-07|2025-05-20|2025-08-13|2025-11-12|2026-03-30|2026-05-13|2026-08-14|2026-11-12
CXM,2026-10-05,2021-09-09|2021-12-09|2022-04-06|2022-06-14|2022-09-08|2022-12-06|2023-03-29|2023-06-05|2023-09-05|2023-12-06|2024-03-27|2024-06-05|2024-09-04|2024-12-04|2025-03-12|2025-06-04|2025-09-03|2025-12-03|2026-03-11|2026-06-03|2026-09-02|2026-12-02
CXW,2026-10-05,2020-11-04|2021-02-10|2021-05-05|2021-08-09|2021-11-08|2022-02-09|2022-05-04|2022-08-02|2022-11-02|2023-02-08|2023-05-03|2023-08-07|2023-11-06|2024-02-07|2024-05-08|2024-08-07|2024-11-06|2025-02-10|2025-05-07|2025-08-06|2025-11-05|2026-02-11|2026-05-06|2026-08-05|2026-11-04
CYD,2026-10-05,2012-05-14|2012-08-10|2012-11-12|2013-02-27|2013-05-13|2013-08-05|2013-11-11|2014-02-26|2014-05-12|2014-08-11|2015-02-26|2015-05-07|2015-08-11|2015-11-10|2018-08-10|2018-11-08|2019-02-26|2019-05-10|2019-08-13|2019-11-13|2020-03-30|2020-05-26|2020-08-12|2020-11-16|2026-08-07|2027-02-24
CYPH,2026-10-05,2020-08-13|2020-11-12|2021-03-12|2021-05-14|2021-08-13|2021-11-12|2022-03-11|2022-05-13|2022-08-12|2022-11-14|2023-03-24|2023-05-15|2023-08-14|2023-11-13|2024-03-18|2024-05-13|2024-08-12|2024-11-13|2025-03-26|2025-05-13|2025-08-14|2025-11-12|2026-05-14|2026-08-12|2026-11-11
CYRX,2026-10-05,2020-11-05|2021-03-01|2021-05-04|2021-08-05|2021-11-04|2022-02-24|2022-05-05|2022-08-04|2022-11-04|2023-02-23|2023-05-04|2023-08-09|2023-11-08|2024-03-12|2024-05-07|2024-08-06|2024-11-07|2025-03-04|2025-05-07|2025-08-05|2025-11-04|2026-03-03|2026-05-04|2026-08-06|2026-11-03
CZFS,2026-09-14,2020-10-23|2021-01-25|2021-04-23|2021-07-23|2021-10-22|2022-01-21|2022-04-20|2022-07-21|2022-10-24|2023-01-30|2023-04-27|2023-07-31|2023-10-23|2024-01-30|2024-04-25|2024-07-30|2024-10-30|2025-01-30|2025-04-30|2025-07-30|2025-10-30|2026-01-29|2026-04-29|2026-07-30|2026-10-29
CZNC,2026-10-05,2020-07-16|2020-10-22|2021-01-21|2021-04-22|2021-07-22|2021-10-21|2022-01-20|2022-04-21|2022-10-20|2023-01-26|2023-04-20|2023-07-20|2023-10-19|2024-01-18|2024-04-25|2024-07-18|2024-10-17|2025-01-23|2025-04-23|2025-07-24|2025-10-23|2026-01-28|2026-04-29|2026-07-23|2026-10-22
CZWI,2026-09-14,2020-10-27|2021-01-28|2021-04-26|2021-07-26|2021-10-25|2022-01-31|2022-04-25|2022-07-25|2022-10-24|2023-01-23|2023-04-25|2023-07-24|2023-10-24|2024-01-29|2024-04-29|2024-07-29|2024-10-28|2025-01-27|2025-04-28|2025-07-28|2025-10-27|2026-01-26|2026-04-27|2026-07-27|2026-10-26
DAC,2026-10-05,2020-11-05|2021-02-16|2021-05-10|2021-08-02|2021-11-08|2022-02-07|2022-05-16|2022-08-01|2022-11-07|2023-02-14|2023-05-15|2023-08-07|2023-11-13|2024-02-13|2024-05-28|2024-08-05|2024-11-12|2025-02-10|2025-05-13|2025-08-04|2025-11-17|2026-02-09|2026-05-11|2026-08-03|2026-11-16
DAKT,2026-10-05,2018-08-21|2018-11-21|2019-02-20|2019-05-29|2019-08-28|2019-11-27|2020-02-26|2020-06-10|2020-08-26|2020-12-02|2021-03-03|2021-06-09|2021-09-01|2021-12-01|2024-06-26|2024-09-04|2024-12-04|2025-03-05|2025-06-25|2025-09-10|2025-12-10|2026-03-04|2026-06-24|2026-09-02|2026-12-09
DAR,2026-10-05,2020-11-03|2021-03-02|2021-05-11|2021-08-10|2021-11-09|2022-02-28|2022-05-10|2022-08-09|2022-11-08|2023-02-27|2023-05-09|2023-08-08|2023-11-07|2024-02-27|2024-04-25|2024-07-25|2024-10-24|2025-02-06|2025-04-24|2025-07-24|2025-10-23|2026-02-11|2026-04-30|2026-07-30|2026-10-29
DASH,2026-10-05,2021-02-25|2021-05-13|2021-08-12|2021-11-09|2022-02-16|2022-05-06|2022-08-04|2022-11-03|2023-02-16|2023-05-04|2023-08-02|2023-11-01|2024-02-15|2024-05-01|2024-08-01|2024-10-30|2025-02-11|2025-05-06|2025-08-06|2025-11-05|2026-02-18|2026-05-06|2026-08-05|2026-11-04
DATA.L,2026-10-05,FAILED
DB,2026-10-05,2008-10-30|2009-02-05|2010-03-16|2010-04-27|2010-07-27|2010-10-27|2011-02-03|2011-10-25|2012-02-02|2012-04-26|2012-07-31|2012-10-30|2013-01-31|2013-04-29|2013-07-30|2013-10-29|2014-01-30|2021-10-27|2022-03-11|2022-04-26|2022-07-27|2022-10-26|2023-03-17|2026-07-28|2026-10-28
DBD,2026-10-05,2024-02-14|2024-05-02|2024-08-07|2024-11-07|2025-02-12|2025-05-07|2025-08-06|2025-11-05|2026-02-12|2026-04-30|2026-07-29|2026-10-28
DBGI,2026-10-05,FAILED
DBX,2026-10-05,2020-11-05|2021-02-18|2021-05-06|2021-08-05|2021-11-04|2022-02-17|2022-05-05|2022-08-04|2022-11-03|2023-02-16|2023-05-04|2023-08-03|2023-11-02|2024-02-15|2024-05-09|2024-08-08|2024-11-07|2025-02-20|2025-05-08|2025-08-07|2025-11-06|2026-02-19|2026-05-07|2026-08-06|2026-11-05
DCBO,2026-10-05,2020-11-12|2021-03-11|2021-05-13|2021-08-12|2021-11-11|2022-03-10|2022-05-12|2022-08-11|2022-11-10|2023-03-09|2023-05-11|2023-08-10|2023-11-09|2024-02-23|2024-05-09|2024-08-08|2024-11-08|2025-02-28|2025-05-09|2025-08-08|2025-11-07|2026-02-27|2026-05-08|2026-08-07|2026-11-06
DCO,2026-09-21,2020-10-28|2021-02-11|2021-05-04|2021-08-12|2021-11-02|2022-02-23|2022-05-03|2022-08-04|2022-11-07|2023-02-16|2023-05-04|2023-08-03|2023-11-08|2024-02-15|2024-05-08|2024-08-08|2024-11-07|2025-02-27|2025-05-06|2025-08-07|2025-11-06|2026-02-26|2026-05-12|2026-08-06|2026-11-05
DCOY,2026-10-05,2020-05-14|2020-08-12|2020-11-11|2021-03-18|2021-05-12|2021-08-05|2021-11-04|2022-03-10|2022-05-12|2022-08-05|2022-11-10|2023-03-27|2023-05-11|2023-08-10|2023-11-09|2024-05-13|2024-08-09|2024-11-14|2025-11-14|2026-03-31|2026-05-08|2026-08-12
DCTH,2026-09-21,2020-11-11|2021-03-31|2021-05-11|2021-08-10|2021-11-09|2022-03-25|2022-05-10|2022-08-08|2022-11-08|2023-03-27|2023-05-22|2023-08-09|2023-11-13|2024-03-26|2024-05-14|2024-08-05|2024-11-08|2025-03-06|2025-05-08|2025-08-06|2025-11-04|2026-02-26|2026-05-07|2026-08-06|2026-11-03
DCX,2026-10-05,FAILED
DDOG,2026-10-05,2020-11-10|2021-02-11|2021-05-06|2021-08-05|2021-11-04|2022-02-10|2022-05-05|2022-08-04|2022-11-03|2023-02-16|2023-05-04|2023-08-08|2023-11-07|2024-02-13|2024-05-07|2024-08-08|2024-11-07|2025-02-13|2025-05-06|2025-08-07|2025-11-06|2026-02-10|2026-05-07|2026-08-06|2026-11-05
DDT,2026-10-05,FAILED
DE,2026-10-05,2020-11-25|2021-02-19|2021-05-21|2021-08-20|2021-11-24|2022-02-18|2022-05-20|2022-08-19|2022-11-23|2023-02-17|2023-05-19|2023-08-18|2023-11-22|2024-02-15|2024-05-16|2024-08-15|2024-11-21|2025-02-13|2025-05-15|2025-08-14|2025-11-26|2026-02-19|2026-05-21|2026-08-20|2026-11-25
DEA,2026-09-21,2020-08-04|2020-11-02|2021-02-24|2021-05-04|2021-08-03|2021-11-02|2022-02-28|2022-05-03|2022-08-02|2022-11-01|2023-02-28|2023-05-02|2023-08-08|2023-10-31|2024-02-27|2024-04-30|2024-07-31|2024-11-05|2025-02-25|2025-04-29|2025-08-05|2025-10-27|2026-02-23|2026-08-03|2026-10-26
DECK,2026-10-05,2020-10-29|2021-02-04|2021-05-20|2021-07-29|2021-10-28|2022-02-03|2022-05-19|2022-07-28|2022-10-27|2023-02-02|2023-05-25|2023-07-27|2023-10-26|2024-02-01|2024-05-23|2024-07-25|2024-10-24|2025-01-30|2025-05-22|2025-07-24|2025-10-23|2026-01-29|2026-05-21|2026-07-23|2026-10-22
DELL,2026-10-05,2020-11-24|2021-02-25|2021-05-27|2021-08-26|2021-11-23|2022-02-24|2022-05-26|2022-08-25|2022-11-21|2023-03-02|2023-06-01|2023-08-31|2023-11-30|2024-02-29|2024-05-30|2024-08-29|2024-11-26|2025-02-27|2025-05-29|2025-08-28|2025-11-25|2026-02-26|2026-05-28|2026-09-01|2026-11-27
DFH,2026-10-05,2021-03-30|2021-05-12|2021-08-10|2021-11-10|2022-03-16|2022-05-10|2022-08-04|2022-11-03|2023-03-02|2023-05-04|2023-08-03|2023-11-02|2024-02-29|2024-05-02|2024-08-01|2024-10-31|2025-02-25|2025-05-06|2025-07-31|2025-10-30|2026-02-23|2026-04-30|2026-07-30|2026-10-29
DFSC,2026-09-28,2021-08-25|2021-11-23|2022-02-28|2022-05-27|2022-08-11|2023-01-27|2023-02-14|2023-08-13|2024-01-16|2024-02-15|2026-08-13|2026-12-29
DFTX,2026-09-14,2020-11-12|2021-08-12|2021-11-12|2022-03-28|2022-05-16|2022-08-11|2022-11-10|2023-03-09|2023-05-04|2023-08-03|2023-11-02|2024-02-28|2024-05-08|2024-08-13|2024-11-07|2025-03-06|2025-05-08|2025-07-31|2025-11-06|2026-02-26|2026-05-07|2026-08-06|2026-11-05
DGICB,2026-09-14,2008-02-20|2008-04-16|2008-07-18|2008-10-22|2009-02-18|2009-04-24|2009-07-24|2009-10-23|2010-02-17|2010-04-23|2010-07-23|2010-11-09|2011-03-14|2011-04-20|2011-07-29|2011-10-27|2012-03-12|2012-04-18|2012-07-27|2012-11-07|2013-03-12|2013-07-26|2013-10-25|2014-02-21|2026-10-29
DGX,2026-10-05,2020-10-22|2021-02-04|2021-04-22|2021-07-22|2021-10-21|2022-02-03|2022-04-21|2022-07-21|2022-10-20|2023-02-02|2023-04-27|2023-07-26|2023-10-24|2024-02-01|2024-04-23|2024-07-23|2024-10-22|2025-01-30|2025-04-22|2025-07-22|2025-10-21|2026-02-10|2026-04-21|2026-07-23|2026-10-22
DHR,2026-10-05,2020-10-22|2021-01-28|2021-04-22|2021-07-22|2021-10-21|2022-01-27|2022-04-21|2022-07-21|2022-10-20|2023-01-24|2023-04-25|2023-07-25|2023-10-24|2024-01-30|2024-04-23|2024-07-23|2024-10-22|2025-01-29|2025-04-22|2025-07-22|2025-10-21|2026-01-28|2026-04-21|2026-07-21|2026-10-21
DHT,2026-10-05,2020-11-08|2021-02-07|2021-05-03|2021-08-09|2021-11-01|2022-02-07|2022-05-08|2022-08-10|2022-11-07|2023-02-07|2023-05-02|2023-08-06|2023-11-06|2024-02-05|2024-05-13|2024-08-12|2024-11-12|2025-02-06|2025-05-06|2025-08-06|2025-10-29|2026-02-04|2026-05-05|2026-08-05|2026-10-28
DHX,2026-10-05,2020-11-04|2021-02-04|2021-05-05|2021-08-05|2021-11-10|2022-02-08|2022-05-04|2022-08-03|2022-11-02|2023-02-07|2023-05-10|2023-08-02|2023-11-01|2024-02-07|2024-05-08|2024-08-07|2024-11-12|2025-02-05|2025-05-07|2025-08-06|2025-11-10|2026-02-04|2026-05-05|2026-08-05|2026-11-09
DINO,2026-10-05,2020-11-05|2021-02-24|2021-05-05|2021-08-03|2021-11-03|2022-02-23|2022-05-09|2022-08-08|2022-11-07|2023-02-24|2023-05-04|2023-08-03|2023-11-02|2024-02-21|2024-05-08|2024-08-01|2024-10-31|2025-02-20|2025-05-01|2025-07-31|2025-10-30|2026-02-18|2026-05-01|2026-07-28|2026-10-28
DIT,2026-10-05,FAILED
DJCO,2026-10-05,2026-08-12|2026-12-29
DK,2026-10-05,2020-11-04|2021-02-23|2021-05-04|2021-08-03|2021-11-04|2022-02-23|2022-05-03|2022-08-04|2022-11-07|2023-02-28|2023-05-08|2023-08-07|2023-11-07|2024-02-27|2024-05-07|2024-08-06|2024-11-06|2025-02-25|2025-05-07|2025-08-06|2025-11-07|2026-02-27|2026-04-29|2026-08-05|2026-11-06
DKNG,2026-10-05,2020-11-13|2021-02-26|2021-05-07|2021-08-06|2021-11-05|2022-02-18|2022-05-06|2022-08-05|2022-11-04|2023-02-16|2023-05-04|2023-08-03|2023-11-02|2024-02-15|2024-05-02|2024-08-01|2024-11-07|2025-02-13|2025-05-08|2025-08-06|2025-11-06|2026-02-12|2026-05-06|2026-08-06|2026-11-05
DKS,2026-09-14,2020-11-24|2021-03-09|2021-05-26|2021-08-25|2021-11-23|2022-03-08|2022-05-25|2022-08-23|2022-11-22|2023-03-07|2023-05-23|2023-08-22|2023-11-21|2024-03-14|2024-05-29|2024-09-04|2024-11-26|2025-03-11|2025-05-15|2025-08-28|2025-11-25|2026-03-12|2026-05-27|2026-08-25|2026-11-24
DLHC,2026-09-28,2020-12-07|2021-02-02|2021-05-05|2021-08-04|2021-12-06|2022-01-31|2022-05-04|2022-08-02|2022-12-05|2023-02-08|2023-05-03|2023-08-02|2023-12-06|2024-01-31|2024-05-01|2024-07-31|2024-12-04|2025-02-05|2025-05-07|2025-08-06|2025-12-10|2026-02-09|2026-05-06|2026-07-29|2026-12-09
DLPN,2026-10-05,2020-08-17|2020-11-16|2021-04-15|2021-05-18|2021-08-16|2021-11-19|2022-04-12|2022-07-18|2022-08-15|2022-11-14|2023-03-30|2023-05-15|2023-08-14|2023-11-14|2024-04-01|2024-05-15|2024-08-14|2024-11-14|2025-03-27|2025-05-13|2025-08-13|2025-11-12|2026-03-25|2026-08-12|2026-11-11
DMB,2026-10-05,FAILED
DMC,2026-09-07,2020-10-28|2021-02-24|2021-05-05|2021-08-04|2021-11-03|2022-02-23|2022-05-04|2022-08-03|2022-11-02|2023-02-22|2023-05-03|2023-08-02|2023-11-01|2024-02-26|2024-05-02|2024-08-01|2024-10-31|2025-02-24|2025-04-30|2025-07-30|2025-10-29|2026-02-18|2026-05-05|2026-07-29|2026-10-28
DNA,2026-10-05,2021-11-15|2022-03-28|2022-05-16|2022-08-15|2022-11-14|2023-03-01|2023-05-10|2023-08-09|2023-11-08|2024-02-29|2024-05-09|2024-08-08|2024-11-12|2025-02-25|2025-05-06|2025-08-07|2025-11-06|2026-02-26|2026-05-07|2026-08-05|2026-11-05
DNLI,2026-09-14,2020-11-05|2021-02-25|2021-05-03|2021-08-04|2021-11-04|2022-02-28|2022-05-05|2022-08-08|2022-11-03|2023-02-27|2023-05-08|2023-08-08|2023-11-07|2024-02-27|2024-05-07|2024-08-01|2024-11-06|2025-02-27|2025-05-06|2025-08-11|2025-11-06|2026-02-26|2026-05-07|2026-08-06|2026-11-05
DNN,2026-10-05,2020-08-06|2020-11-05|2021-03-04|2021-05-06|2021-08-05|2021-11-04|2022-03-02|2022-05-04|2022-08-04|2022-11-03|2023-03-10|2023-05-10|2023-08-08|2023-11-07|2024-02-29|2024-05-08|2024-08-08|2024-11-07|2025-03-13|2025-05-12|2025-08-07|2025-11-07|2026-03-10|2026-08-12|2026-11-03
DNTH,2026-10-05,2023-11-09|2024-03-21|2024-05-09|2024-08-08|2024-11-07|2025-03-11|2025-05-12|2025-08-07|2025-11-05|2026-03-09|2026-05-05|2026-08-04|2026-11-05
DNUT,2026-10-05,2021-08-17|2021-11-09|2022-02-22|2022-05-11|2022-08-17|2022-11-15|2023-02-15|2023-05-11|2023-08-10|2023-11-09|2024-02-13|2024-05-09|2024-08-08|2024-11-07|2025-02-25|2025-05-08|2025-08-07|2025-11-06|2026-02-26|2026-05-07|2026-08-06|2026-11-05
DOCS.L,2026-09-07,2026-11-19
DOCU,2026-10-05,2020-12-03|2021-03-11|2021-06-03|2021-09-02|2021-12-02|2022-03-10|2022-06-09|2022-09-08|2022-12-08|2023-03-09|2023-06-08|2023-09-06|2023-12-07|2024-03-07|2024-06-06|2024-09-05|2024-12-05|2025-03-13|2025-06-05|2025-09-04|2025-12-04|2026-03-17|2026-06-04|2026-09-03|2026-12-03
DOLE,2026-10-05,2021-12-03|2022-03-15|2022-05-23|2022-05-24|2022-08-22|2022-08-23|2022-11-17|2023-03-07|2023-05-18|2023-08-17|2023-11-16|2024-02-29|2024-05-15|2024-08-14|2024-11-13|2025-02-26|2025-05-12|2025-08-11|2025-11-10|2026-02-25|2026-05-11|2026-08-10|2026-11-09
DOMH,2026-10-05,2010-11-15|2011-03-30|2012-03-28|2012-05-15|2012-08-13|2012-11-15|2021-11-10|2022-03-28|2022-05-16|2022-08-12|2022-11-10
DORM,2026-10-05,2020-10-28|2021-02-22|2021-04-26|2021-07-26|2021-10-25|2022-02-22|2022-04-25|2022-07-25|2022-10-24|2023-02-28|2023-05-02|2023-08-01|2023-10-31|2024-02-26|2024-05-07|2024-08-01|2024-10-31|2025-02-26|2025-05-05|2025-08-04|2025-10-27|2026-02-25|2026-05-04|2026-08-03|2026-10-26
DOV,2026-10-05,2020-10-20|2021-01-28|2021-04-20|2021-07-20|2021-10-19|2022-01-27|2022-04-21|2022-07-21|2022-10-20|2023-01-31|2023-04-26|2023-07-25|2023-10-24|2024-02-01|2024-04-25|2024-07-25|2024-10-24|2025-01-30|2025-04-24|2025-07-24|2025-10-23|2026-01-29|2026-04-23|2026-07-23|2026-10-22
DPG,2026-10-05,FAILED
DPRO,2026-10-05,2021-11-09|2022-11-09|2023-03-27|2023-05-09|2023-08-09|2023-11-09|2024-03-27|2024-05-14|2024-08-13|2024-11-14|2025-03-27|2025-05-08|2025-08-11|2025-11-12|2026-03-24|2026-05-11|2026-08-10|2026-11-12
DPU,2026-10-05,FAILED
DRI,2026-10-05,2020-12-18|2021-03-25|2021-06-24|2021-09-23|2021-12-17|2022-03-24|2022-06-23|2022-09-22|2022-12-16|2023-03-23|2023-06-22|2023-09-21|2023-12-15|2024-03-21|2024-06-20|2024-09-19|2024-12-19|2025-03-20|2025-06-20|2025-09-18|2025-12-18|2026-03-19|2026-06-25|2026-09-24|2026-12-18
DRIO,2026-10-05,2020-11-12|2021-03-09|2021-05-17|2021-08-16|2021-11-15|2022-03-22|2022-05-12|2022-08-15|2022-11-14|2023-03-09|2023-05-11|2023-08-10|2023-11-02|2024-03-28|2024-05-15|2024-08-08|2024-11-07|2025-03-10|2025-05-14|2025-08-12|2025-11-13|2026-03-19|2026-05-13|2026-08-11|2026-11-12
DRS,2026-10-05,2023-03-28|2023-05-03|2023-08-02|2023-11-02|2024-02-27|2024-05-01|2024-07-30|2024-10-30|2025-02-20|2025-05-01|2025-07-30|2025-10-29|2026-02-24|2026-05-05|2026-07-30|2026-10-29
DRUG,2026-10-05,2024-12-30|2025-02-13|2025-05-15|2025-08-14|2025-12-23|2026-02-12|2026-05-19|2026-08-14|2026-08-17|2026-12-22
DRX.L,2026-10-05,2007-09-05|2008-03-16|2008-08-04|2009-03-15|2026-07-30|2027-02-25
DSCV.L,2026-10-05,2026-12-02
DSGR,2026-10-05,2022-11-03|2023-03-09|2023-05-04|2023-08-03|2023-11-02|2024-03-07|2024-05-02|2024-08-01|2024-10-31|2025-03-06|2025-05-01|2025-07-31|2025-10-30|2026-03-05|2026-04-30|2026-08-06|2026-10-29
DSM,2026-10-05,FAILED
DSX,2026-10-05,2019-07-30|2019-12-02|2020-02-21|2020-05-14|2020-07-27|2020-11-23|2021-02-22|2021-05-21|2021-08-03|2021-11-17|2022-02-25|2022-05-24|2022-07-28|2022-11-17|2023-02-22|2023-05-26|2023-08-01|2023-11-15|2024-02-23|2024-05-28|2024-07-31|2024-11-25|2025-02-25|2026-02-26|2026-11-19
DT,2026-10-05,2020-10-28|2021-02-03|2021-05-12|2021-07-28|2021-10-27|2022-02-02|2022-05-18|2022-08-03|2022-11-02|2023-02-01|2023-05-17|2023-08-02|2023-11-02|2024-02-08|2024-05-15|2024-08-07|2024-11-07|2025-01-30|2025-05-14|2025-08-06|2025-11-05|2026-02-09|2026-05-13|2026-08-05|2026-11-04
DTE,2026-10-05,2020-10-27|2021-02-19|2021-04-27|2021-07-27|2021-10-27|2022-02-10|2022-04-28|2022-07-28|2022-10-27|2023-02-23|2023-04-27|2023-07-27|2023-11-01|2024-02-08|2024-04-25|2024-07-25|2024-10-24|2025-02-13|2025-05-01|2025-07-29|2025-10-30|2026-02-17|2026-04-30|2026-07-28|2026-10-29
DTF,2026-09-21,FAILED
DTI,2026-09-14,2024-03-27|2024-05-09|2024-08-06|2024-11-13|2025-03-13|2025-05-13|2025-08-13|2025-11-06|2026-03-05|2026-05-07|2026-08-06|2026-11-05
DTIL,2026-09-28,2020-11-10|2021-03-18|2021-05-13|2021-08-12|2021-11-10|2022-03-15|2022-05-09|2022-08-08|2022-11-08|2023-03-09|2023-05-09|2023-08-04|2023-11-07|2024-03-27|2024-05-13|2024-08-01|2024-11-04|2025-03-26|2025-05-15|2025-08-07|2025-11-03|2026-03-12|2026-05-05|2026-08-06|2026-11-02
DTM,2026-10-05,2021-08-06|2021-11-05|2022-02-25|2022-05-05|2022-08-03|2022-10-28|2023-02-16|2023-05-02|2023-08-01|2023-11-01|2024-02-16|2024-04-30|2024-07-30|2024-10-29|2025-02-26|2025-04-30|2025-07-31|2025-10-30|2026-02-19|2026-04-30|2026-07-30|2026-10-29
DTST,2026-10-05,2021-11-15|2022-03-31|2022-05-16|2022-08-11|2022-11-14|2023-03-31|2023-05-15|2023-08-14|2023-11-14|2024-05-15|2024-08-14|2024-11-14|2025-03-31|2025-05-15|2025-08-14|2025-11-19|2026-04-14|2026-05-15|2026-08-14|2026-11-16
DUK,2026-10-05,2020-11-05|2021-02-11|2021-05-10|2021-08-05|2021-11-04|2022-02-10|2022-05-09|2022-08-04|2022-11-04|2023-02-09|2023-05-09|2023-08-08|2023-11-02|2024-02-08|2024-05-07|2024-08-06|2024-11-07|2025-02-13|2025-05-06|2025-08-05|2025-11-07|2026-02-10|2026-05-05|2026-08-04|2026-11-05
DV,2026-10-05,2021-05-25|2021-07-29|2021-11-09|2022-03-08|2022-05-10|2022-08-03|2022-11-08|2023-03-01|2023-05-10|2023-07-31|2023-11-09|2024-02-28|2024-05-07|2024-07-30|2024-11-06|2025-02-27|2025-05-08|2025-08-05|2025-11-07|2026-02-26|2026-05-06|2026-08-06|2026-11-05
DWSN,2026-09-28,2013-11-13|2014-02-04|2014-05-07|2014-08-06|2014-11-12|2015-05-18|2015-08-07|2015-11-05|2016-03-11|2016-05-10|2016-08-04|2016-11-03|2017-03-02|2017-05-04|2017-08-03|2017-11-02|2018-03-01|2018-05-03|2018-08-02|2018-11-01|2019-02-28|2019-05-01|2019-08-01|2019-10-31|2025-08-11
DX,2026-10-05,2020-10-28|2021-02-04|2021-04-28|2021-07-28|2021-10-27|2022-02-03|2022-04-27|2022-07-25|2022-10-24|2023-01-30|2023-04-24|2023-07-24|2023-10-23|2024-01-29|2024-04-22|2024-07-22|2024-10-21|2025-01-27|2025-04-21|2025-07-21|2025-10-20|2026-01-26|2026-04-20|2026-07-20|2026-10-19
DXCM,2026-10-05,2020-10-27|2021-02-11|2021-04-29|2021-07-29|2021-10-28|2022-02-10|2022-04-28|2022-07-28|2022-10-27|2023-02-09|2023-04-27|2023-07-27|2023-10-26|2024-02-08|2024-04-25|2024-07-25|2024-10-24|2025-02-13|2025-05-01|2025-07-30|2025-10-30|2026-02-12|2026-04-30|2026-07-30|2026-10-29
DXPE,2026-10-05,2020-11-06|2021-03-09|2021-05-07|2021-08-16|2021-12-08|2022-03-25|2022-05-10|2022-08-08|2022-11-09|2023-04-14|2023-05-11|2023-08-08|2023-11-08|2024-03-07|2024-05-08|2024-08-08|2024-11-04|2025-03-06|2025-05-07|2025-08-06|2025-11-06|2026-02-25|2026-05-07|2026-08-05|2026-11-05
DXYZ,2026-10-05,FAILED
DY,2026-10-05,2020-11-24|2021-03-03|2021-05-25|2021-09-01|2021-11-23|2022-03-02|2022-05-25|2022-08-24|2022-11-22|2023-03-01|2023-05-24|2023-08-23|2023-11-21|2024-02-28|2024-05-22|2024-08-21|2024-11-20|2025-02-26|2025-05-21|2025-08-20|2025-11-19|2026-03-04|2026-05-27|2026-08-26|2026-11-25
DYN,2026-10-05,2020-11-05|2021-03-04|2021-05-06|2021-08-05|2021-11-04|2022-03-10|2022-05-02|2022-08-04|2022-11-03|2023-03-02|2023-05-11|2023-08-03|2023-10-30|2024-03-05|2024-05-02|2024-08-12|2024-11-12|2025-02-27|2025-05-08|2025-07-28|2025-11-05|2026-03-02|2026-05-11|2026-07-29|2026-11-05
DYNC,2026-10-05,FAILED
EAT,2026-10-05,2020-10-28|2021-01-27|2021-04-28|2021-08-18|2021-10-19|2022-02-02|2022-05-04|2022-08-24|2022-11-02|2023-02-01|2023-05-03|2023-08-16|2023-11-01|2024-01-31|2024-04-30|2024-08-14|2024-10-30|2025-01-29|2025-04-29|2025-08-13|2025-10-29|2026-01-28|2026-04-29|2026-08-12|2026-10-28
EBC,2026-10-05,2020-11-16|2021-01-28|2021-04-29|2021-07-29|2021-10-28|2022-01-27|2022-04-28|2022-07-28|2022-10-27|2023-01-26|2023-04-27|2023-07-27|2023-10-26|2024-01-25|2024-04-25|2024-07-25|2024-10-24|2025-01-23|2025-04-24|2025-07-24|2025-10-23|2026-01-22|2026-04-23|2026-07-23|2026-10-22
EBF,2026-10-05,2020-09-21|2020-12-20|2021-04-20|2021-06-22|2021-09-21|2021-12-20|2022-04-25|2022-06-20|2022-09-19|2022-12-19|2023-04-24|2023-06-19|2023-09-18|2024-01-05|2024-04-22|2024-06-17|2024-09-23|2024-12-23|2025-04-21|2025-09-22|2025-12-18|2026-04-20|2026-06-22|2026-09-21|2026-12-21
EBS,2026-10-05,2020-11-05|2021-02-18|2021-04-29|2021-07-29|2021-11-04|2022-02-24|2022-04-28|2022-08-01|2022-11-08|2023-02-27|2023-05-09|2023-08-08|2023-12-11|2024-03-06|2024-05-01|2024-08-06|2024-11-06|2025-03-03|2025-05-07|2025-08-06|2025-10-29|2026-02-26|2026-04-30|2026-08-05|2026-10-28
ECBK,2026-09-07,FAILED
ECHO,2026-10-05,2020-11-05|2021-02-23|2021-05-06|2021-08-03|2021-11-09|2022-02-24|2022-05-05|2022-08-04|2022-11-02|2023-02-22|2023-05-08|2023-08-08|2023-11-06|2024-02-29|2024-05-08|2024-08-09|2024-11-12|2025-02-27|2025-05-09|2025-08-01|2025-11-06|2026-03-02|2026-05-11|2026-08-03|2026-11-05
ECO,2026-10-05,2024-05-16|2024-08-09|2024-11-08|2025-02-19|2025-05-14|2025-08-12|2025-11-12|2026-02-18|2026-05-13|2026-08-04|2026-11-11
ECOR,2026-10-05,2020-11-12|2021-03-11|2021-05-06|2021-08-05|2021-11-04|2022-03-10|2022-05-05|2022-08-04|2022-11-03|2023-03-08|2023-05-03|2023-08-09|2023-11-08|2024-03-13|2024-05-08|2024-08-07|2024-11-13|2025-03-12|2025-05-07|2025-08-06|2025-11-05|2026-03-19|2026-05-06|2026-08-06|2026-11-04
ECPG,2026-10-05,2020-11-02|2021-02-24|2021-05-05|2021-08-04|2021-11-03|2022-02-23|2022-05-04|2022-08-03|2022-11-02|2023-02-22|2023-05-03|2023-08-02|2023-11-01|2024-02-21|2024-05-08|2024-08-07|2024-11-06|2025-02-26|2025-05-07|2025-08-06|2025-11-05|2026-02-25|2026-05-06|2026-08-05|2026-11-04
EDD,2026-09-21,FAILED
EDRY,2026-10-05,2020-08-06|2020-11-12|2021-02-16|2021-05-20|2021-08-04|2021-11-10|2022-02-10|2022-05-18|2022-08-09|2023-02-13|2023-05-15|2023-08-08|2023-11-08|2024-02-16|2024-05-21|2024-08-08|2024-11-19|2025-02-24|2025-06-05|2025-08-11|2025-11-13|2026-02-19|2026-05-20|2026-08-06|2026-11-12
EDV.L,2026-10-05,2022-08-03|2022-11-10|2023-03-09|2023-05-04|2023-08-02|2023-11-09|2024-03-27|2024-05-02|2024-07-29|2024-11-06|2025-03-06|2025-05-01|2025-07-31|2025-11-12|2026-03-05|2026-04-30|2026-07-30|2026-11-12
EFSC,2026-09-14,2020-10-19|2021-01-25|2021-04-26|2021-07-26|2021-10-25|2022-01-24|2022-04-25|2022-07-25|2022-10-24|2023-01-23|2023-04-24|2023-07-24|2023-10-23|2024-01-22|2024-04-22|2024-07-22|2024-10-21|2025-01-27|2025-04-28|2025-07-28|2025-10-27|2026-01-26|2026-04-22|2026-07-22|2026-10-26
EFSI,2026-10-05,2011-04-27|2011-07-26|2011-10-26|2012-01-24|2012-04-20|2025-04-25|2025-07-24|2025-10-23|2026-01-26|2026-04-23|2026-07-22|2026-10-22
EFX,2026-10-05,2020-10-21|2021-02-10|2021-04-21|2021-07-21|2021-10-20|2022-02-09|2022-04-20|2022-07-20|2022-10-19|2023-02-08|2023-04-19|2023-07-19|2023-10-18|2024-02-07|2024-04-17|2024-07-17|2024-10-16|2025-02-06|2025-04-22|2025-07-22|2025-10-21|2026-02-04|2026-04-21|2026-07-21|2026-10-20
EG,2026-10-05,2020-10-29|2021-02-08|2021-04-28|2021-07-28|2021-10-27|2022-02-09|2022-04-27|2022-07-27|2022-10-26|2023-02-08|2023-05-01|2023-07-26|2023-10-25|2024-02-07|2024-04-29|2024-07-31|2024-10-30|2025-02-03|2025-04-30|2025-07-30|2025-10-27|2026-02-04|2026-04-29|2026-07-29|2026-10-28
EGAN,2026-10-05,2020-11-10|2021-02-10|2021-05-11|2021-09-01|2021-11-09|2022-02-03|2022-05-05|2022-09-08|2022-11-14|2023-02-14|2023-05-11|2023-09-14|2023-11-02|2024-02-08|2024-05-09|2024-09-05|2024-11-12|2025-02-13|2025-05-14|2025-09-04|2025-11-12|2026-02-03|2026-05-14|2026-09-03|2026-11-11
EH,2026-09-14,2020-03-25|2020-05-29|2020-08-25|2020-12-03|2021-04-16|2022-12-02|2023-03-22|2023-05-31|2023-08-17|2023-11-22|2024-03-15|2024-05-19|2024-08-22|2024-11-18|2025-03-12|2025-05-26|2025-08-26|2025-11-26|2026-03-12|2026-06-09|2026-08-25|2026-11-27
EHC,2026-10-05,2020-10-28|2021-01-26|2021-04-27|2021-07-27|2021-10-27|2022-02-01|2022-04-27|2022-08-01|2022-10-26|2023-02-07|2023-04-27|2023-08-01|2023-10-26|2024-02-07|2024-04-24|2024-08-05|2024-10-28|2025-02-06|2025-04-24|2025-08-04|2025-10-29|2026-02-05|2026-04-30|2026-08-05|2026-10-28
EIG,2026-09-14,2020-10-22|2021-02-17|2021-04-22|2021-07-22|2021-10-28|2022-02-16|2022-04-27|2022-07-28|2022-10-27|2023-02-16|2023-04-27|2023-07-26|2023-10-25|2024-02-15|2024-04-25|2024-07-31|2024-10-30|2025-02-20|2025-05-01|2025-07-30|2025-10-30|2026-02-19|2026-04-29|2026-07-29|2026-10-29
EIX,2026-10-05,2020-10-27|2021-02-25|2021-04-27|2021-07-29|2021-11-02|2022-02-24|2022-05-03|2022-07-28|2022-11-01|2023-02-23|2023-05-02|2023-07-27|2023-11-01|2024-02-22|2024-04-30|2024-07-25|2024-10-29|2025-02-27|2025-04-29|2025-07-31|2025-10-28|2026-02-18|2026-04-28|2026-07-30|2026-10-29
EJH,2026-10-05,FAILED
ELAB,2026-09-14,FAILED
ELC,2026-10-05,FAILED
ELF,2026-10-05,2020-11-04|2021-02-03|2021-05-26|2021-08-04|2021-11-03|2022-02-02|2022-05-25|2022-08-03|2022-11-02|2023-02-01|2023-05-24|2023-08-01|2023-11-01|2024-02-06|2024-05-22|2024-08-08|2024-11-06|2025-02-06|2025-05-28|2025-08-06|2025-11-05|2026-02-04|2026-05-20|2026-08-05|2026-11-04
ELLO,2026-09-21,2000-11-09|2001-02-12|2001-05-10|2001-08-08|2001-11-07|2002-02-14|2002-05-08|2002-08-08
ELM.L,2026-10-05,2026-07-30|2027-03-02
ELME,2026-09-14,2020-04-22|2020-07-28|2020-10-29|2021-02-11|2021-04-28|2021-07-29|2021-10-28|2022-02-17|2022-04-27|2022-07-28|2022-10-27|2023-02-16|2023-04-27|2023-07-31|2023-10-26|2024-02-15|2024-05-01|2024-08-01|2024-11-04|2025-02-13|2025-05-01|2025-08-05|2025-10-23|2026-02-27|2026-10-22
ELS,2026-10-05,2020-10-19|2021-01-25|2021-04-19|2021-07-19|2021-10-18|2022-01-24|2022-04-18|2022-07-18|2022-10-17|2023-01-30|2023-04-17|2023-07-17|2023-10-16|2024-01-29|2024-04-22|2024-07-22|2024-10-21|2025-01-27|2025-04-21|2025-07-21|2025-10-22|2026-01-28|2026-04-21|2026-07-21|2026-10-21
ELTX,2026-10-05,2023-11-09|2024-03-29|2024-05-15|2024-08-13|2024-11-13|2025-03-31|2025-05-13|2025-08-07|2025-11-13|2026-03-12|2026-05-11|2026-08-13
ELVA,2026-10-05,2020-11-29|2021-02-09|2021-05-10|2021-08-09|2021-12-19|2022-02-14|2022-05-10|2022-08-11|2022-12-05|2023-02-13|2023-05-04|2023-08-14|2024-01-03|2024-02-13|2024-05-14|2024-08-13|2024-12-12|2025-02-13|2025-05-14|2025-08-13|2025-12-10|2026-02-12|2026-05-14|2026-08-10|2026-12-09
ELVN,2026-10-05,2023-05-11|2023-08-10|2023-11-09|2024-03-14|2024-05-14|2024-08-13|2024-11-13|2025-03-13|2025-05-14|2025-08-13|2025-11-12|2026-03-03|2026-05-07|2026-08-05|2026-11-11
EMA,2026-10-05,2020-11-13|2021-02-16|2021-05-12|2021-08-11|2021-11-10|2022-02-14|2022-05-13|2022-08-10|2022-11-11|2023-02-23|2023-05-12|2023-08-11|2023-11-10|2024-02-26|2024-05-13|2024-08-09|2024-11-08|2025-02-21|2025-05-07|2025-08-08|2025-11-07|2026-02-23|2026-05-08|2026-08-06|2026-11-06
EMG.L,2026-10-05,2012-03-01|2012-07-24|2026-07-28|2027-02-25
EML,2026-09-21,2010-10-28|2011-02-09|2011-04-27|2011-07-29|2011-10-26|2012-02-08|2012-04-25|2026-11-10
EMO,2026-08-17,FAILED
EMPD,2026-10-05,2022-03-23|2022-05-12|2022-08-15|2022-11-10|2023-03-07|2023-05-05|2023-08-11|2023-11-01|2026-05-08|2026-08-07|2026-11-06
ENB,2026-10-05,2020-11-06|2021-02-12|2021-05-07|2021-07-30|2021-11-05|2022-02-11|2022-05-06|2022-07-29|2022-11-04|2023-02-10|2023-05-05|2023-08-04|2023-11-03|2024-02-09|2024-05-10|2024-08-02|2024-11-01|2025-02-14|2025-05-09|2025-08-01|2025-11-07|2026-02-13|2026-05-08|2026-07-31|2026-11-06
ENJ,2026-10-05,FAILED
ENOG.L,2026-09-07,2026-09-09|2027-03-18
ENOV,2026-10-05,2020-10-29|2021-02-18|2021-04-29|2021-07-28|2021-11-04|2022-02-22|2022-05-10|2022-08-04|2022-11-02|2023-02-23|2023-05-04|2023-08-03|2023-11-07|2024-02-22|2024-05-02|2024-08-07|2024-11-06|2025-02-26|2025-05-08|2025-08-07|2025-11-06|2026-02-26|2026-05-07|2026-08-06|2026-11-05
ENQ.L,2026-10-05,2026-09-03|2027-03-25
ENT.L,2026-10-05,2026-08-13|2027-03-04
ENTX,2026-10-05,2020-11-19|2021-03-18|2021-05-20|2021-08-16|2021-11-10|2022-03-08|2022-05-12|2022-08-11|2022-11-10|2023-03-31|2023-05-05|2023-08-11|2023-11-14|2024-03-08|2024-05-10|2024-08-09|2024-11-08|2025-03-28|2025-05-09|2025-08-08|2025-11-14|2026-03-27|2026-05-08|2026-08-07|2026-11-13
ENVA,2026-09-21,2020-10-27|2021-02-04|2021-04-29|2021-07-29|2021-10-28|2022-02-03|2022-05-03|2022-07-28|2022-10-27|2023-02-01|2023-04-25|2023-07-25|2023-10-24|2024-01-30|2024-04-23|2024-07-23|2024-10-22|2025-02-04|2025-04-29|2025-07-24|2025-10-23|2026-01-27|2026-04-23|2026-07-23|2026-10-22
ENVB,2026-09-07,2021-08-06|2021-11-15|2022-03-31|2022-05-13|2022-08-12|2022-11-14|2023-03-31|2023-05-15|2023-08-11|2023-11-13|2024-03-26|2024-05-15|2024-08-12|2024-11-14|2025-03-28
ENVX,2026-10-05,2021-11-08|2022-03-03|2022-05-11|2022-08-10|2022-11-01|2023-02-22|2023-04-26|2023-07-26|2023-11-07|2024-02-20|2024-05-01|2024-07-31|2024-10-29|2025-02-19|2025-04-30|2025-07-31|2025-11-04|2026-02-25|2026-05-13|2026-08-12|2026-10-27
EOD,2026-08-17,FAILED
EOG,2026-10-05,2020-11-05|2021-02-25|2021-05-06|2021-08-04|2021-11-04|2022-02-24|2022-05-05|2022-08-04|2022-11-03|2023-02-23|2023-05-04|2023-08-03|2023-11-02|2024-02-22|2024-05-02|2024-08-01|2024-11-07|2025-02-27|2025-05-01|2025-08-07|2025-11-06|2026-02-24|2026-05-05|2026-08-04|2026-11-05
EOLS,2026-10-05,2020-10-29|2021-03-24|2021-05-12|2021-08-04|2021-11-02|2022-03-03|2022-05-10|2022-08-02|2022-11-08|2023-03-08|2023-05-09|2023-08-02|2023-11-07|2024-03-07|2024-05-07|2024-07-31|2024-11-06|2025-03-04|2025-05-07|2025-08-05|2025-11-05|2026-03-03|2026-05-04|2026-08-05|2026-11-04
EOSE,2026-10-05,2021-05-12|2021-08-11|2021-11-10|2022-02-25|2022-05-09|2022-08-01|2022-11-07|2023-02-28|2023-05-09|2023-08-14|2023-11-06|2024-03-04|2024-05-14|2024-08-06|2024-11-05|2025-03-04|2025-05-06|2025-07-30|2025-11-05|2026-02-26|2026-05-13|2026-08-05|2026-11-04
EOT,2026-10-05,FAILED
EP,2026-10-05,2026-11-12
EPC,2026-10-05,2020-11-12|2021-02-09|2021-05-06|2021-08-05|2021-11-11|2022-02-08|2022-05-10|2022-08-04|2022-11-10|2023-02-08|2023-05-09|2023-08-03|2023-11-09|2024-02-07|2024-05-08|2024-08-06|2024-11-07|2025-02-10|2025-05-07|2025-08-05|2025-11-13|2026-02-09|2026-05-06|2026-08-05|2026-11-12
EPOW,2026-10-05,2025-12-18
EPR,2026-10-05,2020-11-04|2021-02-24|2021-05-05|2021-07-27|2021-11-03|2022-02-22|2022-05-04|2022-08-01|2022-11-02|2023-02-22|2023-04-26|2023-08-02|2023-10-25|2024-02-28|2024-05-01|2024-07-31|2024-10-30|2025-02-26|2025-05-07|2025-07-30|2025-10-29|2026-02-25|2026-05-06|2026-07-29|2026-10-28
EPRT,2026-10-05,2020-11-04|2021-02-23|2021-05-03|2021-07-28|2021-11-01|2022-02-16|2022-04-27|2022-07-28|2022-10-27|2023-02-15|2023-04-26|2023-07-26|2023-10-25|2024-02-14|2024-04-24|2024-07-24|2024-10-23|2025-02-12|2025-04-23|2025-07-23|2025-10-22|2026-02-11|2026-04-22|2026-07-22|2026-10-21
EQ,2026-10-05,2021-03-24|2021-05-13|2021-08-10|2021-11-10|2022-03-23|2022-05-12|2022-08-15|2022-11-14|2023-03-23|2023-05-11|2023-08-09|2023-11-08|2024-03-25|2024-05-09|2024-08-08|2024-11-13|2025-03-27|2025-05-14|2025-08-14|2025-11-13|2026-03-25|2026-05-13|2026-08-13|2026-11-12
EQH,2026-10-05,2020-11-04|2021-02-23|2021-05-05|2021-08-04|2021-11-03|2022-02-10|2022-05-09|2022-08-03|2022-11-02|2023-02-08|2023-05-03|2023-08-02|2023-10-31|2024-02-06|2024-04-30|2024-07-30|2024-11-04|2025-02-05|2025-04-29|2025-08-05|2025-11-04|2026-02-04|2026-05-04|2026-08-04|2026-11-02
EQNR,2026-10-05,2016-02-04|2016-04-27|2016-07-27|2016-10-27|2017-02-07|2017-05-04|2017-07-27|2017-10-26|2018-02-07|2018-04-25|2018-10-25|2019-02-06|2019-05-03|2020-05-07|2021-10-27|2022-02-09|2023-05-04|2023-07-26|2023-10-27|2024-02-07|2024-04-25|2026-02-04|2026-05-05|2026-07-21|2026-10-28
EQS,2026-08-31,FAILED
EQT,2026-09-28,2020-10-22|2021-02-17|2021-05-05|2021-07-28|2021-10-27|2022-02-09|2022-04-27|2022-07-27|2022-10-26|2023-02-15|2023-04-26|2023-07-25|2023-10-25|2024-02-13|2024-04-23|2024-07-23|2024-10-29|2025-02-18|2025-04-22|2025-07-22|2025-10-21|2026-02-17|2026-04-21|2026-07-21|2026-10-20
EQX,2026-10-05,2020-11-09|2021-03-03|2021-05-05|2021-08-04|2021-11-03|2022-02-24|2022-05-02|2022-08-03|2022-11-02|2023-02-21|2023-05-01|2023-08-03|2023-10-30|2024-02-22|2024-05-07|2024-08-08|2024-11-06|2025-02-18|2025-05-06|2025-08-13|2025-11-06|2026-02-17|2026-05-07|2026-08-05|2026-11-09
ERII,2026-10-05,2020-10-30|2021-03-11|2021-05-07|2021-08-05|2021-11-04|2022-02-24|2022-05-04|2022-08-03|2022-11-02|2023-02-22|2023-05-03|2023-08-02|2023-11-01|2024-02-21|2024-05-01|2024-07-31|2024-10-30|2025-02-26|2025-05-07|2025-08-06|2025-11-05|2026-02-25|2026-05-06|2026-08-05|2026-11-04
ERNA,2026-10-05,2021-11-12|2022-04-15|2022-07-01|2022-08-11|2022-11-14|2026-05-11|2026-08-06
ES,2026-10-05,2020-11-03|2021-02-16|2021-05-10|2021-07-29|2021-11-02|2022-02-16|2022-05-04|2022-07-28|2022-11-02|2023-02-13|2023-05-03|2023-07-31|2023-11-06|2024-02-13|2024-05-01|2024-07-31|2024-11-04|2025-02-11|2025-05-01|2025-07-31|2025-11-04|2026-02-12|2026-05-06|2026-07-30|2026-11-04
ESAB,2026-10-05,2022-08-09|2022-11-03|2023-03-07|2023-05-02|2023-08-01|2023-11-01|2024-02-29|2024-05-01|2024-08-02|2024-10-29|2025-02-20|2025-05-01|2025-08-06|2025-10-29|2026-02-20|2026-05-07|2026-08-06|2026-11-04
ESCA,2026-10-05,2018-02-27|2018-04-19|2018-08-14|2018-11-01|2019-02-20|2019-04-18|2020-10-29|2021-02-18|2021-04-15|2021-08-05|2021-10-28|2022-02-17|2022-04-14|2022-08-04|2022-10-27|2023-02-22|2023-05-09|2023-07-27|2023-10-26|2024-03-29|2025-10-30|2026-02-27|2026-04-30|2026-07-30|2026-10-29
ESEA,2026-10-05,2020-11-19|2021-02-24|2021-05-25|2021-08-11|2021-11-16|2022-02-15|2022-05-23|2022-08-10|2022-11-14|2023-02-15|2023-05-16|2023-08-09|2023-11-09|2024-02-21|2024-05-23|2024-08-06|2024-11-20|2025-02-27|2025-06-18|2025-08-13|2025-11-18|2026-02-25|2026-05-21|2026-08-13|2026-11-17
ESLT,2026-10-05,2020-11-24|2021-03-24|2021-05-25|2021-08-12|2021-11-23|2022-03-29|2022-05-24|2022-08-16|2022-11-29|2023-03-28|2023-05-30|2023-08-15|2023-11-28|2024-03-26|2024-05-28|2024-08-14|2024-11-19|2025-03-18|2025-04-29|2025-08-13|2025-11-18|2026-03-17|2026-05-26|2026-08-11|2026-11-24
ESNT,2026-10-05,2020-11-06|2021-02-19|2021-05-07|2021-08-06|2021-11-05|2022-02-11|2022-05-06|2022-08-05|2022-11-04|2023-02-10|2023-05-05|2023-08-04|2023-11-02|2024-02-09|2024-05-03|2024-08-02|2024-11-01|2025-02-14|2025-05-09|2025-08-08|2025-11-07|2026-02-13|2026-05-08|2026-08-07|2026-11-06
ESOA,2026-10-05,2020-02-13|2020-05-14|2020-08-14|2020-12-11|2021-02-16|2021-05-12|2021-08-16|2023-02-13|2023-05-31|2023-08-14|2023-12-18|2024-02-12|2024-05-08|2024-08-12|2024-12-16|2025-02-10|2025-05-12|2025-08-11|2025-12-09|2026-02-09|2026-05-11|2026-08-10|2026-11-23
ESRT,2026-10-05,2018-02-21|2018-04-25|2018-07-25|2018-10-31|2019-02-20|2019-04-24|2019-07-24|2019-10-23|2020-02-19|2020-04-22|2020-07-29|2020-10-28|2021-02-17|2021-04-28|2021-07-28|2022-02-16|2022-04-27|2022-07-27|2023-04-26|2023-07-26|2023-10-25|2024-02-20|2024-04-24|2024-07-24|2026-11-02
ESTA,2026-09-14,2020-11-09|2021-03-10|2021-05-05|2021-07-29|2021-11-09|2022-03-01|2022-05-09|2022-08-08|2022-11-07|2023-02-27|2023-05-08|2023-08-08|2023-11-07|2024-02-28|2024-05-08|2024-08-06|2024-11-07|2025-02-26|2025-05-07|2025-08-07|2025-11-05|2026-02-24|2026-05-06|2026-08-06|2026-11-04
ESTC,2026-10-05,2020-12-02|2021-02-24|2021-06-02|2021-08-25|2021-12-01|2022-03-03|2022-06-01|2022-08-25|2022-11-30|2023-03-02|2023-06-01|2023-08-31|2023-11-30|2024-02-29|2024-05-30|2024-08-29|2024-11-21|2025-02-27|2025-05-29|2025-08-28|2025-11-20|2026-02-26|2026-05-28|2026-08-27|2026-11-19
ETD,2026-10-05,2020-10-29|2021-01-28|2021-04-29|2021-08-09|2021-10-27|2022-01-27|2022-04-28|2022-08-03|2022-10-26|2023-01-25|2023-04-26|2023-08-02|2023-10-25|2024-01-24|2024-04-24|2024-07-31|2024-10-30|2025-01-29|2025-05-05|2025-07-30|2025-10-29|2026-01-28|2026-04-29|2026-07-29|2026-10-28
ETN,2026-10-05,2020-11-03|2021-02-02|2021-05-04|2021-08-03|2021-11-02|2022-02-04|2022-05-03|2022-08-02|2022-11-01|2023-02-08|2023-05-02|2023-08-01|2023-10-31|2024-02-01|2024-04-30|2024-08-01|2024-10-31|2025-01-31|2025-05-02|2025-08-05|2025-11-04|2026-02-03|2026-05-05|2026-07-31|2026-11-03
ETO,2026-10-05,FAILED
ETSY,2026-09-28,2020-10-28|2021-02-25|2021-05-05|2021-08-04|2021-11-03|2022-02-24|2022-05-04|2022-07-27|2022-11-02|2023-02-22|2023-05-03|2023-08-02|2023-11-01|2024-02-21|2024-05-01|2024-07-31|2024-10-30|2025-02-19|2025-04-30|2025-07-30|2025-10-29|2026-02-19|2026-04-29|2026-08-05|2026-11-04
EVCM,2026-10-05,2021-08-09|2021-11-08|2022-03-14|2022-05-09|2022-08-08|2022-11-10|2023-03-15|2023-05-09|2023-08-07|2023-11-06|2024-03-14|2024-05-09|2024-08-06|2024-11-12|2025-03-13|2025-05-08|2025-08-06|2025-11-06|2026-03-12|2026-05-07|2026-08-05|2026-11-05
EVEX,2026-10-05,2022-08-04|2022-12-23|2023-04-19|2023-05-09|2023-08-08|2023-11-07|2024-03-08|2024-05-07|2024-08-06|2024-11-04|2025-03-11|2025-05-12|2025-08-06|2025-11-03|2026-03-16|2026-05-05|2026-08-04|2026-11-05
EVGO,2026-10-05,2021-08-11|2021-11-12|2022-03-23|2022-05-11|2022-08-09|2022-11-02|2023-03-30|2023-05-09|2023-08-02|2023-11-08|2024-03-06|2024-05-07|2024-08-01|2024-11-12|2025-03-04|2025-05-06|2025-08-05|2025-11-09|2026-03-03|2026-05-05|2026-08-05|2026-11-09
EVH,2026-09-21,2020-11-05|2021-02-25|2021-05-05|2021-08-04|2021-11-03|2022-02-23|2022-05-04|2022-08-02|2022-11-02|2023-02-22|2023-05-03|2023-08-02|2023-11-02|2024-02-22|2024-05-09|2024-08-08|2024-11-07|2025-02-20|2025-05-08|2025-08-07|2025-11-06|2026-02-24|2026-05-07|2026-08-06|2026-11-05
EVLV,2026-10-05,2021-08-16|2021-11-10|2022-03-14|2022-05-11|2022-08-10|2022-11-09|2023-03-01|2023-05-10|2023-08-10|2023-11-09|2024-02-29|2024-05-09|2024-08-08|2025-04-28|2025-05-20|2025-08-14|2025-11-13|2026-03-10|2026-08-11|2026-11-10
EVN,2026-10-05,FAILED
EVR,2026-10-05,2020-10-21|2021-02-03|2021-04-28|2021-07-28|2021-10-27|2022-02-02|2022-04-27|2022-07-27|2022-10-26|2023-02-01|2023-04-26|2023-07-26|2023-10-25|2024-01-31|2024-04-24|2024-07-24|2024-10-23|2025-02-05|2025-04-30|2025-07-30|2025-10-29|2026-02-04|2026-04-29|2026-07-29|2026-10-28
EVRG,2026-09-21,2020-11-05|2021-02-26|2021-05-06|2021-08-05|2021-11-03|2022-02-25|2022-05-05|2022-08-04|2022-11-04|2023-02-24|2023-05-05|2023-08-04|2023-11-07|2024-02-29|2024-05-09|2024-08-09|2024-11-07|2025-02-27|2025-05-08|2025-08-07|2025-11-06|2026-02-19|2026-05-07|2026-08-06|2026-11-05
EW,2026-09-21,2020-10-21|2021-01-27|2021-04-20|2021-07-29|2021-10-27|2022-01-26|2022-04-26|2022-07-28|2022-10-27|2023-01-31|2023-04-26|2023-07-26|2023-10-25|2024-02-06|2024-04-25|2024-07-24|2024-10-24|2025-02-11|2025-04-23|2025-07-24|2025-10-30|2026-02-10|2026-04-23|2026-07-23|2026-10-29
EWBC,2026-10-05,2020-10-22|2021-01-28|2021-04-22|2021-07-22|2021-10-21|2022-01-27|2022-04-21|2022-07-21|2022-10-20|2023-01-26|2023-04-20|2023-07-20|2023-10-19|2024-01-23|2024-04-23|2024-07-23|2024-10-22|2025-01-23|2025-04-22|2025-07-22|2025-10-21|2026-01-22|2026-04-21|2026-07-21|2026-10-20
EWG.L,2026-10-05,2026-09-09
EXC,2026-10-05,2020-11-03|2021-02-24|2021-05-05|2021-08-04|2021-11-03|2022-02-25|2022-05-09|2022-08-03|2022-11-03|2023-02-14|2023-05-03|2023-08-02|2023-11-02|2024-02-21|2024-05-02|2024-08-01|2024-10-30|2025-02-12|2025-05-01|2025-07-31|2025-11-04|2026-02-12|2026-05-06|2026-07-30|2026-10-30
EXFY,2026-09-28,2021-12-16|2022-03-30|2022-05-12|2022-08-11|2022-11-10|2023-02-23|2023-05-09|2023-08-08|2023-11-07|2024-02-22|2024-05-09|2024-08-08|2024-11-07|2025-02-27|2025-05-08|2025-08-07|2025-11-06|2026-02-26|2026-05-07|2026-08-06|2026-11-05
EXLS,2026-09-07,2020-10-29|2021-02-25|2021-04-29|2021-07-29|2021-11-02|2022-02-24|2022-04-28|2022-07-28|2022-10-27|2023-02-23|2023-04-27|2023-07-27|2023-10-26|2024-02-29|2024-05-02|2024-08-01|2024-10-29|2025-02-25|2025-04-29|2025-07-29|2025-10-28|2026-02-24|2026-04-28|2026-07-28|2026-10-27
EXOD,2026-09-21,2025-03-06|2025-05-12|2025-08-11|2025-11-10|2026-03-11|2026-05-11|2026-08-11|2026-11-09
EXOZ,2026-10-05,FAILED
EXP,2026-10-05,2020-10-29|2021-01-28|2021-05-19|2021-07-28|2021-10-28|2022-01-27|2022-05-19|2022-07-28|2022-10-26|2023-01-26|2023-05-18|2023-07-27|2023-10-26|2024-01-25|2024-05-21|2024-07-30|2024-10-29|2025-01-29|2025-05-20|2025-07-29|2025-10-30|2026-01-29|2026-05-19|2026-07-29|2026-10-29
EXPE,2026-10-05,2020-11-04|2021-02-11|2021-05-06|2021-08-05|2021-11-04|2022-02-10|2022-05-02|2022-08-04|2022-11-03|2023-02-09|2023-05-04|2023-08-03|2023-11-02|2024-02-08|2024-05-02|2024-08-08|2024-11-07|2025-02-06|2025-05-08|2025-08-07|2025-11-06|2026-02-12|2026-05-07|2026-08-05|2026-11-04
EYPT,2026-10-05,2020-11-05|2021-03-04|2021-05-05|2021-08-04|2021-11-03|2022-03-03|2022-05-04|2022-08-03|2022-11-02|2023-03-02|2023-05-03|2023-08-02|2023-11-01|2024-03-07|2024-05-08|2024-08-07|2024-11-07|2025-03-05|2025-05-07|2025-08-06|2025-11-05|2026-03-04|2026-05-06|2026-08-05|2026-11-04
EZJ.L,2026-09-28,2026-11-24
FA,2026-10-05,2021-08-12|2021-11-08|2022-03-23|2022-05-11|2022-08-04|2022-11-08|2023-02-28|2023-05-10|2023-08-09|2023-11-09|2024-02-29|2024-05-09|2024-08-08|2024-11-12|2025-02-27|2025-05-08|2025-08-07|2025-11-06|2026-02-26|2026-05-07|2026-08-06|2026-11-05
FAF,2026-10-05,2020-10-22|2021-02-11|2021-04-22|2021-07-22|2021-10-21|2022-02-10|2022-04-28|2022-07-28|2022-10-27|2023-02-09|2023-04-27|2023-07-27|2023-10-26|2024-02-07|2024-04-24|2024-07-24|2024-10-23|2025-02-12|2025-04-23|2025-07-23|2025-10-22|2026-02-11|2026-04-22|2026-07-22|2026-10-21
FAST,2026-10-05,2020-10-13|2021-01-20|2021-04-13|2021-07-13|2021-10-12|2022-01-19|2022-04-13|2022-07-13|2022-10-13|2023-01-19|2023-04-13|2023-07-13|2023-10-12|2024-01-18|2024-04-11|2024-07-12|2024-10-11|2025-01-17|2025-04-11|2025-07-14|2025-10-13|2026-01-20|2026-04-13|2026-07-14|2026-10-14
FBIO,2026-10-05,2020-11-09|2021-03-31|2021-05-16|2021-08-16|2021-11-15|2022-03-28|2022-05-12|2022-08-11|2022-11-14|2023-03-30|2023-05-15|2023-08-14|2023-11-14|2024-03-28|2024-05-15|2024-08-13|2024-11-14|2025-03-31|2025-05-15|2025-08-13|2025-08-14|2025-11-14|2026-03-31|2026-05-14|2026-08-13
FBIZ,2026-09-14,2020-10-22|2021-01-28|2021-04-29|2021-07-29|2021-10-28|2022-01-27|2022-04-28|2022-07-28|2022-10-27|2023-01-26|2023-04-27|2023-07-27|2023-10-26|2024-01-25|2024-04-25|2024-07-25|2024-10-24|2025-01-30|2025-04-24|2025-07-24|2025-10-30|2026-01-29|2026-04-23|2026-07-30|2026-10-29
FBLA,2026-09-14,2026-10-29
FBLG,2026-09-07,2024-08-07|2024-11-12|2025-03-31|2025-05-14|2025-07-31|2025-08-14|2025-10-31|2026-02-24|2026-04-30|2026-07-31
FBNC,2026-09-21,2020-10-26|2021-01-27|2021-04-27|2021-07-27|2021-10-26|2022-01-26|2022-04-27|2022-07-27|2022-10-26|2023-01-24|2023-04-26|2023-07-26|2023-10-25|2024-01-24|2024-04-24|2024-07-24|2024-10-23|2025-01-29|2025-04-23|2025-07-23|2025-10-22|2026-01-21|2026-04-22|2026-07-22|2026-10-21
FBRT,2026-10-05,2022-05-04|2022-07-29|2022-11-09|2023-02-22|2023-05-03|2023-07-31|2023-10-30|2024-02-14|2024-04-29|2024-07-31|2024-11-04|2025-02-13|2025-04-28|2025-07-30|2025-10-29|2026-02-11|2026-04-29|2026-07-29|2026-10-28
FCBC,2026-09-14,2019-10-22|2020-10-27|2021-01-26|2021-04-27|2021-07-28|2021-10-26|2022-01-26|2022-04-26|2022-10-25|2023-01-24|2023-04-25|2023-07-25|2023-10-24|2024-01-23|2024-04-23|2024-07-23|2024-10-22|2025-01-28|2025-04-22|2025-07-22|2025-10-28|2026-01-27|2026-04-28|2026-07-20|2026-10-27
FCCO,2026-09-14,2020-10-21|2021-01-20|2021-04-21|2021-07-21|2021-10-20|2022-01-19|2022-04-20|2022-07-20|2022-10-19|2023-01-18|2023-04-19|2023-07-19|2023-10-18|2024-01-24|2024-04-17|2024-07-17|2024-10-16|2025-01-22|2025-04-23|2025-07-23|2025-10-22|2026-01-28|2026-04-22|2026-07-22|2026-10-21
FCF,2026-09-14,2020-10-27|2021-01-26|2021-04-27|2021-07-27|2021-10-26|2022-01-25|2022-04-26|2022-07-26|2022-10-25|2023-01-24|2023-04-25|2023-07-25|2023-10-24|2024-01-30|2024-04-23|2024-07-23|2024-10-29|2025-01-28|2025-04-29|2025-07-29|2025-10-28|2026-01-27|2026-04-28|2026-07-28|2026-10-27
FCH.L,2026-10-05,2026-09-08|2027-03-04
FCN,2026-10-05,2020-10-29|2021-02-25|2021-04-29|2021-07-29|2021-10-28|2022-02-24|2022-04-28|2022-07-28|2022-10-27|2023-02-23|2023-04-27|2023-07-27|2023-10-26|2024-02-22|2024-04-25|2024-07-25|2024-10-24|2025-02-20|2025-04-24|2025-07-24|2025-10-23|2026-02-26|2026-04-30|2026-07-30|2026-10-29
FCNCA,2026-10-05,2015-02-25|2015-05-07|2021-04-28|2021-08-03|2021-10-27|2022-01-26|2022-04-28|2022-07-28|2022-10-27|2023-01-26|2023-05-10|2023-08-03|2023-10-26|2024-01-26|2024-04-25|2024-07-25|2024-10-24|2025-01-24|2025-04-24|2025-07-25|2025-10-23|2026-01-23|2026-04-23|2026-07-23|2026-10-23
FCPT,2026-10-05,2020-10-27|2021-02-17|2021-04-27|2021-08-04|2021-10-26|2022-02-16|2022-04-26|2022-07-26|2022-11-01|2023-02-15|2023-05-01|2023-08-01|2023-11-01|2024-02-14|2024-05-01|2024-07-30|2024-10-30|2025-02-12|2025-04-30|2025-07-29|2025-10-28|2026-02-11|2026-04-29|2026-07-29|2026-10-28
FCSS.L,2026-09-14,FAILED
FCX,2026-10-05,2020-10-22|2021-01-26|2021-04-22|2021-07-22|2021-10-21|2022-01-26|2022-04-21|2022-07-21|2022-10-20|2023-01-25|2023-04-21|2023-07-20|2023-10-19|2024-01-24|2024-04-23|2024-07-23|2024-10-22|2025-01-23|2025-04-24|2025-07-23|2025-10-23|2026-01-22|2026-04-23|2026-07-23|2026-10-27
FDBC,2026-09-21,2026-10-21
FDS,2026-10-05,2020-12-21|2021-03-30|2021-06-29|2021-09-28|2021-12-21|2022-03-24|2022-06-23|2022-09-22|2022-12-20|2023-03-23|2023-06-22|2023-09-21|2023-12-19|2024-03-21|2024-06-21|2024-09-19|2024-12-19|2025-03-20|2025-06-23|2025-09-18|2025-12-18|2026-03-31|2026-07-01|2026-09-30|2026-12-17
FDSB,2026-09-21,FAILED
FE,2026-10-05,2020-11-02|2021-02-18|2021-04-22|2021-07-22|2021-10-28|2022-02-10|2022-04-21|2022-07-26|2022-10-25|2023-02-13|2023-04-27|2023-08-01|2023-10-26|2024-02-08|2024-04-25|2024-07-30|2024-10-29|2025-02-26|2025-04-23|2025-07-30|2025-10-22|2026-02-17|2026-04-28|2026-07-28|2026-10-27
FEAM,2026-10-05,2022-09-28|2022-11-10|2023-02-09|2023-05-11|2023-08-30|2023-11-09|2024-02-14|2024-04-29|2024-09-09|2024-11-13|2025-02-13|2025-05-15|2025-09-29|2025-11-13|2026-02-12|2026-02-17|2026-09-17
FEIM,2026-10-05,2011-03-09|2011-07-13|2011-09-13|2011-12-12|2012-03-07|2012-12-12|2013-07-18|2013-09-12|2013-12-11|2014-03-10|2014-07-10|2014-09-10|2014-12-10|2015-03-11|2025-07-10|2025-09-11|2025-12-11|2026-03-11|2026-07-15|2026-09-10|2026-12-10
FER,2026-10-05,2026-10-27
FET,2026-10-05,2018-10-29|2019-02-07|2019-04-25|2019-07-25|2019-10-24|2020-02-12|2020-05-08|2020-08-06|2020-11-06|2021-02-23|2021-05-07|2021-08-06|2021-11-04|2022-02-28|2024-05-02|2024-08-01|2024-10-31|2025-02-20|2025-05-01|2025-08-07|2025-10-30|2026-02-19|2026-04-30|2026-07-30|2026-10-29
FF,2026-10-05,2011-11-09|2012-03-15|2012-05-09|2012-08-09|2012-11-08|2013-03-18|2013-05-07|2013-08-08|2013-11-07|2014-03-17|2014-05-08|2014-08-07|2014-11-06|2015-03-12|2015-05-11|2015-08-10|2015-11-09|2016-03-10|2016-05-10|2016-08-09|2016-11-09|2026-11-09
FFAI,2026-10-05,2022-05-06|2022-05-13|2022-05-23|2022-08-15|2022-11-21|2023-03-08|2023-05-12|2023-08-21|2023-11-13|2025-11-21|2026-03-31|2026-05-14|2026-08-13|2026-11-12
FFBC,2026-09-21,2020-10-22|2021-01-28|2021-04-22|2021-07-22|2021-10-21|2022-01-27|2022-04-21|2022-07-21|2022-10-20|2023-01-26|2023-04-20|2023-07-20|2023-10-24|2024-01-25|2024-04-25|2024-07-25|2024-10-24|2025-01-23|2025-04-24|2025-07-24|2025-10-23|2026-01-28|2026-04-23|2026-07-20|2026-10-22
FFIN,2026-09-14,2020-10-22|2021-01-28|2021-04-22|2021-07-22|2021-10-21|2022-01-27|2022-04-21|2022-07-21|2022-10-20|2023-01-19|2023-04-20|2023-07-20|2023-10-19|2024-01-25|2024-04-18|2024-07-18|2024-10-17|2025-01-23|2025-04-17|2025-07-17|2025-10-23|2026-01-22|2026-04-16|2026-07-16|2026-10-22
FFIV,2026-10-05,2020-10-26|2021-01-26|2021-04-27|2021-07-26|2021-10-26|2022-01-25|2022-04-26|2022-07-25|2022-10-25|2023-01-24|2023-04-19|2023-07-24|2023-10-24|2024-01-29|2024-04-29|2024-07-29|2024-10-28|2025-01-28|2025-04-28|2025-07-30|2025-10-27|2026-01-27|2026-04-28|2026-07-27|2026-10-27
FFR,2026-10-05,2021-05-14|2021-08-16|2021-11-15|2022-03-31|2022-05-13|2022-08-15|2022-11-14|2023-05-02|2023-05-15|2023-08-14|2023-11-14|2024-04-08
FG,2026-10-05,2023-02-22|2023-05-03|2023-08-08|2023-11-07|2024-02-21|2024-05-08|2024-08-05|2024-11-06|2025-02-20|2025-05-07|2025-08-06|2025-11-05|2026-02-19|2026-05-06|2026-08-04|2026-11-05
FGL,2026-09-14,FAILED
FHB,2026-09-21,2020-10-23|2021-01-22|2021-04-23|2021-07-23|2021-10-22|2022-01-21|2022-04-22|2022-07-29|2022-10-28|2023-01-27|2023-04-28|2023-07-28|2023-10-27|2024-01-26|2024-04-26|2024-07-26|2024-10-25|2025-01-31|2025-04-23|2025-07-25|2025-10-24|2026-01-30|2026-04-24|2026-07-24|2026-10-23
FHI,2026-09-07,2020-10-29|2021-01-28|2021-04-29|2021-07-29|2021-10-28|2022-01-27|2022-04-28|2022-07-28|2022-10-27|2023-01-26|2023-04-27|2023-07-27|2023-10-26|2024-01-25|2024-04-25|2024-07-25|2024-10-24|2025-01-30|2025-04-24|2025-07-31|2025-10-30|2026-01-29|2026-04-30|2026-07-30|2026-10-29
FHTX,2026-10-05,2020-12-04|2021-03-18|2021-05-11|2021-08-10|2021-11-09|2022-03-10|2022-05-09|2022-08-09|2022-11-08|2023-03-09|2023-05-08|2023-08-04|2023-11-02|2024-03-07|2024-05-06|2024-08-08|2024-11-04|2025-03-06|2025-05-14|2025-08-05|2025-11-05|2026-03-11|2026-05-07|2026-08-06|2026-11-05
FIBK,2026-09-21,2020-10-26|2021-01-28|2021-04-27|2021-07-27|2021-10-26|2022-01-27|2022-04-28|2022-07-26|2022-10-25|2023-01-26|2023-04-26|2023-07-26|2023-10-25|2024-01-30|2024-04-24|2024-07-25|2024-10-24|2025-01-29|2025-04-29|2025-07-29|2025-10-29|2026-01-28|2026-04-29|2026-07-23|2026-10-28
FICO,2026-10-05,2020-11-10|2021-01-28|2021-05-05|2021-08-03|2021-11-10|2022-01-27|2022-04-27|2022-08-03|2022-11-09|2023-01-26|2023-04-27|2023-08-02|2023-11-08|2024-01-25|2024-04-25|2024-07-31|2024-11-06|2025-02-04|2025-04-29|2025-07-30|2025-11-05|2026-01-28|2026-04-28|2026-07-29|2026-11-04
FIGS,2026-10-05,2021-08-12|2021-11-10|2022-03-08|2022-05-12|2022-08-04|2022-11-10|2023-02-28|2023-05-04|2023-08-03|2023-11-02|2024-02-28|2024-05-09|2024-08-08|2024-11-07|2025-02-27|2025-05-08|2025-08-07|2025-11-06|2026-02-26|2026-05-07|2026-08-06|2026-11-05
FINW,2026-10-05,2022-02-23|2022-04-28|2022-07-27|2022-10-26|2023-01-25|2023-04-27|2023-07-27|2023-10-26|2024-01-29|2024-04-29|2024-07-25|2024-10-24|2025-01-30|2025-04-30|2025-07-24|2025-10-29|2026-01-29|2026-04-30|2026-07-29|2026-10-28
FIP,2026-10-05,2022-11-01|2023-03-01|2023-05-02|2023-07-25|2023-10-26|2024-02-29|2024-05-07|2024-08-02|2024-10-30|2025-02-27|2025-05-08|2025-08-07|2025-10-30|2026-02-26|2026-05-07|2026-08-05|2026-10-29
FIS,2026-10-05,2020-10-29|2021-02-09|2021-05-06|2021-08-03|2021-11-04|2022-02-15|2022-05-03|2022-08-04|2022-11-03|2023-02-13|2023-04-27|2023-08-02|2023-11-07|2024-02-26|2024-05-06|2024-08-06|2024-11-04|2025-02-11|2025-05-06|2025-08-05|2025-11-05|2026-02-24|2026-05-08|2026-08-04|2026-11-04
FISV,2026-10-05,2020-10-27|2021-02-09|2021-04-27|2021-07-27|2021-10-27|2022-02-08|2022-04-27|2022-07-26|2022-10-27|2023-02-07|2023-04-25|2023-07-26|2023-10-24|2024-02-06|2024-04-23|2024-07-24|2024-10-22|2025-02-05|2025-04-24|2025-07-23|2025-10-29|2026-02-10|2026-05-05|2026-08-06|2026-11-03
FITB,2026-09-21,2020-10-22|2021-01-21|2021-04-20|2021-07-22|2021-10-19|2022-01-20|2022-04-19|2022-07-21|2022-10-20|2023-01-19|2023-04-20|2023-07-20|2023-10-19|2024-01-19|2024-04-19|2024-07-19|2024-10-18|2025-01-21|2025-04-17|2025-07-17|2025-10-17|2026-01-20|2026-04-17|2026-07-17|2026-10-19
FIVN,2026-10-05,2020-10-29|2021-02-22|2021-04-29|2021-07-27|2021-11-08|2022-02-23|2022-04-28|2022-07-28|2022-11-07|2023-02-22|2023-05-04|2023-08-07|2023-11-02|2024-02-21|2024-05-02|2024-08-08|2024-11-07|2025-02-20|2025-05-01|2025-07-31|2025-11-06|2026-02-19|2026-04-30|2026-08-06|2026-11-09
FLG,2026-10-05,2020-10-28|2021-01-27|2021-04-26|2021-07-28|2021-10-27|2022-01-26|2022-04-27|2022-07-27|2022-10-26|2023-01-31|2023-04-28|2023-07-27|2023-10-26|2024-01-31|2024-05-01|2024-07-25|2024-10-25|2025-01-30|2025-04-25|2025-07-25|2025-10-24|2026-01-30|2026-04-24|2026-07-24|2026-10-23
FLL,2026-10-05,2020-11-05|2021-03-08|2021-05-10|2021-08-10|2021-11-08|2022-03-08|2022-05-09|2022-08-02|2022-11-07|2023-03-07|2023-05-08|2023-08-08|2023-11-08|2024-03-05|2024-05-08|2024-08-06|2024-11-06|2025-03-06|2025-05-08|2025-08-07|2025-11-06|2026-03-05|2026-05-07|2026-08-06|2026-11-05
FLNC,2026-10-05,2021-12-08|2022-02-09|2022-05-11|2022-08-15|2022-12-12|2023-02-08|2023-05-10|2023-08-09|2023-11-28|2024-02-07|2024-05-08|2024-08-07|2024-11-25|2025-02-10|2025-05-07|2025-08-11|2025-11-24|2026-02-04|2026-05-06|2026-08-05|2026-11-23
FLO,2026-10-05,2020-11-05|2021-02-11|2021-05-20|2021-08-12|2021-11-11|2022-02-10|2022-05-19|2022-08-11|2022-11-10|2023-02-09|2023-05-18|2023-08-10|2023-11-09|2024-02-08|2024-05-16|2024-08-16|2024-11-08|2025-02-07|2025-05-16|2025-08-15|2025-11-06|2026-02-12|2026-05-21|2026-08-20|2026-11-05
FLR,2026-10-05,2020-12-10|2021-02-26|2021-05-07|2021-08-06|2021-11-05|2022-02-22|2022-05-06|2022-08-05|2022-11-04|2023-02-21|2023-05-05|2023-08-04|2023-11-03|2024-02-20|2024-05-03|2024-08-02|2024-11-08|2025-02-18|2025-05-02|2025-08-01|2025-11-07|2026-02-17|2026-05-08|2026-08-07|2026-11-06
FLUT,2026-10-05,2024-05-14|2024-08-13|2024-11-12|2025-03-04|2025-05-07|2025-08-07|2025-11-12|2026-02-26|2026-05-06|2026-08-05|2026-11-04
FLWS,2026-10-05,2020-10-29|2021-01-28|2021-04-29|2021-08-26|2021-10-28|2022-01-27|2022-04-28|2022-09-01|2022-11-03|2023-02-02|2023-05-11|2023-08-31|2023-11-02|2024-02-01|2024-05-02|2024-08-29|2024-10-31|2025-01-30|2025-05-08|2025-09-04|2025-10-30|2026-01-29|2026-05-07|2026-09-10|2026-11-05
FLXS,2026-09-14,2015-04-20|2015-08-18|2015-10-19|2016-02-04|2016-04-19|2017-04-26|2022-04-25|2022-08-22|2022-10-24|2023-02-06|2023-05-01|2023-08-21|2023-10-31|2024-02-05|2024-04-29|2024-08-19|2024-10-21|2025-02-03|2025-04-21|2025-08-18|2025-10-20|2026-02-02|2026-04-20|2026-08-17|2026-10-19
FLYX,2026-10-05,2024-05-01|2024-08-12|2024-08-14|2024-11-14|2025-03-24|2025-05-13|2025-11-12|2026-03-05|2026-05-11|2026-08-12|2026-11-12
FMAO,2026-09-14,2020-10-21|2021-02-10|2021-04-21|2021-07-21|2021-10-20|2022-02-14|2022-04-20|2022-07-21|2022-10-19|2023-02-08|2023-04-19|2023-07-26|2023-10-26|2024-02-13|2024-05-01|2024-08-01|2024-10-30|2025-02-12|2025-04-28|2025-07-28|2025-10-27|2026-02-12|2026-04-22|2026-07-27|2026-10-26
FMC,2026-10-05,2020-11-02|2021-02-09|2021-05-05|2021-08-03|2021-11-02|2022-02-08|2022-05-02|2022-08-02|2022-11-01|2023-02-07|2023-05-01|2023-08-02|2023-10-30|2024-02-05|2024-05-06|2024-07-31|2024-10-29|2025-02-04|2025-04-30|2025-07-30|2025-10-29|2026-02-04|2026-04-29|2026-07-29|2026-10-29
FMNB,2026-09-14,2020-10-28|2021-01-28|2021-04-28|2021-07-28|2021-10-27|2022-01-27|2022-04-27|2022-07-27|2022-10-26|2023-01-25|2023-04-26|2023-07-26|2023-10-25|2024-01-24|2024-04-24|2024-07-24|2024-10-23|2025-01-29|2025-04-16|2025-07-23|2025-10-22|2026-01-28|2026-04-22|2026-07-22|2026-10-21
FMST,2026-08-24,2024-06-29
FNB,2026-09-14,2020-10-19|2021-01-19|2021-04-19|2021-07-19|2021-10-18|2022-01-19|2022-04-18|2022-07-20|2022-10-18|2023-01-23|2023-04-19|2023-07-19|2023-10-18|2024-01-18|2024-04-17|2024-07-17|2024-10-17|2025-01-22|2025-04-16|2025-07-17|2025-10-16|2026-01-20|2026-04-16|2026-07-16|2026-10-15
FNF,2026-10-05,2020-11-04|2021-02-24|2021-05-06|2021-08-03|2021-11-02|2022-02-23|2022-05-10|2022-08-02|2022-11-08|2023-02-22|2023-05-03|2023-08-08|2023-11-07|2024-02-21|2024-05-08|2024-08-05|2024-11-06|2025-02-20|2025-05-07|2025-08-06|2025-11-06|2026-02-19|2026-05-06|2026-08-05|2026-11-05
FNGD,2026-08-17,FAILED
FNKO,2026-10-05,2020-11-05|2021-03-11|2021-05-06|2021-08-05|2021-11-04|2022-03-03|2022-05-05|2022-08-04|2022-11-03|2023-03-01|2023-05-04|2023-08-03|2023-11-02|2024-03-07|2024-05-09|2024-08-08|2024-11-07|2025-03-06|2025-05-08|2025-08-07|2025-11-06|2026-03-12|2026-05-07|2026-08-06|2026-11-05
FNLC,2026-09-14,2010-10-20|2011-01-19|2011-04-20|2011-07-20|2011-10-19|2012-01-18|2012-04-18|2012-07-18|2012-10-17|2013-01-16|2013-04-17|2013-07-17|2013-10-16|2014-01-22|2014-04-23|2014-07-23|2014-10-22|2015-01-21|2015-04-22|2026-10-21
FNWB,2026-10-05,2021-10-27|2022-01-26|2022-04-29|2022-07-27|2022-10-26|2023-01-26|2023-04-26|2023-07-27|2023-10-26|2024-01-25|2024-04-25|2024-07-25|2024-10-29|2025-01-29|2025-04-24|2025-07-24|2025-10-27|2025-10-30|2026-01-29|2026-04-29|2026-07-29
FNWD,2026-10-05,2022-01-26|2022-04-27|2022-07-27|2022-10-25|2023-01-25|2023-04-26|2023-07-26|2023-10-25|2024-01-30|2024-04-24|2024-07-24|2024-10-29|2025-01-28|2025-04-30|2025-07-29|2025-10-28|2026-01-27|2026-04-28|2026-07-28|2026-10-27
FOA,2026-10-05,2021-05-13|2021-08-11|2021-11-08|2022-03-02|2022-05-09|2022-08-09|2022-11-09|2023-03-13|2023-05-08|2023-08-08|2023-11-07|2024-03-06|2024-05-06|2024-08-06|2024-11-06|2025-03-11|2025-05-06|2025-08-05|2025-11-04|2026-05-05|2026-08-04|2026-11-03
FOR,2026-09-14,2020-11-05|2021-01-21|2021-04-20|2021-07-20|2021-11-04|2022-01-27|2022-04-21|2022-07-19|2022-11-09|2023-01-24|2023-04-20|2023-07-20|2023-11-07|2024-01-23|2024-04-18|2024-07-18|2024-10-29|2025-01-21|2025-04-17|2025-07-22|2025-10-28|2026-01-20|2026-04-21|2026-07-21|2026-10-29
FORR,2026-10-05,2020-10-29|2021-02-11|2021-05-05|2021-07-28|2021-11-03|2022-02-10|2022-05-05|2022-07-28|2022-11-02|2023-02-09|2023-05-04|2023-07-27|2023-10-26|2024-02-08|2024-04-30|2024-07-30|2024-11-05|2025-02-11|2025-05-06|2025-07-31|2025-10-30|2026-02-12|2026-05-06|2026-07-30|2026-10-29
FOSL,2026-10-05,2016-02-16|2016-05-10|2016-08-09|2016-11-03|2017-02-14|2017-05-09|2017-08-08|2017-11-07|2018-02-13|2018-05-08|2018-08-07|2018-11-07|2019-02-13|2019-05-08|2019-08-07|2019-11-06|2020-02-26|2020-06-03|2020-08-12|2025-08-13|2025-11-13|2026-03-11|2026-05-13|2026-08-12|2026-11-12
FOUR.L,2026-08-31,2026-08-05|2027-03-10
FOX,2026-09-14,2019-08-07|2019-11-06|2020-02-05|2020-05-06|2022-02-09|2022-05-10|2022-08-10|2022-11-01|2023-02-08|2023-05-09|2023-08-08|2023-11-02|2024-02-07|2024-05-08|2024-08-06|2024-11-04|2025-02-04|2025-05-12|2025-08-05|2025-10-30|2026-02-04|2026-05-11|2026-08-06|2026-10-29
FOXA,2026-09-14,2020-11-03|2021-02-09|2021-05-05|2021-08-04|2021-11-03|2022-02-09|2022-05-10|2022-08-10|2022-11-01|2023-02-08|2023-05-09|2023-08-08|2023-11-02|2024-02-07|2024-05-08|2024-08-06|2024-11-04|2025-02-04|2025-05-12|2025-08-05|2025-10-30|2026-02-04|2026-05-11|2026-08-06|2026-10-29
FOXF,2026-10-05,2020-11-10|2021-02-25|2021-05-06|2021-08-05|2021-11-04|2022-02-24|2022-05-05|2022-08-04|2022-11-03|2023-02-23|2023-05-04|2023-08-03|2023-11-02|2024-02-22|2024-05-02|2024-08-01|2024-10-31|2025-02-27|2025-05-08|2025-08-07|2025-11-06|2026-02-26|2026-05-07|2026-08-06|2026-11-05
FOXT.L,2026-10-05,2026-07-30|2027-03-04
FPH,2026-10-05,2017-06-22|2017-08-14|2017-11-13|2018-03-30|2018-05-15|2018-08-14|2018-11-13|2019-03-13|2019-05-07|2019-08-08|2019-11-08|2020-03-13|2020-05-11|2020-08-10|2020-11-09|2026-10-28
FPI,2026-10-05,2020-11-09|2021-03-17|2021-05-13|2021-08-04|2021-10-27|2022-02-22|2022-05-03|2022-07-26|2022-10-24|2023-02-22|2023-05-03|2023-07-26|2023-10-25|2024-02-28|2024-04-30|2024-07-24|2024-10-30|2025-02-19|2025-05-07|2025-07-23|2025-10-29|2026-02-18|2026-04-29|2026-07-29|2026-11-04
FR,2026-10-05,2020-10-21|2021-02-10|2021-04-21|2021-07-21|2021-10-20|2022-02-09|2022-04-20|2022-07-20|2022-10-19|2023-02-08|2023-04-19|2023-07-19|2023-10-18|2024-02-07|2024-04-17|2024-07-17|2024-10-16|2025-02-05|2025-04-16|2025-07-16|2025-10-15|2026-02-04|2026-04-22|2026-07-22|2026-10-21
FRAF,2026-09-14,2026-04-23|2026-07-24|2026-10-27
FRBA,2026-10-05,2020-10-26|2021-01-27|2021-04-26|2021-07-26|2021-10-26|2022-01-26|2022-04-25|2022-07-26|2022-10-25|2023-01-25|2023-04-26|2023-07-26|2023-10-25|2024-01-24|2024-04-22|2024-07-24|2024-10-23|2025-01-23|2025-04-22|2025-07-21|2025-10-21|2026-01-25|2026-04-26|2026-07-23|2026-10-22
FRD,2026-09-07,2026-11-04
FRES.L,2026-10-05,2012-04-25|2012-07-30|2013-04-13|2015-04-16|2015-08-03|2016-08-01|2020-05-01|2021-03-01|2021-08-02|2022-04-12|2022-08-01|2026-08-04|2027-03-02
FRGT,2026-08-31,2026-03-31
FRHC,2026-10-05,2021-06-15|2021-08-09|2021-11-08|2022-02-09|2022-05-31|2025-08-08|2026-11-06
FRME,2026-09-14,2020-10-28|2021-01-28|2021-04-22|2021-07-26|2021-10-26|2022-01-27|2022-04-26|2022-07-26|2022-10-25|2023-01-26|2023-04-25|2023-07-25|2023-10-26|2024-01-25|2024-05-01|2024-07-25|2024-10-24|2025-01-30|2025-04-24|2025-07-23|2025-10-22|2026-01-26|2026-04-22|2026-07-22|2026-10-21
FRNM,2026-09-28,FAILED
FRO,2026-10-05,2020-11-25|2021-02-18|2021-05-27|2021-08-26|2021-11-29|2022-03-17|2022-05-24|2022-08-25|2022-11-30|2023-02-28|2023-05-31|2023-08-24|2023-11-30|2024-02-29|2024-05-30|2024-08-30|2024-11-27|2025-02-27|2025-05-23|2025-08-29|2025-11-21|2026-02-27|2026-05-21|2026-08-27|2026-08-28|2026-11-30
FRPH,2026-10-05,2015-05-06|2015-08-05|2015-12-02|2016-02-03|2016-05-04|2016-11-22|2017-02-01|2018-03-07|2026-11-04
FRSH,2026-10-05,2021-11-02|2022-02-10|2022-05-03|2022-08-02|2022-11-01|2023-02-07|2023-05-02|2023-08-01|2023-10-31|2024-02-06|2024-05-01|2024-07-30|2024-11-06|2025-02-11|2025-04-29|2025-07-29|2025-11-05|2026-02-10|2026-05-05|2026-08-04|2026-11-03
FSBC,2026-09-14,2021-07-26|2021-10-25|2022-01-31|2022-04-25|2022-07-25|2022-10-24|2023-01-30|2023-04-24|2023-07-24|2023-10-30|2024-01-29|2024-04-29|2024-07-24|2024-10-28|2025-01-27|2025-04-28|2025-07-23|2025-10-27|2026-01-26|2026-04-27|2026-07-22|2026-10-26
FSBW,2026-09-21,2020-10-26|2021-01-28|2021-04-26|2021-07-26|2021-10-28|2022-01-27|2022-04-28|2022-07-28|2022-10-26|2023-01-25|2023-04-26|2023-07-26|2023-10-25|2024-01-24|2024-04-24|2024-07-23|2024-10-22|2025-01-21|2025-04-22|2025-07-22|2025-10-21|2026-01-21|2026-04-21|2026-07-21|2026-10-20
FSEA,2026-09-21,FAILED
FSG.L,2026-10-05,2026-11-26
FSI,2026-10-05,2021-03-31|2021-05-14|2021-08-13|2021-11-15|2022-03-29|2022-05-16|2022-08-15|2022-11-14|2023-03-31|2023-05-15|2023-08-14|2023-11-14|2024-04-01|2024-05-15|2024-08-14|2024-11-14|2025-03-31|2025-05-15|2025-08-14|2025-11-14|2026-04-15|2026-05-15|2026-08-14|2026-11-12
FSJ.L,2026-10-05,2026-09-08|2027-03-11
FSLR,2026-10-05,2020-10-27|2021-02-25|2021-04-29|2021-07-29|2021-11-04|2022-03-01|2022-04-28|2022-07-28|2022-10-27|2023-02-28|2023-04-27|2023-07-27|2023-10-31|2024-02-27|2024-05-01|2024-07-30|2024-10-29|2025-02-25|2025-04-29|2025-07-31|2025-10-30|2026-02-24|2026-04-30|2026-07-30|2026-10-29
FSV.L,2026-08-31,FAILED
FT,2026-10-05,FAILED
FTAI,2026-10-05,2020-10-29|2021-02-25|2021-04-29|2021-07-28|2021-10-28|2022-02-24|2022-04-28|2022-07-27|2022-10-27|2023-02-23|2023-04-26|2023-07-26|2023-10-25|2024-02-22|2024-04-25|2024-07-23|2024-10-30|2025-02-26|2025-04-30|2025-07-29|2025-10-27|2026-02-25|2026-04-29|2026-07-29|2026-10-29
FTCI,2026-10-05,2021-06-08|2021-08-11|2021-11-10|2022-03-15|2022-05-10|2022-08-09|2022-11-09|2023-02-28|2023-05-10|2023-08-09|2023-11-08|2024-03-13|2024-05-10|2024-08-08|2024-11-12|2025-03-31|2025-05-01|2025-08-05|2025-11-12|2026-03-05|2026-05-05|2026-08-05|2026-11-12
FTDR,2026-09-21,2020-11-04|2021-02-18|2021-05-06|2021-08-04|2021-10-28|2022-02-24|2022-05-05|2022-08-04|2022-11-03|2023-03-01|2023-05-04|2023-08-02|2023-11-01|2024-02-28|2024-05-02|2024-08-01|2024-11-04|2025-02-27|2025-05-01|2025-08-05|2025-11-05|2026-02-26|2026-04-30|2026-08-06|2026-11-04
FTFT,2026-09-07,2010-03-31|2010-05-17|2010-08-16|2010-11-15|2011-03-31|2011-05-16|2011-08-15
FTH,2026-10-05,2021-03-30|2021-05-12|2021-08-04|2021-11-09|2022-03-10|2022-05-10|2022-08-09|2022-11-08|2023-03-28|2023-05-09|2023-08-03|2023-11-07|2024-02-28|2024-05-09|2024-08-06|2024-11-14|2025-03-28|2025-05-06|2025-08-05|2025-11-14|2026-03-30|2026-05-15|2026-08-04|2026-11-03
FTI,2026-10-05,2020-10-21|2021-02-24|2021-04-26|2021-07-21|2021-10-20|2022-02-23|2022-04-27|2022-07-27|2022-10-26|2023-02-23|2023-04-27|2023-07-27|2023-10-26|2024-02-22|2024-04-25|2024-07-25|2024-10-24|2025-02-27|2025-04-24|2025-07-24|2025-10-23|2026-02-19|2026-04-30|2026-07-30|2026-10-29
FTNT,2026-10-05,2020-10-29|2021-02-04|2021-04-29|2021-07-29|2021-11-04|2022-02-03|2022-05-04|2022-08-03|2022-11-02|2023-02-07|2023-05-04|2023-08-03|2023-11-02|2024-02-06|2024-05-02|2024-08-06|2024-11-07|2025-02-06|2025-05-07|2025-08-06|2025-11-05|2026-02-05|2026-05-06|2026-07-29|2026-10-28
FTRE,2026-10-05,2023-08-14|2023-11-13|2024-03-11|2024-05-13|2024-08-12|2024-11-08|2025-03-03|2025-05-12|2025-08-06|2025-11-05|2026-02-26|2026-05-05|2026-07-29|2026-10-29
FTS,2026-10-05,2020-10-30|2021-02-12|2021-05-05|2021-07-29|2021-10-29|2022-02-11|2022-05-04|2022-07-28|2022-10-28|2023-02-10|2023-05-03|2023-08-02|2023-10-27|2024-02-09|2024-05-01|2024-07-31|2024-11-05|2025-02-14|2025-05-07|2025-08-01|2025-11-04|2026-02-12|2026-05-06|2026-07-31|2026-11-03
FUFU,2026-09-21,2025-03-25|2025-06-05|2025-08-15|2025-11-12|2026-03-20|2026-05-29|2026-08-17|2026-11-12
FULT,2026-09-14,2020-10-20|2021-01-19|2021-04-20|2021-07-20|2021-10-19|2022-01-18|2022-04-19|2022-07-19|2022-10-18|2023-01-17|2023-04-18|2023-07-18|2023-10-17|2024-01-16|2024-04-16|2024-07-16|2024-10-15|2025-01-21|2025-04-15|2025-07-15|2025-10-21|2026-01-21|2026-04-22|2026-07-22|2026-10-20
FUN,2026-10-05,2020-11-04|2021-02-17|2021-05-05|2021-08-04|2021-11-03|2022-02-16|2022-05-04|2022-08-03|2022-11-02|2023-02-16|2023-05-04|2023-08-03|2023-11-02|2024-02-15|2024-05-09|2024-08-08|2024-11-06|2025-02-27|2025-05-08|2025-08-06|2025-11-07|2026-02-19|2026-05-07|2026-08-06|2026-11-05
FUND,2026-08-17,FAILED
FUSB,2026-10-05,2008-08-08|2009-05-11|2009-08-07|2010-11-05|2011-02-18|2011-05-23|2011-08-05|2011-11-07|2012-03-16
FVCB,2026-10-05,2020-10-23|2021-01-21|2021-04-26|2021-08-02|2021-11-04|2022-01-25|2022-04-21|2022-07-21|2022-10-20|2023-01-25|2023-04-20|2023-07-25|2023-10-24|2024-01-23|2024-04-23|2024-07-25|2024-10-22|2025-01-23|2025-04-22|2025-07-22|2025-10-21|2026-01-20|2026-04-21|2026-07-21|2026-10-20
FVRR,2026-10-05,2020-10-28|2021-02-18|2021-05-06|2021-08-05|2021-11-10|2022-02-17|2022-05-11|2022-08-04|2022-11-09|2023-02-22|2023-05-11|2023-08-03|2023-11-09|2024-02-22|2024-05-09|2024-07-31|2024-10-30|2025-02-19|2025-05-07|2025-07-30|2025-11-05|2026-02-18|2026-04-29|2026-07-29|2026-10-29
FWDI,2026-10-05,2002-01-11|2002-01-25|2002-05-03|2002-07-30|2026-05-14|2026-08-12|2026-12-01
FWONA,2026-10-05,2020-08-10|2020-11-05|2021-02-26|2021-05-07|2021-08-06|2021-11-04|2022-02-25|2022-05-06|2022-08-05|2022-11-13|2023-03-01|2023-04-29|2023-08-03|2023-11-03|2024-05-08|2024-08-08|2024-11-07|2025-03-27|2025-05-07|2025-08-07|2025-11-05|2026-02-25|2026-05-07|2026-08-06|2026-11-05
FWONK,2026-10-05,2020-11-05|2021-02-26|2021-05-07|2021-08-06|2021-11-04|2022-02-25|2022-05-06|2022-08-05|2022-11-13|2023-03-01|2023-04-29|2023-08-03|2023-11-03|2024-02-28|2024-05-08|2024-08-08|2024-11-07|2025-03-27|2025-05-07|2025-08-07|2025-11-05|2026-02-25|2026-05-07|2026-08-06|2026-11-05
GABC,2026-09-14,2020-10-26|2021-01-25|2021-04-26|2021-07-26|2021-10-25|2022-01-31|2022-04-25|2022-07-25|2022-10-31|2023-01-30|2023-04-24|2023-07-31|2023-10-30|2024-01-29|2024-04-29|2024-07-29|2024-10-28|2025-01-27|2025-04-28|2025-07-28|2025-10-27|2026-01-26|2026-04-27|2026-07-27|2026-10-26
GAIA,2026-09-14,2020-11-09|2021-03-01|2021-05-03|2021-08-02|2021-11-01|2022-02-28|2022-05-02|2022-08-01|2022-11-07|2023-03-06|2023-05-01|2023-07-31|2023-10-30|2024-03-29|2024-05-06|2024-08-05|2024-11-04|2025-03-10|2025-05-12|2025-08-11|2025-11-03|2026-03-02|2026-05-04|2026-08-10|2026-11-02
GAM,2026-10-05,FAILED
GAMA.L,2026-10-05,2026-09-07|2027-03-23
GAP,2026-09-21,2020-11-24|2021-03-04|2021-05-27|2021-08-26|2021-11-23|2022-03-03|2022-05-26|2022-08-25|2022-11-17|2023-03-09|2023-05-25|2023-08-24|2023-11-16|2024-03-07|2024-05-30|2024-08-29|2024-11-21|2025-03-06|2025-05-29|2025-08-28|2025-11-20|2026-03-05|2026-05-28|2026-08-27|2026-11-19
GAU,2026-10-05,2020-11-06|2021-03-11|2021-05-05|2021-08-12|2021-11-10|2022-03-29|2022-05-05|2022-08-11|2022-11-09|2023-03-28|2023-05-04|2023-08-02|2023-11-14|2024-02-16|2024-05-02|2024-08-08|2024-11-07|2025-03-17|2025-05-14|2025-08-13|2025-11-06|2026-02-13|2026-05-13|2026-08-06|2026-11-05
GAUZ,2026-09-28,2024-08-08|2024-11-12|2025-03-11|2025-05-13|2025-08-13|2026-05-04
GAW.L,2026-10-05,2027-01-12
GBCI,2026-10-05,2020-10-22|2021-01-28|2021-04-22|2021-07-22|2021-10-21|2022-01-27|2022-04-21|2022-07-21|2022-10-20|2023-01-26|2023-04-20|2023-07-20|2023-10-19|2024-01-25|2024-04-18|2024-07-18|2024-10-24|2025-01-23|2025-04-23|2025-07-24|2025-10-16|2026-01-22|2026-04-23|2026-07-23|2026-10-22
GBFH,2026-10-05,2024-01-30|2024-04-30|2024-07-30|2024-10-21|2025-01-28|2025-04-29|2025-07-28|2025-10-28|2026-01-28|2026-04-29|2026-07-29|2026-10-27
GBG.L,2026-09-07,2026-11-26
GBLI,2026-10-05,2012-08-07|2012-11-07|2013-02-25|2013-05-07|2013-08-06|2013-11-05|2014-02-20|2014-05-05|2014-08-06|2022-11-08|2023-03-09|2023-05-10|2023-08-08|2023-11-08|2024-03-13|2024-05-08|2024-08-07|2024-11-07|2025-03-11|2025-05-07|2025-08-06|2025-10-30|2026-05-05|2026-08-05|2026-10-29
GBX,2026-10-05,2020-10-23|2021-01-06|2021-04-06|2021-07-09|2021-10-26|2022-01-07|2022-04-06|2022-07-11|2022-10-27|2023-01-06|2023-04-10|2023-06-29|2023-10-25|2024-01-05|2024-04-05|2024-07-08|2024-10-23|2025-01-08|2025-04-07|2025-07-01|2025-10-28|2026-01-08|2026-04-07|2026-07-01|2026-10-28
GCMG,2026-09-28,2021-02-25|2021-05-13|2021-08-12|2021-11-10|2022-02-15|2022-05-10|2022-08-09|2022-11-09|2023-02-14|2023-05-10|2023-08-09|2023-11-08|2024-02-13|2024-05-07|2024-08-08|2024-11-08|2025-02-10|2025-05-07|2025-08-07|2025-11-05|2026-02-10|2026-05-07|2026-08-10|2026-11-05
GCT,2026-10-05,2022-11-30|2023-03-17|2023-05-24|2023-08-15|2023-11-30|2024-03-15|2024-05-09|2024-08-06|2024-11-07|2025-03-03|2025-05-12|2025-08-07|2025-11-06|2026-02-26|2026-05-07|2026-08-06|2026-11-05
GCV,2026-10-05,FAILED
GD,2026-10-05,2020-10-28|2021-01-27|2021-04-28|2021-07-28|2021-10-27|2022-01-26|2022-04-27|2022-07-27|2022-10-26|2023-01-25|2023-04-26|2023-07-26|2023-10-25|2024-01-24|2024-04-24|2024-07-24|2024-10-23|2025-01-29|2025-04-23|2025-07-23|2025-10-24|2026-01-28|2026-04-29|2026-07-29|2026-10-30
GDEV,2026-10-05,2024-09-04|2024-11-13|2025-03-31|2025-05-15|2025-09-02|2025-11-23|2026-03-31|2026-04-17|2026-08-21|2026-11-13
GDHG,2026-09-14,FAILED
GDRX,2026-10-05,2020-11-12|2021-03-11|2021-05-14|2021-08-12|2021-11-10|2022-02-28|2022-05-09|2022-08-08|2022-11-08|2023-02-28|2023-05-10|2023-08-09|2023-11-09|2024-02-29|2024-05-09|2024-08-08|2024-11-07|2025-02-27|2025-05-07|2025-08-06|2025-11-04|2026-02-25|2026-05-06|2026-08-05|2026-11-03
GE,2026-09-14,2020-10-28|2021-01-26|2021-04-27|2021-07-27|2021-10-26|2022-01-25|2022-04-26|2022-07-26|2022-10-25|2023-01-24|2023-04-25|2023-07-25|2023-10-24|2024-01-23|2024-04-23|2024-07-23|2024-10-22|2025-01-23|2025-04-22|2025-07-17|2025-10-21|2026-01-22|2026-04-21|2026-07-16|2026-10-20
GEF,2026-10-05,2020-06-03|2020-08-26|2020-12-09|2021-02-24|2021-06-09|2021-09-01|2021-12-08|2022-03-02|2022-06-08|2022-08-31|2022-12-07|2023-03-01|2023-06-07|2023-08-30|2023-12-06|2024-02-28|2024-06-05|2024-08-28|2024-12-04|2025-08-27|2025-11-05|2026-01-27|2026-04-28|2026-07-28|2026-11-03
GEF-B,2026-09-14,2016-12-07|2017-03-01|2017-06-07|2017-08-30|2017-12-06|2018-02-28|2018-06-06|2018-08-29|2018-12-05|2019-02-27|2019-06-05|2019-08-28|2019-12-04|2021-02-24|2021-06-09|2021-09-01|2022-06-08|2022-08-31|2024-12-04|2025-08-27|2025-11-05|2026-01-27|2026-04-28|2026-07-28|2026-10-28
GEN,2026-10-05,2020-11-05|2021-02-04|2021-05-10|2021-07-27|2021-11-04|2022-02-03|2022-05-05|2022-08-04|2022-11-08|2023-02-02|2023-05-11|2023-08-03|2023-11-07|2024-02-01|2024-05-09|2024-08-01|2024-10-30|2025-01-30|2025-05-06|2025-08-07|2025-11-06|2026-02-05|2026-05-07|2026-08-06|2026-10-28
GENC,2026-10-05,2014-08-05|2014-12-09|2026-05-08|2026-08-10|2026-12-14
GEVO,2026-10-05,2020-11-10|2021-03-17|2021-05-13|2021-08-12|2021-11-10|2022-02-24|2022-05-09|2022-08-08|2022-11-08|2023-03-09|2023-05-10|2023-08-10|2023-11-13|2024-03-07|2024-05-02|2024-08-08|2024-11-07|2025-03-27|2025-05-13|2025-08-11|2025-11-10|2026-03-05|2026-05-07|2026-08-06|2026-11-09
GFF,2026-10-05,2020-11-12|2021-01-28|2021-04-29|2021-07-29|2021-11-16|2022-02-01|2022-04-28|2022-07-28|2022-11-17|2023-01-31|2023-05-03|2023-08-02|2023-11-15|2024-02-07|2024-05-08|2024-08-07|2024-11-13|2025-02-05|2025-05-08|2025-08-06|2025-11-19|2026-02-05|2026-05-07|2026-08-05|2026-11-18
GFRD.L,2026-10-05,2026-09-17|2027-03-03
GFTU.L,2026-09-07,2026-09-03|2027-03-04
GGB,2026-10-05,2020-10-28|2021-02-24|2021-05-05|2021-08-04|2021-10-27|2022-02-23|2022-05-05|2022-08-03|2022-11-09|2023-03-01|2023-05-03|2023-08-08|2023-11-05|2024-02-19|2024-05-02|2024-07-31|2024-11-05|2025-02-19|2025-04-28|2025-07-31|2025-10-30|2026-02-23|2026-04-28|2026-08-04|2026-10-26
GGR,2026-10-05,2026-11-12
GGZ,2026-08-17,FAILED
GH,2026-10-05,2020-11-05|2021-02-24|2021-05-06|2021-08-05|2021-11-04|2022-02-23|2022-05-05|2022-08-04|2022-11-03|2023-02-23|2023-05-09|2023-08-03|2023-11-06|2024-02-22|2024-05-09|2024-08-07|2024-11-06|2025-02-20|2025-04-30|2025-07-30|2025-10-29|2026-02-19|2026-05-07|2026-07-30|2026-11-05
GHRS,2026-09-14,2021-09-23|2021-12-06|2022-03-28|2022-05-18|2022-08-23|2022-11-10|2023-03-02|2023-05-11|2023-08-23|2023-11-09|2024-02-29|2024-05-03|2024-09-03|2024-11-14|2025-02-27|2025-05-08|2025-08-07|2025-11-06|2026-03-05|2026-05-14|2026-08-06|2026-11-05
GIBO,2026-10-05,FAILED
GIC,2026-09-14,2020-07-28|2021-02-23|2021-05-04|2021-08-03|2021-11-02|2022-02-15|2022-05-03|2022-08-02|2022-11-01|2023-02-21|2023-05-02|2023-08-01|2023-10-31|2024-02-29|2024-04-30|2024-07-30|2024-10-29|2025-02-25|2025-04-29|2025-07-29|2025-10-28|2026-02-24|2026-05-05|2026-08-04|2026-10-27
GIL,2026-10-05,2020-10-29|2021-02-25|2021-05-05|2021-08-05|2021-11-04|2022-02-23|2022-05-04|2022-08-04|2022-11-03|2023-02-22|2023-05-03|2023-08-03|2023-11-02|2024-02-21|2024-05-01|2024-08-01|2024-10-31|2025-02-19|2025-04-29|2025-07-31|2025-10-29|2026-02-26|2026-04-30|2026-07-29|2026-10-29
GILT,2026-10-05,2013-08-14|2013-11-13|2014-02-18|2021-08-10|2021-11-09|2022-02-15|2022-05-23|2022-08-09|2022-11-14|2023-02-14|2023-05-09|2023-08-08|2023-11-07|2024-02-26|2024-05-08|2024-08-07|2024-11-13|2025-02-12|2025-05-19|2025-08-06|2025-11-12|2026-02-10|2026-05-13|2026-08-05|2026-11-11
GJP,2026-09-28,FAILED
GJR,2026-10-05,FAILED
GKOS,2026-10-05,2020-11-05|2021-02-25|2021-05-05|2021-08-05|2021-11-04|2022-02-22|2022-05-04|2022-08-03|2022-11-02|2023-02-22|2023-05-03|2023-08-02|2023-11-01|2024-02-21|2024-05-01|2024-07-31|2024-11-04|2025-02-20|2025-04-30|2025-07-30|2025-10-29|2026-02-17|2026-04-29|2026-07-29|2026-10-28
GLAS,2026-10-05,2023-03-31|2023-05-15|2023-08-14|2023-11-13|2024-05-14|2024-08-13|2024-11-13|2025-03-25|2025-05-13|2025-08-13|2025-11-12|2026-03-24|2026-08-14|2026-11-11
GLBS,2026-09-14,2014-05-29|2014-09-10|2014-12-05|2021-09-27|2021-11-30|2022-04-11|2022-06-06|2022-08-16|2022-11-28|2023-03-20|2023-06-02|2023-09-12|2023-11-16|2024-03-15|2024-06-07|2024-09-12|2024-11-29|2025-03-14|2025-06-16|2025-09-19|2025-11-28|2026-03-16|2026-06-10|2026-08-07|2026-11-20
GLPI,2026-10-05,2020-10-27|2021-02-18|2021-04-29|2021-07-29|2021-10-28|2022-02-24|2022-04-28|2022-07-28|2022-10-27|2023-02-23|2023-04-27|2023-07-27|2023-10-26|2024-02-27|2024-04-25|2024-07-25|2024-10-24|2025-02-20|2025-04-24|2025-07-24|2025-10-30|2026-02-19|2026-04-23|2026-07-30|2026-10-29
GLSI,2026-10-05,2021-03-31|2021-05-20|2021-08-13|2021-11-15|2022-03-21|2022-05-20|2022-08-15|2022-11-14|2023-03-31|2023-05-22|2023-08-21|2023-10-19|2024-04-15|2024-05-20|2024-08-14|2024-11-14|2025-04-15|2025-05-20|2025-08-14|2025-11-14|2026-06-01|2026-06-04|2026-08-11|2026-11-12
GLU,2026-10-05,FAILED
GLUE,2026-10-05,2021-08-12|2021-11-10|2022-03-29|2022-05-11|2022-08-11|2022-11-10|2023-03-16|2023-05-11|2023-08-10|2023-11-09|2024-03-14|2024-05-09|2024-08-08|2024-11-07|2025-03-20|2025-05-08|2025-08-07|2025-11-06|2026-03-17|2026-05-07|2026-08-06|2026-11-05
GM,2026-10-05,2020-11-05|2021-02-10|2021-05-05|2021-08-04|2021-10-27|2022-02-01|2022-04-26|2022-07-26|2022-10-25|2023-01-31|2023-04-25|2023-07-25|2023-10-24|2024-01-30|2024-04-23|2024-07-23|2024-10-22|2025-01-28|2025-04-29|2025-07-22|2025-10-21|2026-01-27|2026-04-28|2026-07-21|2026-10-20
GME,2026-10-05,2020-09-09|2020-12-08|2021-03-23|2021-06-09|2021-09-08|2021-12-08|2022-03-17|2022-06-01|2022-09-07|2022-12-07|2023-03-21|2023-06-07|2023-09-06|2023-12-06|2024-03-26|2024-06-07|2024-09-10|2024-12-10|2025-03-25|2025-06-10|2025-09-09|2025-12-09|2026-06-02|2026-09-08|2026-12-08
GMED,2026-10-05,2020-10-28|2021-02-17|2021-05-04|2021-08-04|2021-11-04|2022-02-17|2022-05-10|2022-08-04|2022-11-08|2023-02-21|2023-05-04|2023-08-03|2023-11-07|2024-02-20|2024-05-07|2024-08-06|2024-11-05|2025-02-20|2025-05-08|2025-08-07|2025-11-06|2026-02-24|2026-05-07|2026-08-06|2026-11-05
GMEX,2026-10-05,2026-10-28
GNE,2026-10-05,2013-05-07|2013-08-08|2013-11-06|2014-03-17|2014-05-07|2014-11-05|2019-05-06|2019-08-05|2019-11-08|2020-03-12|2025-11-03|2026-05-01|2026-05-14|2026-08-06|2026-11-03
GNK,2026-10-05,2020-11-04|2021-02-24|2021-05-05|2021-08-04|2021-11-03|2022-02-24|2022-05-04|2022-08-03|2022-11-09|2023-02-22|2023-05-03|2023-08-04|2023-11-08|2024-02-21|2024-05-08|2024-08-07|2024-11-06|2025-02-19|2025-05-07|2025-08-06|2025-11-05|2026-02-17|2026-05-06|2026-08-05|2026-11-04
GNL,2026-10-05,2019-11-08|2020-02-26|2020-05-06|2020-08-05|2020-11-05|2021-02-24|2021-05-06|2021-08-05|2021-11-04|2022-02-24|2022-05-05|2022-08-04|2022-11-03|2023-05-10|2024-05-07|2024-08-06|2024-11-06|2025-02-27|2025-05-07|2025-08-06|2025-11-05|2026-02-25|2026-05-05|2026-08-05|2026-11-04
GNLN,2026-10-05,2019-08-12|2019-11-12|2020-04-24|2020-06-04|2020-08-07|2020-11-16|2021-03-31|2021-05-17|2021-08-16|2021-11-15|2022-03-30|2022-05-16|2022-08-15|2022-11-14|2023-04-03|2023-05-15|2023-08-14
GNT,2026-10-05,FAILED
GNW,2026-10-05,2020-07-29|2020-11-04|2021-02-16|2021-04-29|2021-08-03|2021-11-02|2022-02-01|2022-05-03|2022-08-01|2022-11-01|2023-02-06|2023-05-03|2023-08-08|2023-11-08|2024-02-21|2024-05-01|2024-07-31|2024-11-06|2025-02-18|2025-04-30|2025-07-30|2025-11-05|2026-05-05|2026-08-05|2026-11-04
GO,2026-10-05,2020-11-10|2021-03-02|2021-05-11|2021-08-10|2021-11-09|2022-03-01|2022-05-10|2022-08-09|2022-11-08|2023-02-28|2023-05-09|2023-08-08|2023-11-07|2024-02-27|2024-05-07|2024-08-06|2024-11-05|2025-02-25|2025-05-06|2025-08-05|2025-11-04|2026-03-04|2026-05-13|2026-08-12|2026-11-03
GOF,2026-08-17,FAILED
GOGO,2026-09-14,2020-11-09|2021-03-11|2021-05-06|2021-08-05|2021-11-04|2022-03-03|2022-05-05|2022-08-05|2022-11-03|2023-02-28|2023-05-03|2023-08-07|2023-11-07|2024-02-28|2024-05-07|2024-08-07|2024-11-05|2025-03-14|2025-05-09|2025-08-07|2025-11-06|2026-02-27|2026-05-07|2026-08-06|2026-11-05
GOLF,2026-10-05,2020-11-06|2021-02-25|2021-05-06|2021-08-05|2021-11-04|2022-03-01|2022-05-05|2022-08-04|2022-11-03|2023-03-01|2023-05-04|2023-08-03|2023-11-02|2024-02-29|2024-05-07|2024-08-06|2024-11-07|2025-02-27|2025-05-07|2025-08-07|2025-11-05|2026-02-26|2026-05-06|2026-08-05|2026-11-04
GOOD,2026-10-05,2020-11-05|2021-02-16|2021-05-10|2021-08-09|2021-11-01|2022-02-15|2022-05-04|2022-08-01|2022-11-07|2023-02-22|2023-05-03|2023-08-08|2023-11-06|2024-02-21|2024-05-06|2024-08-06|2024-11-04|2025-02-18|2025-05-07|2025-08-06|2025-11-03|2026-02-18|2026-05-05|2026-08-05|2026-11-03
GOOS,2026-10-05,2020-11-05|2021-02-04|2021-05-13|2021-08-11|2021-11-05|2022-02-10|2022-05-19|2022-08-11|2022-11-02|2023-02-02|2023-05-18|2023-08-03|2023-11-01|2024-02-01|2024-05-16|2024-08-01|2024-11-07|2025-02-06|2025-05-21|2025-07-31|2025-11-06|2026-02-05|2026-05-14|2026-07-30|2026-11-05
GORO,2026-10-05,2014-08-07|2014-11-06|2015-03-20|2015-05-08|2015-08-06|2015-11-03|2016-03-09|2016-05-04|2019-08-06|2019-10-29|2020-03-02|2020-05-05|2020-08-04|2022-07-28|2022-11-02|2023-03-03|2023-04-25|2023-07-26|2023-11-07|2024-03-29|2024-05-02|2024-08-06|2024-11-05|2026-03-18|2026-08-31|2026-12-01
GP,2026-08-24,2019-07-28|2020-02-27|2020-07-20|2020-08-31|2020-11-12|2021-02-11|2021-06-29|2021-08-12|2021-11-12|2022-02-11|2022-06-30|2022-08-15|2022-11-14|2023-02-13|2023-07-13|2023-08-10|2023-11-13|2024-02-11|2024-06-28|2024-08-14|2024-11-14|2025-02-14|2025-07-30|2025-08-15|2026-07-29
GPI,2026-09-21,2020-10-29|2021-02-04|2021-04-29|2021-07-29|2021-10-28|2022-02-10|2022-04-27|2022-07-27|2022-10-26|2023-01-25|2023-04-26|2023-07-26|2023-10-25|2024-01-31|2024-04-24|2024-07-24|2024-10-30|2025-01-29|2025-04-24|2025-07-24|2025-10-28|2026-01-29|2026-04-30|2026-07-30|2026-10-27
GPK,2026-10-05,2020-10-20|2021-02-02|2021-04-27|2021-07-27|2021-10-26|2022-02-16|2022-04-26|2022-07-26|2022-10-25|2023-02-07|2023-05-02|2023-08-01|2023-10-31|2024-02-20|2024-04-30|2024-07-30|2024-10-29|2025-02-04|2025-05-01|2025-07-29|2025-11-04|2026-02-03|2026-05-05|2026-08-04|2026-11-03
GPMT,2026-10-05,2020-11-09|2021-03-04|2021-05-06|2021-08-09|2021-11-08|2022-02-24|2022-05-10|2022-08-08|2022-11-08|2023-02-23|2023-05-09|2023-08-08|2023-11-07|2024-02-14|2024-05-07|2024-08-05|2024-11-06|2025-02-13|2025-05-06|2025-08-05|2025-11-05|2026-02-11|2026-05-05|2026-08-05|2026-11-05
GPN,2026-10-05,2020-10-29|2021-02-08|2021-05-04|2021-08-02|2021-11-02|2022-02-10|2022-05-02|2022-08-01|2022-10-31|2023-02-10|2023-05-01|2023-08-01|2023-10-31|2024-02-14|2024-05-01|2024-08-07|2024-10-30|2025-02-13|2025-05-06|2025-08-06|2025-11-04|2026-02-18|2026-05-06|2026-08-05|2026-11-03
GPOR,2026-09-07,2021-11-02|2022-02-28|2022-05-03|2022-08-02|2022-11-01|2023-02-28|2023-05-02|2023-08-01|2023-10-31|2024-02-27|2024-04-30|2024-08-06|2024-11-05|2025-02-25|2025-05-06|2025-08-05|2025-11-04|2026-02-24|2026-05-05|2026-08-03|2026-11-03
GPRE,2026-10-05,2020-11-04|2021-02-09|2021-05-03|2021-08-02|2021-11-04|2022-02-11|2022-05-02|2022-08-02|2022-11-03|2023-02-08|2023-05-04|2023-08-04|2023-10-31|2024-02-07|2024-05-03|2024-08-06|2024-10-31|2025-02-07|2025-05-08|2025-08-11|2025-11-05|2026-02-05|2026-05-07|2026-08-06|2026-11-04
GRAB,2026-10-05,2021-11-12|2022-04-28|2022-05-19|2022-08-25|2022-11-16|2023-02-23|2023-05-18|2023-08-23|2023-11-09|2024-02-22|2024-05-15|2024-08-15|2024-11-11|2025-02-20|2025-04-30|2025-07-30|2025-11-03|2026-02-11|2026-05-05|2026-08-03|2026-11-03
GRAL,2026-10-05,2024-11-12|2025-02-20|2025-05-13|2025-08-12|2025-11-12|2026-02-19|2026-05-05|2026-08-05|2026-11-11
GRG.L,2026-10-05,2026-07-29|2027-03-02
GRML,2026-10-05,FAILED
GRMN,2026-10-05,2020-10-28|2021-02-17|2021-04-28|2021-07-28|2021-10-27|2022-02-16|2022-04-27|2022-07-27|2022-10-26|2023-02-22|2023-05-03|2023-08-02|2023-11-01|2024-02-21|2024-05-01|2024-07-31|2024-10-30|2025-02-19|2025-04-30|2025-07-30|2025-10-29|2026-02-18|2026-04-29|2026-07-29|2026-10-28
GRNQ,2026-10-05,FAILED
GROV,2026-10-05,2023-03-14|2023-05-11|2023-08-14|2023-11-09|2024-03-06|2024-05-14|2024-08-08|2024-11-12|2025-03-11|2025-05-14|2025-08-07|2025-11-13|2026-03-05|2026-05-07|2026-08-06|2026-11-12
GROW.L,2026-10-05,2026-11-23
GRPN,2026-09-28,2020-11-05|2021-02-25|2021-05-06|2021-08-05|2021-11-04|2022-02-28|2022-05-09|2022-08-08|2022-11-07|2023-03-16|2023-05-10|2023-08-09|2023-11-09|2024-03-15|2024-05-09|2024-07-30|2024-11-12|2025-03-11|2025-05-07|2025-08-06|2025-11-06|2026-03-10|2026-05-07|2026-08-06|2026-11-05
GRX,2026-08-17,FAILED
GSBD,2026-10-05,2020-11-05|2021-02-25|2021-05-06|2021-08-05|2021-11-04|2022-02-24|2022-05-05|2022-08-04|2022-11-03|2023-02-23|2023-05-04|2023-08-03|2023-11-07|2024-02-28|2024-05-07|2024-08-08|2024-11-07|2025-02-27|2025-05-08|2025-08-07|2025-11-06|2026-02-26|2026-05-07|2026-08-06|2026-11-05
GSL,2026-10-05,2020-11-10|2021-03-19|2021-05-12|2021-08-05|2021-11-10|2022-03-02|2022-05-09|2022-08-04|2022-11-09|2023-03-01|2023-05-10|2023-08-03|2023-11-09|2024-03-04|2024-05-16|2024-08-05|2024-11-11|2025-03-05|2025-05-19|2025-08-05|2025-11-10|2026-03-05|2026-05-22|2026-08-05|2026-11-09
GSM,2026-09-14,2019-06-03|2019-09-03|2019-12-02|2020-03-02|2020-11-24|2022-03-02|2022-05-10|2022-08-15|2022-11-15|2023-02-22|2023-05-09|2023-08-14|2023-11-07|2024-02-21|2024-05-14|2024-08-05|2024-11-06|2025-02-19|2025-05-07|2025-08-05|2025-11-05|2026-02-17|2026-05-05|2026-08-04|2026-11-04
GT,2026-10-05,2020-10-30|2021-02-09|2021-04-30|2021-08-06|2021-11-05|2022-02-11|2022-05-06|2022-08-05|2022-10-31|2023-02-13|2023-05-05|2023-08-02|2023-11-06|2024-02-12|2024-05-06|2024-07-31|2024-11-04|2025-02-13|2025-05-07|2025-08-07|2025-11-03|2026-02-09|2026-05-06|2026-08-05|2026-11-03
GTBP,2026-10-05,2011-08-22|2011-11-21|2021-04-16|2021-05-17|2021-08-23|2021-11-10|2022-03-28|2022-05-16|2022-08-15|2022-10-31|2023-03-30|2023-05-15|2023-08-07|2023-11-01|2024-03-26|2024-05-15|2024-11-14|2025-02-21|2025-05-15|2025-08-14|2025-11-14|2026-03-02|2026-05-15|2026-08-14
GTES,2026-09-14,2020-11-03|2021-02-08|2021-05-10|2021-08-09|2021-11-08|2022-02-07|2022-05-04|2022-08-05|2022-11-04|2023-02-09|2023-05-04|2023-08-04|2023-11-03|2024-02-08|2024-05-01|2024-07-31|2024-10-30|2025-02-06|2025-04-30|2025-07-30|2025-10-29|2026-02-12|2026-05-01|2026-07-31|2026-10-28
GTIM,2026-09-21,2014-05-07|2014-08-07|2014-12-08|2015-02-09|2015-05-12|2015-08-11|2015-12-08|2016-02-10|2016-05-10|2016-08-10|2016-12-08|2017-02-09|2017-05-10|2017-08-10|2017-12-07|2018-02-01|2018-05-10|2018-08-09|2018-12-13|2019-02-07|2019-05-09|2019-08-08|2019-12-12|2020-02-11|2026-08-06|2026-12-17
GTLB,2026-10-05,2021-12-06|2022-03-14|2022-06-06|2022-09-06|2022-12-05|2023-03-13|2023-06-05|2023-09-05|2023-12-04|2024-03-04|2024-06-03|2024-09-03|2024-12-05|2025-03-03|2025-06-10|2025-09-03|2025-12-02|2026-03-03|2026-06-02|2026-09-01|2026-12-01
GTN-A,2026-10-05,FAILED
GTY,2026-10-05,2020-10-21|2021-02-23|2021-04-28|2021-07-28|2021-10-27|2022-02-23|2022-04-27|2022-07-27|2022-10-26|2023-02-22|2023-04-26|2023-07-26|2023-10-25|2024-02-14|2024-04-25|2024-07-24|2024-10-23|2025-02-12|2025-04-23|2025-07-23|2025-10-22|2026-02-11|2026-04-22|2026-07-22|2026-10-21
GURE,2026-10-05,2007-11-12|2008-03-10|2008-05-08|2008-08-14|2010-03-02|2010-05-11|2010-08-16|2010-11-15|2011-03-16|2011-05-16|2011-08-16
GUT,2026-09-14,FAILED
GWAV,2026-10-05,2015-11-16|2016-03-30|2016-05-16
GWRE,2026-10-05,2020-12-08|2021-03-04|2021-06-02|2021-09-02|2021-12-02|2022-03-08|2022-06-07|2022-09-06|2022-12-06|2023-03-06|2023-06-01|2023-09-06|2023-12-07|2024-03-07|2024-06-04|2024-09-05|2024-12-05|2025-03-06|2025-06-03|2025-09-04|2025-12-03|2026-03-05|2026-06-04|2026-09-03|2026-12-03
H,2026-09-07,2020-11-04|2021-02-17|2021-05-04|2021-08-03|2021-11-03|2022-02-16|2022-05-10|2022-08-09|2022-11-03|2023-02-16|2023-05-04|2023-08-03|2023-11-02|2024-02-23|2024-05-09|2024-08-06|2024-10-31|2025-02-13|2025-05-01|2025-08-07|2025-11-06|2026-02-12|2026-04-30|2026-07-30|2026-11-05
HAE,2026-10-05,2020-11-04|2021-02-02|2021-05-13|2021-08-11|2021-11-09|2022-02-08|2022-05-10|2022-08-10|2022-11-07|2023-02-07|2023-05-11|2023-08-08|2023-11-02|2024-02-08|2024-05-09|2024-08-08|2024-11-07|2025-02-06|2025-05-08|2025-08-07|2025-11-06|2026-02-05|2026-05-07|2026-08-06|2026-11-05
HAFN,2026-10-05,2024-11-27|2025-02-27|2025-05-15|2025-08-27|2025-12-01|2026-02-26|2026-05-27|2026-08-28|2026-11-18
HALO,2026-10-05,2020-11-02|2021-02-23|2021-05-10|2021-08-09|2021-11-02|2022-02-22|2022-05-10|2022-08-09|2022-11-08|2023-02-21|2023-05-09|2023-08-08|2023-11-06|2024-02-20|2024-05-07|2024-08-06|2024-10-31|2025-02-18|2025-05-06|2025-08-05|2025-11-03|2026-02-17|2026-05-11|2026-08-06|2026-11-02
HANA.L,2026-09-07,FAILED
HAO,2026-10-05,2025-10-28
HAS.L,2026-10-05,2026-08-20|2027-02-26
HAYW,2026-10-05,2021-05-05|2021-08-02|2021-10-27|2022-03-02|2022-04-28|2022-07-28|2022-11-01|2023-02-28|2023-05-04|2023-08-02|2023-10-31|2024-02-29|2024-05-02|2024-07-30|2024-10-29|2025-02-27|2025-05-01|2025-07-30|2025-10-29|2026-02-25|2026-04-29|2026-07-29|2026-10-28
HBB,2026-09-21,2018-03-07|2018-05-02|2018-08-01|2018-10-30|2019-03-06|2019-04-25|2019-07-31|2019-11-06|2020-02-26|2020-07-23|2020-08-05|2020-11-09|2021-03-16|2021-05-05|2021-08-04|2021-11-03|2022-03-09|2022-05-04|2022-08-03|2022-11-02|2023-03-09|2026-11-04
HBCP,2026-09-14,2020-10-27|2021-01-26|2021-04-27|2021-07-27|2021-10-26|2022-01-25|2022-04-26|2022-07-26|2022-10-18|2023-01-24|2023-04-18|2023-07-17|2023-10-18|2024-01-22|2024-04-17|2024-07-17|2024-10-17|2025-01-27|2025-04-21|2025-07-21|2025-10-20|2026-01-26|2026-04-20|2026-07-20|2026-10-19
HBIO,2026-10-05,2020-11-05|2021-03-10|2021-05-06|2021-08-05|2021-11-03|2022-03-08|2022-05-04|2022-08-03|2022-11-08|2023-03-09|2023-04-25|2023-08-08|2023-11-07|2024-03-07|2024-05-07|2024-08-08|2024-11-07|2025-03-12|2025-05-12|2025-08-11|2025-11-06|2026-03-12|2026-05-12|2026-08-11|2026-11-05
HBNC,2026-09-14,2020-10-28|2021-01-27|2021-04-28|2021-07-27|2021-10-27|2022-01-26|2022-04-27|2022-07-27|2022-10-26|2023-01-25|2023-04-26|2023-07-26|2023-10-25|2024-01-24|2024-04-24|2024-07-24|2024-10-23|2025-01-22|2025-04-23|2025-07-23|2025-10-22|2026-01-21|2026-04-22|2026-07-22|2026-10-21
HBT,2026-09-21,2020-10-26|2021-01-28|2021-04-26|2021-07-26|2021-10-25|2022-01-27|2022-04-25|2022-07-25|2022-10-24|2023-01-25|2023-04-26|2023-07-24|2023-10-23|2024-01-24|2024-04-22|2024-07-22|2024-10-21|2025-01-22|2025-04-21|2025-07-21|2025-10-20|2026-01-26|2026-04-27|2026-07-27|2026-10-26
HCSG,2026-09-21,2020-10-21|2021-02-10|2021-04-21|2021-07-21|2021-10-20|2022-02-09|2022-04-20|2022-07-20|2022-10-19|2023-02-15|2023-04-26|2023-07-26|2023-10-25|2024-02-14|2024-04-24|2024-07-24|2024-10-23|2025-02-12|2025-04-23|2025-07-23|2025-10-22|2026-02-11|2026-04-22|2026-07-22|2026-10-21
HCWC,2026-09-07,2025-03-28|2025-05-09|2025-08-14|2025-10-20
HD,2026-10-05,2020-11-17|2021-02-23|2021-05-18|2021-08-17|2021-11-16|2022-02-22|2022-05-17|2022-08-16|2022-11-15|2023-02-21|2023-05-16|2023-08-15|2023-11-14|2024-02-20|2024-05-14|2024-08-13|2024-11-12|2025-02-25|2025-05-20|2025-08-19|2025-11-18|2026-02-24|2026-05-19|2026-08-18|2026-11-17
HDRN,2026-10-05,FAILED
HE,2026-10-05,2020-11-06|2021-02-16|2021-05-07|2021-08-09|2021-11-05|2022-02-14|2022-05-09|2022-08-08|2022-11-07|2023-02-14|2023-05-09|2023-08-07|2023-11-09|2024-02-13|2024-05-10|2024-08-09|2024-11-08|2025-02-21|2025-05-09|2025-08-07|2025-11-07|2026-02-27|2026-05-08|2026-08-07|2026-11-13
HEI,2026-09-21,2020-12-21|2021-02-23|2021-05-25|2021-08-24|2021-12-15|2022-02-23|2022-05-23|2022-08-29|2022-12-19|2023-02-27|2023-05-24|2023-08-30|2023-12-18|2024-02-26|2024-05-28|2024-08-26|2024-12-17|2025-02-26|2025-05-27|2025-08-25|2025-12-18|2026-02-25|2026-05-27|2026-08-25|2026-12-17
HELP,2026-10-05,2021-02-15|2021-06-28|2021-08-13|2021-11-15|2022-02-10|2022-06-22|2022-08-08|2022-11-14|2023-02-14|2023-06-27|2023-08-14|2023-11-13|2024-02-14|2024-06-26|2024-08-08|2024-11-13|2025-02-10|2025-06-30|2025-08-13|2025-11-13|2026-02-13|2026-06-29|2026-08-14|2026-11-12
HEQ,2026-08-17,FAILED
HESM,2026-10-05,2020-10-28|2021-01-27|2021-04-28|2021-07-28|2021-10-27|2022-01-26|2022-04-27|2022-07-27|2022-10-26|2023-01-25|2023-04-26|2023-07-26|2023-11-02|2024-01-31|2024-04-25|2024-07-31|2024-10-30|2025-01-29|2025-04-30|2025-07-30|2025-11-03|2026-02-02|2026-05-04|2026-08-03|2026-11-02
HFG.L,2026-08-31,2026-09-03|2027-04-08
HFWA,2026-09-21,2020-10-22|2021-01-28|2021-04-22|2021-07-22|2021-10-21|2022-01-27|2022-04-21|2022-07-21|2022-10-20|2023-01-26|2023-04-20|2023-07-20|2023-10-19|2024-01-25|2024-04-25|2024-07-25|2024-10-24|2025-01-23|2025-04-24|2025-07-24|2025-10-23|2026-01-22|2026-04-23|2026-07-23|2026-10-22
HG,2026-10-05,2024-03-07|2024-05-09|2024-08-07|2024-11-06|2025-02-26|2025-05-07|2025-08-06|2025-11-04|2026-02-19|2026-04-30|2026-08-06|2026-10-29
HGBL,2026-10-05,2020-11-09|2021-03-08|2021-05-13|2021-08-12|2021-11-10|2022-03-17|2022-05-12|2022-08-10|2022-11-10|2023-03-09|2023-05-11|2023-08-10|2023-11-09|2024-03-14|2024-05-09|2024-08-08|2024-11-07|2025-03-13|2025-05-08|2025-08-07|2025-11-06|2026-03-12|2026-05-07|2026-08-13|2026-11-05
HGLB,2026-10-05,FAILED
HGTY,2026-10-05,2022-11-10|2023-03-14|2023-05-09|2023-08-08|2023-11-08|2024-03-12|2024-05-07|2024-08-06|2024-11-07|2025-03-04|2025-05-07|2025-08-04|2025-11-04|2026-02-26|2026-05-06|2026-08-05|2026-11-04
HGV,2026-10-05,2020-10-29|2021-03-01|2021-04-29|2021-07-29|2021-11-09|2022-03-01|2022-05-09|2022-08-09|2022-11-09|2023-03-01|2023-04-27|2023-08-03|2023-11-06|2024-02-29|2024-05-09|2024-08-08|2024-11-07|2025-02-27|2025-05-01|2025-07-31|2025-10-30|2026-02-26|2026-04-30|2026-07-30|2026-10-29
HHH,2026-10-05,2020-11-05|2021-02-25|2021-05-10|2021-08-04|2021-11-04|2022-02-28|2022-05-09|2022-08-03|2022-11-02|2023-02-27|2023-05-08|2023-08-08|2023-11-06|2024-02-27|2024-05-08|2024-07-26|2024-11-04|2025-02-26|2025-05-07|2025-08-06|2025-11-10|2026-02-19|2026-05-07|2026-08-05|2026-11-09
HHS,2026-09-14,2018-11-07|2019-03-13|2019-05-08|2019-08-08|2019-11-12|2020-03-12|2020-05-14|2020-08-13|2020-11-12|2021-03-18|2021-05-13|2021-08-12|2021-11-11|2022-02-24|2022-05-13|2022-08-11|2022-11-10|2023-03-07|2023-05-02|2023-08-10|2023-11-09|2024-03-14|2024-05-10|2024-11-14|2026-03-16
HICL.L,2026-08-31,2026-11-25
HIG,2026-10-05,2020-10-29|2021-02-04|2021-04-22|2021-07-28|2021-10-28|2022-02-03|2022-04-28|2022-07-28|2022-10-27|2023-02-02|2023-04-27|2023-07-27|2023-10-26|2024-02-01|2024-04-25|2024-07-25|2024-10-24|2025-01-30|2025-04-24|2025-07-28|2025-10-27|2026-01-29|2026-04-23|2026-07-23|2026-10-26
HII,2026-09-07,2020-11-05|2021-02-11|2021-05-06|2021-08-05|2021-11-04|2022-02-10|2022-05-05|2022-08-04|2022-11-03|2023-02-09|2023-05-04|2023-08-03|2023-11-02|2024-02-01|2024-05-02|2024-08-01|2024-10-31|2025-02-06|2025-05-01|2025-07-31|2025-10-30|2026-02-05|2026-05-05|2026-07-30|2026-10-29
HITI,2026-10-05,2021-02-28|2021-03-31|2021-06-28|2021-09-14|2022-02-02|2022-03-17|2022-06-14|2022-09-14|2023-01-30|2023-03-17|2023-06-14|2023-09-14|2024-01-29|2024-03-15|2024-06-13|2024-09-16|2025-01-29|2025-03-17|2025-06-16|2025-09-15|2026-01-29|2026-03-17|2026-06-15|2026-09-14|2027-01-28
HLCL.L,2026-10-05,2026-11-26
HLI,2026-10-05,2020-10-29|2021-01-28|2021-05-11|2021-08-03|2021-10-28|2022-02-08|2022-05-12|2022-07-28|2022-10-27|2023-01-31|2023-05-09|2023-07-27|2023-10-26|2024-02-01|2024-05-08|2024-07-30|2024-10-30|2025-01-28|2025-05-07|2025-07-29|2025-10-30|2026-01-28|2026-05-06|2026-07-29|2026-10-28
HLP,2026-10-05,FAILED
HMC,2026-10-05,2007-01-31|2007-04-25|2007-07-25|2007-10-25|2008-01-30|2008-04-25|2008-07-25|2008-10-28|2009-01-30|2009-04-28|2010-10-29|2011-01-31|2011-04-28|2011-08-01|2011-10-31|2012-01-31|2012-04-27|2012-07-31|2012-10-29|2013-01-31|2013-06-14|2013-07-31|2013-10-30|2014-01-31|2026-11-05
HMN,2026-09-21,2020-11-02|2021-02-02|2021-05-04|2021-08-02|2021-11-03|2022-02-01|2022-05-05|2022-08-04|2022-11-03|2023-02-07|2023-05-02|2023-08-01|2023-11-02|2024-02-07|2024-05-08|2024-08-07|2024-11-04|2025-02-05|2025-05-06|2025-08-06|2025-11-04|2026-02-03|2026-05-06|2026-08-05|2026-11-03
HMR,2026-10-05,2025-08-11|2025-11-06|2026-03-24|2026-05-26|2026-09-01|2026-11-05
HNRG,2026-10-05,2020-03-09|2020-05-11|2020-08-03|2020-11-02|2021-03-09|2021-08-09|2021-11-08|2022-03-28|2022-11-14|2023-03-16|2023-05-08|2023-08-07|2023-11-06|2024-03-13|2024-05-06|2024-08-06|2024-11-12|2025-03-17|2025-05-12|2025-08-11|2025-11-10|2026-03-12|2026-05-06|2026-08-10|2026-11-09
HNST,2026-10-05,2021-06-16|2021-08-13|2021-11-10|2022-03-24|2022-05-13|2022-08-12|2022-11-10|2023-03-16|2023-05-09|2023-08-08|2023-11-08|2024-03-06|2024-05-08|2024-08-08|2024-11-12|2025-02-26|2025-05-07|2025-08-06|2025-11-05|2026-02-25|2026-05-06|2026-08-05|2026-11-04
HNVR,2026-10-05,2022-07-27|2022-10-26|2023-01-25|2023-04-27|2023-07-27|2024-01-24|2024-04-17|2024-07-24|2024-10-23|2025-01-29|2025-04-23|2025-07-23|2025-10-30|2026-01-29|2026-04-27|2026-07-23|2026-10-29
HOC.L,2026-10-05,2011-08-22|2013-08-20|2013-11-27|2014-03-12|2016-04-14|2016-08-15|2017-08-16|2024-05-11|2026-08-26|2027-03-10
HOFT,2026-09-14,2020-12-10|2021-04-14|2021-06-04|2021-09-09|2021-12-09|2022-04-13|2022-06-09|2022-09-08|2022-12-08|2023-04-14|2023-06-08|2023-09-08|2023-12-07|2024-04-11|2024-06-06|2024-09-05|2024-12-05|2025-04-17|2025-06-12|2025-09-11|2025-12-11|2026-04-16|2026-06-11|2026-09-11|2026-12-10
HOMB,2026-10-05,2021-01-21|2021-04-15|2021-07-15|2021-10-21|2022-01-20|2022-04-21|2022-07-21|2022-10-20|2023-01-19|2023-04-20|2023-07-20|2023-10-19|2024-01-18|2024-04-18|2024-07-17|2024-10-16|2025-01-15|2025-04-16|2025-07-16|2025-10-15|2026-01-14|2026-04-15|2026-07-15|2026-10-14
HON,2026-10-05,2020-10-30|2021-01-29|2021-04-23|2021-07-23|2021-10-22|2022-02-03|2022-04-29|2022-07-28|2022-10-27|2023-02-02|2023-04-27|2023-07-27|2023-10-26|2024-02-01|2024-04-25|2024-07-25|2024-10-24|2025-02-06|2025-04-29|2025-07-24|2025-10-23|2026-01-29|2026-04-23|2026-07-23|2026-10-22
HOOD,2026-10-05,2021-08-18|2021-10-26|2022-01-27|2022-04-28|2022-08-02|2022-11-02|2023-02-08|2023-05-10|2023-08-02|2023-11-07|2024-02-13|2024-05-08|2024-08-07|2024-10-30|2025-02-12|2025-04-30|2025-07-30|2025-11-05|2026-02-10|2026-04-28|2026-07-29|2026-10-27
HOPE,2026-09-14,2020-10-20|2021-01-26|2021-04-27|2021-07-20|2021-10-25|2022-01-24|2022-04-18|2022-07-19|2022-10-24|2023-01-23|2023-04-24|2023-07-24|2023-10-23|2024-01-30|2024-04-29|2024-07-29|2024-10-28|2025-01-27|2025-04-22|2025-07-22|2025-10-28|2026-01-27|2026-04-28|2026-07-27|2026-10-27
HOS,2026-10-05,2026-10-21
HOST,2026-10-05,FAILED
HOV,2026-09-14,2015-09-09|2015-12-04|2016-03-09|2016-06-02|2016-09-09|2016-12-08|2017-03-08|2017-06-02|2017-09-07|2017-12-21|2018-03-08|2018-06-07|2018-09-10|2018-12-06|2019-03-07|2019-06-06|2019-09-05|2019-12-05|2025-02-24|2025-05-20|2025-08-21|2025-12-04|2026-05-21|2026-08-20|2026-12-03
HP,2026-10-05,2020-11-19|2021-02-09|2021-04-29|2021-07-28|2021-11-17|2022-01-31|2022-04-27|2022-07-27|2022-11-16|2023-01-30|2023-04-26|2023-07-26|2023-11-08|2024-01-29|2024-04-24|2024-07-24|2024-11-13|2025-02-05|2025-05-07|2025-08-06|2025-11-17|2026-02-04|2026-05-06|2026-08-05|2026-11-16
HPE,2026-10-05,2020-12-01|2021-03-02|2021-06-01|2021-09-02|2021-11-30|2022-03-01|2022-06-01|2022-08-30|2022-11-29|2023-03-02|2023-05-30|2023-08-29|2023-11-28|2024-02-29|2024-06-04|2024-09-04|2024-12-05|2025-03-06|2025-06-03|2025-09-03|2025-12-04|2026-03-09|2026-06-01|2026-09-02|2026-12-03
HPK,2026-10-05,2021-08-09|2021-11-08|2022-03-07|2022-05-16|2022-08-08|2022-11-14|2023-03-06|2023-05-10|2023-08-07|2023-11-06|2024-03-06|2024-05-08|2024-08-05|2024-11-04|2025-03-10|2025-05-12|2025-08-11|2025-11-05|2026-03-11|2026-05-06|2026-08-10|2026-11-04
HPP,2026-09-21,2020-10-29|2021-02-17|2021-05-05|2021-08-03|2021-10-26|2022-02-16|2022-04-27|2022-07-26|2022-11-02|2023-02-08|2023-05-08|2023-08-01|2023-11-01|2024-02-12|2024-05-01|2024-08-07|2024-11-12|2025-02-20|2025-05-07|2025-08-05|2025-11-05|2026-02-26|2026-05-07|2026-08-05|2026-11-05
HPQ,2026-10-05,2020-11-24|2021-02-25|2021-05-27|2021-08-26|2021-11-23|2022-02-28|2022-05-31|2022-08-30|2022-11-22|2023-02-28|2023-05-30|2023-08-29|2023-11-21|2024-02-28|2024-05-29|2024-08-28|2024-11-26|2025-02-27|2025-05-28|2025-08-27|2025-11-25|2026-02-24|2026-05-27|2026-08-26|2026-11-24
HQI,2026-10-05,2022-03-15|2022-05-10|2022-08-09|2022-11-04|2023-03-16|2023-05-11|2023-08-10|2023-11-08|2024-03-21|2024-05-09|2024-08-08|2024-11-07|2025-03-27|2025-05-08|2025-08-07|2025-11-06|2026-03-30|2026-08-10|2026-11-05
HQY,2026-10-05,2020-12-07|2021-03-15|2021-06-07|2021-09-08|2021-12-06|2022-03-22|2022-06-06|2022-09-06|2022-12-06|2023-03-21|2023-06-05|2023-09-05|2023-12-05|2024-03-19|2024-06-03|2024-09-03|2024-12-09|2025-03-18|2025-06-03|2025-09-02|2025-12-03|2026-03-17|2026-05-28|2026-08-27|2026-12-02
HRB,2026-10-05,2020-06-16|2020-09-01|2020-12-08|2021-03-09|2021-11-02|2022-02-01|2022-05-10|2022-08-09|2022-11-01|2023-02-07|2023-05-09|2023-08-15|2023-11-07|2024-02-06|2024-05-09|2024-08-15|2024-11-07|2025-02-04|2025-05-07|2025-08-12|2025-11-06|2026-02-03|2026-05-06|2026-08-11|2026-11-05
HRL,2026-10-05,2020-11-24|2021-02-18|2021-05-20|2021-09-02|2021-12-09|2022-03-01|2022-06-02|2022-09-01|2022-11-30|2023-03-02|2023-06-01|2023-08-31|2023-11-29|2024-02-29|2024-05-30|2024-09-04|2024-12-04|2025-02-27|2025-05-29|2025-08-28|2025-12-04|2026-02-26|2026-05-28|2026-08-27|2026-12-03
HRMY,2026-10-05,2020-11-12|2021-03-25|2021-05-11|2021-08-10|2021-11-09|2022-02-28|2022-05-03|2022-08-02|2022-11-01|2023-02-21|2023-05-02|2023-08-01|2023-10-31|2024-02-22|2024-04-30|2024-08-06|2024-10-29|2025-02-25|2025-05-06|2025-08-05|2025-11-04|2026-02-24|2026-05-07|2026-08-04|2026-11-03
HRTG,2026-10-05,2020-11-02|2021-03-03|2021-05-05|2021-08-05|2021-11-04|2022-03-07|2022-05-05|2022-08-04|2022-11-08|2023-03-02|2023-05-04|2023-08-08|2023-11-02|2024-03-11|2024-05-01|2024-08-06|2024-11-06|2025-03-11|2025-05-06|2025-08-05|2025-11-05|2026-03-09|2026-05-07|2026-08-05|2026-11-04
HSBA.L,2026-09-07,2020-10-27|2021-02-22|2021-04-27|2021-08-02|2021-10-25|2022-02-21|2022-04-26|2022-08-01|2022-10-25|2023-02-20|2023-05-02|2023-08-01|2023-10-30|2024-02-21|2024-04-30|2024-07-31|2024-10-29|2025-02-18|2025-04-29|2025-07-30|2025-10-28|2026-02-25|2026-05-04|2026-08-04|2026-10-27
HSDT,2026-10-05,2020-05-07|2020-08-12|2020-11-12|2021-03-10|2021-05-16|2021-08-12|2021-11-09|2022-03-14|2022-05-12|2022-08-15|2022-11-14|2023-03-09|2023-05-11|2023-08-10|2023-11-09|2024-03-28|2024-05-13|2024-08-12|2024-11-12|2025-03-25|2025-05-01|2025-08-14|2025-11-18|2026-05-15|2026-08-14
HSHP,2026-10-05,2026-11-11
HSTM,2026-10-05,2020-10-26|2021-02-22|2021-04-26|2021-07-26|2021-10-25|2022-02-21|2022-04-25|2022-07-25|2022-10-24|2023-02-20|2023-04-24|2023-07-24|2023-10-23|2024-02-19|2024-04-22|2024-07-22|2024-10-21|2025-02-24|2025-05-05|2025-08-04|2025-11-03|2026-02-23|2026-05-04|2026-08-03|2026-11-02
HSW.L,2026-10-05,FAILED
HSX.L,2026-09-14,2026-08-05|2027-02-24
HSY,2026-10-05,2020-11-06|2021-02-04|2021-04-29|2021-07-29|2021-10-28|2022-02-03|2022-04-28|2022-07-28|2022-11-04|2023-02-02|2023-04-27|2023-07-27|2023-10-26|2024-02-08|2024-05-03|2024-08-01|2024-11-07|2025-02-06|2025-05-01|2025-07-30|2025-10-30|2026-02-05|2026-04-30|2026-07-30|2026-10-29
HTB,2026-09-14,2020-01-29|2020-04-29|2020-07-27|2020-10-29|2021-01-28|2021-04-28|2021-07-29|2021-10-27|2022-01-27|2022-04-27|2022-07-27|2022-10-26|2023-10-25|2024-01-24|2024-04-24|2024-07-24|2024-10-24|2025-01-23|2025-04-24|2025-07-22|2025-10-22|2026-01-22|2026-04-23|2026-07-23|2026-10-22
HTCO,2026-10-05,FAILED
HTCR,2026-10-05,2023-03-31|2023-05-22|2023-08-14|2023-11-13|2024-04-09|2024-05-15|2024-08-14|2024-11-14|2025-03-31|2025-05-15|2025-08-13
HTO,2026-10-05,2020-11-04|2021-02-18|2021-04-28|2021-07-29|2021-10-28|2022-02-17|2022-04-27|2022-07-27|2022-10-27|2023-02-22|2023-05-01|2023-07-31|2023-10-30|2024-02-21|2024-04-25|2024-07-24|2024-10-28|2025-02-26|2025-04-28|2025-07-28|2025-10-27|2026-02-25|2026-04-28|2026-07-27|2026-10-26
HTOO,2026-10-05,2021-08-17|2021-11-17|2022-03-03|2022-09-08|2022-12-13|2023-05-16
HTZ,2026-10-05,2021-08-09|2021-10-28|2022-02-23|2022-04-27|2022-07-28|2022-10-27|2023-02-07|2023-04-27|2023-07-27|2023-10-26|2024-02-06|2024-04-25|2024-08-01|2024-11-12|2025-02-13|2025-05-12|2025-08-07|2025-11-04|2026-02-26|2026-05-07|2026-08-06|2026-11-05
HUHU,2026-10-05,FAILED
HUM,2026-10-05,2020-11-03|2021-02-03|2021-04-28|2021-07-28|2021-11-03|2022-02-02|2022-04-27|2022-07-27|2022-11-02|2023-02-01|2023-04-26|2023-08-02|2023-11-01|2024-01-25|2024-04-24|2024-07-31|2024-10-30|2025-02-11|2025-04-30|2025-07-29|2025-11-05|2026-02-11|2026-04-29|2026-07-29|2026-11-06
HUN,2026-10-05,2020-10-29|2021-02-12|2021-04-30|2021-07-30|2021-10-29|2022-02-15|2022-04-28|2022-08-02|2022-11-04|2023-02-21|2023-05-05|2023-07-31|2023-10-31|2024-02-21|2024-05-02|2024-08-05|2024-11-04|2025-02-17|2025-05-01|2025-07-31|2025-11-06|2026-02-17|2026-04-30|2026-07-30|2026-11-02
HURC,2026-09-14,2007-05-18|2007-08-16|2007-12-07|2008-02-28|2008-05-23|2008-09-09|2009-02-27|2009-05-29|2009-08-28|2010-06-04|2010-09-03|2011-01-12|2011-03-10|2011-06-03|2011-09-09|2012-01-13|2012-03-09|2012-06-08|2013-06-07|2013-09-06|2014-01-10|2014-03-07|2014-06-06|2014-09-05|2026-09-04|2027-01-08
HVPE.L,2026-09-07,FAILED
HVT,2026-10-05,2020-08-10|2020-10-28|2021-02-17|2021-04-27|2021-07-27|2021-10-28|2022-02-15|2022-05-02|2022-11-01|2023-02-21|2023-05-02|2023-08-01|2023-11-01|2024-02-21|2024-05-01|2024-07-31|2024-10-30|2025-02-24|2025-04-30|2025-07-30|2025-10-29|2026-02-24|2026-05-05|2026-08-04|2026-10-28
HWC,2026-10-05,2020-10-20|2021-01-20|2021-04-20|2021-07-20|2021-10-19|2022-01-18|2022-04-19|2022-07-19|2022-10-18|2023-01-17|2023-04-18|2023-07-18|2023-10-17|2024-01-16|2024-04-16|2024-07-16|2024-10-15|2025-01-21|2025-04-15|2025-07-15|2025-10-14|2026-01-20|2026-04-21|2026-07-21|2026-10-20
HXL,2026-10-05,2020-10-19|2021-01-25|2021-04-19|2021-07-26|2021-10-18|2022-01-26|2022-04-25|2022-07-25|2022-10-24|2023-01-25|2023-04-24|2023-07-24|2023-10-23|2024-01-24|2024-04-22|2024-07-18|2024-10-21|2025-01-22|2025-04-21|2025-07-24|2025-10-22|2026-01-28|2026-04-22|2026-07-29|2026-10-21
IAG,2026-10-05,2020-11-04|2021-02-16|2021-05-03|2021-08-04|2021-11-03|2022-02-23|2022-05-03|2022-08-03|2022-11-08|2023-02-16|2023-05-11|2023-08-10|2023-11-09|2024-02-15|2024-05-09|2024-08-08|2024-11-07|2025-02-20|2025-05-06|2025-08-07|2025-11-03|2026-02-17|2026-05-04|2026-08-06|2026-11-05
IART,2026-09-14,2020-10-28|2021-02-18|2021-04-28|2021-07-28|2021-11-02|2022-02-23|2022-04-27|2022-07-27|2022-10-26|2023-02-22|2023-04-26|2023-07-26|2023-10-25|2024-02-28|2024-05-06|2024-07-29|2024-11-04|2025-02-25|2025-05-05|2025-07-31|2025-10-30|2026-02-26|2026-05-05|2026-07-29|2026-10-29
IBEX,2026-10-05,2020-11-16|2021-02-18|2021-05-18|2021-09-14|2021-11-22|2022-02-16|2022-05-18|2022-09-22|2022-11-15|2023-02-15|2023-05-17|2023-09-13|2023-11-09|2024-02-08|2024-05-09|2024-09-12|2024-11-07|2025-02-06|2025-05-08|2025-09-11|2025-11-06|2026-02-05|2026-05-06|2026-09-10|2026-11-05
IBIO,2026-09-28,2011-09-29|2011-11-14|2012-02-14|2012-05-15|2020-10-13|2020-11-16|2021-02-16|2021-05-17|2021-09-27|2021-11-15|2022-02-14|2022-05-12|2022-10-11|2022-11-14|2023-02-14|2023-05-15|2023-09-27|2024-09-20|2024-11-12|2025-02-10|2025-05-02|2025-09-05|2025-11-12|2026-02-10|2026-08-28
IBO,2026-10-05,FAILED
IBOC,2026-09-14,2002-11-07|2004-02-26|2009-05-04|2009-08-04|2009-11-02|2010-03-01|2010-05-06|2010-08-05|2010-11-01|2011-02-28|2011-05-06|2011-08-08|2011-11-07|2012-02-27|2012-05-07|2012-08-06|2012-11-05|2013-02-25|2013-05-09|2013-08-05|2026-02-26|2026-05-07|2026-08-06|2026-11-05
IBP,2026-10-05,2020-11-05|2021-02-24|2021-05-07|2021-08-05|2021-11-04|2022-02-24|2022-05-05|2022-08-04|2022-11-03|2023-02-22|2023-05-04|2023-08-02|2023-11-08|2024-02-22|2024-05-09|2024-08-01|2024-11-07|2025-02-27|2025-05-08|2025-08-07|2025-11-05|2026-02-26|2026-05-07|2026-08-06|2026-11-04
IBTA,2026-10-05,2024-05-31|2024-08-13|2024-11-13|2025-02-26|2025-05-14|2025-08-13|2025-11-12|2026-02-25|2026-05-06|2026-08-03|2026-11-02
ICCM,2026-10-05,2022-08-15|2022-12-05|2023-03-29|2023-05-22|2023-08-14|2023-11-15|2024-04-03|2024-05-28|2024-08-20|2024-11-26|2025-03-27|2025-05-28|2025-08-13|2025-11-19|2026-03-17|2026-05-12|2026-08-12|2026-11-18
ICE,2026-09-14,2020-10-29|2021-02-04|2021-04-29|2021-07-29|2021-10-28|2022-02-03|2022-05-05|2022-08-04|2022-11-03|2023-02-02|2023-05-04|2023-08-03|2023-11-02|2024-02-08|2024-05-02|2024-08-01|2024-10-31|2025-02-06|2025-05-01|2025-07-31|2025-10-30|2026-02-05|2026-04-30|2026-07-30|2026-10-29
ICUI,2026-10-05,2020-11-05|2021-02-25|2021-05-06|2021-08-04|2021-11-03|2022-02-24|2022-05-09|2022-08-08|2022-11-07|2023-02-27|2023-05-08|2023-08-07|2023-11-06|2024-02-27|2024-05-07|2024-08-07|2024-11-12|2025-02-27|2025-05-08|2025-08-07|2025-11-06|2026-02-19|2026-05-07|2026-08-06|2026-11-05
IDA,2026-10-05,2020-10-29|2021-02-18|2021-04-29|2021-07-29|2021-10-28|2022-02-17|2022-05-05|2022-08-04|2022-11-03|2023-02-16|2023-05-04|2023-08-03|2023-11-02|2024-02-15|2024-05-02|2024-08-01|2024-10-31|2025-02-20|2025-05-01|2025-07-31|2025-10-30|2026-02-19|2026-04-30|2026-07-30|2026-10-29
IDN,2026-10-05,2020-08-12|2020-11-04|2021-03-17|2021-05-04|2021-08-03|2021-11-10|2022-03-09|2022-06-13|2022-08-11|2022-11-14|2023-03-21|2023-05-09|2023-08-10|2023-11-08|2024-04-01|2024-05-13|2024-08-08|2024-11-13|2025-03-20|2025-05-13|2025-08-12|2025-11-12|2026-03-19|2026-08-13|2026-11-12
IDR,2026-10-05,2022-08-15|2022-11-14|2023-03-31|2023-05-15|2023-08-14|2023-11-06|2024-03-25|2024-05-06|2024-07-30|2024-11-04|2025-03-31|2025-05-08|2025-08-07|2025-11-12|2026-03-23|2026-05-14|2026-08-13|2026-11-11
IDXX,2026-10-05,2020-10-29|2021-02-02|2021-05-04|2021-07-30|2021-11-02|2022-02-02|2022-05-04|2022-08-02|2022-11-01|2023-02-06|2023-05-02|2023-08-01|2023-11-01|2024-02-05|2024-05-01|2024-08-06|2024-10-31|2025-02-03|2025-05-01|2025-08-04|2025-11-03|2026-02-02|2026-05-05|2026-08-04|2026-11-02
IE,2026-10-05,2022-11-14|2023-03-14|2023-05-15|2023-08-14|2023-11-07|2024-02-26|2024-05-08|2024-08-07|2024-11-08|2025-02-27|2025-05-06|2025-08-05|2025-11-05|2026-02-23|2026-05-07|2026-08-07|2026-11-05
IESC,2026-08-24,2011-02-09|2011-05-16|2011-08-15|2025-08-01|2025-11-21|2026-01-30|2026-05-01|2026-07-31|2026-11-20
IEX,2026-09-07,2020-10-27|2021-02-03|2021-04-27|2021-07-27|2021-10-26|2022-02-01|2022-04-26|2022-07-26|2022-10-25|2023-01-31|2023-04-26|2023-07-26|2023-10-25|2024-02-07|2024-04-23|2024-07-31|2024-10-29|2025-02-04|2025-05-01|2025-07-30|2025-10-29|2026-02-04|2026-04-29|2026-07-29|2026-10-28
IFF,2026-09-21,2020-11-09|2021-02-10|2021-05-10|2021-08-05|2021-11-08|2022-02-09|2022-05-09|2022-08-08|2022-11-07|2023-02-08|2023-05-08|2023-08-07|2023-11-06|2024-02-20|2024-05-06|2024-08-06|2024-11-05|2025-02-18|2025-05-06|2025-08-05|2025-11-04|2026-02-11|2026-05-05|2026-08-04|2026-11-03
IFS,2026-09-07,2020-11-12|2021-02-11|2021-05-11|2021-08-11|2021-11-09|2022-02-11|2022-05-13|2022-08-16|2022-11-10|2023-02-14|2023-05-09|2023-08-10|2023-11-09|2024-02-13|2024-05-12|2024-08-15|2024-11-13|2025-02-05|2025-05-08|2025-08-10|2025-11-06|2026-02-12|2026-05-10|2026-08-11|2026-11-09
IGG.L,2026-10-05,2026-08-19|2027-03-18
IGI,2026-10-05,FAILED
IGIC,2026-09-28,2020-11-12|2021-03-11|2021-05-20|2021-08-12|2021-11-12|2022-03-03|2022-05-19|2022-08-18|2022-11-10|2023-03-02|2023-05-16|2023-08-15|2023-11-14|2024-03-12|2024-05-07|2024-08-06|2024-11-05|2025-02-25|2025-05-06|2025-08-05|2025-11-04|2026-02-24|2026-05-05|2026-08-04|2026-11-03
IHP.L,2026-09-21,2026-12-09
IHRT,2026-10-05,2020-11-09|2021-02-25|2021-05-06|2021-08-05|2021-11-04|2022-02-23|2022-05-05|2022-08-04|2022-11-03|2023-02-28|2023-05-02|2023-08-08|2023-11-09|2024-02-29|2024-05-09|2024-08-08|2024-11-07|2025-02-27|2025-05-12|2025-08-11|2025-11-10|2026-03-02|2026-05-11|2026-08-10|2026-11-09
III,2026-10-05,2020-11-09|2021-03-11|2021-05-10|2021-08-09|2021-11-05|2022-03-10|2022-05-09|2022-08-08|2022-11-03|2023-03-09|2023-05-09|2023-08-03|2023-11-02|2024-03-07|2024-05-09|2024-08-05|2024-11-07|2025-03-06|2025-05-08|2025-08-06|2025-11-03|2026-03-05|2026-05-07|2026-08-05|2026-11-02
IIIV,2026-10-05,2020-11-19|2021-02-08|2021-05-10|2021-08-09|2021-11-17|2022-02-08|2022-05-09|2022-08-08|2022-11-16|2023-02-08|2023-05-09|2023-08-08|2023-11-15|2024-02-08|2024-05-10|2024-08-08|2024-11-18|2025-02-06|2025-05-08|2025-08-07|2025-11-17|2026-02-05|2026-05-07|2026-08-06|2026-11-19
IIM,2026-10-05,FAILED
IIPR,2026-09-28,2020-11-04|2021-02-24|2021-05-05|2021-08-04|2021-11-03|2022-02-23|2022-05-04|2022-08-03|2022-11-02|2023-02-27|2023-05-08|2023-08-02|2023-11-01|2024-02-26|2024-05-08|2024-08-05|2024-11-06|2025-02-19|2025-05-07|2025-08-06|2025-11-03|2026-02-23|2026-05-04|2026-08-03|2026-11-02
IMAX,2026-09-07,2020-10-29|2021-03-04|2021-04-29|2021-07-27|2021-10-28|2022-02-24|2022-04-28|2022-07-28|2022-10-31|2023-02-22|2023-04-27|2023-07-26|2023-10-25|2024-02-27|2024-04-25|2024-07-25|2024-10-30|2025-02-19|2025-04-23|2025-07-24|2025-10-23|2026-02-25|2026-04-30|2026-07-23|2026-10-29
IMB.L,2026-10-05,2026-11-17
IMCC,2026-10-05,2021-08-16|2021-11-15|2022-03-31|2022-05-12|2022-08-15|2022-11-14|2023-03-29|2023-05-15|2023-08-14|2023-11-13|2024-03-28|2024-05-08|2024-08-14|2024-11-14|2025-03-31
IMMR,2026-10-05,2020-08-06|2020-11-05|2021-03-04|2021-05-06|2021-08-16|2021-11-03|2022-02-24|2022-08-15|2022-11-14|2023-02-22|2023-05-10|2023-08-11|2023-11-13|2024-03-07|2024-05-08|2024-08-20|2025-03-12|2025-09-16|2026-03-12|2026-03-26|2026-04-14|2026-05-04|2026-07-24|2026-09-14|2026-12-15
IMMX,2026-10-05,2023-03-27|2023-05-12|2023-08-11|2023-11-13|2024-03-29|2024-05-09|2024-08-12|2024-11-12|2025-03-25|2025-05-08|2025-08-08|2025-11-07|2026-03-25|2026-05-07|2026-08-07|2026-11-06
IMPP,2026-10-05,2024-05-16|2024-12-03|2025-02-12|2025-05-23|2025-09-05|2025-12-10|2026-03-06|2026-05-22|2026-09-09
IMSR,2026-10-05,2026-05-14|2026-08-11|2026-11-09
IMTX,2026-10-05,2020-12-02|2021-03-30|2021-05-18|2021-08-10|2021-11-16|2022-03-23|2022-06-02|2022-08-09|2022-11-17|2023-03-21|2023-05-16|2023-08-17|2023-11-14|2024-03-21|2024-05-14|2024-08-13|2024-11-18|2025-03-27|2025-05-13|2025-08-13|2025-11-17|2026-03-05|2026-05-12|2026-08-18|2026-11-17
IMUX,2026-10-05,2020-11-05|2021-02-26|2021-05-06|2021-08-06|2021-11-04|2022-02-24|2022-05-10|2022-08-04|2022-11-03|2023-02-23|2023-05-11|2023-08-03|2023-11-14|2024-02-22|2024-05-08|2024-08-08|2024-11-07|2025-03-31|2025-05-15|2025-08-07|2025-11-13|2026-02-26|2026-05-13|2026-08-11|2026-11-12
IMXI,2026-09-07,2020-11-04|2021-03-10|2021-05-05|2021-08-04|2021-11-03|2022-03-07|2022-05-04|2022-08-03|2022-11-09|2023-03-08|2023-05-04|2023-08-02|2023-11-07|2024-02-27|2024-05-08|2024-08-07|2024-11-08|2025-02-26|2025-05-07|2025-08-11|2025-11-10|2026-03-06|2026-05-11|2026-08-10|2026-11-09
INAB,2026-10-05,2021-09-10|2021-11-10|2022-03-17|2022-05-12|2022-08-12|2022-11-10|2023-03-30|2023-05-12|2023-08-10|2023-11-09|2024-03-14|2024-05-09|2024-08-08|2024-11-12|2025-03-13|2025-05-07|2025-08-07|2025-11-06|2026-03-12|2026-05-07|2026-08-06
INBS,2026-10-05,2022-02-10|2022-05-11|2022-08-31|2023-02-14|2023-05-11|2023-08-23|2023-11-08|2024-02-09|2024-05-08|2026-05-13|2026-08-19
INCH.L,2026-10-05,2027-03-02
INCY,2026-09-21,2020-11-05|2021-02-09|2021-05-04|2021-08-03|2021-11-02|2022-02-08|2022-05-03|2022-08-02|2022-11-01|2023-02-07|2023-05-02|2023-08-01|2023-10-31|2024-02-13|2024-04-30|2024-07-30|2024-10-29|2025-02-10|2025-04-29|2025-07-29|2025-10-28|2026-02-10|2026-04-28|2026-07-28|2026-10-27
INDV,2026-09-14,2016-02-18|2016-07-29|2016-11-02|2017-02-22|2023-07-27|2023-11-09|2024-02-22|2024-04-25|2024-07-25|2024-10-24|2025-02-20|2025-04-24|2025-07-31|2025-10-30|2026-02-26|2026-04-30|2026-08-03|2026-11-05
INFU,2026-10-05,2020-11-12|2021-03-17|2021-05-06|2021-08-12|2021-11-15|2022-02-10|2022-05-05|2022-08-04|2022-11-08|2023-03-15|2023-05-04|2023-08-03|2023-11-07|2024-03-14|2024-05-09|2024-08-08|2024-11-07|2025-03-04|2025-05-08|2025-08-05|2025-11-04|2026-02-24|2026-05-07|2026-08-04|2026-11-03
ING,2026-10-05,2008-08-13|2008-11-12|2011-08-04|2011-11-03|2012-02-09|2012-05-09|2012-08-08|2012-11-07|2013-02-13|2013-05-08|2013-08-07|2013-11-06|2014-02-12|2022-05-06|2022-08-03|2022-11-03|2023-02-02|2023-05-11|2025-05-02|2025-07-31|2025-10-29|2026-01-28|2026-04-30|2026-07-29|2026-10-29
INGN,2026-10-05,2020-11-04|2021-02-24|2021-05-04|2021-08-04|2021-11-04|2022-02-24|2022-05-05|2022-08-04|2022-11-02|2023-02-23|2023-05-04|2023-08-07|2023-11-07|2024-02-27|2024-05-07|2024-08-06|2024-11-07|2025-02-25|2025-05-07|2025-08-07|2025-11-05|2026-02-24|2026-05-07|2026-08-06|2026-11-05
INLX,2026-10-05,2019-11-14|2020-03-30|2020-08-14|2020-11-16|2021-03-30|2021-05-17|2021-08-16|2021-11-15|2022-03-24|2022-05-16|2022-08-15|2022-11-14|2023-03-27|2023-05-15|2023-08-14|2023-11-14|2024-03-28|2024-05-14|2024-08-13|2024-11-13|2025-03-24|2025-05-13|2025-08-13|2025-11-12|2026-03-30
INMB,2026-10-05,2020-11-05|2021-03-04|2021-05-05|2021-08-04|2021-11-03|2022-03-03|2022-05-05|2022-08-03|2022-11-02|2023-03-02|2023-05-03|2023-08-07|2023-11-01|2024-03-28|2024-05-09|2024-08-01|2024-10-31|2025-03-27|2025-05-08|2025-08-07|2025-10-30|2026-03-30|2026-05-07|2026-08-06|2026-10-29
INN,2026-09-07,2018-02-21|2018-05-02|2018-08-01|2018-10-30|2019-11-05|2020-02-25|2021-11-03|2022-02-23|2022-05-03|2022-08-02|2022-11-02|2023-02-27|2023-05-03|2023-11-01|2024-02-28|2024-05-01|2024-11-04|2025-02-24|2025-04-30|2025-08-05|2025-11-04|2026-02-25|2026-04-30|2026-08-04|2026-11-04
INNV,2026-09-21,2021-05-10|2021-09-21|2021-11-09|2022-02-09|2022-05-10|2022-09-13|2022-11-08|2023-02-07|2023-05-09|2023-09-12|2023-11-07|2024-02-06|2024-05-07|2024-09-10|2024-11-05|2025-02-04|2025-05-06|2025-09-09|2025-11-04|2026-02-03|2026-05-05|2026-09-08|2026-11-03
INO,2026-10-05,2020-11-09|2021-03-01|2021-05-10|2021-08-09|2021-11-09|2022-03-01|2022-05-10|2022-08-09|2022-11-08|2023-03-01|2023-05-10|2023-08-09|2023-11-09|2024-03-06|2024-05-13|2024-08-08|2024-11-14|2025-03-18|2025-05-13|2025-08-12|2025-11-10|2026-03-12|2026-05-13|2026-08-12|2026-11-10
INOV.L,2026-09-07,FAILED
INSE,2026-10-05,2020-11-12|2021-03-11|2021-05-10|2021-08-12|2021-11-11|2022-03-11|2022-05-10|2022-08-09|2022-11-09|2023-03-13|2023-05-10|2023-08-09|2024-02-27|2024-04-15|2024-05-10|2024-08-08|2024-11-07|2025-03-17|2025-05-08|2025-08-06|2025-11-05|2026-03-10|2026-05-07|2026-08-05|2026-11-04
INSG,2026-10-05,2020-11-05|2021-03-01|2021-05-05|2021-08-04|2021-11-03|2022-03-01|2022-05-04|2022-08-08|2022-11-02|2023-03-01|2023-05-03|2023-08-02|2023-11-02|2024-02-21|2024-05-10|2024-08-07|2024-11-12|2025-02-19|2025-05-08|2025-08-07|2025-11-06|2026-02-19|2026-05-07|2026-08-05|2026-11-05
INSW,2026-10-05,2020-11-06|2021-03-12|2021-05-06|2021-08-09|2021-11-09|2022-03-02|2022-05-04|2022-08-09|2022-11-08|2023-02-28|2023-05-05|2023-08-09|2023-11-07|2024-02-29|2024-05-08|2024-08-07|2024-11-07|2025-02-27|2025-05-08|2025-08-06|2025-11-06|2026-02-26|2026-05-07|2026-08-10|2026-11-05
INTG,2026-09-14,FAILED
INTJ,2026-09-14,FAILED
INTS,2026-10-05,2023-08-14|2023-11-13|2024-03-14|2024-05-09|2024-08-08|2024-11-13|2025-03-13|2025-05-13|2025-08-07|2025-11-06|2026-05-07|2026-08-11
INV,2026-08-31,2025-04-11|2025-05-15|2025-08-14|2025-11-13|2026-03-30|2026-05-14|2026-08-13|2026-11-12
INVH,2026-09-14,2020-10-28|2021-02-16|2021-04-28|2021-07-28|2021-10-27|2022-02-15|2022-04-27|2022-07-27|2022-10-26|2023-02-15|2023-05-01|2023-07-26|2023-10-25|2024-02-13|2024-04-30|2024-07-24|2024-10-30|2025-02-26|2025-04-30|2025-07-30|2025-10-29|2026-02-18|2026-04-29|2026-07-29|2026-10-28
IONS,2026-10-05,2020-11-04|2021-02-24|2021-05-05|2021-08-04|2021-11-03|2022-02-24|2022-05-04|2022-08-09|2022-11-09|2023-02-22|2023-05-03|2023-08-09|2023-11-02|2024-02-21|2024-05-07|2024-08-01|2024-11-06|2025-02-19|2025-04-30|2025-07-30|2025-10-29|2026-02-25|2026-04-29|2026-07-29|2026-11-04
IOR,2026-10-05,FAILED
IOSP,2026-10-05,2020-11-03|2021-02-16|2021-05-04|2021-08-03|2021-11-02|2022-02-15|2022-05-03|2022-08-02|2022-11-08|2023-02-21|2023-05-03|2023-08-08|2023-11-07|2024-02-13|2024-05-09|2024-08-06|2024-11-05|2025-02-18|2025-05-08|2025-08-05|2025-11-04|2026-02-17|2026-05-07|2026-08-04|2026-11-03
IOT,2026-10-05,2022-03-02|2022-06-02|2022-08-31|2022-12-01|2023-03-02|2023-06-01|2023-08-31|2023-11-30|2024-03-07|2024-06-06|2024-09-05|2024-12-05|2025-03-06|2025-06-05|2025-09-04|2025-12-04|2026-03-05|2026-06-04|2026-09-03|2026-12-03
IOVA,2026-10-05,2020-11-05|2021-02-25|2021-05-06|2021-08-05|2021-11-04|2022-02-24|2022-05-05|2022-08-04|2022-11-03|2023-02-28|2023-05-09|2023-08-08|2023-11-07|2024-02-28|2024-05-08|2024-08-08|2024-11-07|2025-02-26|2025-05-08|2025-08-07|2025-11-06|2026-02-24|2026-05-07|2026-08-06|2026-11-05
IPAR,2026-09-21,2020-11-09|2021-03-01|2021-05-10|2021-08-09|2021-11-08|2022-03-01|2022-05-10|2022-08-09|2022-11-09|2023-02-28|2023-05-08|2023-08-08|2023-11-07|2024-02-27|2024-05-07|2024-08-06|2024-11-06|2025-02-25|2025-05-05|2025-08-05|2025-11-05|2026-02-24|2026-05-05|2026-08-04|2026-11-04
IPDN,2026-10-05,2013-11-14|2014-03-27|2014-05-14|2014-08-14|2014-11-14|2015-03-31|2015-05-14|2015-08-12|2015-11-16|2016-03-30|2016-05-12|2016-08-15
IPGP,2026-10-05,2020-10-30|2021-02-16|2021-05-04|2021-08-03|2021-11-02|2022-02-15|2022-05-03|2022-08-02|2022-11-01|2023-02-14|2023-05-02|2023-08-01|2023-10-31|2024-02-13|2024-04-30|2024-07-30|2024-10-29|2025-02-11|2025-05-06|2025-08-05|2025-11-04|2026-02-12|2026-05-05|2026-08-04|2026-11-03
IPSC,2026-10-05,2021-08-12|2021-11-10|2022-03-17|2022-05-16|2022-08-11|2022-11-10|2023-03-16|2023-05-11|2023-08-09|2023-11-09|2024-03-14|2024-05-09|2024-08-08|2024-11-05|2025-03-19|2025-05-15|2025-08-14|2025-11-13|2026-03-12|2026-05-13|2026-08-12|2026-11-12
IQI,2026-09-14,FAILED
IQV,2026-10-05,2020-10-20|2021-02-10|2021-04-22|2021-07-27|2021-10-21|2022-02-15|2022-04-27|2022-07-21|2022-10-26|2023-02-10|2023-04-27|2023-08-01|2023-11-01|2024-02-14|2024-05-02|2024-07-22|2024-10-31|2025-02-06|2025-05-06|2025-07-22|2025-10-28|2026-02-05|2026-05-05|2026-07-28|2026-10-27
IRD,2026-10-05,2021-03-11|2021-05-07|2021-08-12|2021-11-12|2022-03-24|2022-05-13|2022-08-12|2022-11-04|2023-03-30|2023-05-15|2023-08-11|2023-11-13|2024-03-08|2024-05-10|2024-08-13|2024-11-12|2025-03-31|2025-05-15|2025-08-13|2025-11-12|2026-03-10|2026-05-12|2026-08-06|2026-11-11
ISBA,2026-10-05,2021-04-22|2021-07-23|2021-10-22|2022-02-10|2022-04-21|2022-07-21|2022-10-20|2023-02-10|2023-04-20|2023-07-20|2023-10-19|2024-02-16|2024-04-18|2024-07-25|2024-10-24|2025-01-30|2025-04-17|2025-07-24|2025-10-27|2026-02-05|2026-04-23|2026-07-23
ISD,2026-10-05,FAILED
ISRG,2026-10-05,2020-10-15|2021-01-21|2021-04-20|2021-07-20|2021-10-19|2022-01-20|2022-04-21|2022-07-21|2022-10-18|2023-01-24|2023-04-18|2023-07-20|2023-10-19|2024-01-23|2024-04-18|2024-07-18|2024-10-17|2025-01-23|2025-04-22|2025-07-22|2025-10-21|2026-01-22|2026-04-21|2026-07-16|2026-10-20
IT,2026-09-07,2020-11-03|2021-02-09|2021-05-04|2021-08-03|2021-11-02|2022-02-08|2022-05-03|2022-08-02|2022-11-01|2023-02-07|2023-05-02|2023-08-01|2023-11-03|2024-02-06|2024-04-30|2024-07-30|2024-11-05|2025-02-04|2025-05-06|2025-08-05|2025-11-04|2026-02-03|2026-05-05|2026-08-04|2026-11-03
ITGR,2026-10-05,2020-10-29|2021-02-18|2021-04-29|2021-07-29|2021-10-28|2022-02-17|2022-04-28|2022-07-28|2022-10-27|2023-02-16|2023-04-27|2023-07-27|2023-10-26|2024-02-15|2024-04-25|2024-07-25|2024-10-24|2025-02-20|2025-04-24|2025-07-24|2025-10-23|2026-02-19|2026-04-30|2026-08-03|2026-10-29
ITH.L,2026-10-05,2023-05-31|2023-08-23|2023-11-21|2024-03-27|2024-05-27|2024-08-22|2024-11-20|2025-03-26|2025-05-20|2025-08-20|2025-11-19|2026-03-18|2026-08-18|2026-11-18
ITIC,2026-10-05,2005-11-01|2006-02-13|2006-05-04|2006-08-07|2006-10-31|2007-02-15|2007-05-04|2007-08-07|2007-11-05|2008-03-06|2008-05-09|2008-08-07|2008-11-06|2009-02-17|2009-05-04|2009-07-31|2009-10-30|2010-02-17|2010-04-30|2010-08-02|2010-10-29|2011-02-17|2011-04-29|2011-08-02|2026-11-05
ITRK.L,2026-10-05,2021-03-18|2026-07-31|2027-03-02
ITV.L,2026-10-05,2026-07-31|2027-03-04
IVR,2026-10-05,2020-11-09|2021-02-22|2021-05-05|2021-08-04|2021-11-03|2022-02-17|2022-05-04|2022-08-04|2022-11-02|2023-02-21|2023-05-09|2023-08-03|2023-11-06|2024-02-22|2024-05-08|2024-08-08|2024-11-05|2025-02-20|2025-05-07|2025-07-24|2025-10-30|2026-01-29|2026-04-30|2026-07-30|2026-10-29
IVZ,2026-10-05,2020-10-27|2021-01-26|2021-04-27|2021-07-27|2021-10-26|2022-01-25|2022-04-26|2022-07-27|2022-10-25|2023-01-24|2023-04-25|2023-07-25|2023-10-24|2024-01-23|2024-04-23|2024-07-23|2024-10-22|2025-01-28|2025-04-22|2025-07-22|2025-10-28|2026-01-27|2026-04-28|2026-07-28|2026-10-27
IZEA,2026-10-05,2020-03-30|2020-05-14|2020-08-13|2020-11-12|2021-03-30|2021-05-13|2021-08-12|2021-11-10|2022-03-30|2022-05-16|2022-08-15|2022-11-10|2023-03-30|2023-05-15|2023-08-14|2023-11-14|2024-04-01|2024-05-15|2024-08-14|2024-11-14|2025-03-27|2025-05-13|2025-11-12|2026-03-17|2026-11-11
IZM,2026-09-14,FAILED
J,2026-10-05,2020-11-24|2021-02-09|2021-05-10|2021-08-03|2021-11-23|2022-02-08|2022-05-03|2022-08-01|2022-11-21|2023-02-07|2023-05-09|2023-08-08|2023-11-21|2024-02-06|2024-05-07|2024-08-06|2024-11-19|2025-02-04|2025-05-06|2025-08-05|2025-11-20|2026-02-03|2026-05-05|2026-08-04|2026-11-19
JACS,2026-10-05,FAILED
JAKK,2026-10-05,2020-11-02|2021-02-18|2021-04-28|2021-07-28|2021-10-27|2022-02-17|2022-04-28|2022-07-27|2022-10-27|2023-03-09|2023-04-27|2023-07-27|2023-11-01|2024-02-29|2024-04-24|2024-07-31|2024-10-30|2025-02-20|2025-04-29|2025-07-24|2025-10-30|2026-02-19|2026-04-30|2026-07-23|2026-10-22
JAM.L,2026-08-31,FAILED
JANX,2026-10-05,2021-08-10|2021-11-09|2022-03-18|2022-05-10|2022-08-09|2022-11-10|2023-03-10|2023-05-09|2023-08-08|2023-11-07|2024-03-08|2024-05-08|2024-08-07|2024-11-06|2025-02-27|2025-05-08|2025-08-07|2025-11-06|2026-02-26|2026-05-07|2026-08-06|2026-11-05
JBGS,2026-10-05,2019-11-05|2020-02-25|2020-05-05|2020-08-04|2020-11-03|2021-02-23|2021-05-04|2021-08-03|2021-11-02|2022-02-22|2022-05-03|2022-08-02|2024-02-20|2024-04-30|2024-07-30|2026-11-03
JBI,2026-10-05,2021-11-09|2022-03-15|2022-05-17|2022-08-16|2022-11-10|2023-03-16|2023-05-11|2023-08-10|2023-11-06|2024-02-28|2024-05-09|2024-08-07|2024-10-29|2025-02-26|2025-05-08|2025-08-07|2025-11-06|2026-03-04|2026-05-12|2026-08-11|2026-10-29
JBLU,2026-10-05,2020-10-27|2021-01-28|2021-04-27|2021-07-27|2021-10-26|2022-01-27|2022-04-26|2022-08-02|2022-10-25|2023-01-26|2023-04-25|2023-08-01|2023-10-31|2024-01-30|2024-04-23|2024-07-30|2024-10-29|2025-01-28|2025-04-29|2025-07-29|2025-10-28|2026-01-27|2026-04-28|2026-07-28|2026-10-27
JBSS,2026-10-05,2018-02-05|2018-05-03|2018-08-22|2018-10-30|2019-01-30|2019-05-01|2019-08-21|2019-10-28|2020-01-29|2020-04-29|2020-08-19|2020-10-26|2021-01-27|2021-04-28|2021-08-18|2021-10-25|2022-01-27|2022-04-27|2023-02-01|2023-05-02|2025-10-29|2026-01-29|2026-04-29|2026-08-19|2026-10-28
JBTM,2026-10-05,2020-10-27|2021-02-22|2021-04-26|2021-07-27|2021-10-27|2022-02-22|2022-04-26|2022-07-27|2022-10-26|2023-02-21|2023-04-25|2023-08-01|2023-10-24|2024-02-20|2024-05-01|2024-07-30|2024-10-22|2025-02-24|2025-05-05|2025-08-04|2025-11-03|2026-02-23|2026-05-04|2026-08-03|2026-11-02
JCH.L,2026-08-31,FAILED
JCI,2026-10-05,2020-11-03|2021-01-29|2021-04-30|2021-07-30|2021-11-05|2022-02-02|2022-05-04|2022-08-04|2022-11-03|2023-02-01|2023-05-05|2023-08-02|2023-12-12|2024-01-30|2024-05-01|2024-07-31|2024-11-06|2025-02-05|2025-05-07|2025-07-29|2025-11-05|2026-02-04|2026-05-06|2026-07-29|2026-10-27
JCTC,2026-10-05,FAILED
JDW.L,2026-10-05,2012-03-08|2026-10-02|2027-03-19
JDZG,2026-10-05,FAILED
JGGI.L,2026-08-31,FAILED
JHS,2026-10-05,FAILED
JHX,2026-10-05,2012-11-15|2013-02-27|2013-05-23|2013-08-12|2013-11-14|2014-02-27|2014-05-22|2025-08-19|2025-11-17|2026-02-10|2026-05-19|2026-11-05
JILL,2026-10-05,2019-08-27|2019-12-05|2020-03-04|2020-07-28|2020-09-02|2021-12-13|2022-03-22|2022-06-08|2022-09-01|2022-12-06|2023-03-14|2023-06-07|2023-08-31|2023-12-05|2024-03-20|2024-06-07|2024-09-04|2024-12-11|2025-03-19|2025-06-11|2025-09-03|2025-12-10|2026-03-31|2026-06-10|2026-09-09|2026-12-09
JLL,2026-10-05,2020-11-02|2021-02-09|2021-05-05|2021-08-04|2021-11-03|2022-02-28|2022-05-09|2022-08-03|2022-11-02|2023-02-28|2023-05-04|2023-08-03|2023-11-02|2024-02-27|2024-05-06|2024-08-06|2024-11-06|2025-02-19|2025-05-07|2025-08-06|2025-11-05|2026-02-18|2026-04-30|2026-07-30|2026-10-28
JMAT.L,2026-10-05,2026-11-19
JNJ,2026-10-05,2020-10-13|2021-01-26|2021-04-20|2021-07-21|2021-10-19|2022-01-25|2022-04-19|2022-07-19|2022-10-18|2023-01-24|2023-04-18|2023-07-20|2023-10-17|2024-01-23|2024-04-16|2024-07-17|2024-10-15|2025-01-22|2025-04-15|2025-07-16|2025-10-14|2026-01-21|2026-04-14|2026-07-15|2026-10-13
JOBY,2026-10-05,2021-10-29|2021-11-15|2022-03-28|2022-05-13|2022-08-11|2022-11-02|2023-03-01|2023-05-05|2023-08-02|2023-11-01|2024-02-21|2024-05-07|2024-08-07|2024-11-06|2025-02-26|2025-05-07|2025-08-06|2025-11-05|2026-02-25|2026-05-05|2026-08-05|2026-11-04
JOF,2026-10-05,FAILED
JPM,2026-10-05,2020-10-13|2021-01-15|2021-04-14|2021-07-13|2021-10-13|2022-01-14|2022-04-13|2022-07-14|2022-10-14|2023-01-13|2023-04-14|2023-07-14|2023-10-13|2024-01-12|2024-04-12|2024-07-12|2024-10-11|2025-01-15|2025-04-11|2025-07-15|2025-10-14|2026-01-13|2026-04-14|2026-07-14|2026-10-13
JRSH,2026-10-05,2020-11-12|2021-02-10|2021-06-22|2021-08-11|2021-11-10|2022-02-10|2022-06-23|2022-08-11|2022-11-10|2023-02-13|2023-06-27|2023-08-09|2023-11-13|2024-02-08|2024-06-28|2024-08-13|2024-11-12|2025-02-11|2025-06-23|2025-08-12|2025-11-12|2026-02-09|2026-06-15|2026-08-10|2026-11-11
JRVR,2026-10-05,2020-10-28|2021-02-25|2021-05-05|2021-08-04|2021-11-02|2022-02-28|2022-05-09|2022-08-01|2022-11-01|2023-02-27|2023-05-02|2023-08-07|2023-11-07|2024-02-28|2024-05-08|2024-08-05|2024-11-11|2025-03-03|2025-05-05|2025-08-04|2025-11-03|2026-03-02|2026-05-04|2026-08-10|2026-11-09
JWEL,2026-10-05,FAILED
JXG,2026-09-14,FAILED
JXN,2026-10-05,2021-09-17|2021-11-09|2022-03-02|2022-05-10|2022-08-09|2022-11-09|2023-02-28|2023-05-09|2023-08-08|2023-11-08|2024-02-21|2024-05-08|2024-08-07|2024-11-06|2025-02-19|2025-05-07|2025-08-04|2025-11-04|2026-02-18|2026-05-05|2026-08-03|2026-11-03
JYNT,2026-10-05,2020-11-05|2021-03-04|2021-05-06|2021-08-05|2021-11-04|2022-02-24|2022-05-05|2022-08-05|2022-11-03|2023-03-09|2023-05-04|2023-09-13|2023-11-09|2024-03-07|2024-05-02|2024-08-08|2024-11-07|2025-03-13|2025-05-08|2025-08-07|2025-11-06|2026-03-12|2026-05-07|2026-08-06|2026-11-05
KAI,2026-10-05,2020-10-27|2021-02-17|2021-05-04|2021-08-03|2021-11-02|2022-02-16|2022-05-03|2022-08-02|2022-11-01|2023-02-15|2023-05-02|2023-08-01|2023-10-31|2024-02-14|2024-04-30|2024-07-30|2024-10-29|2025-02-12|2025-04-29|2025-07-29|2025-10-28|2026-02-18|2026-05-05|2026-08-04|2026-11-03
KARO,2026-10-05,2021-05-06|2021-07-19|2021-10-15|2022-01-19|2022-04-27|2022-07-27|2022-10-12|2023-01-19|2023-05-08|2023-07-19|2023-10-11|2024-01-22|2024-05-15|2024-07-18|2024-10-15|2025-01-14|2025-05-14|2025-07-22|2025-10-14|2026-01-20|2026-05-13|2026-07-15|2026-10-19
KAZR,2026-10-05,FAILED
KB,2026-09-28,2007-07-30|2007-10-29|2008-02-04|2008-05-02|2008-07-28|2008-11-03|2009-04-30|2022-10-24|2023-03-24|2023-04-25|2023-07-25|2023-11-14|2024-03-06|2024-05-16|2024-07-23|2024-10-24|2025-03-05|2025-04-24|2025-08-14|2025-10-30|2026-02-05|2026-10-29
KBH,2026-10-05,2021-01-12|2021-03-24|2021-06-23|2021-09-22|2022-01-12|2022-03-23|2022-06-22|2022-09-21|2023-01-11|2023-03-22|2023-06-21|2023-09-20|2024-01-10|2024-03-20|2024-06-18|2024-09-24|2025-01-13|2025-03-24|2025-06-23|2025-09-24|2025-12-18|2026-03-24|2026-06-23|2026-09-22|2026-12-17
KBSX,2026-09-14,2026-05-05|2026-07-28
KDP,2026-09-14,2020-10-29|2021-02-25|2021-04-29|2021-07-29|2021-10-28|2022-02-24|2022-04-28|2022-07-28|2022-10-27|2023-02-23|2023-04-27|2023-07-27|2023-10-26|2024-02-22|2024-04-25|2024-07-25|2024-10-24|2025-02-25|2025-04-24|2025-07-24|2025-10-27|2026-02-24|2026-04-23|2026-08-06|2026-10-26
KE,2026-10-05,2020-11-03|2021-02-03|2021-05-05|2021-08-04|2021-11-03|2022-02-07|2022-05-05|2022-08-04|2022-11-07|2023-02-06|2023-05-04|2023-08-16|2023-11-06|2024-02-05|2024-05-07|2024-08-13|2024-11-04|2025-02-04|2025-05-06|2025-08-13|2025-11-05|2026-02-04|2026-05-05|2026-08-12|2026-11-04
KELYA,2026-10-05,2020-11-05|2021-02-18|2021-05-13|2021-08-12|2021-11-10|2022-02-14|2022-05-12|2022-08-11|2022-11-10|2023-02-16|2023-05-11|2023-08-10|2023-11-09|2024-02-15|2024-05-09|2024-08-08|2024-11-07|2025-02-13|2025-05-08|2025-08-07|2025-11-06|2026-02-12|2026-05-07|2026-08-06|2026-11-05
KEN,2026-10-05,2015-09-08|2015-12-01|2016-04-24|2026-12-03
KEP,2026-10-05,2009-11-02|2010-10-22|2011-03-31|2026-03-10|2026-05-15|2026-08-14|2026-11-12
KEY,2026-09-14,2020-10-21|2021-01-21|2021-04-20|2021-07-20|2021-10-21|2022-01-20|2022-04-21|2022-07-21|2022-10-20|2023-01-19|2023-04-20|2023-07-20|2023-10-19|2024-01-18|2024-04-18|2024-07-18|2024-10-17|2025-01-21|2025-04-17|2025-07-22|2025-10-16|2026-01-20|2026-04-16|2026-07-21|2026-10-20
KEYS,2026-10-05,2020-11-18|2021-02-18|2021-05-19|2021-08-18|2021-11-22|2022-02-17|2022-05-17|2022-08-17|2022-11-17|2023-02-21|2023-05-16|2023-08-17|2023-11-20|2024-02-20|2024-05-20|2024-08-20|2024-11-19|2025-02-25|2025-05-20|2025-08-19|2025-11-24|2026-02-23|2026-05-19|2026-08-18|2026-11-24
KFFB,2026-10-05,2010-11-02|2011-02-01|2011-05-16
KG,2026-10-05,FAILED
KGC,2026-10-05,2020-11-04|2021-02-10|2021-05-11|2021-07-28|2021-11-10|2022-02-16|2022-05-10|2022-07-27|2022-11-09|2023-02-15|2023-05-09|2023-08-02|2023-11-08|2024-02-14|2024-05-07|2024-07-31|2024-11-05|2025-02-12|2025-05-06|2025-07-30|2025-11-04|2026-02-18|2026-04-29|2026-07-28|2026-10-28
KHC,2026-10-05,2020-10-29|2021-02-11|2021-04-29|2021-08-04|2021-10-27|2022-02-16|2022-04-27|2022-07-27|2022-10-26|2023-02-15|2023-05-03|2023-08-02|2023-11-01|2024-02-14|2024-05-01|2024-07-31|2024-10-30|2025-02-12|2025-04-29|2025-07-30|2025-10-29|2026-02-11|2026-05-06|2026-08-05|2026-10-28
KIDS,2026-10-05,2020-11-04|2021-03-10|2021-05-05|2021-08-05|2021-11-03|2022-03-02|2022-05-04|2022-08-03|2022-10-31|2023-02-28|2023-05-01|2023-07-31|2023-11-06|2024-03-05|2024-05-05|2024-08-05|2024-11-06|2025-03-04|2025-05-07|2025-08-05|2025-10-28|2026-02-26|2026-04-30|2026-08-04|2026-10-28
KIE.L,2026-09-07,2026-09-15
KINS,2026-09-21,2020-05-07|2020-08-06|2020-11-06|2021-03-18|2021-05-17|2021-08-12|2021-11-11|2022-03-10|2022-05-12|2022-08-11|2022-11-14|2023-03-30|2023-05-11|2023-08-10|2023-11-08|2024-05-13|2024-08-14|2024-11-11|2025-03-13|2025-05-08|2025-08-07|2025-11-06|2026-05-07|2026-08-06|2026-11-05
KIO,2026-09-28,FAILED
KLC,2026-10-05,2024-11-20|2025-03-20|2025-05-13|2025-08-12|2025-11-12|2026-03-12|2026-05-14|2026-08-13|2026-11-12
KLXE,2026-10-05,2019-03-11|2019-05-22|2019-08-21|2019-12-05|2020-03-09|2020-06-04|2020-09-01|2020-12-07|2022-05-13|2022-11-09|2023-03-08|2023-05-10|2023-08-09|2023-11-06|2024-03-06|2024-05-07|2024-08-07|2024-10-31|2025-03-12|2025-05-08|2025-08-06|2025-11-06|2026-03-11|2026-08-10|2026-11-04
KMB,2026-09-21,2020-10-22|2021-01-25|2021-04-23|2021-07-23|2021-10-25|2022-01-26|2022-04-22|2022-07-26|2022-10-25|2023-01-25|2023-04-25|2023-07-25|2023-10-24|2024-01-24|2024-04-23|2024-07-23|2024-10-22|2025-01-28|2025-04-22|2025-08-01|2025-10-30|2026-01-27|2026-04-28|2026-08-04|2026-11-03
KMR.L,2026-09-14,2026-08-19|2027-03-24
KMT,2026-10-05,2020-11-02|2021-02-01|2021-05-03|2021-08-02|2021-11-01|2022-02-07|2022-05-02|2022-08-01|2022-10-31|2023-02-06|2023-05-01|2023-08-01|2023-11-01|2024-02-07|2024-05-08|2024-08-07|2024-11-06|2025-02-05|2025-05-07|2025-08-06|2025-11-05|2026-02-04|2026-05-06|2026-08-05|2026-11-04
KMX,2026-09-07,2020-09-24|2020-12-22|2021-04-01|2021-06-25|2021-09-30|2021-12-22|2022-04-12|2022-06-24|2022-09-29|2022-12-22|2023-04-11|2023-06-23|2023-09-28|2023-12-21|2024-04-11|2024-06-21|2024-09-26|2024-12-19|2025-04-10|2025-06-20|2025-09-25|2025-12-18|2026-04-14|2026-06-17|2026-09-29
KNF,2026-10-05,2023-08-08|2023-11-06|2024-02-15|2024-05-07|2024-08-06|2024-11-04|2025-02-13|2025-05-06|2025-08-05|2025-11-04|2026-02-17|2026-05-05|2026-08-04|2026-11-03
KNTK,2026-10-05,2022-05-10|2022-08-09|2022-11-09|2023-02-27|2023-05-03|2023-08-07|2023-11-08|2024-02-28|2024-05-08|2024-08-07|2024-11-06|2025-02-26|2025-05-07|2025-08-06|2025-11-05|2026-02-25|2026-05-06|2026-08-05|2026-11-04
KOD,2026-10-05,2020-11-09|2021-03-01|2021-05-10|2021-08-09|2021-11-09|2022-03-01|2022-05-10|2022-08-09|2022-11-09|2023-03-28|2023-05-15|2023-08-14|2023-11-14|2024-03-28|2024-05-15|2024-08-14|2024-11-14|2025-03-27|2025-05-14|2025-08-13|2025-11-13|2026-03-31|2026-05-07|2026-08-13|2026-11-12
KOP,2026-10-05,2020-10-26|2021-02-24|2021-05-07|2021-08-06|2021-11-04|2022-02-23|2022-05-06|2022-08-04|2022-11-04|2023-02-27|2023-05-05|2023-08-03|2023-11-03|2024-02-28|2024-05-03|2024-08-08|2024-11-08|2025-02-27|2025-05-09|2025-08-08|2025-11-07|2026-02-26|2026-05-08|2026-08-06|2026-11-06
KPLT,2026-10-05,2021-11-09|2022-03-15|2022-05-10|2022-08-09|2022-11-09|2023-03-09|2023-05-11|2023-08-09|2023-11-08|2024-03-14|2024-05-15|2025-03-28|2025-05-15|2025-08-13|2025-11-12|2026-03-11|2026-05-07|2026-08-04|2026-11-11
KPTI,2026-09-21,2020-11-02|2021-02-11|2021-05-03|2021-08-05|2021-11-03|2022-02-08|2022-05-05|2022-08-04|2022-11-03|2023-02-15|2023-05-04|2023-08-02|2023-11-02|2024-02-29|2024-05-08|2024-08-06|2024-11-05|2025-02-19|2025-05-12|2025-08-11|2025-11-03|2026-02-12|2026-05-14|2026-08-13|2026-11-03
KR,2026-09-07,2020-12-03|2021-03-04|2021-06-17|2021-09-10|2021-12-02|2022-03-03|2022-06-16|2022-09-09|2022-12-01|2023-03-02|2023-06-15|2023-09-08|2023-11-30|2024-03-07|2024-06-20|2024-09-12|2024-12-05|2025-03-06|2025-06-20|2025-09-11|2025-12-04|2026-03-05|2026-06-18|2026-09-11|2026-12-03
KRMD,2026-10-05,2020-11-04|2021-03-23|2021-05-12|2021-08-11|2021-11-10|2022-03-02|2022-05-04|2022-08-03|2022-11-09|2023-03-08|2023-05-04|2023-08-09|2023-11-08|2024-03-13|2024-05-01|2024-08-07|2024-11-13|2025-03-12|2025-05-07|2025-08-06|2025-11-12|2026-03-12|2026-05-06|2026-08-05|2026-11-11
KRMN,2026-10-05,2025-05-13|2025-08-07|2025-11-06|2026-03-25|2026-08-06|2026-11-05
KRNY,2026-09-21,2020-10-29|2021-01-28|2021-04-29|2021-07-29|2021-10-27|2022-01-27|2022-04-28|2022-07-28|2022-10-27|2023-01-26|2023-04-27|2023-07-27|2023-10-26|2024-01-25|2024-04-25|2024-07-25|2024-10-24|2025-01-30|2025-04-24|2025-07-24|2025-10-23|2026-01-22|2026-04-23|2026-07-23|2026-10-22
KRO,2026-10-05,2020-11-04|2021-03-10|2021-05-05|2021-08-04|2021-11-04|2022-03-09|2022-05-04|2022-08-03|2022-11-02|2023-03-08|2023-05-03|2023-08-02|2023-11-02|2024-03-06|2024-05-08|2024-08-07|2024-11-06|2025-03-06|2025-05-07|2025-08-06|2025-11-06|2026-03-09|2026-05-06|2026-08-05|2026-11-05
KRT,2026-10-05,2021-05-27|2021-08-12|2021-11-11|2022-03-23|2022-05-12|2022-08-11|2022-11-10|2023-03-16|2023-05-10|2023-08-09|2023-11-09|2024-03-14|2024-05-10|2024-08-08|2024-11-07|2025-03-13|2025-05-08|2025-08-07|2025-11-06|2026-03-12|2026-05-07|2026-08-06|2026-11-05
KRUS,2026-10-05,2020-11-16|2021-01-11|2021-04-13|2021-07-13|2021-11-11|2022-01-06|2022-04-07|2022-07-07|2022-11-10|2023-01-05|2023-04-04|2023-07-06|2023-11-08|2024-01-04|2024-04-04|2024-07-09|2024-11-06|2025-01-07|2025-04-08|2025-07-08|2025-11-06|2026-01-07|2026-04-07|2026-07-07|2026-11-05
KSCP,2026-09-14,2023-08-14|2023-11-13|2024-04-01|2024-05-16|2024-08-14|2024-11-14|2025-03-31|2025-05-14|2025-08-12|2025-11-12|2026-03-27|2026-05-15|2026-08-12
KTB,2026-09-21,2020-10-29|2021-03-02|2021-05-06|2021-08-05|2021-11-04|2022-03-01|2022-05-05|2022-08-04|2022-11-03|2023-02-28|2023-05-04|2023-08-03|2023-11-02|2024-02-28|2024-05-02|2024-08-01|2024-10-31|2025-02-25|2025-05-06|2025-08-07|2025-11-03|2026-03-03|2026-05-07|2026-08-12|2026-10-29
KTCC,2026-10-05,2000-01-18|2000-04-25|2000-08-08|2013-08-20|2013-10-29|2014-01-28|2014-04-29|2014-09-05|2014-11-04|2015-01-27|2015-04-28|2015-08-18|2016-01-26|2016-05-10|2016-07-26|2026-11-03
KTF,2026-10-05,FAILED
KTOS,2026-10-05,2020-10-29|2021-02-25|2021-05-05|2021-08-03|2021-11-03|2022-02-22|2022-05-05|2022-08-04|2022-11-03|2023-02-23|2023-05-03|2023-08-03|2023-11-02|2024-02-13|2024-05-07|2024-08-07|2024-11-07|2025-02-26|2025-05-07|2025-08-07|2025-11-04|2026-02-23|2026-05-06|2026-08-04|2026-11-03
KUST,2026-10-05,2017-05-15|2017-08-14|2017-11-14|2018-04-13|2018-11-14|2019-03-29|2019-05-15|2019-08-14|2020-05-20|2020-08-13|2020-11-12|2021-03-31|2021-05-17|2021-08-18|2021-11-17|2022-04-18|2022-05-20|2022-08-15|2022-11-14|2023-03-31|2023-05-15|2023-08-14|2023-11-14|2024-04-01|2025-11-12
KVUE,2026-09-21,2023-07-20|2023-10-26|2024-02-08|2024-05-07|2024-08-06|2024-11-07|2025-02-06|2025-05-08|2025-08-07|2025-11-03|2026-02-17|2026-05-07|2026-08-06|2026-11-05
KWY,2026-10-05,2005-08-04|2005-11-03|2006-02-08|2006-05-03|2006-08-03|2006-11-02|2007-02-08|2007-05-02|2007-08-02|2007-11-08|2008-02-15|2008-05-07|2008-08-07|2008-11-05|2009-02-20|2009-05-08|2009-08-07|2009-11-06|2010-03-31|2010-05-14|2010-08-13|2010-11-12|2011-03-31|2011-06-14|2026-11-05
KXIN,2026-10-05,2025-10-09
KYIV,2026-09-21,2025-11-09|2026-03-12|2026-05-13|2026-07-30|2026-10-30|2026-11-06
KYMR,2026-09-14,2020-11-05|2021-03-11|2021-05-06|2021-08-06|2021-11-10|2022-02-24|2022-05-03|2022-08-09|2022-11-03|2023-02-23|2023-05-04|2023-08-03|2023-11-02|2024-02-22|2024-05-02|2024-08-07|2024-10-31|2025-02-27|2025-05-09|2025-08-11|2025-11-04|2026-02-26|2026-04-30|2026-08-05|2026-11-03
KYN,2026-10-05,2011-02-04
KYTX,2026-10-05,2024-03-26|2024-05-14|2024-08-12|2024-11-13|2025-03-27|2025-05-13|2025-08-12|2025-11-12|2026-03-26|2026-08-11|2026-11-11
L,2026-09-21,2014-04-28|2014-08-04|2014-11-03|2015-02-09|2015-05-04|2015-08-03|2015-11-02|2016-02-08|2016-05-02|2016-08-01|2016-10-31|2017-02-06|2017-05-01|2017-07-31|2017-10-30|2018-02-12|2018-04-30|2018-07-30|2018-11-05|2019-02-11|2019-04-29|2019-08-05|2019-10-28|2020-02-10|2026-11-02
LAC,2026-10-05,2024-05-13|2024-08-14|2024-11-07|2025-03-28|2025-05-15|2025-08-14|2025-11-13|2026-03-19|2026-05-14|2026-08-13|2026-11-13
LAD,2026-10-05,2020-10-21|2021-02-03|2021-04-21|2021-07-21|2021-10-20|2022-02-09|2022-04-20|2022-07-20|2022-10-19|2023-02-15|2023-04-19|2023-07-26|2023-10-25|2024-02-14|2024-04-24|2024-08-01|2024-10-23|2025-02-12|2025-04-23|2025-07-29|2025-10-22|2026-02-11|2026-04-29|2026-07-29|2026-10-21
LADR,2026-10-05,2020-10-29|2021-02-25|2021-05-06|2021-07-29|2021-10-28|2022-02-10|2022-04-28|2022-07-28|2022-10-27|2023-02-09|2023-04-27|2023-07-26|2023-10-26|2024-02-08|2024-04-25|2024-07-25|2024-10-24|2025-02-06|2025-04-24|2025-07-24|2025-10-23|2026-02-05|2026-04-23|2026-07-23|2026-10-22
LAND,2026-10-05,2020-11-04|2021-02-24|2021-05-12|2021-08-10|2021-11-09|2022-02-22|2022-05-10|2022-08-09|2022-11-08|2023-02-21|2023-05-08|2023-08-07|2023-11-07|2024-02-20|2024-05-07|2024-08-08|2024-11-06|2025-02-19|2025-05-12|2025-08-07|2025-11-05|2026-02-24|2026-05-11|2026-08-11|2026-11-05
LAR,2026-10-05,2020-08-14|2020-11-16|2021-03-02|2021-05-06|2021-08-05|2021-11-15|2022-03-15|2022-05-05|2022-07-28|2022-10-27|2023-03-31|2023-05-15|2023-08-09|2023-11-07|2024-03-20|2024-05-13|2024-08-13|2024-11-05|2025-03-17|2025-05-14|2025-08-11|2025-11-10|2026-03-23|2026-08-11|2026-11-10
LARK,2026-09-14,2026-07-29|2026-10-28
LASR,2026-10-05,2020-11-05|2021-02-17|2021-05-06|2021-08-05|2021-11-04|2022-02-17|2022-05-05|2022-08-04|2022-11-03|2023-02-23|2023-05-04|2023-08-03|2023-11-02|2024-02-22|2024-05-02|2024-08-01|2024-11-07|2025-02-27|2025-05-08|2025-08-07|2025-11-06|2026-02-26|2026-05-07|2026-08-06|2026-11-05
LAUR,2026-09-28,2020-11-05|2021-02-25|2021-05-06|2021-08-05|2021-11-04|2022-02-24|2022-05-05|2022-08-04|2022-11-03|2023-02-23|2023-05-04|2023-08-03|2023-11-02|2024-02-22|2024-05-02|2024-08-01|2024-10-31|2025-02-20|2025-05-01|2025-07-31|2025-10-30|2026-02-19|2026-04-30|2026-07-30|2026-10-29
LAZ,2026-10-05,2020-10-29|2021-02-05|2021-04-30|2021-07-30|2021-10-29|2022-02-03|2022-04-28|2022-07-28|2022-10-27|2023-02-02|2023-04-28|2023-07-27|2023-10-26|2024-02-01|2024-04-25|2024-07-25|2024-10-31|2025-01-30|2025-04-25|2025-07-24|2025-10-23|2026-01-29|2026-05-01|2026-07-23|2026-10-22
LB,2026-10-05,2024-11-07|2025-03-06|2025-05-08|2025-08-05|2025-11-12|2026-02-26|2026-05-07|2026-08-06|2026-11-04
LBGJ,2026-10-05,FAILED
LBRT,2026-10-05,2020-10-27|2021-02-04|2021-04-27|2021-07-27|2021-10-26|2022-02-08|2022-04-20|2022-07-25|2022-10-19|2023-01-25|2023-04-19|2023-07-19|2023-10-18|2024-01-24|2024-04-17|2024-07-17|2024-10-16|2025-01-29|2025-04-16|2025-07-24|2025-10-16|2026-01-28|2026-04-22|2026-07-22|2026-10-21
LBTYA,2026-10-05,2020-11-04|2021-02-16|2021-05-05|2021-07-29|2021-11-03|2022-02-17|2022-05-10|2022-07-28|2022-11-01|2023-02-22|2023-05-09|2023-07-24|2023-10-31|2024-02-15|2024-05-01|2024-07-25|2024-10-29|2025-02-18|2025-05-02|2025-08-01|2025-10-30|2026-02-18|2026-05-01|2026-07-24|2026-11-03
LBTYK,2026-10-05,2026-11-03
LCFY,2026-10-05,FAILED
LCII,2026-10-05,2020-11-02|2021-02-09|2021-05-04|2021-08-03|2021-11-02|2022-02-10|2022-05-10|2022-08-02|2022-11-01|2023-02-14|2023-05-09|2023-08-08|2023-11-07|2024-02-13|2024-05-08|2024-08-06|2024-11-07|2025-02-11|2025-05-06|2025-08-05|2025-10-30|2026-02-18|2026-05-05|2026-08-05|2026-10-29
LCNB,2026-09-14,2020-10-20|2021-01-29|2021-04-20|2021-07-22|2021-10-21|2022-01-28|2022-04-25|2022-07-26|2022-10-20|2023-01-27|2023-04-24|2023-07-20|2023-10-23|2024-01-31|2024-04-30|2024-07-23|2024-10-21|2025-01-30|2025-04-22|2025-07-22|2025-10-22|2026-01-29|2026-04-22|2026-07-15|2026-10-22
LEDS,2026-10-05,2011-04-05|2011-07-07|2011-11-08|2012-01-11|2012-04-05|2012-07-10|2012-11-28|2013-01-14|2013-04-11|2013-07-11|2013-11-19|2014-01-14|2014-04-14|2014-07-14
LEE,2026-10-05,2014-12-11|2015-02-05|2015-05-07|2016-02-04|2016-05-05|2016-08-04|2016-12-09|2017-02-02|2017-05-04|2017-08-03|2018-05-03|2018-08-03|2022-02-03|2022-05-05|2022-08-04|2022-12-08|2023-03-02|2023-05-04|2023-08-03|2023-12-07|2024-05-02|2024-08-01|2024-12-12|2025-02-06|2026-08-06|2026-11-27
LEN,2026-10-05,2020-12-16|2021-03-16|2021-06-16|2021-09-20|2021-12-15|2022-03-16|2022-06-21|2022-09-21|2022-12-14|2023-03-14|2023-06-14|2023-09-13|2023-12-14|2024-03-13|2024-06-17|2024-09-19|2024-12-18|2025-03-20|2025-06-16|2025-09-18|2025-12-16|2026-03-12|2026-06-11|2026-09-16|2026-12-15
LEN-B,2026-10-05,2026-12-15
LEO,2026-10-05,FAILED
LEXX,2026-10-05,2022-04-11|2022-07-14|2022-11-28|2023-07-14|2023-11-20|2024-01-12|2024-04-09|2024-07-12|2024-11-26|2025-01-10|2025-04-14|2025-07-14|2025-11-26|2026-01-13|2026-04-13|2026-07-13
LFMD,2026-10-05,2021-03-29|2021-05-13|2021-08-12|2021-11-10|2022-03-07|2022-05-13|2022-08-11|2022-11-10|2023-03-22|2023-05-12|2023-08-09|2023-11-07|2024-03-11|2024-05-08|2024-08-07|2024-11-07|2025-03-10|2025-05-06|2025-08-05|2025-11-17|2026-03-09|2026-05-06|2026-08-05|2026-11-09
LFST,2026-09-21,2021-08-11|2021-11-08|2022-03-10|2022-05-09|2022-08-09|2022-11-08|2023-03-08|2023-05-10|2023-08-09|2023-11-08|2024-02-28|2024-05-09|2024-08-08|2024-11-07|2025-02-27|2025-05-07|2025-08-07|2025-11-06|2026-02-25|2026-05-07|2026-08-06|2026-11-05
LGCL,2026-09-14,2026-03-30|2026-11-02
LGCY,2026-10-05,2025-02-13|2025-05-15|2025-09-25|2025-11-13|2026-02-12|2026-05-14|2026-09-24|2026-11-12
LGEN.L,2026-08-31,2026-08-05|2027-03-09
LGIH,2026-09-14,2020-11-03|2021-02-23|2021-05-04|2021-08-03|2021-11-02|2022-02-15|2022-05-03|2022-08-02|2022-11-01|2023-02-21|2023-05-02|2023-08-01|2023-10-31|2024-02-20|2024-04-30|2024-07-30|2024-11-05|2025-02-25|2025-04-29|2025-08-05|2025-11-04|2026-02-17|2026-04-28|2026-08-04|2026-11-03
LGL,2026-10-05,2011-03-15|2011-05-11|2011-08-03|2011-11-09|2012-03-28|2012-05-14|2021-08-11|2021-11-15|2022-03-28|2022-05-12|2022-08-09|2022-11-14|2023-04-17|2023-05-15|2023-08-14|2023-11-14|2026-08-14
LGVN,2026-10-05,2022-03-11|2022-05-13|2022-08-12|2022-11-14|2023-03-10|2023-05-12|2023-08-11|2023-11-09|2024-02-27|2024-05-14|2024-08-14|2024-11-12|2025-05-08|2025-08-13|2025-11-04|2026-03-17|2026-05-13|2026-08-12|2026-11-04
LH,2026-10-05,2020-10-27|2021-02-11|2021-04-29|2021-07-29|2021-10-28|2022-02-10|2022-04-28|2022-07-28|2022-10-27|2023-02-16|2023-04-25|2023-07-27|2023-10-26|2024-02-15|2024-04-25|2024-08-01|2024-10-24|2025-02-06|2025-04-29|2025-07-24|2025-10-28|2026-02-17|2026-04-30|2026-07-30|2026-10-28
LHX,2026-10-05,2020-10-30|2021-01-29|2021-04-30|2021-08-03|2021-10-29|2022-01-31|2022-04-28|2022-07-28|2022-10-27|2023-01-26|2023-04-28|2023-07-26|2023-10-26|2024-01-25|2024-04-25|2024-07-25|2024-10-24|2025-01-30|2025-04-24|2025-07-24|2025-10-30|2026-01-29|2026-04-30|2026-07-29|2026-10-29
LIDR,2026-10-05,2021-11-12|2022-03-28|2022-05-13|2022-08-15|2022-11-10|2023-03-15|2023-05-11|2023-08-07|2023-11-09|2024-03-26|2024-05-14|2024-08-05|2025-07-31|2025-11-06|2026-03-16|2026-05-13|2026-08-06|2026-11-12
LII,2026-10-05,2020-10-19|2021-02-02|2021-04-26|2021-07-26|2021-10-25|2022-02-01|2022-04-25|2022-07-28|2022-10-27|2023-01-31|2023-04-27|2023-07-27|2023-10-26|2024-01-31|2024-04-24|2024-07-24|2024-10-23|2025-01-29|2025-04-23|2025-07-23|2025-10-22|2026-01-28|2026-04-29|2026-07-29|2026-10-28
LILA,2026-09-21,2018-02-14|2018-05-08|2018-08-08|2018-11-07|2019-02-21|2019-05-07|2019-08-06|2019-11-05|2020-02-19|2020-05-05|2020-08-05|2020-11-04|2021-03-01|2021-05-05|2023-08-08|2024-02-22|2024-05-07|2024-08-06|2024-11-06|2025-02-19|2025-05-07|2025-08-07|2025-11-05|2026-11-04
LILAK,2026-09-21,2020-08-05|2020-11-04|2021-03-01|2021-05-05|2021-08-04|2021-11-02|2022-02-22|2022-05-04|2022-08-03|2022-11-08|2023-02-22|2023-05-08|2023-11-09|2024-02-22|2024-05-07|2024-08-06|2024-11-06|2025-02-19|2025-05-07|2025-08-07|2025-11-05|2026-02-18|2026-05-07|2026-08-05|2026-11-04
LINC,2026-10-05,2020-11-11|2021-03-03|2021-05-10|2021-08-09|2021-11-08|2022-02-28|2022-05-09|2022-08-08|2022-11-07|2023-02-27|2023-05-08|2023-08-07|2023-11-06|2024-02-26|2024-05-06|2024-08-08|2024-11-11|2025-02-24|2025-05-12|2025-08-11|2025-11-10|2026-02-23|2026-05-11|2026-08-10|2026-11-09
LIND,2026-10-05,2020-10-29|2021-03-09|2021-04-29|2021-08-03|2021-11-02|2022-02-22|2022-05-03|2022-08-01|2022-11-02|2023-02-28|2023-05-03|2023-07-27|2023-11-02|2024-02-28|2024-04-30|2024-08-08|2024-11-05|2025-02-27|2025-05-06|2025-08-04|2025-11-04|2026-02-26|2026-05-05|2026-08-03|2026-11-03
LIO.L,2026-09-14,2026-11-19
LITE,2026-10-05,2020-11-02|2021-02-02|2021-05-12|2021-08-18|2021-11-04|2022-02-03|2022-05-04|2022-08-16|2022-11-08|2023-02-09|2023-05-09|2023-08-17|2023-11-08|2024-02-08|2024-05-06|2024-08-14|2024-11-07|2025-02-06|2025-05-06|2025-08-12|2025-11-04|2026-02-03|2026-05-05|2026-08-11|2026-11-05
LITS,2026-10-05,2018-11-08|2019-02-07|2019-05-09|2019-08-28|2019-11-07|2020-02-06|2020-05-07|2020-09-09|2020-11-10|2021-02-04|2021-05-06|2021-09-02|2021-11-10|2022-02-10|2022-05-23|2022-09-08|2022-11-14|2023-02-09|2023-05-11|2023-09-26|2023-11-09|2024-02-13|2024-05-09|2024-09-19|2026-11-13
LIVE,2026-10-05,2007-02-20|2007-05-15|2007-08-15|2007-12-17|2008-02-15|2009-05-15|2009-08-14|2010-02-12|2010-05-14|2014-05-20|2014-08-13|2014-12-29|2015-02-12|2022-12-15|2023-02-09|2023-05-11|2023-08-10|2023-12-20|2024-02-08|2026-08-13|2026-12-17
LKQ,2026-10-05,2020-10-29|2021-02-18|2021-04-29|2021-07-29|2021-10-28|2022-02-17|2022-04-28|2022-07-28|2022-10-27|2023-02-23|2023-04-27|2023-07-27|2023-10-26|2024-02-22|2024-04-23|2024-07-25|2024-10-24|2025-02-20|2025-04-24|2025-07-24|2025-10-30|2026-02-19|2026-04-30|2026-07-30|2026-10-29
LLY,2026-09-14,2020-10-27|2021-01-29|2021-04-27|2021-08-03|2021-10-26|2022-02-03|2022-04-28|2022-08-04|2022-11-01|2023-02-02|2023-04-27|2023-08-08|2023-11-02|2024-02-06|2024-04-30|2024-08-08|2024-10-30|2025-02-06|2025-05-01|2025-08-07|2025-10-30|2026-02-04|2026-04-30|2026-08-05|2026-10-29
LLYVA,2026-09-21,2023-11-03|2025-11-05|2026-02-26|2026-05-07|2026-11-05
LLYVK,2026-09-21,2023-11-03|2025-02-26|2025-05-06|2025-11-05|2026-05-07|2026-08-06|2026-11-05
LMB,2026-10-05,2020-11-12|2021-03-25|2021-05-14|2021-08-12|2021-11-10|2022-03-16|2022-05-10|2022-08-09|2022-11-09|2023-03-08|2023-05-08|2023-08-09|2023-11-08|2024-03-13|2024-05-08|2024-08-06|2024-11-05|2025-03-10|2025-05-05|2025-08-05|2025-11-04|2026-03-02|2026-05-05|2026-08-04|2026-11-03
LMND,2026-10-05,2020-11-10|2021-02-28|2021-05-12|2021-08-04|2021-11-08|2022-02-23|2022-05-09|2022-08-08|2022-11-08|2023-02-22|2023-05-03|2023-08-02|2023-11-01|2024-02-27|2024-05-01|2024-07-30|2024-10-30|2025-02-25|2025-05-06|2025-08-05|2025-11-05|2026-02-19|2026-04-29|2026-07-29|2026-11-04
LMNR,2026-10-05,2021-01-11|2021-03-10|2021-06-08|2021-09-08|2022-01-10|2022-03-10|2022-06-07|2022-09-08|2022-12-22|2023-03-09|2023-06-06|2023-09-07|2023-12-21|2024-03-07|2024-06-06|2024-09-09|2024-12-23|2025-03-12|2025-06-09|2025-09-09|2025-12-23|2026-03-12|2026-06-09|2026-09-09|2026-12-23
LMP.L,2026-10-05,2026-11-24
LNKS,2026-09-28,FAILED
LNSR,2026-10-05,2021-03-10|2021-05-05|2021-08-05|2021-11-08|2022-03-03|2022-05-09|2022-08-08|2022-11-09|2023-03-16|2023-05-15|2023-08-09|2023-11-09|2024-03-04|2024-05-09|2024-08-08|2024-11-07|2025-02-27|2025-05-08|2025-08-07|2025-11-06|2026-03-31|2026-05-08|2026-08-13|2026-11-12
LNT,2026-10-05,2020-11-02|2021-02-18|2021-05-06|2021-08-05|2021-11-04|2022-02-17|2022-04-28|2022-08-04|2022-11-07|2023-02-23|2023-05-04|2023-08-03|2023-11-02|2024-02-15|2024-05-02|2024-08-01|2024-10-31|2025-02-20|2025-05-08|2025-08-07|2025-11-06|2026-02-19|2026-04-30|2026-07-30|2026-10-29
LOAN,2026-10-05,2020-07-23|2020-10-20|2021-03-11|2021-04-14|2021-07-23|2021-10-20|2022-03-11|2022-04-14|2022-07-22|2022-10-21|2023-03-10|2023-04-19|2023-07-20|2023-10-24|2024-03-11|2024-04-23|2024-07-22|2024-10-23|2025-03-12|2025-04-24|2025-07-22|2025-10-24|2026-03-27|2026-04-16|2026-07-23
LOAR,2026-09-21,2024-08-13|2024-11-13|2025-03-31|2025-05-13|2025-08-13|2025-11-12|2026-02-26|2026-05-07|2026-08-06|2026-11-12
LOCO,2026-09-14,2020-10-29|2021-03-11|2021-05-06|2021-08-05|2021-11-04|2022-03-10|2022-05-04|2022-08-04|2022-11-03|2023-03-09|2023-05-04|2023-08-03|2023-11-02|2024-03-07|2024-05-02|2024-08-01|2024-10-31|2025-03-06|2025-05-01|2025-07-31|2025-10-30|2026-03-12|2026-05-07|2026-08-06|2026-11-05
LODE,2026-10-05,2020-11-16|2021-03-10|2021-05-11|2021-08-09|2021-11-09|2022-03-28|2022-05-02|2022-08-09|2022-11-01|2023-03-16|2023-05-03|2023-08-10|2023-10-26|2024-02-28|2024-04-29|2024-08-08|2024-10-22|2025-03-06|2025-05-08|2025-08-14|2025-10-30|2026-03-24|2026-05-07|2026-07-23|2026-10-22
LOMA,2026-10-05,2018-03-08|2018-05-08|2018-08-09|2018-11-08|2019-03-07|2019-05-09|2019-08-08|2019-11-07|2020-08-10|2020-11-10|2021-03-10|2021-05-12|2021-08-11|2021-11-11|2022-05-06|2022-08-11|2022-11-08|2023-03-08|2023-05-05|2023-08-09|2025-11-06|2026-03-05|2026-08-06|2026-11-05
LONA,2026-10-05,2020-11-12|2021-03-25|2021-05-13|2021-08-16|2021-11-10|2022-03-24|2022-05-12|2022-08-15|2022-11-10|2023-03-23|2023-05-11|2023-08-10|2023-11-09|2024-02-22|2024-05-15|2024-08-01|2024-11-07|2025-02-27|2025-05-09|2025-08-07|2025-11-06|2026-03-26|2026-05-07|2026-08-06|2026-08-14
LOPE,2026-09-07,2020-11-05|2021-02-17|2021-05-05|2021-08-05|2021-10-28|2022-02-16|2022-05-04|2022-08-04|2022-10-27|2023-02-16|2023-05-02|2023-08-03|2023-11-02|2024-02-13|2024-05-07|2024-08-06|2024-11-06|2025-02-19|2025-05-06|2025-08-06|2025-11-05|2026-02-18|2026-04-30|2026-07-30|2026-11-04
LOW,2026-10-05,2020-11-18|2021-02-24|2021-05-19|2021-08-18|2021-11-17|2022-02-23|2022-05-18|2022-08-17|2022-11-16|2023-03-01|2023-05-23|2023-08-22|2023-11-21|2024-02-27|2024-05-21|2024-08-20|2024-11-19|2025-02-26|2025-05-21|2025-08-20|2025-11-19|2026-02-25|2026-05-20|2026-08-19|2026-11-18
LPCN,2026-10-05,2020-11-10|2021-03-11|2021-05-06|2021-08-05|2021-11-10|2022-03-09|2022-05-09|2022-08-08|2022-11-09|2023-03-10|2023-05-11|2023-08-10|2023-11-08|2024-03-07|2024-05-09|2024-08-08|2024-11-07|2025-03-13|2025-05-08|2025-08-05|2025-08-14|2025-11-06|2026-03-10|2026-05-07|2026-08-04
LPG,2026-10-05,2020-11-02|2021-02-02|2021-05-19|2021-08-04|2021-11-03|2022-02-03|2022-05-26|2022-08-03|2022-11-02|2023-02-01|2023-05-24|2023-08-02|2023-11-02|2024-02-01|2024-05-22|2024-08-01|2024-10-31|2025-01-31|2025-05-22|2025-08-01|2025-11-06|2026-02-05|2026-05-20|2026-08-05|2026-11-05
LPSN,2026-08-17,2020-10-29|2021-02-25|2021-05-04|2021-08-03|2021-11-02|2022-02-24|2022-05-09|2022-08-08|2022-11-07|2023-03-15|2023-05-09|2023-08-08|2023-11-08|2024-02-28|2024-05-08|2024-07-31|2024-11-07|2025-03-05|2025-05-07|2025-08-11|2025-11-10|2026-03-12|2026-05-08|2026-08-07|2026-11-09
LPX,2026-10-05,2020-11-03|2021-02-16|2021-05-04|2021-08-03|2021-11-02|2022-02-22|2022-05-03|2022-08-09|2022-11-01|2023-02-21|2023-05-03|2023-08-02|2023-11-01|2024-02-14|2024-05-08|2024-08-07|2024-11-05|2025-02-19|2025-05-06|2025-08-06|2025-11-05|2026-02-17|2026-05-06|2026-08-05|2026-11-03
LQDA,2026-10-05,2020-11-06|2021-03-22|2021-05-13|2021-08-10|2021-11-03|2022-03-17|2022-05-12|2022-08-11|2022-11-08|2023-03-16|2023-05-04|2023-08-10|2023-11-07|2024-03-13|2024-05-13|2024-08-07|2024-11-13|2025-03-19|2025-05-08|2025-08-12|2025-11-03|2026-03-05|2026-05-11|2026-08-12|2026-11-03
LRMR,2026-10-05,2021-03-04|2021-05-10|2021-08-12|2021-11-12|2022-03-25|2022-05-12|2022-08-11|2022-11-10|2023-03-14|2023-05-15|2023-08-10|2023-11-14|2024-03-14|2024-05-09|2024-08-07|2024-10-30|2025-03-24|2025-04-30|2025-08-14|2025-11-05|2026-03-19|2026-05-14|2026-08-04|2026-11-05
LSBK,2026-10-05,2026-10-21
LSF,2026-09-14,2020-11-12|2021-03-11|2021-05-13|2021-08-11|2021-11-10|2022-03-08|2022-05-12|2022-08-10|2022-11-10|2023-03-14|2023-05-10|2023-08-09|2023-11-08|2024-03-12|2024-05-08|2024-08-07|2024-11-06|2025-02-26|2025-05-07|2025-08-06|2025-11-10|2026-03-26|2026-05-14|2026-08-13|2026-11-09
LSTA,2026-10-05,2020-03-05|2020-05-08|2020-08-13|2020-11-05|2021-02-25|2021-05-06|2021-08-05|2021-11-04|2022-03-22|2022-05-05|2022-08-04|2022-11-10|2023-03-30|2023-05-09|2023-08-14|2023-11-02|2024-02-29|2024-05-09|2024-08-12|2024-11-12|2025-02-27|2025-05-08|2025-08-07|2025-11-06|2026-11-05
LTBR,2026-10-05,2012-05-10|2012-08-02|2012-11-08|2013-02-28|2013-05-08|2013-08-01|2013-11-07|2014-03-27|2014-05-08|2014-08-05|2014-11-19|2015-03-25|2015-05-07|2015-11-23|2016-03-15|2016-05-05|2026-11-04
LTC,2026-10-05,2020-10-29|2021-02-18|2021-04-29|2021-07-29|2021-10-28|2022-02-17|2022-04-28|2022-07-28|2022-10-27|2023-02-16|2023-04-27|2023-07-27|2023-10-26|2024-02-15|2024-04-29|2024-07-29|2024-10-28|2025-02-24|2025-05-05|2025-08-04|2025-11-04|2026-02-24|2026-05-06|2026-08-05|2026-11-03
LUCK,2026-10-05,2022-02-09|2022-05-11|2022-09-15|2022-11-15|2022-11-16|2023-02-15|2023-05-17|2023-09-11|2023-11-07|2024-02-05|2024-05-06|2024-09-05|2024-11-04|2025-02-05|2025-05-08|2025-08-28|2025-11-04|2026-02-04|2026-05-06|2026-08-27|2026-11-02
LULU,2026-10-05,2020-12-10|2021-03-30|2021-06-03|2021-09-08|2021-12-09|2022-03-29|2022-06-02|2022-09-01|2022-12-08|2023-03-28|2023-06-01|2023-08-31|2023-12-07|2024-03-21|2024-06-05|2024-08-29|2024-12-05|2025-03-27|2025-06-05|2025-09-04|2025-12-11|2026-03-17|2026-06-04|2026-09-03|2026-12-10
LUMN,2026-10-05,2020-11-04|2021-02-10|2021-05-05|2021-08-03|2021-11-03|2022-02-09|2022-05-04|2022-08-03|2022-11-02|2023-02-07|2023-05-02|2023-08-01|2023-10-31|2024-02-06|2024-04-30|2024-08-06|2024-11-05|2025-02-04|2025-05-01|2025-07-31|2025-10-30|2026-02-03|2026-05-05|2026-08-04|2026-10-29
LUNR,2026-10-05,2023-03-31|2023-08-14|2023-11-13|2024-03-25|2024-05-14|2024-08-13|2024-11-15|2025-03-25|2025-05-13|2025-08-07|2025-11-13|2026-03-19|2026-05-14|2026-08-13|2026-11-10
LVO,2026-10-05,2020-11-16|2021-02-11|2021-06-28|2021-08-12|2021-10-29|2022-02-10|2022-06-28|2022-08-11|2022-11-10|2023-02-09|2023-06-27|2023-08-10|2023-11-09|2024-02-08|2024-05-30|2024-08-13|2024-11-07|2025-02-12|2025-06-18|2025-08-13|2025-11-12|2026-02-12|2026-06-24|2026-08-12|2026-11-16
LVS,2026-10-05,2020-10-21|2021-01-27|2021-04-21|2021-07-21|2021-10-20|2022-01-26|2022-04-27|2022-07-20|2022-10-19|2023-01-25|2023-04-19|2023-07-19|2023-10-18|2024-01-24|2024-04-17|2024-07-24|2024-10-23|2025-01-29|2025-04-23|2025-07-23|2025-10-22|2026-01-28|2026-04-22|2026-07-22|2026-10-21
LVWR,2026-09-28,2022-11-09|2023-04-27|2023-07-27|2023-10-26|2024-02-08|2024-04-25|2024-07-25|2026-11-04
LW,2026-10-05,2021-01-07|2021-04-07|2021-07-27|2021-10-07|2022-01-06|2022-04-07|2022-07-27|2022-10-05|2023-01-05|2023-04-06|2023-07-25|2023-10-05|2024-01-04|2024-04-04|2024-07-24|2024-10-01|2024-12-19|2025-04-03|2025-07-23|2025-09-30|2025-12-19|2026-04-01|2026-07-24|2026-10-06|2026-12-17
LWAY,2026-10-05,2017-04-10|2017-05-18|2017-08-14|2017-11-14|2018-03-30|2018-05-15|2022-08-26|2022-09-26|2022-11-14|2023-03-27|2023-05-15|2023-08-14|2023-11-13|2024-03-20|2024-05-14|2024-08-13|2024-11-14|2025-03-14|2025-05-13|2025-08-12|2025-11-12|2026-03-17|2026-05-14|2026-08-13|2026-11-12
LWDB.L,2026-10-05,FAILED
LXEO,2026-10-05,2023-12-11|2024-05-09|2024-08-12|2024-11-13|2025-03-24|2025-05-12|2025-08-14|2025-11-05|2026-03-30|2026-05-11|2026-08-12|2026-11-04
LXP,2026-10-05,2020-11-05|2021-02-18|2021-05-07|2021-08-05|2021-11-04|2022-02-24|2022-05-05|2022-08-04|2022-11-03|2023-02-16|2023-05-03|2023-08-02|2023-10-31|2024-02-15|2024-05-02|2024-07-31|2024-11-06|2025-02-13|2025-05-01|2025-07-30|2025-10-30|2026-02-12|2026-04-29|2026-07-29|2026-10-29
LYEL,2026-10-05,2021-08-12|2021-11-12|2022-03-29|2022-05-10|2022-08-04|2022-11-08|2023-02-28|2023-05-04|2023-08-08|2023-11-07|2024-02-28|2024-05-06|2024-08-07|2024-11-07|2025-03-11|2025-05-13|2025-08-12|2025-11-12|2026-03-12|2026-05-06|2026-08-06|2026-11-06
LYTS,2026-09-07,2020-10-29|2021-01-21|2021-04-22|2021-08-19|2021-11-03|2022-01-27|2022-04-28|2022-08-18|2022-11-02|2023-01-26|2023-04-27|2023-08-17|2023-11-01|2024-01-25|2024-04-25|2024-08-15|2024-11-07|2025-01-23|2025-04-24|2025-08-21|2025-11-06|2026-01-22|2026-04-23|2026-08-20|2026-11-05
LYV,2026-09-21,2020-11-05|2021-02-25|2021-05-06|2021-08-03|2021-11-04|2022-02-23|2022-05-05|2022-08-04|2022-11-03|2023-02-23|2023-05-04|2023-07-27|2023-11-02|2024-02-22|2024-05-02|2024-07-30|2024-11-11|2025-02-20|2025-05-01|2025-08-07|2025-11-04|2026-02-19|2026-05-05|2026-07-30|2026-11-03
LZB,2026-10-05,2020-11-17|2021-02-16|2021-06-15|2021-08-17|2021-11-16|2022-02-15|2022-06-21|2022-08-23|2022-11-30|2023-02-21|2023-06-20|2023-08-22|2023-11-29|2024-02-20|2024-06-17|2024-08-20|2024-11-19|2025-02-18|2025-06-17|2025-08-19|2025-11-18|2026-02-17|2026-06-16|2026-08-18|2026-11-17
M,2026-09-14,2020-11-19|2021-02-23|2021-05-18|2021-08-19|2021-11-18|2022-02-22|2022-05-26|2022-08-23|2022-11-17|2023-03-02|2023-06-01|2023-08-22|2023-11-16|2024-02-27|2024-05-21|2024-08-21|2024-12-11|2025-03-06|2025-05-28|2025-09-03|2025-12-03|2026-03-18|2026-06-03|2026-09-10|2026-12-02
MA,2026-10-05,2020-10-28|2021-01-28|2021-04-29|2021-07-29|2021-10-28|2022-01-27|2022-04-28|2022-07-28|2022-10-27|2023-01-26|2023-04-27|2023-07-27|2023-10-26|2024-01-31|2024-05-01|2024-07-31|2024-10-31|2025-01-30|2025-05-01|2025-07-31|2025-10-30|2026-01-29|2026-04-30|2026-07-30|2026-10-29
MAA,2026-10-05,2020-10-28|2021-02-03|2021-04-28|2021-07-28|2021-10-27|2022-02-02|2022-04-27|2022-07-27|2022-10-26|2023-02-01|2023-04-26|2023-07-26|2023-10-25|2024-02-07|2024-05-01|2024-07-31|2024-10-30|2025-02-05|2025-04-30|2025-07-30|2025-10-29|2026-02-04|2026-04-29|2026-07-29|2026-10-28
MACF.L,2026-10-05,FAILED
MAKO,2026-10-05,2026-11-19
MAMA,2026-09-14,2020-12-14|2021-04-20|2021-06-14|2021-09-09|2021-12-14|2022-05-27|2022-06-14|2022-09-14|2022-12-12|2023-04-26|2023-06-13|2023-09-12|2023-12-12|2024-04-24|2024-06-11|2024-09-10|2024-12-16|2025-04-08|2025-06-03|2025-09-08|2025-12-08|2026-04-14|2026-06-08|2026-09-03|2026-12-03
MAN,2026-10-05,2020-10-20|2021-02-02|2021-04-20|2021-07-20|2021-10-19|2022-02-01|2022-04-19|2022-07-19|2022-10-20|2023-01-31|2023-04-20|2023-07-20|2023-10-19|2024-01-30|2024-04-18|2024-07-18|2024-10-17|2025-01-30|2025-04-17|2025-07-17|2025-10-16|2026-01-29|2026-04-16|2026-07-16|2026-10-15
MAS,2026-09-21,2020-10-28|2021-02-09|2021-04-28|2021-07-29|2021-10-27|2022-02-08|2022-04-27|2022-07-28|2022-10-26|2023-02-09|2023-04-26|2023-07-27|2023-10-26|2024-02-08|2024-04-24|2024-07-25|2024-10-29|2025-02-11|2025-04-23|2025-07-31|2025-10-29|2026-02-10|2026-04-22|2026-07-29|2026-10-29
MASS,2026-10-05,2021-03-30|2021-05-13|2021-08-04|2021-11-04|2022-03-07|2022-05-10|2022-08-09|2022-11-14|2023-03-07|2023-05-09|2023-08-08|2023-11-07|2024-03-05|2024-04-30|2024-08-06|2024-11-12|2025-03-04|2025-05-13|2025-08-05|2025-11-10|2026-03-03|2026-05-06|2026-08-11|2026-11-10
MATH,2026-10-05,FAILED
MATW,2026-10-05,2020-11-19|2021-01-28|2021-04-29|2021-07-29|2021-11-18|2022-01-27|2022-04-28|2022-07-28|2022-11-17|2023-01-26|2023-04-27|2023-07-27|2023-11-16|2024-02-01|2024-05-02|2024-08-01|2024-11-21|2025-02-06|2025-04-30|2025-08-05|2025-11-20|2026-02-03|2026-04-30|2026-08-06|2026-11-19
MATX,2026-10-05,2020-11-02|2021-02-23|2021-04-27|2021-07-29|2021-11-03|2022-02-17|2022-05-03|2022-08-01|2022-11-02|2023-02-21|2023-05-04|2023-08-01|2023-10-30|2024-02-20|2024-04-30|2024-08-01|2024-10-30|2025-02-24|2025-05-05|2025-07-31|2025-11-04|2026-02-24|2026-05-04|2026-08-03|2026-11-04
MAZE,2026-10-05,2025-03-31|2025-05-14|2025-08-12|2025-11-06|2026-03-25|2026-08-11|2026-11-05
MBAI,2026-10-05,2017-11-06|2018-04-04|2018-05-17|2018-07-31|2018-11-05|2019-03-28|2019-05-13|2019-08-07|2019-11-06|2020-03-06|2020-05-27|2020-08-06|2020-11-18|2021-03-18|2021-05-12|2021-08-05|2021-11-03|2022-04-06|2022-06-01|2022-08-31|2022-11-30|2023-03-31|2023-05-11|2023-08-04|2023-11-27
MBI,2026-10-05,2020-11-09|2021-03-01|2021-05-10|2021-08-04|2021-11-03|2022-02-28|2022-05-09|2022-08-03|2022-11-02|2023-02-28|2023-05-09|2023-08-02|2023-11-02|2024-02-28|2024-05-09|2024-08-06|2024-11-07|2025-02-27|2025-05-08|2025-08-06|2025-11-04|2026-02-26|2026-05-07|2026-08-06|2026-11-03
MBIN,2026-10-05,2020-10-28|2021-01-28|2021-04-28|2021-07-28|2021-10-28|2022-01-31|2022-04-28|2022-07-28|2022-10-27|2023-01-30|2023-04-27|2023-07-27|2023-10-26|2024-01-29|2024-04-29|2024-07-29|2024-10-28|2025-01-28|2025-04-28|2025-07-28|2025-10-28|2026-01-28|2026-04-28|2026-07-28|2026-10-28
MBOT,2026-10-05,2020-08-14|2020-11-16|2021-03-31|2021-05-17|2021-08-16|2021-11-15|2022-03-31|2022-05-16|2022-08-15|2022-11-14|2023-03-31|2023-05-17|2023-08-14|2023-11-14|2024-03-27|2024-05-15|2024-08-14|2024-11-13|2025-03-25|2025-05-14|2025-08-12|2025-11-12|2026-03-26|2026-05-13|2026-08-11
MBUU,2026-10-05,2020-11-06|2021-02-09|2021-05-04|2021-08-26|2021-11-04|2022-02-08|2022-05-10|2022-08-25|2022-11-04|2023-02-07|2023-05-03|2023-08-29|2023-10-31|2024-01-30|2024-05-02|2024-08-29|2024-10-31|2025-01-30|2025-05-08|2025-08-28|2025-10-30|2026-02-05|2026-05-07|2026-08-27|2026-10-29
MBWM,2026-10-05,2020-10-20|2021-01-19|2021-04-20|2021-07-20|2021-10-19|2022-01-18|2022-04-19|2022-07-19|2022-10-18|2023-01-17|2023-04-18|2023-07-18|2023-10-17|2024-01-16|2024-04-16|2024-07-16|2024-10-15|2025-01-21|2025-04-22|2025-07-22|2025-10-21|2026-01-20|2026-04-21|2026-07-21|2026-10-20
MBX,2026-09-28,2024-11-07|2025-03-17|2025-05-12|2025-08-07|2025-11-06|2026-03-12|2026-05-07|2026-08-06|2026-11-05
MCB,2026-09-14,2020-10-21|2021-01-21|2021-04-21|2021-07-21|2021-10-20|2022-01-20|2022-04-21|2022-07-21|2022-10-20|2023-01-20|2023-04-18|2023-07-20|2023-10-19|2024-01-18|2024-04-18|2024-07-18|2024-10-17|2025-01-23|2025-04-21|2025-07-17|2025-10-23|2026-01-20|2026-04-21|2026-07-21|2026-10-22
MCD,2026-10-05,2020-11-09|2021-01-28|2021-04-29|2021-07-28|2021-10-27|2022-01-27|2022-04-28|2022-07-26|2022-10-27|2023-01-31|2023-04-25|2023-07-27|2023-10-30|2024-02-05|2024-04-30|2024-07-29|2024-10-29|2025-02-10|2025-05-01|2025-08-06|2025-11-05|2026-02-11|2026-05-07|2026-08-04|2026-11-04
MCHB,2026-09-21,2020-10-26|2021-01-25|2021-04-26|2021-07-26|2021-10-25|2022-01-24|2022-04-25|2022-07-25|2022-10-24|2023-01-27|2023-04-24|2023-07-28|2023-10-30|2024-01-29|2024-04-29|2024-07-29|2024-10-29|2025-01-27|2025-04-28|2025-07-28|2025-10-30|2026-01-30|2026-04-30|2026-07-29|2026-10-29
MCHX,2026-10-05,2020-11-04|2021-03-02|2021-05-13|2021-08-05|2021-11-09|2022-03-02|2022-05-12|2022-08-09|2022-11-04|2023-02-28|2023-05-04|2023-08-03|2023-11-08|2024-03-14|2024-05-07|2024-08-08|2024-10-31|2025-03-06|2025-05-13|2025-08-12|2025-11-13|2026-03-25|2026-05-13|2026-08-12|2026-11-12
MCY,2026-09-21,2020-11-03|2021-02-16|2021-05-04|2021-08-03|2021-11-02|2022-02-15|2022-05-03|2022-08-02|2022-11-01|2023-02-14|2023-05-02|2023-08-01|2023-10-31|2024-02-13|2024-04-30|2024-07-30|2024-10-29|2025-02-11|2025-05-06|2025-07-29|2025-11-04|2026-02-17|2026-05-05|2026-08-04|2026-11-03
MD,2026-09-21,2020-11-06|2021-02-18|2021-05-07|2021-08-06|2021-10-28|2022-02-17|2022-04-28|2022-08-04|2022-11-03|2023-02-17|2023-05-02|2023-08-03|2023-11-02|2024-02-20|2024-05-07|2024-08-06|2024-11-01|2025-02-20|2025-05-06|2025-08-05|2025-11-03|2026-02-19|2026-05-05|2026-08-04|2026-11-02
MDBH,2026-10-05,2025-08-12
MDU,2026-10-05,2020-11-04|2021-02-03|2021-05-05|2021-08-04|2021-11-03|2022-02-09|2022-05-04|2022-08-04|2022-11-03|2023-02-09|2023-05-04|2023-08-03|2023-11-02|2024-02-08|2024-05-02|2024-08-08|2024-11-07|2025-02-06|2025-05-08|2025-08-07|2025-11-06|2026-02-05|2026-05-07|2026-08-06|2026-11-05
MDWD,2026-10-05,2020-11-10|2021-02-25|2021-05-05|2021-08-10|2021-11-16|2022-03-17|2022-05-17|2022-08-09|2022-11-15|2023-03-16|2023-05-30|2023-08-15|2023-11-21|2024-03-21|2024-05-29|2024-08-14|2024-11-26|2025-03-19|2025-05-21|2025-08-14|2025-11-20|2026-03-05|2026-05-27|2026-08-13|2026-11-19
MEC,2026-10-05,2020-11-02|2021-03-02|2021-05-04|2021-08-03|2021-11-02|2022-03-01|2022-05-03|2022-08-02|2022-11-01|2023-02-28|2023-05-02|2023-08-01|2023-10-31|2024-03-05|2024-05-07|2024-08-06|2024-11-05|2025-03-04|2025-05-06|2025-08-05|2025-11-04|2026-03-03|2026-05-05|2026-08-04|2026-11-03
MEGI,2026-10-05,FAILED
METC,2026-10-05,2020-11-03|2021-02-18|2021-05-12|2021-08-02|2021-11-02|2022-02-24|2022-05-11|2022-08-08|2022-11-07|2023-03-08|2023-05-03|2023-08-08|2023-11-07|2024-03-07|2024-05-09|2024-08-08|2024-11-04|2025-03-10|2025-05-12|2025-07-31|2025-10-27|2026-02-25|2026-05-11|2026-08-04|2026-10-26
METCB,2026-10-05,FAILED
MFA,2026-10-05,2020-11-05|2021-02-23|2021-05-06|2021-08-05|2021-11-05|2022-02-23|2022-05-04|2022-08-04|2022-11-03|2023-02-23|2023-05-04|2023-08-03|2023-11-07|2024-02-22|2024-05-06|2024-08-08|2024-11-06|2025-02-19|2025-05-06|2025-08-06|2025-11-06|2026-02-18|2026-05-05|2026-08-05|2026-11-05
MFG,2026-09-28,2021-11-12|2022-02-02|2022-05-13|2022-07-29|2022-11-14|2023-02-02|2023-05-15|2023-07-31|2024-07-31|2024-11-14|2025-02-03|2025-05-15|2025-07-31|2025-11-14|2026-02-02|2026-05-15|2026-07-30|2026-11-13
MFIN,2026-10-05,2020-11-02|2021-02-17|2021-05-03|2021-08-02|2021-11-01|2022-02-23|2022-05-02|2022-07-27|2022-10-27|2023-02-22|2023-05-01|2023-07-24|2023-10-30|2024-02-20|2024-04-30|2024-07-30|2024-10-29|2025-03-04|2025-04-30|2025-07-30|2025-10-29|2026-02-18|2026-04-29|2026-07-29|2026-10-28
MG,2026-10-05,2020-11-04|2021-03-16|2021-05-05|2021-08-02|2021-11-02|2022-03-09|2022-05-03|2022-08-03|2022-11-02|2023-03-08|2023-05-03|2023-08-02|2023-11-02|2024-03-06|2024-05-01|2024-07-31|2024-10-30|2025-03-05|2025-05-07|2025-08-06|2025-11-04|2026-03-04|2026-05-05|2026-08-10|2026-11-04
MGA,2026-10-05,2020-11-06|2021-02-19|2021-05-06|2021-08-06|2021-11-05|2022-02-11|2022-04-29|2022-07-29|2022-11-04|2023-02-10|2023-05-05|2023-08-04|2023-11-03|2024-02-09|2024-05-03|2024-08-02|2024-11-01|2025-02-14|2025-05-02|2025-08-01|2025-10-31|2026-02-13|2026-05-01|2026-07-31|2026-10-30
MGAM.L,2026-10-05,2015-03-30|2026-08-06|2027-03-02
MGEE,2026-10-05,2020-11-05|2021-02-24|2021-05-06|2021-08-05|2021-11-04|2022-02-23|2022-05-05|2022-08-04|2022-11-03|2023-02-22|2023-05-04|2023-08-03|2023-11-02|2024-02-21|2024-05-08|2024-08-07|2024-11-06|2025-02-25|2025-05-07|2025-08-06|2025-11-05|2026-02-24|2026-05-05|2026-08-05|2026-11-04
MGLD,2026-10-05,FAILED
MGM,2026-10-05,2020-10-29|2021-02-10|2021-04-28|2021-08-04|2021-11-03|2022-02-09|2022-05-02|2022-08-03|2022-11-02|2023-02-08|2023-05-01|2023-08-02|2023-11-08|2024-02-13|2024-05-01|2024-07-31|2024-10-30|2025-02-12|2025-04-30|2025-07-30|2025-10-29|2026-02-05|2026-04-29|2026-07-29|2026-10-28
MGNI,2026-09-21,2020-11-09|2021-02-24|2021-05-10|2021-08-05|2021-11-03|2022-02-23|2022-05-04|2022-08-09|2022-11-09|2023-02-22|2023-05-10|2023-08-09|2023-11-08|2024-02-28|2024-05-08|2024-08-07|2024-11-07|2025-02-26|2025-05-07|2025-08-06|2025-11-05|2026-02-25|2026-05-06|2026-08-05|2026-11-04
MGPI,2026-10-05,2020-10-29|2021-02-25|2021-05-05|2021-08-04|2021-11-03|2022-02-24|2022-05-05|2022-08-04|2022-11-03|2023-02-23|2023-05-04|2023-08-03|2023-11-02|2024-02-22|2024-05-02|2024-08-01|2024-10-31|2025-02-26|2025-05-01|2025-07-31|2025-10-29|2026-02-25|2026-04-29|2026-07-29|2026-10-28
MGRC,2026-09-14,2020-10-29|2021-02-23|2021-04-28|2021-08-03|2021-10-28|2022-02-23|2022-04-28|2022-07-28|2022-10-27|2023-02-22|2023-05-04|2023-07-27|2023-10-26|2024-02-21|2024-04-25|2024-07-25|2024-10-24|2025-02-19|2025-04-24|2025-07-24|2025-10-23|2026-02-25|2026-04-29|2026-07-29|2026-10-22
MGTX,2026-09-21,2020-11-05|2021-03-11|2021-05-11|2021-08-11|2021-11-10|2022-03-10|2022-05-12|2022-08-11|2022-11-10|2023-03-14|2023-05-11|2023-08-10|2023-11-14|2024-03-14|2024-05-09|2024-08-12|2024-11-13|2025-03-13|2025-05-13|2025-08-14|2025-11-13|2026-03-26|2026-05-14|2026-08-13|2026-11-12
MGX,2026-10-05,2024-03-27|2024-05-14|2024-08-14|2024-11-13|2025-03-17|2025-05-13|2025-08-12|2025-08-13|2025-11-11|2026-03-05|2026-05-11|2026-08-10
MHD,2026-10-05,FAILED
MHK,2026-10-05,2020-10-29|2021-02-11|2021-04-29|2021-07-29|2021-10-28|2022-02-10|2022-04-28|2022-07-28|2022-10-27|2023-02-09|2023-04-27|2023-07-27|2023-10-26|2024-02-08|2024-04-25|2024-07-25|2024-10-24|2025-02-06|2025-05-01|2025-07-24|2025-10-23|2026-02-12|2026-04-30|2026-07-30|2026-10-29
MHO,2026-09-14,2020-10-28|2021-02-02|2021-04-28|2021-07-28|2021-10-27|2022-02-02|2022-04-27|2022-07-27|2022-10-26|2023-02-01|2023-04-26|2023-07-26|2023-10-25|2024-01-31|2024-04-24|2024-07-30|2024-10-30|2025-01-29|2025-04-23|2025-07-23|2025-10-22|2026-01-28|2026-04-22|2026-07-29|2026-10-21
MIDD,2026-09-07,2020-11-05|2021-03-01|2021-05-06|2021-08-12|2021-11-09|2022-02-22|2022-05-10|2022-08-04|2022-11-09|2023-02-21|2023-05-10|2023-08-03|2023-11-08|2024-02-20|2024-05-08|2024-08-01|2024-10-31|2025-02-25|2025-05-07|2025-08-06|2025-11-06|2026-02-26|2026-05-07|2026-08-11|2026-11-05
MIR,2026-10-05,2022-05-04|2022-07-29|2022-11-01|2023-02-14|2023-05-03|2023-08-02|2023-11-01|2024-02-13|2024-04-30|2024-08-01|2024-10-29|2025-02-11|2025-04-29|2025-07-31|2025-10-28|2026-02-10|2026-04-28|2026-07-28|2026-10-27
MIRM,2026-10-05,2020-11-12|2021-03-09|2021-05-06|2021-08-05|2021-11-15|2022-03-09|2022-05-05|2022-08-04|2022-11-09|2023-03-08|2023-05-04|2023-08-03|2023-11-02|2024-02-28|2024-05-08|2024-08-07|2024-11-12|2025-02-26|2025-05-07|2025-08-06|2025-11-04|2026-02-25|2026-05-06|2026-08-05|2026-11-04
MITT,2026-10-05,2020-11-06|2021-02-19|2021-05-06|2021-07-30|2021-11-05|2022-02-24|2022-05-06|2022-08-03|2022-11-04|2023-02-23|2023-05-05|2023-08-07|2023-11-07|2024-02-22|2024-05-03|2024-08-02|2024-11-05|2025-03-03|2025-05-06|2025-08-01|2025-11-04|2026-02-17|2026-04-29|2026-08-10|2026-11-03
MIY,2026-10-05,FAILED
MKDW,2026-10-05,FAILED
MLAB,2026-10-05,2020-11-05|2021-02-03|2021-06-01|2021-08-05|2021-11-04|2022-02-03|2022-05-31|2022-08-04|2022-11-03|2023-02-06|2023-05-25|2023-08-03|2023-11-06|2024-02-05|2024-06-05|2024-08-05|2024-11-07|2025-02-04|2025-05-28|2025-08-05|2025-11-06|2026-02-03|2026-05-27|2026-08-10|2026-11-09
MLEC,2026-10-05,2023-10-30|2024-03-13|2024-10-30|2025-01-31|2025-04-16|2025-07-02
MLGO,2026-10-05,FAILED
MLKN,2026-10-05,2020-12-16|2021-03-17|2021-06-28|2021-09-29|2022-01-04|2022-03-29|2022-06-29|2022-09-28|2022-12-21|2023-03-22|2023-07-12|2023-09-26|2023-12-20|2024-03-27|2024-06-26|2024-09-19|2024-12-18|2025-03-26|2025-06-25|2025-09-23|2025-12-17|2026-03-25|2026-06-24|2026-09-22|2026-12-16
MLM,2026-10-05,2020-10-29|2021-02-09|2021-05-04|2021-07-29|2021-11-02|2022-02-10|2022-05-03|2022-07-28|2022-11-02|2023-02-15|2023-05-04|2023-07-27|2023-11-01|2024-02-14|2024-04-30|2024-08-08|2024-10-30|2025-02-12|2025-04-30|2025-08-07|2025-11-04|2026-02-11|2026-04-30|2026-07-30|2026-11-03
MLP,2026-10-05,2010-11-01|2011-03-11|2011-05-04|2011-08-03|2011-11-02|2012-03-01|2026-11-12
MLPB,2026-08-17,FAILED
MLR,2026-09-14,2011-08-09|2011-11-08|2012-03-07|2012-05-08|2012-08-08|2012-11-07|2013-03-06|2013-05-08|2013-08-07|2013-11-06|2014-03-05|2014-05-07|2014-08-06|2014-11-05|2015-03-04|2015-05-06|2024-11-12|2025-03-05|2025-05-07|2025-08-06|2025-11-05|2026-03-04|2026-05-06|2026-08-05|2026-11-04
MLTX,2026-10-05,2022-08-12|2022-11-14|2023-03-20|2023-05-11|2023-08-10|2023-11-14|2024-02-29|2024-05-07|2024-08-07|2024-11-07|2025-02-26|2025-05-12|2025-08-05|2025-11-05|2026-02-25|2026-05-11|2026-08-10|2026-11-05
MMD,2026-10-05,FAILED
MMI,2026-09-21,2020-11-05|2021-02-18|2021-05-07|2021-08-06|2021-11-05|2022-02-18|2022-05-06|2022-08-05|2022-11-04|2023-02-17|2023-05-05|2023-08-04|2023-11-03|2024-02-16|2024-05-08|2024-08-07|2024-11-08|2025-02-14|2025-05-07|2025-08-07|2025-11-07|2026-02-13|2026-05-07|2026-08-06|2026-11-06
MMIT.L,2026-10-05,FAILED
MMU,2026-10-05,FAILED
MNDR,2026-09-14,FAILED
MNG.L,2026-09-21,2026-09-03|2027-03-11
MNKS.L,2026-10-05,FAILED
MNOV,2026-10-05,2020-10-26|2021-02-19|2021-05-13|2021-08-12|2021-11-12|2022-02-16|2022-05-12|2022-08-11|2022-11-10|2023-02-16|2023-05-11|2023-08-09|2023-11-09|2024-02-15|2024-05-09|2024-08-08|2024-11-13|2025-02-19|2025-05-13|2025-08-14|2025-11-12|2026-02-20|2026-05-14|2026-08-13|2026-11-12
MNPR,2026-09-28,2020-11-12|2021-03-25|2021-05-13|2021-08-12|2021-11-12|2022-03-24|2022-05-12|2022-08-11|2022-11-10|2023-03-23|2023-05-11|2023-08-10|2023-11-09|2024-03-28|2024-05-09|2024-08-09|2024-11-08|2025-03-31|2025-05-13|2025-08-12|2025-11-13|2026-03-27|2026-05-14|2026-08-12|2026-11-12
MNRO,2026-10-05,2020-10-28|2021-01-27|2021-05-20|2021-07-28|2021-10-27|2022-01-26|2022-05-19|2022-07-27|2022-10-26|2023-01-25|2023-05-18|2023-07-26|2023-10-25|2024-01-24|2024-05-23|2024-07-31|2024-10-30|2025-01-29|2025-05-28|2025-07-30|2025-10-29|2026-01-28|2026-05-27|2026-07-29|2026-10-28
MNST,2026-09-14,2020-11-05|2021-02-25|2021-05-06|2021-08-05|2021-11-04|2022-02-24|2022-05-05|2022-08-04|2022-11-03|2023-02-28|2023-05-04|2023-08-03|2023-11-02|2024-02-28|2024-05-02|2024-08-07|2024-11-07|2025-02-27|2025-05-08|2025-08-07|2025-11-06|2026-02-26|2026-05-07|2026-08-06|2026-11-05
MNTK,2026-10-05,2021-03-31|2021-05-17|2021-08-16|2021-11-15|2022-03-16|2022-05-10|2022-08-09|2022-11-09|2023-03-16|2023-05-10|2023-08-09|2023-11-09|2024-03-14|2024-05-09|2024-08-08|2024-11-12|2025-03-13|2025-05-08|2025-08-06|2025-11-05|2026-03-11|2026-05-06|2026-08-05|2026-11-04
MOB,2026-10-05,FAILED
MOBX,2026-09-07,2025-12-18
MODD,2026-10-05,2022-06-28|2022-08-11|2022-11-14|2023-02-13|2023-06-26|2023-08-14|2023-11-13|2024-02-13|2024-06-21|2024-08-13|2024-11-14|2025-02-13
MOG-A,2026-09-07,2020-11-06|2021-01-29|2021-04-30|2021-07-30|2021-11-05|2022-01-28|2022-04-29|2022-07-29|2022-11-04|2023-02-03|2023-04-28|2023-07-28|2023-11-03|2024-01-26|2024-04-26|2024-08-02|2024-11-01|2025-01-24|2025-04-25|2025-07-25|2025-11-21|2026-01-30|2026-04-24|2026-07-31|2026-11-20
MOG-B,2026-09-07,2026-11-20
MOH,2026-09-14,2020-10-28|2021-02-10|2021-04-28|2021-07-28|2021-10-27|2022-02-09|2022-04-27|2022-07-27|2022-10-26|2023-02-08|2023-04-26|2023-07-26|2023-10-25|2024-02-07|2024-04-24|2024-07-24|2024-10-23|2025-02-05|2025-04-23|2025-07-23|2025-10-22|2026-02-05|2026-04-22|2026-07-22|2026-10-21
MONY.L,2026-10-05,2027-02-25
MOON.L,2026-09-28,2026-12-08
MOS,2026-10-05,2020-11-03|2021-02-17|2021-05-03|2021-08-03|2021-11-01|2022-02-22|2022-05-02|2022-08-01|2022-11-07|2023-02-22|2023-05-03|2023-08-01|2023-11-07|2024-02-21|2024-05-01|2024-08-06|2024-11-12|2025-02-27|2025-05-06|2025-08-05|2025-11-04|2026-02-24|2026-05-11|2026-08-04|2026-11-03
MP,2026-10-05,2021-03-18|2021-05-06|2021-08-05|2021-11-04|2022-02-24|2022-05-05|2022-08-05|2022-11-03|2023-02-23|2023-05-04|2023-08-03|2023-11-02|2024-02-22|2024-05-02|2024-08-01|2024-11-07|2025-02-20|2025-05-08|2025-08-07|2025-11-06|2026-02-26|2026-05-07|2026-08-06|2026-11-05
MPA,2026-10-05,FAILED
MPB,2026-09-21,2020-10-29|2021-01-28|2021-04-22|2021-07-26|2021-10-27|2022-02-01|2022-04-27|2022-07-27|2022-10-26|2023-01-25|2023-04-28|2023-07-27|2023-10-25|2024-01-26|2024-04-24|2024-07-24|2024-10-23|2025-01-22|2025-04-23|2025-07-23|2025-10-22|2026-01-21|2026-04-21|2026-07-22|2026-10-21
MPC,2026-10-05,2020-11-02|2021-02-02|2021-05-04|2021-08-04|2021-11-02|2022-02-02|2022-05-03|2022-08-02|2022-11-01|2023-01-31|2023-05-02|2023-08-01|2023-10-31|2024-01-30|2024-04-30|2024-08-06|2024-11-05|2025-02-04|2025-05-06|2025-08-05|2025-11-04|2026-02-03|2026-05-05|2026-08-04|2026-11-03
MPT,2026-10-05,2020-10-29|2021-02-04|2021-04-29|2021-07-29|2021-10-28|2022-02-03|2022-04-28|2022-08-03|2022-10-27|2023-02-23|2023-04-27|2023-08-08|2023-10-26|2024-02-21|2024-05-09|2024-08-08|2024-11-07|2025-02-27|2025-05-01|2025-07-31|2025-10-30|2026-02-19|2026-04-30|2026-08-10|2026-10-29
MPU,2026-10-05,2013-11-08|2014-03-11|2014-05-15|2014-08-12|2014-11-13|2015-03-03|2015-04-21|2015-08-14|2015-11-09|2016-03-02|2016-05-10|2016-08-10|2016-11-08|2017-03-07|2017-05-11|2017-08-10|2017-11-09|2018-03-06|2018-05-15|2018-08-09|2018-11-07|2019-03-18|2019-05-15|2019-08-07|2019-11-14
MQY,2026-10-05,FAILED
MRCH.L,2026-08-31,FAILED
MRK,2026-09-21,2020-10-27|2021-02-04|2021-04-29|2021-07-29|2021-10-28|2022-02-03|2022-04-28|2022-07-28|2022-10-27|2023-02-02|2023-04-27|2023-08-01|2023-10-26|2024-02-01|2024-04-25|2024-07-30|2024-10-31|2025-02-04|2025-04-24|2025-07-29|2025-10-30|2026-02-03|2026-04-30|2026-08-04|2026-10-29
MRKR,2026-09-28,2019-08-08|2019-11-12|2020-03-12|2020-05-11|2020-08-10|2020-11-09|2021-03-09|2021-05-12|2021-08-10|2021-11-09|2022-03-17|2022-05-13|2022-08-11|2022-11-10|2023-03-22|2024-05-15|2024-08-14|2024-11-14|2025-03-31|2025-05-15|2025-08-14|2025-11-13|2026-03-18|2026-05-15|2026-08-14
MRLN,2026-10-05,2026-05-15|2026-08-13|2026-11-12
MRNA,2026-09-21,2020-10-29|2021-02-25|2021-05-06|2021-08-05|2021-11-04|2022-02-24|2022-05-04|2022-08-03|2022-11-03|2023-02-23|2023-05-04|2023-08-03|2023-11-02|2024-02-22|2024-05-02|2024-08-01|2024-11-07|2025-02-14|2025-05-01|2025-08-01|2025-11-06|2026-02-13|2026-04-30|2026-07-31|2026-11-05
MRP,2026-10-05,2025-07-31|2025-10-23|2026-02-26|2026-05-06|2026-08-04|2026-10-27
MRX,2026-10-05,2024-08-14|2024-11-07|2025-03-06|2025-05-15|2025-08-13|2025-11-06|2026-03-03|2026-05-06|2026-08-12|2026-11-05
MSB,2026-10-05,2009-12-03|2010-04-15|2010-06-07|2010-09-03|2010-12-03|2011-04-11|2011-06-03|2011-09-08|2011-12-07|2012-04-13|2012-06-05|2012-09-05|2012-12-06|2013-04-10
MSEX,2026-09-21,2020-10-30|2021-02-25|2021-05-05|2021-07-30|2021-10-29|2022-02-25|2022-04-29|2022-07-29|2022-10-28|2023-02-24|2023-05-01|2023-07-28|2023-11-09|2024-02-29|2024-05-08|2024-07-31|2024-10-31|2025-02-28|2025-05-01|2025-07-31|2025-10-31|2026-02-19|2026-04-30|2026-07-30|2026-10-30
MSFT,2026-10-05,2020-10-27|2021-01-26|2021-04-27|2021-07-27|2021-10-26|2022-01-25|2022-04-26|2022-07-26|2022-10-25|2023-01-24|2023-04-25|2023-07-25|2023-10-24|2024-01-30|2024-04-25|2024-07-30|2024-10-30|2025-01-29|2025-04-30|2025-07-30|2025-10-29|2026-01-28|2026-04-29|2026-07-29|2026-10-28
MSTR,2026-09-14,2020-10-27|2021-01-28|2021-04-29|2021-07-29|2021-10-28|2022-02-01|2022-05-03|2022-08-02|2022-11-01|2023-02-02|2023-05-01|2023-08-01|2023-11-01|2024-02-06|2024-04-29|2024-08-01|2024-10-30|2025-02-05|2025-05-01|2025-07-31|2025-10-30|2026-02-05|2026-05-05|2026-07-30|2026-10-29
MT,2026-10-05,2020-02-06|2020-05-07|2020-07-30|2020-11-05|2021-02-11|2021-05-06|2021-07-29|2021-11-11|2022-02-10|2022-05-05|2022-07-28|2022-11-10|2023-02-09|2023-05-04|2024-05-02|2024-08-01|2024-11-07|2025-02-06|2025-04-30|2025-07-31|2025-11-06|2026-02-05|2026-04-30|2026-07-30|2026-11-05
MTA,2026-10-05,2020-04-09|2020-08-21|2021-05-14|2021-08-13|2021-11-15|2022-03-25|2022-05-13|2022-08-12|2022-11-10|2023-03-31|2023-05-12|2023-08-11|2023-11-10|2024-03-28|2024-05-15|2024-08-14|2024-11-14|2025-03-27|2025-05-15|2025-08-14|2025-11-13|2026-03-26|2026-05-14|2026-08-13|2026-11-12
MTB,2026-10-05,2020-10-22|2021-01-21|2021-04-19|2021-07-21|2021-10-20|2022-01-20|2022-04-20|2022-07-20|2022-10-19|2023-01-19|2023-04-17|2023-07-19|2023-10-18|2024-01-18|2024-04-15|2024-07-18|2024-10-17|2025-01-16|2025-04-14|2025-07-16|2025-10-16|2026-01-16|2026-04-15|2026-07-15|2026-10-16
MTCH,2026-09-28,2020-11-04|2021-02-02|2021-05-04|2021-08-03|2021-11-02|2022-02-01|2022-05-03|2022-08-02|2022-11-01|2023-01-31|2023-05-02|2023-08-01|2023-10-31|2024-01-30|2024-05-07|2024-07-30|2024-11-06|2025-02-04|2025-05-08|2025-08-05|2025-11-04|2026-02-03|2026-05-05|2026-08-04|2026-11-03
MTD,2026-10-05,2020-11-05|2021-02-04|2021-05-06|2021-07-29|2021-11-04|2022-02-10|2022-05-05|2022-07-28|2022-11-03|2023-02-09|2023-05-04|2023-07-27|2023-11-09|2024-02-08|2024-05-09|2024-08-01|2024-11-07|2025-02-06|2025-05-01|2025-07-31|2025-11-06|2026-02-05|2026-05-07|2026-07-30|2026-11-05
MTG,2026-10-05,2020-11-04|2021-02-23|2021-05-05|2021-08-04|2021-11-03|2022-02-02|2022-05-04|2022-08-03|2022-11-02|2023-02-01|2023-05-03|2023-08-02|2023-10-31|2024-01-31|2024-05-01|2024-07-31|2024-11-04|2025-02-03|2025-04-30|2025-07-30|2025-10-29|2026-02-02|2026-04-29|2026-07-29|2026-11-04
MTH,2026-09-14,2020-10-21|2021-01-27|2021-04-28|2021-07-28|2021-10-27|2022-01-26|2022-04-27|2022-07-27|2022-10-26|2023-02-01|2023-04-26|2023-07-27|2023-10-31|2024-01-31|2024-04-24|2024-07-24|2024-10-29|2025-01-29|2025-04-23|2025-07-23|2025-10-28|2026-01-28|2026-04-22|2026-07-29|2026-10-28
MTNB,2026-10-05,2019-05-13|2019-08-13|2019-11-13|2020-03-09|2020-05-11|2020-08-10|2020-11-06|2021-03-29|2021-05-10|2021-08-10|2021-11-08|2022-03-08|2022-05-12|2022-08-11|2022-11-02|2023-03-15|2023-05-10|2023-08-09|2023-11-08|2024-03-27|2024-05-09|2024-08-14|2024-11-13|2025-04-15|2025-08-13
MTO.L,2026-10-05,2026-11-19
MTRN,2026-10-05,2020-10-22|2021-02-18|2021-04-29|2021-08-03|2021-11-02|2022-02-17|2022-04-28|2022-08-03|2022-11-02|2023-02-16|2023-05-03|2023-08-02|2023-11-01|2024-02-15|2024-05-01|2024-08-05|2024-10-30|2025-02-19|2025-05-01|2025-07-30|2025-10-29|2026-02-12|2026-04-29|2026-08-05|2026-10-28
MTW,2026-10-05,2020-11-04|2021-02-09|2021-05-05|2021-08-05|2021-11-03|2022-02-21|2022-05-03|2022-08-04|2022-11-07|2023-02-20|2023-05-02|2023-08-07|2023-11-01|2024-02-14|2024-05-07|2024-08-07|2024-10-30|2025-02-12|2025-05-06|2025-08-07|2025-11-05|2026-02-09|2026-05-05|2026-08-06|2026-11-04
MTX,2026-10-05,2020-10-29|2021-02-04|2021-05-06|2021-07-29|2021-11-04|2022-02-03|2022-04-28|2022-07-28|2022-10-27|2023-02-02|2023-04-27|2023-07-27|2023-10-26|2024-02-01|2024-04-25|2024-07-25|2024-10-24|2025-02-06|2025-04-24|2025-07-24|2025-10-23|2026-01-29|2026-04-30|2026-07-30|2026-10-29
MTZ,2026-10-05,2020-10-29|2021-02-25|2021-05-06|2021-08-05|2021-11-04|2022-02-24|2022-05-05|2022-08-04|2022-11-03|2023-02-23|2023-05-04|2023-08-03|2023-10-31|2024-02-29|2024-05-02|2024-08-01|2024-10-31|2025-02-27|2025-05-01|2025-07-31|2025-10-30|2026-02-26|2026-04-30|2026-07-30|2026-10-29
MUA,2026-10-05,FAILED
MUC,2026-10-05,FAILED
MUFG,2026-09-28,2008-01-31|2008-08-05|2021-11-28|2022-02-02|2022-05-16|2022-11-13|2023-02-02|2023-05-15|2023-08-01|2023-11-14|2024-02-05|2024-05-15|2024-08-01|2024-11-14|2025-02-04|2025-05-15|2025-08-04|2025-11-14|2026-02-04|2026-05-15|2026-08-03|2026-11-13
MUX,2026-10-05,2020-10-29|2021-03-10|2021-05-07|2021-08-04|2021-11-03|2022-03-01|2022-05-10|2022-08-10|2022-11-04|2023-03-12|2023-05-08|2023-08-09|2023-11-08|2024-03-01|2024-05-08|2024-08-07|2024-11-05|2025-03-14|2025-05-07|2025-08-06|2025-11-05|2026-03-12|2026-05-06|2026-08-05|2026-11-04
MVBF,2026-09-21,2020-11-02|2021-02-18|2021-05-03|2021-07-29|2021-11-01|2022-02-17|2022-05-02|2022-08-01|2022-10-31|2023-02-17|2023-04-27|2023-07-27|2023-10-26|2024-02-14|2024-04-29|2024-07-29|2024-10-30|2025-02-13|2025-04-30|2025-07-28|2025-10-29|2026-02-12|2026-04-29|2026-07-28|2026-10-28
MVIS,2026-09-14,2020-05-07|2020-08-05|2020-10-29|2021-03-11|2021-04-29|2021-08-04|2021-10-28|2022-02-24|2022-04-27|2022-07-29|2022-10-27|2023-02-27|2023-05-10|2023-08-08|2023-11-08|2024-02-28|2024-05-09|2024-08-07|2024-11-07|2025-03-26|2025-05-12|2025-08-07|2025-11-10|2026-03-04|2026-11-10
MWA,2026-10-05,2020-11-09|2021-02-04|2021-05-03|2021-08-04|2021-11-08|2022-02-03|2022-05-02|2022-08-04|2022-11-07|2023-02-02|2023-05-08|2023-08-03|2023-12-13|2024-02-08|2024-05-06|2024-08-05|2024-11-06|2025-02-04|2025-05-05|2025-08-04|2025-11-06|2026-02-04|2026-05-05|2026-08-05|2026-11-05
MXC,2026-09-14,FAILED
MYE,2026-09-14,2020-10-29|2021-03-11|2021-05-06|2021-08-05|2021-11-04|2022-03-10|2022-05-05|2022-08-02|2022-10-27|2023-03-01|2023-05-04|2023-08-03|2023-11-01|2024-03-05|2024-05-07|2024-08-01|2024-11-04|2025-03-06|2025-05-01|2025-07-31|2025-10-30|2026-03-05|2026-05-07|2026-07-30|2026-11-05
MYGN,2026-10-05,2020-05-05|2021-02-23|2021-05-03|2021-08-03|2021-11-02|2022-02-24|2022-05-05|2022-08-04|2022-11-01|2023-02-28|2023-05-03|2023-08-02|2023-11-06|2024-02-27|2024-05-07|2024-08-06|2024-11-07|2025-02-24|2025-05-06|2025-08-05|2025-11-03|2026-02-23|2026-05-05|2026-07-30|2026-11-02
MYI,2026-10-05,FAILED
MYN,2026-09-21,FAILED
MYO,2026-10-05,2020-11-10|2021-03-10|2021-05-05|2021-08-09|2021-11-10|2022-03-09|2022-05-11|2022-08-03|2022-11-10|2023-03-13|2023-05-10|2023-08-09|2023-11-07|2024-03-07|2024-05-08|2024-08-06|2024-11-06|2025-03-10|2025-05-07|2025-08-11|2025-11-10|2026-03-09|2026-05-07|2026-08-05|2026-11-09
MZTI,2026-10-05,2020-11-04|2021-02-04|2021-05-04|2021-08-26|2021-11-03|2022-02-03|2022-05-05|2022-08-25|2022-11-03|2023-02-02|2023-05-04|2023-08-23|2023-11-02|2024-02-01|2024-05-02|2024-08-22|2024-10-31|2025-02-04|2025-04-30|2025-08-21|2025-11-04|2026-02-03|2026-05-04|2026-08-25|2026-11-04
NAGE,2026-10-05,2020-11-04|2021-03-10|2021-05-06|2021-08-03|2021-11-03|2022-03-09|2022-05-12|2022-08-10|2022-11-02|2023-03-08|2023-05-10|2023-08-09|2023-11-08|2024-03-06|2024-05-08|2024-08-07|2024-10-31|2025-03-04|2025-05-07|2025-08-06|2025-11-04|2026-03-04|2026-05-06|2026-08-04|2026-11-03
NAII,2026-09-28,2025-09-29
NAMS,2026-10-05,2024-05-08|2024-08-07|2024-11-06|2025-02-26|2025-05-08|2025-08-06|2025-11-05|2026-02-18|2026-05-07|2026-08-05|2026-11-04
NAT,2026-10-05,2020-11-16|2021-02-26|2021-05-25|2021-08-30|2021-11-24|2022-02-25|2022-05-31|2022-08-30|2022-12-02|2023-02-27|2023-05-21|2023-08-27|2023-11-28|2024-02-28|2024-05-29|2024-08-29|2024-11-29|2025-02-27|2025-05-28|2025-08-28|2025-11-27|2026-02-26|2026-05-27|2026-08-27|2026-11-27
NATH,2026-09-14,2011-02-01|2011-06-06|2011-08-03|2011-11-01|2012-02-03|2012-06-04|2012-08-01|2012-10-31|2013-02-01|2013-06-12|2013-08-07|2013-11-08|2014-02-06|2014-06-13|2014-08-05|2014-11-05|2026-11-05
NATR,2026-10-05,2014-11-05|2015-02-25|2015-05-07|2015-08-10|2021-11-04|2022-03-08|2022-05-05|2022-08-09|2022-11-03|2023-03-15|2023-05-09|2023-08-09|2023-11-07|2024-03-12|2024-05-07|2024-08-08|2024-11-07|2025-03-11|2025-05-06|2025-07-31|2025-11-06|2026-03-10|2026-05-07|2026-08-06|2026-11-09
NAUT,2026-09-07,2021-08-10|2021-11-02|2022-02-24|2022-05-03|2022-08-02|2022-11-01|2023-02-23|2023-05-02|2023-08-02|2023-10-31|2024-02-28|2024-04-30|2024-07-30|2024-10-29|2025-02-27|2025-04-29|2025-07-31|2025-10-28|2026-02-26|2026-04-28|2026-07-28|2026-10-27
NB,2026-10-05,2025-02-07|2025-05-08|2025-09-11|2025-11-13|2026-02-06|2026-05-14|2026-09-25|2026-11-16
NBBK,2026-10-05,2024-04-24|2024-07-24|2024-10-30|2025-01-22|2025-04-22|2025-07-23|2025-10-22|2026-01-22|2026-04-22|2026-07-21|2026-10-21
NBHC,2026-09-14,2020-10-20|2021-01-21|2021-04-22|2021-07-26|2021-10-19|2022-01-20|2022-04-18|2022-07-19|2022-10-27|2023-01-24|2023-04-19|2023-07-19|2023-10-24|2024-01-23|2024-04-24|2024-07-23|2024-10-22|2025-01-22|2025-04-22|2025-07-22|2025-10-21|2026-01-27|2026-04-21|2026-07-21|2026-10-27
NBTB,2026-09-21,2020-10-26|2021-01-27|2021-04-26|2021-07-26|2021-10-26|2022-01-26|2022-04-25|2022-07-25|2022-10-25|2023-01-23|2023-04-24|2023-07-31|2023-10-24|2024-01-23|2024-04-22|2024-07-22|2024-10-28|2025-01-27|2025-04-24|2025-07-28|2025-10-27|2026-01-26|2026-04-23|2026-07-27|2026-10-26
NBTX,2026-10-05,2022-04-07|2026-09-29|2027-03-30
NC,2026-10-05,2000-10-18|2001-02-14|2008-02-26|2008-04-30|2008-08-07|2009-11-04|2010-03-02|2010-05-05|2010-08-04|2010-11-03|2011-03-02|2011-05-04|2011-08-03|2011-11-08|2012-02-29|2012-05-02|2013-10-30|2014-03-04|2014-04-30|2014-07-30|2014-10-29|2015-03-09|2015-05-05|2016-11-01|2026-11-04
NCDL,2026-10-05,2024-02-27|2024-05-09|2024-08-07|2024-11-07|2025-02-27|2025-05-08|2025-08-06|2025-11-04|2026-02-26|2026-05-07|2026-08-06
NCLH,2026-10-05,2020-11-09|2021-02-25|2021-05-06|2021-08-06|2021-11-03|2022-02-24|2022-05-10|2022-08-09|2022-11-08|2023-02-28|2023-05-01|2023-08-01|2023-11-01|2024-02-27|2024-05-01|2024-07-31|2024-10-31|2025-02-27|2025-04-30|2025-07-31|2025-11-04|2026-03-02|2026-05-04|2026-07-30|2026-11-04
NCRA,2026-09-14,FAILED
NDSN,2026-10-05,2020-12-15|2021-02-22|2021-05-24|2021-08-30|2021-12-15|2022-02-22|2022-05-23|2022-08-22|2022-12-14|2023-02-20|2023-05-22|2023-08-21|2023-12-13|2024-02-21|2024-05-20|2024-08-21|2024-12-11|2025-02-19|2025-05-28|2025-08-20|2025-12-10|2026-02-18|2026-05-20|2026-08-19|2026-12-09
NECB,2026-09-14,2022-02-04|2022-04-29|2022-07-22|2022-10-31|2023-01-31|2023-05-01|2023-07-26|2023-10-30|2024-02-01|2024-04-25|2024-07-22|2024-10-28|2025-01-29|2025-04-21|2025-07-24|2025-10-23|2026-01-28|2026-04-28|2026-07-24|2026-10-22
NEE,2026-10-05,2020-10-21|2021-01-26|2021-04-21|2021-07-23|2021-10-20|2022-01-25|2022-04-21|2022-07-22|2022-10-28|2023-01-25|2023-04-25|2023-07-25|2023-10-24|2024-01-25|2024-04-23|2024-07-24|2024-10-23|2025-01-24|2025-04-22|2025-07-23|2025-10-28|2026-01-27|2026-04-23|2026-07-24|2026-10-21
NEGG,2026-10-05,2023-04-27|2026-08-27|2027-05-03
NEM,2026-10-05,2020-10-29|2021-02-18|2021-04-29|2021-07-22|2021-10-28|2022-02-24|2022-04-22|2022-07-25|2022-11-01|2023-02-23|2023-04-27|2023-07-20|2023-10-26|2024-02-22|2024-04-25|2024-07-24|2024-10-23|2025-02-20|2025-04-23|2025-07-24|2025-10-23|2026-02-19|2026-04-23|2026-07-23|2026-10-22
NEO,2026-09-21,2020-10-27|2021-02-24|2021-05-05|2021-08-06|2021-11-04|2022-02-23|2022-04-27|2022-08-09|2022-11-08|2023-02-23|2023-05-09|2023-08-08|2023-11-06|2024-02-20|2024-04-30|2024-07-29|2024-11-05|2025-02-18|2025-04-29|2025-07-29|2025-10-28|2026-02-17|2026-04-28|2026-07-28|2026-10-27
NEOG,2026-10-05,2020-12-22|2021-03-23|2021-07-20|2021-09-21|2021-12-21|2022-03-24|2022-07-26|2022-09-27|2023-01-05|2023-03-30|2023-07-27|2023-10-10|2024-01-09|2024-04-09|2024-07-30|2024-10-10|2025-01-10|2025-04-09|2025-07-29|2025-10-09|2026-01-08|2026-04-09|2026-07-30|2026-10-06|2027-01-07
NERV,2026-10-05,2020-08-03|2020-11-02|2021-03-08|2021-05-12|2021-08-02|2021-11-08|2022-03-01|2022-05-04|2022-08-09|2022-11-09|2023-03-08|2023-05-15|2023-08-01|2023-11-06|2024-05-01|2024-08-06|2024-11-05|2025-02-25|2025-05-13|2025-08-05|2025-08-14|2025-11-05|2026-03-11|2026-05-05|2026-08-07
NESR,2026-09-14,2018-11-08|2019-02-25|2019-05-13|2019-08-07|2019-11-06|2020-02-26|2020-05-06|2020-08-04|2020-10-28|2021-02-24|2021-07-09|2021-08-04|2021-11-03|2024-11-19|2025-03-12|2025-06-03|2025-08-20|2025-11-12|2026-02-17|2026-05-11|2026-08-10|2026-11-12
NET,2026-10-05,2020-11-05|2021-02-11|2021-05-06|2021-08-05|2021-11-04|2022-02-10|2022-05-05|2022-08-04|2022-11-03|2023-02-09|2023-04-27|2023-08-03|2023-11-02|2024-02-08|2024-05-02|2024-08-01|2024-11-07|2025-02-06|2025-05-08|2025-07-31|2025-10-30|2026-02-10|2026-05-07|2026-08-06|2026-10-29
NEUP,2026-09-21,2025-05-20|2025-09-29|2025-11-14|2026-02-17|2026-05-15|2026-09-18
NEWP,2026-10-05,2020-11-11|2021-02-12|2021-05-14|2021-09-16|2021-11-11|2022-02-04|2022-05-11|2022-08-25|2022-11-04|2023-02-07|2023-05-08|2023-08-24|2023-11-07|2024-02-13|2024-05-07|2024-09-09|2024-11-13|2025-02-06|2025-05-07|2025-09-03|2025-11-07|2026-02-11|2026-05-13|2026-09-03|2026-11-13
NEWT,2026-09-14,2020-11-04|2021-03-22|2021-05-11|2021-08-10|2021-11-08|2022-02-23|2022-05-04|2022-08-03|2022-11-07|2023-02-27|2023-05-11|2023-08-02|2023-11-07|2024-04-01|2024-05-06|2024-08-05|2024-11-06|2025-02-26|2025-05-06|2025-07-28|2025-10-28|2026-01-29|2026-04-30|2026-08-05|2026-10-29
NEXM,2026-10-05,2026-08-17|2026-11-26
NEXN,2026-10-05,2021-08-19|2021-11-11|2022-02-24|2022-05-17|2022-08-16|2022-11-14|2023-03-07|2023-05-30|2023-08-17|2023-11-22|2024-03-06|2024-05-20|2024-08-22|2024-11-15|2025-03-05|2025-05-14|2025-08-13|2025-11-13|2026-03-04|2026-05-13|2026-08-12|2026-11-11
NFLX,2026-10-05,2020-10-20|2021-01-19|2021-04-20|2021-07-20|2021-10-19|2022-01-20|2022-04-19|2022-07-19|2022-10-18|2023-01-19|2023-04-18|2023-07-19|2023-10-18|2024-01-23|2024-04-18|2024-07-18|2024-10-17|2025-01-21|2025-04-17|2025-07-17|2025-10-21|2026-01-20|2026-04-16|2026-07-16|2026-10-20
NG,2026-09-14,2019-04-02|2019-06-26|2019-10-01|2020-01-22|2020-04-01|2020-06-24|2020-09-30|2021-01-27|2021-03-31|2021-06-29|2021-09-29|2022-01-26|2022-04-05|2022-06-29|2022-10-04|2023-01-25|2023-04-04|2024-10-02|2025-04-01|2025-06-25|2025-10-01|2026-01-22|2026-04-01|2026-06-24|2026-09-30
NG.L,2026-10-05,2026-11-05
NGNE,2026-09-28,2024-05-10|2024-08-09|2024-11-18|2025-03-24|2025-05-09|2025-08-11|2025-11-13|2026-03-24|2026-08-11|2026-11-12
NGVC,2026-09-14,2016-11-17|2017-02-02|2017-05-04|2017-08-03|2017-11-16|2018-02-01|2018-05-03|2018-08-02|2018-11-15|2019-02-07|2019-05-02|2019-08-01|2019-11-14|2020-02-06|2022-05-05|2023-05-04|2023-08-03|2023-11-16|2024-05-09|2024-08-08|2025-11-20|2026-02-05|2026-05-07|2026-08-06|2026-11-19
NHI,2026-10-05,2020-11-09|2021-02-22|2021-05-10|2021-08-09|2021-11-08|2022-02-22|2022-05-09|2022-08-08|2022-11-08|2023-02-21|2023-05-09|2023-08-08|2023-11-07|2024-02-20|2024-05-06|2024-08-06|2024-11-05|2025-02-25|2025-05-05|2025-08-06|2025-11-06|2026-02-26|2026-05-04|2026-08-10|2026-11-09
NHS,2026-10-05,FAILED
NHTC,2026-09-28,2004-04-13|2005-11-15|2026-11-04
NI,2026-09-14,2020-11-02|2021-02-17|2021-05-05|2021-08-04|2021-11-03|2022-02-23|2022-05-04|2022-08-03|2022-11-07|2023-02-22|2023-05-03|2023-08-02|2023-10-31|2024-02-21|2024-05-08|2024-08-07|2024-10-30|2025-02-12|2025-05-07|2025-08-06|2025-10-29|2026-02-11|2026-05-06|2026-08-05|2026-10-28
NIC,2026-09-21,2020-10-20|2021-01-19|2021-04-20|2021-07-20|2021-10-19|2022-01-18|2022-04-19|2022-07-19|2022-10-25|2023-01-17|2023-04-18|2023-07-18|2023-10-24|2024-01-16|2024-04-16|2024-07-16|2024-10-15|2025-01-21|2025-04-15|2025-07-15|2025-10-23|2026-01-20|2026-04-21|2026-07-21|2026-10-20
NIKI,2026-10-05,FAILED
NJR,2026-10-05,2020-11-30|2021-02-04|2021-05-06|2021-08-05|2021-11-18|2022-02-03|2022-05-05|2022-08-04|2022-11-17|2023-02-02|2023-05-04|2023-08-03|2023-11-21|2024-02-06|2024-05-07|2024-08-06|2024-11-25|2025-02-03|2025-05-05|2025-08-04|2025-11-19|2026-02-02|2026-05-04|2026-08-03|2026-11-16
NKE,2026-10-05,2020-12-18|2021-03-18|2021-06-24|2021-09-23|2021-12-20|2022-03-21|2022-06-27|2022-09-29|2022-12-20|2023-03-21|2023-06-29|2023-09-28|2023-12-21|2024-03-21|2024-06-27|2024-10-01|2024-12-19|2025-03-20|2025-06-26|2025-09-30|2025-12-18|2026-03-31|2026-06-30|2026-10-01|2026-12-17
NKSH,2026-10-05,2020-11-06|2021-02-04|2021-04-22|2021-07-15|2021-10-21|2022-02-03|2022-04-21|2022-07-19|2022-10-20|2023-02-02|2023-04-20|2023-07-20|2023-10-26|2024-01-25|2024-04-25|2024-07-25|2024-10-24|2025-01-23|2025-04-24|2025-07-24|2025-10-23|2026-01-22|2026-04-23|2026-07-23|2026-10-22
NKTR,2026-10-05,2020-11-05|2021-02-25|2021-05-06|2021-08-05|2021-11-04|2022-02-28|2022-05-05|2022-08-04|2022-11-03|2023-02-28|2023-05-09|2023-08-08|2023-11-07|2024-03-04|2024-05-09|2024-08-08|2024-11-07|2025-03-12|2025-05-08|2025-08-07|2025-11-06|2026-03-12|2026-05-07|2026-08-13|2026-11-12
NLY,2026-10-05,2020-10-28|2021-02-10|2021-04-28|2021-07-28|2021-10-27|2022-02-09|2022-04-27|2022-07-27|2022-10-26|2023-02-08|2023-04-26|2023-07-26|2023-10-25|2024-02-07|2024-05-02|2024-07-24|2024-10-23|2025-01-29|2025-04-30|2025-07-23|2025-10-22|2026-01-28|2026-04-21|2026-07-21|2026-10-20
NMAI,2026-08-17,FAILED
NMCO,2026-10-05,FAILED
NMG,2026-10-05,2019-04-30|2019-05-29|2019-08-28|2019-11-29|2021-08-12|2021-11-09|2022-03-24|2022-05-12|2022-08-10|2022-11-11|2023-03-22|2023-05-10|2023-08-10|2023-11-08|2024-03-28|2024-05-14|2024-08-14|2024-11-14|2025-03-31|2025-05-14|2025-08-14|2025-11-12|2026-03-25|2026-08-12|2026-11-11
NMIH,2026-10-05,2020-11-05|2021-02-16|2021-05-05|2021-08-03|2021-11-02|2022-02-15|2022-05-05|2022-08-02|2022-11-01|2023-02-14|2023-05-02|2023-08-01|2023-11-01|2024-02-14|2024-04-30|2024-07-30|2024-11-06|2025-02-06|2025-04-29|2025-07-29|2025-11-04|2026-02-10|2026-04-30|2026-07-30|2026-11-03
NML,2026-08-17,FAILED
NMRK,2026-10-05,2020-11-05|2021-02-18|2021-05-06|2021-08-06|2021-11-05|2022-02-11|2022-04-29|2022-07-29|2022-10-28|2023-02-16|2023-05-05|2023-07-28|2023-11-01|2024-02-22|2024-05-03|2024-08-02|2024-11-05|2025-02-14|2025-04-30|2025-07-30|2025-10-30|2026-02-25|2026-04-29|2026-07-29|2026-10-29
NMS,2026-08-17,FAILED
NMTC,2026-09-21,2021-12-15|2022-02-14|2022-05-12|2022-08-11|2022-12-22|2023-02-13|2023-05-12|2023-08-14|2023-12-14|2024-02-13|2025-02-12|2025-05-13|2025-08-14|2025-12-17|2026-02-17|2026-08-13|2026-12-15
NN,2026-10-05,2021-11-23|2022-03-23|2022-05-12|2022-08-10|2022-11-10|2023-03-30|2023-05-10|2023-08-09|2023-11-08|2024-03-13|2024-05-08|2024-08-07|2024-11-13|2025-03-12|2025-05-09|2025-08-06|2025-11-06|2026-03-17|2026-05-14|2026-08-11|2026-11-05
NNBR,2026-10-05,2020-11-05|2021-03-11|2021-05-06|2021-08-05|2021-11-04|2022-03-10|2022-05-05|2022-08-04|2022-11-01|2023-03-09|2023-05-04|2023-08-03|2023-11-06|2024-03-11|2024-05-06|2024-08-07|2024-10-30|2025-03-05|2025-05-07|2025-08-06|2025-10-29|2026-03-04|2026-05-06|2026-08-05|2026-10-28
NNE,2026-10-05,2024-12-30|2025-02-13|2025-05-15|2025-08-14|2025-12-18|2026-02-17|2026-05-14|2026-08-12|2026-12-17
NNN,2026-09-21,2020-11-02|2021-02-11|2021-05-04|2021-08-03|2021-11-02|2022-02-09|2022-05-03|2022-08-03|2022-11-02|2023-02-09|2023-05-02|2023-08-02|2023-11-01|2024-02-08|2024-05-01|2024-08-01|2024-10-31|2025-02-11|2025-05-01|2025-08-05|2025-11-04|2026-02-11|2026-04-30|2026-08-05|2026-11-04
NOA,2026-10-05,2020-10-28|2021-02-17|2021-04-28|2021-07-28|2021-10-27|2022-02-15|2022-04-27|2022-07-27|2022-10-26|2023-02-15|2023-04-26|2023-07-26|2023-11-01|2024-03-13|2024-05-01|2024-07-31|2024-10-30|2025-03-19|2025-05-14|2025-08-13|2025-11-12|2026-03-11|2026-05-13|2026-08-12|2026-11-11
NODK,2026-09-14,2026-11-06
NOEM,2026-10-05,FAILED
NOG,2026-09-21,2020-11-06|2021-03-12|2021-05-07|2021-08-05|2021-11-05|2022-02-24|2022-05-05|2022-08-03|2022-11-08|2023-02-23|2023-05-04|2023-08-02|2023-11-01|2024-02-22|2024-04-30|2024-07-30|2024-11-05|2025-02-19|2025-04-29|2025-07-31|2025-11-06|2026-02-25|2026-04-28|2026-08-06|2026-11-09
NPB,2026-10-05,2025-03-28|2025-04-22|2025-07-22|2025-10-21|2026-01-20|2026-04-21|2026-07-21|2026-10-20
NPK,2026-10-05,2010-08-02|2010-11-12|2011-03-16|2011-05-13|2011-08-12|2011-10-31|2012-03-15|2012-05-01|2012-08-10|2012-10-29|2013-02-15|2013-05-10|2013-08-09|2013-10-28|2014-03-17|2014-05-09|2014-08-08|2014-11-07|2015-03-16|2015-05-15|2026-10-23
NPKI,2026-10-05,2020-05-05|2020-08-03|2020-11-03|2021-02-11|2021-05-04|2021-08-03|2021-11-02|2022-02-17|2022-05-03|2022-08-02|2022-11-01|2023-02-16|2023-10-31|2024-02-21|2024-05-02|2024-08-05|2024-11-07|2025-02-26|2025-05-01|2025-08-05|2025-10-30|2026-02-25|2026-04-30|2026-07-29|2026-10-29
NPWR,2026-10-05,2023-11-14|2024-03-11|2024-05-13|2024-08-12|2024-11-12|2025-03-10|2025-05-12|2025-08-11|2025-11-13|2026-03-09|2026-05-11|2026-08-13|2026-11-12
NRDY,2026-10-05,2021-11-15|2022-02-28|2022-05-16|2022-08-15|2022-11-14|2023-02-28|2023-05-09|2023-08-08|2023-11-07|2024-02-27|2024-05-07|2024-08-08|2024-11-07|2025-02-27|2025-05-08|2025-08-07|2025-11-06|2026-02-26|2026-05-07|2026-08-06|2026-11-05
NREF,2026-10-05,2020-10-30|2021-02-18|2021-04-30|2021-07-29|2021-11-04|2022-02-17|2022-04-28|2022-07-28|2022-10-27|2023-02-23|2023-04-27|2023-07-27|2023-11-02|2024-02-29|2024-05-02|2024-08-01|2024-10-31|2025-02-26|2025-05-01|2025-07-31|2025-10-30|2026-02-26|2026-04-30|2026-08-06|2026-11-05
NRG,2026-10-05,2020-11-05|2021-03-01|2021-05-06|2021-08-05|2021-11-04|2022-02-24|2022-05-06|2022-08-04|2022-11-07|2023-02-16|2023-05-04|2023-08-08|2023-11-02|2024-02-28|2024-05-07|2024-08-08|2024-11-08|2025-02-26|2025-05-12|2025-08-06|2025-11-06|2026-02-24|2026-05-06|2026-08-04|2026-11-05
NRIX,2026-09-21,2020-10-14|2021-02-16|2021-04-13|2021-07-13|2021-10-14|2022-01-28|2022-04-08|2022-07-07|2022-10-06|2023-02-09|2023-04-13|2023-07-13|2023-10-12|2024-02-15|2024-04-10|2024-07-11|2024-10-11|2025-01-28|2025-04-08|2025-07-09|2025-10-09|2026-01-28|2026-04-08|2026-07-09|2026-10-08
NSC,2026-10-05,2020-10-28|2021-01-27|2021-04-28|2021-07-28|2021-10-27|2022-01-26|2022-04-27|2022-07-27|2022-10-26|2023-01-25|2023-04-26|2023-07-27|2023-10-25|2024-01-26|2024-04-24|2024-07-25|2024-10-22|2025-01-29|2025-04-23|2025-07-29|2025-10-23|2026-01-29|2026-04-24|2026-07-23|2026-10-22
NSP,2026-10-05,2020-11-02|2021-02-11|2021-05-03|2021-08-02|2021-11-01|2022-02-10|2022-04-26|2022-08-01|2022-10-31|2023-02-09|2023-04-26|2023-08-01|2023-10-31|2024-02-08|2024-05-01|2024-08-01|2024-10-31|2025-02-10|2025-04-29|2025-08-01|2025-11-03|2026-02-10|2026-04-30|2026-07-29|2026-10-29
NSTS,2026-09-21,FAILED
NTAP,2026-10-05,2020-12-01|2021-02-24|2021-06-02|2021-08-25|2021-11-30|2022-02-23|2022-06-01|2022-08-24|2022-11-29|2023-02-22|2023-05-31|2023-08-23|2023-11-28|2024-02-29|2024-05-30|2024-08-28|2024-11-21|2025-02-27|2025-05-29|2025-08-27|2025-11-25|2026-02-26|2026-05-28|2026-09-02|2026-12-01
NTCL,2026-09-14,FAILED
NTIC,2026-10-05,2020-11-12|2021-01-07|2021-04-08|2021-07-08|2021-11-17|2022-01-06|2022-04-07|2022-07-07|2022-11-14|2023-01-12|2023-04-13|2023-07-13|2023-11-21|2024-01-11|2024-04-11|2024-07-11|2024-11-19|2025-01-08|2025-04-10|2025-07-10|2025-11-18|2026-01-08|2026-04-09|2026-07-09|2026-11-17
NTLA,2026-09-21,2020-11-05|2021-02-25|2021-05-06|2021-08-05|2021-11-04|2022-02-24|2022-05-05|2022-08-04|2022-11-03|2023-02-23|2023-05-04|2023-08-03|2023-11-09|2024-02-22|2024-05-09|2024-08-08|2024-11-07|2025-02-27|2025-05-08|2025-08-07|2025-11-06|2026-02-26|2026-05-11|2026-08-06|2026-11-05
NTNX,2026-10-05,2020-11-23|2021-02-24|2021-05-26|2021-09-01|2021-11-23|2022-03-02|2022-05-25|2022-08-31|2022-11-30|2023-05-24|2023-08-31|2023-11-29|2024-02-28|2024-05-29|2024-08-28|2024-11-26|2025-02-26|2025-05-28|2025-08-27|2025-11-25|2026-02-25|2026-05-27|2026-08-26|2026-11-25
NTRA,2026-09-21,2020-11-05|2021-02-25|2021-05-06|2021-08-05|2021-11-04|2022-02-24|2022-05-05|2022-08-04|2022-11-08|2023-02-28|2023-05-09|2023-08-03|2023-11-08|2024-02-28|2024-05-10|2024-08-08|2024-11-12|2025-02-27|2025-05-08|2025-08-07|2025-11-06|2026-02-26|2026-05-07|2026-08-06|2026-11-05
NTRB,2026-09-07,2018-12-14|2019-04-19|2019-06-13|2019-09-13|2019-12-12|2020-04-14|2020-06-04|2020-09-11|2020-12-15|2021-04-02|2021-06-14|2021-09-03|2021-12-14|2022-04-29|2022-05-31|2022-09-08|2022-12-02|2023-04-26|2025-04-28|2025-05-30|2025-09-09|2025-12-11|2026-04-29
NTRP,2026-10-05,2024-09-16|2024-10-15|2025-01-14|2025-05-29|2025-07-15|2025-10-15|2026-01-14|2026-05-29|2026-07-15|2026-10-15
NTST,2026-10-05,2020-10-29|2021-03-04|2021-04-29|2021-07-29|2021-10-28|2022-02-24|2022-04-28|2022-07-28|2022-10-27|2023-02-23|2023-04-26|2023-07-26|2023-10-25|2024-02-14|2024-04-29|2024-07-29|2024-11-04|2025-02-24|2025-04-28|2025-07-23|2025-10-27|2026-02-10|2026-04-20|2026-07-22|2026-10-21
NTWK,2026-10-05,2012-09-04|2012-11-14|2013-02-12|2013-05-09|2013-09-12|2013-11-08|2014-02-13|2014-05-13|2014-09-12|2014-11-06|2015-02-11|2015-05-11|2015-09-15|2015-11-12|2016-02-11|2016-05-10|2016-09-15|2016-11-14|2017-02-14|2017-05-22|2019-09-23|2019-11-12|2020-02-12|2020-05-13|2026-11-12
NUTX,2026-10-05,2023-03-03|2023-05-15|2023-08-09|2023-11-09|2024-03-28|2024-05-08|2024-08-08|2024-11-07|2025-03-31|2025-05-13|2025-11-18|2025-11-19|2026-03-05|2026-04-30|2026-08-06|2026-11-05
NVA,2026-09-14,FAILED
NVAX,2026-10-05,2020-11-09|2021-03-01|2021-05-10|2021-08-05|2021-11-04|2022-02-28|2022-05-09|2022-08-08|2022-11-08|2023-02-28|2023-05-09|2023-08-08|2023-11-09|2024-02-28|2024-05-10|2024-08-08|2024-11-12|2025-02-27|2025-05-08|2025-08-06|2025-11-06|2026-02-26|2026-05-06|2026-08-06|2026-11-05
NVGS,2026-10-05,2020-11-12|2021-03-18|2021-06-10|2021-08-16|2021-11-29|2022-03-10|2022-05-23|2022-08-18|2022-11-15|2023-03-20|2023-05-22|2023-08-16|2023-11-13|2024-03-13|2024-05-15|2024-08-14|2024-11-06|2025-03-12|2025-05-14|2025-08-12|2025-11-04|2026-03-11|2026-05-06|2026-08-04|2026-11-04
NVMI,2026-10-05,2020-11-12|2021-02-18|2021-05-06|2021-08-05|2021-11-04|2022-02-24|2022-05-12|2022-08-04|2022-11-03|2023-02-15|2023-05-11|2023-08-03|2023-11-09|2024-02-15|2024-05-09|2024-08-08|2024-11-07|2025-02-13|2025-05-08|2025-08-07|2025-11-06|2026-02-12|2026-05-14|2026-08-06|2026-11-05
NVRI,2026-09-21,2020-11-03|2021-02-25|2021-05-04|2021-08-03|2021-11-02|2022-02-24|2022-05-03|2022-08-02|2022-11-01|2023-02-27|2023-05-03|2023-08-02|2023-11-02|2024-02-29|2024-05-02|2024-08-01|2024-10-31|2025-02-20|2025-05-01|2025-08-05|2025-11-10|2026-02-24|2026-05-11|2026-08-11|2026-11-16
NVS,2026-10-05,2020-10-27|2021-01-25|2021-04-27|2021-07-21|2021-10-26|2022-02-02|2022-04-26|2022-07-19|2022-10-25|2023-01-31|2023-04-25|2023-07-17|2023-10-24|2024-01-30|2024-04-22|2024-07-17|2024-10-28|2025-01-30|2025-04-29|2025-07-17|2025-10-28|2026-02-04|2026-04-27|2026-07-20|2026-10-27
NWE,2026-10-05,2020-10-21|2021-02-11|2021-04-21|2021-07-27|2021-10-24|2022-02-10|2022-04-28|2022-07-27|2022-10-24|2023-02-16|2023-04-27|2023-07-24|2023-10-26|2024-02-14|2024-04-25|2024-07-30|2024-10-28|2025-02-12|2025-04-29|2025-07-30|2025-10-29|2026-02-11|2026-04-29|2026-07-29|2026-10-28
NWFL,2026-09-14,2004-03-21|2004-04-26|2004-07-23|2004-11-12|2005-02-02|2005-05-13|2005-08-12|2005-11-10|2006-03-20|2006-04-25|2006-07-25|2006-10-19|2007-01-23|2025-01-27|2025-04-17|2025-07-22|2025-10-22|2026-01-22|2026-04-27|2026-07-22|2026-10-21
NWG.L,2026-08-24,2020-10-30|2021-02-19|2021-04-29|2021-07-30|2021-10-29|2022-02-18|2022-04-29|2022-07-29|2022-10-28|2023-02-17|2023-04-28|2023-07-28|2023-10-27|2024-02-16|2024-04-26|2024-07-26|2024-10-25|2025-02-14|2025-05-02|2025-07-25|2025-10-24|2026-02-13|2026-05-01|2026-07-30|2026-10-30
NWL,2026-09-14,2020-10-30|2021-02-12|2021-04-30|2021-07-30|2021-10-29|2022-02-11|2022-04-29|2022-07-29|2022-10-28|2023-02-10|2023-04-28|2023-07-28|2023-10-27|2024-02-09|2024-04-26|2024-07-26|2024-10-25|2025-02-07|2025-04-30|2025-08-01|2025-10-31|2026-02-06|2026-05-01|2026-07-31|2026-10-30
NWN,2026-10-05,2020-11-05|2021-02-26|2021-05-05|2021-08-05|2021-11-05|2022-02-25|2022-05-04|2022-08-04|2022-11-08|2023-02-24|2023-05-04|2023-08-03|2023-11-03|2024-02-23|2024-05-06|2024-08-02|2024-11-12|2025-02-28|2025-05-06|2025-08-05|2025-11-05|2026-02-27|2026-05-06|2026-08-05|2026-11-05
NWS,2026-10-05,2020-11-05|2021-02-04|2021-05-06|2021-08-05|2021-11-04|2022-02-03|2022-05-05|2022-08-08|2022-11-08|2023-02-09|2023-05-11|2023-08-10|2023-11-09|2024-02-07|2024-05-08|2024-08-08|2024-11-07|2025-02-05|2025-05-08|2025-08-05|2025-11-06|2026-02-05|2026-05-07|2026-08-05|2026-11-05
NWSA,2026-10-05,2020-11-05|2021-02-04|2021-05-06|2021-08-05|2021-11-04|2022-02-03|2022-05-05|2022-08-08|2022-11-08|2023-02-09|2023-05-11|2023-08-10|2023-11-09|2024-02-07|2024-05-08|2024-08-08|2024-11-07|2025-02-05|2025-05-08|2025-08-05|2025-11-06|2026-02-05|2026-05-07|2026-08-05|2026-11-05
NX,2026-10-05,2020-12-10|2021-03-04|2021-06-03|2021-09-02|2021-12-16|2022-03-03|2022-06-02|2022-09-01|2022-12-15|2023-03-09|2023-06-01|2023-08-31|2023-12-14|2024-03-07|2024-06-06|2024-09-05|2024-12-12|2025-03-10|2025-06-05|2025-09-04|2025-12-11|2026-03-05|2026-06-04|2026-09-03|2026-12-10
NXH,2026-10-05,2020-10-29|2021-02-24|2021-04-29|2021-07-29|2021-10-28|2022-02-23|2022-04-28|2022-07-28|2022-10-27|2023-02-22|2023-04-27|2023-07-27|2023-10-26|2024-02-20|2024-05-06|2024-07-29|2024-10-24|2025-02-24|2025-04-28|2025-07-28|2025-10-27|2026-02-23|2026-04-27|2026-08-04|2026-10-26
NXP,2026-10-05,FAILED
NXPL,2026-10-05,2026-08-13
NXRT,2026-10-05,2020-10-27|2021-02-16|2021-04-27|2021-07-27|2021-11-02|2022-02-15|2022-04-26|2022-07-26|2022-10-25|2023-02-21|2023-04-25|2023-07-25|2023-10-31|2024-02-20|2024-04-30|2024-07-30|2024-10-29|2025-02-25|2025-04-29|2025-07-29|2025-10-28|2026-02-24|2026-04-28|2026-08-04|2026-11-03
NXST,2026-09-07,2020-11-05|2021-02-23|2021-05-04|2021-08-04|2021-11-02|2022-02-22|2022-05-10|2022-08-04|2022-11-08|2023-02-28|2023-05-09|2023-08-08|2023-11-08|2024-02-28|2024-05-09|2024-08-08|2024-11-07|2025-02-27|2025-05-08|2025-08-07|2025-11-06|2026-02-26|2026-05-07|2026-08-06|2026-11-05
NXT,2026-10-05,2023-05-10|2023-07-26|2023-10-25|2024-01-31|2024-05-14|2024-08-01|2024-10-30|2025-01-28|2025-05-14|2025-07-29|2025-10-23|2026-01-27|2026-07-30|2026-10-28
NXTS,2026-08-24,FAILED
NXTT,2026-10-05,FAILED
NYAX,2026-10-05,2024-08-07|2024-11-12|2025-03-04|2025-05-13|2025-08-13|2025-11-19|2026-03-09|2026-05-12|2026-08-10|2026-11-18
NYC,2026-10-05,2024-08-09|2024-11-12|2025-03-19|2026-11-16
O,2026-10-05,2020-11-02|2021-02-22|2021-05-03|2021-08-02|2021-11-01|2022-02-22|2022-05-04|2022-08-03|2022-11-02|2023-02-21|2023-05-03|2023-08-02|2023-11-06|2024-02-20|2024-05-06|2024-08-05|2024-11-04|2025-02-24|2025-05-05|2025-08-06|2025-11-03|2026-02-24|2026-05-06|2026-08-05|2026-11-02
OABI,2026-10-05,2023-03-30|2023-05-11|2023-08-10|2023-11-09|2024-03-20|2024-05-09|2024-08-08|2024-11-12|2025-03-18|2025-05-08|2025-08-06|2025-11-04|2026-03-04|2026-05-07|2026-08-06|2026-11-04
OBIO,2026-10-05,2023-03-24|2023-05-12|2023-08-10|2023-11-13|2024-03-27|2024-05-13|2024-08-12|2024-11-12|2025-03-31|2025-05-12|2025-08-12|2025-11-10|2026-03-12|2026-08-10|2026-11-05
OC,2026-09-21,2020-10-28|2021-02-17|2021-04-28|2021-07-28|2021-10-27|2022-02-16|2022-04-27|2022-07-27|2022-10-26|2023-02-15|2023-04-26|2023-07-26|2023-10-25|2024-02-14|2024-04-24|2024-08-06|2024-11-06|2025-02-24|2025-05-07|2025-08-06|2025-11-05|2026-02-25|2026-05-06|2026-08-05|2026-11-04
OCDO.L,2026-10-05,2026-07-16|2027-02-25
OCFC,2026-10-05,2020-10-29|2021-01-28|2021-04-29|2021-07-29|2021-10-28|2022-01-27|2022-04-28|2022-07-28|2022-10-24|2023-01-19|2023-04-20|2023-07-20|2023-10-19|2024-01-18|2024-04-18|2024-07-18|2024-10-17|2025-01-23|2025-04-24|2025-07-24|2025-10-22|2026-01-22|2026-04-23|2026-07-30|2026-10-27
OCGN,2026-09-28,2020-11-06|2021-03-18|2021-05-07|2021-08-06|2021-11-09|2022-02-25|2022-05-06|2022-08-05|2022-11-08|2023-02-28|2023-05-05|2023-08-21|2023-11-09|2024-04-16|2024-05-14|2024-08-08|2024-11-14|2025-03-05|2025-05-09|2025-08-01|2025-11-05|2026-03-04|2026-05-05|2026-08-05|2026-11-05
OCS,2026-10-05,2023-08-29|2023-11-15|2024-03-18|2024-05-08|2024-08-27|2024-11-07|2025-03-11|2025-05-08|2025-08-21|2025-11-10|2026-03-03|2026-05-11|2026-08-06|2026-11-03
OCUL,2026-10-05,2020-11-05|2021-03-11|2021-05-05|2021-08-09|2021-11-08|2022-02-28|2022-05-09|2022-08-08|2022-11-07|2023-03-06|2023-05-08|2023-08-07|2023-11-07|2024-03-11|2024-05-07|2024-08-07|2024-11-14|2025-03-03|2025-05-05|2025-08-05|2025-11-04|2026-02-05|2026-05-05|2026-08-03|2026-11-04
ODFL,2026-10-05,2020-10-27|2021-02-04|2021-04-22|2021-07-28|2021-10-27|2022-02-02|2022-04-27|2022-07-27|2022-10-26|2023-02-01|2023-04-26|2023-07-26|2023-10-25|2024-01-31|2024-04-24|2024-07-24|2024-10-23|2025-02-05|2025-04-23|2025-07-30|2025-10-29|2026-02-04|2026-04-29|2026-07-29|2026-10-28
ODYS,2026-10-05,2025-05-15|2025-08-13|2026-05-14|2026-08-13
OESX,2026-10-05,2020-11-05|2021-02-11|2021-06-01|2021-08-04|2021-11-09|2022-02-09|2022-06-07|2022-08-03|2022-11-08|2023-02-09|2023-06-06|2023-08-09|2023-11-07|2024-02-07|2024-06-06|2024-08-07|2024-11-06|2025-02-11|2025-06-26|2025-08-06|2025-11-05|2026-02-05|2026-06-04|2026-08-05|2026-11-04
OFLX,2026-10-05,2011-02-18|2011-04-20|2011-07-20|2011-10-19|2012-02-21|2013-02-21|2026-10-28
OGC,2026-10-05,2015-07-30|2015-10-29|2016-02-18|2016-04-28|2026-11-04
OGE,2026-10-05,2020-11-05|2021-02-25|2021-05-06|2021-08-05|2021-11-04|2022-02-24|2022-05-05|2022-08-04|2022-11-03|2023-02-23|2023-05-04|2023-08-09|2023-11-02|2024-02-21|2024-05-01|2024-08-07|2024-11-05|2025-02-19|2025-04-30|2025-07-30|2025-10-29|2026-02-18|2026-04-29|2026-07-29|2026-10-28
OGS,2026-10-05,2020-11-02|2021-02-25|2021-05-03|2021-08-02|2021-11-01|2022-02-23|2022-05-02|2022-08-01|2022-10-31|2023-02-22|2023-05-01|2023-07-31|2023-10-30|2024-02-21|2024-05-06|2024-08-05|2024-11-04|2025-02-19|2025-05-05|2025-08-05|2025-11-03|2026-02-18|2026-05-04|2026-08-04|2026-11-02
OHI,2026-10-05,2020-10-29|2021-02-04|2021-05-03|2021-08-02|2021-11-04|2022-02-02|2022-05-02|2022-08-01|2022-11-02|2023-02-02|2023-05-02|2023-08-02|2023-11-02|2024-02-07|2024-05-02|2024-08-01|2024-10-30|2025-02-05|2025-05-01|2025-07-31|2025-10-30|2026-02-04|2026-04-28|2026-07-29|2026-11-03
OIA,2026-10-05,FAILED
OII,2026-10-05,2020-10-28|2021-02-24|2021-04-28|2021-07-28|2021-10-27|2022-02-24|2022-04-27|2022-07-27|2022-10-26|2023-02-23|2023-04-26|2023-07-26|2023-10-25|2024-02-22|2024-04-24|2024-07-24|2024-10-23|2025-02-19|2025-04-23|2025-07-23|2025-10-22|2026-02-18|2026-04-22|2026-07-22|2026-10-21
OKE,2026-10-05,2020-10-27|2021-02-22|2021-04-27|2021-08-03|2021-11-02|2022-02-28|2022-05-03|2022-08-08|2022-11-01|2023-02-27|2023-05-02|2023-08-07|2023-10-31|2024-02-26|2024-04-30|2024-08-05|2024-10-29|2025-02-24|2025-04-29|2025-08-04|2025-10-28|2026-02-23|2026-04-28|2026-08-03|2026-10-27
OKLO,2026-10-05,2024-08-13|2024-11-14|2025-03-24|2025-05-13|2025-08-11|2025-11-11|2026-03-17|2026-08-07|2026-11-10
OKTA,2026-10-05,2020-12-02|2021-03-03|2021-05-26|2021-09-01|2021-12-01|2022-03-02|2022-06-02|2022-08-31|2022-11-30|2023-03-01|2023-05-31|2023-08-30|2023-11-29|2024-02-28|2024-05-29|2024-08-28|2024-12-03|2025-03-03|2025-05-27|2025-08-26|2025-12-02|2026-03-04|2026-05-28|2026-08-26|2026-12-01
OKUR,2026-10-05,2024-11-07|2025-03-10|2025-05-05|2025-08-12|2025-11-06|2026-03-12|2026-05-05|2026-08-04
OLED,2026-09-21,2020-10-29|2021-02-18|2021-05-06|2021-08-05|2021-11-04|2022-02-23|2022-05-05|2022-08-04|2022-11-03|2023-02-23|2023-05-03|2023-08-03|2023-11-02|2024-02-22|2024-05-02|2024-08-01|2024-10-30|2025-02-20|2025-05-01|2025-07-31|2025-11-06|2026-02-19|2026-04-30|2026-07-30|2026-11-05
OLMA,2026-10-05,2021-03-17|2021-05-11|2021-08-10|2021-11-10|2022-02-28|2022-05-09|2022-08-09|2022-11-08|2023-03-09|2023-05-09|2023-08-08|2023-11-07|2024-03-11|2024-05-08|2024-08-06|2024-11-12|2025-03-18|2025-05-13|2025-08-11|2025-11-10|2026-03-16|2026-05-12|2026-08-10|2026-11-09
OLN,2026-10-05,2020-11-04|2021-01-28|2021-04-27|2021-07-27|2021-10-21|2022-01-27|2022-04-28|2022-07-28|2022-10-26|2023-01-26|2023-04-27|2023-07-27|2023-10-26|2024-01-25|2024-04-25|2024-07-25|2024-10-24|2025-01-30|2025-05-01|2025-07-28|2025-10-27|2026-01-29|2026-05-07|2026-07-30|2026-10-29
OLOX,2026-09-14,2017-08-09|2017-11-08|2018-03-01|2019-03-28|2019-05-13|2019-08-14|2019-11-14|2020-03-30|2020-05-14|2020-08-13|2020-11-19|2021-04-15|2021-05-20
OMC,2026-10-05,2020-10-27|2021-02-18|2021-04-20|2021-07-20|2021-10-19|2022-02-08|2022-04-19|2022-07-19|2022-10-18|2023-02-07|2023-04-18|2023-07-18|2023-10-17|2024-02-06|2024-04-16|2024-07-16|2024-10-15|2025-02-04|2025-04-15|2025-07-15|2025-10-21|2026-02-18|2026-04-28|2026-07-28|2026-10-20
OMER,2026-10-05,2020-11-09|2021-03-01|2021-05-10|2021-08-09|2021-11-09|2022-03-01|2022-05-10|2022-08-09|2022-11-09|2023-03-13|2023-05-09|2023-08-09|2023-11-09|2024-04-01|2024-05-15|2024-08-07|2024-11-13|2025-03-31|2025-05-15|2025-08-14|2025-11-13|2026-03-31|2026-05-13|2026-08-12|2026-11-12
ONB,2026-10-05,2020-10-19|2021-01-19|2021-04-19|2021-07-20|2021-10-19|2022-01-18|2022-04-26|2022-07-26|2022-10-25|2023-01-24|2023-04-25|2023-07-25|2023-10-24|2024-01-23|2024-04-23|2024-07-23|2024-10-22|2025-01-21|2025-04-22|2025-07-22|2025-10-22|2026-01-21|2026-04-22|2026-07-22|2026-10-21
ONDS,2026-10-05,2021-03-08|2021-05-17|2021-08-16|2021-11-15|2022-03-22|2022-05-11|2022-08-09|2022-11-14|2023-03-14|2023-05-15|2023-08-14|2023-11-14|2024-04-01|2024-05-15|2024-08-14|2024-11-12|2025-03-12|2025-05-15|2025-08-12|2025-11-13|2026-03-23|2026-05-15|2026-08-13|2026-11-12
ONEN,2026-10-05,FAILED
ONIT,2026-10-05,2020-11-03|2021-02-19|2021-05-04|2021-08-05|2021-11-08|2022-02-25|2022-05-05|2022-08-04|2022-11-03|2023-02-28|2023-05-04|2023-08-03|2023-11-07|2024-02-27|2024-05-02|2024-08-01|2024-11-05|2025-02-13|2025-04-30|2025-08-05|2025-11-06|2026-02-12|2026-05-05|2026-08-06|2026-11-05
ONON,2026-10-05,2021-11-16|2022-03-18|2022-05-17|2022-08-16|2022-11-16|2023-03-21|2023-05-16|2023-08-15|2023-11-14|2024-03-12|2024-05-14|2024-08-13|2024-11-12|2025-03-04|2025-05-13|2025-08-12|2025-11-12|2026-03-03|2026-05-12|2026-08-11|2026-11-11
OOMA,2026-10-05,2020-11-19|2021-03-01|2021-05-26|2021-09-02|2021-12-02|2022-03-03|2022-05-24|2022-09-01|2022-11-30|2023-03-02|2023-05-23|2023-08-22|2023-12-05|2024-03-05|2024-05-28|2024-08-27|2024-12-04|2025-03-04|2025-05-28|2025-08-26|2025-12-08|2026-03-04|2026-05-26|2026-08-26|2026-12-07
OPAL,2026-09-07,2022-05-31|2022-08-10|2022-11-14|2023-03-27|2023-05-15|2023-08-14|2023-11-13|2024-03-13|2024-05-09|2024-08-07|2024-11-07|2025-03-13|2025-05-08|2025-08-07|2025-11-06|2026-03-16|2026-05-11|2026-08-10|2026-11-05
OPBK,2026-09-14,2020-10-22|2021-01-28|2021-04-22|2021-07-22|2021-10-28|2022-01-27|2022-04-28|2022-07-28|2022-10-27|2023-01-26|2023-04-27|2023-07-27|2023-10-26|2024-01-25|2024-04-25|2024-07-25|2024-10-24|2025-01-23|2025-04-24|2025-07-24|2025-10-23|2026-01-22|2026-04-23|2026-07-23|2026-10-22
OPEN,2026-10-05,2021-03-04|2021-05-11|2021-08-11|2021-11-10|2022-02-24|2022-05-05|2022-08-04|2022-11-03|2023-02-23|2023-05-04|2023-08-03|2023-11-02|2024-02-15|2024-05-02|2024-08-01|2024-11-07|2025-02-27|2025-05-06|2025-08-05|2025-11-06|2026-02-19|2026-05-07|2026-08-04|2026-11-05
OPFI,2026-10-05,2021-08-10|2021-11-11|2022-03-10|2022-05-05|2022-08-09|2022-11-09|2023-03-23|2023-05-11|2023-08-09|2023-11-09|2024-03-07|2024-05-08|2024-08-07|2024-11-07|2025-03-05|2025-05-07|2025-08-06|2025-10-29|2026-03-11|2026-05-07|2026-08-10|2026-10-28
OPHC,2026-09-28,2025-05-12|2025-08-06|2025-11-10|2026-02-02|2026-04-24|2026-07-24|2026-10-23
OPNW,2026-10-05,FAILED
OPRT,2026-10-05,2020-11-10|2021-02-18|2021-05-06|2021-08-05|2021-11-03|2022-02-24|2022-05-09|2022-08-08|2022-11-07|2023-03-13|2023-05-08|2023-08-08|2023-11-06|2024-03-12|2024-05-10|2024-08-08|2024-11-12|2025-02-12|2025-05-08|2025-08-06|2025-11-04|2026-02-26|2026-05-07|2026-08-05|2026-11-03
OPTT,2026-09-14,2010-03-12|2010-07-13|2010-09-09|2010-12-10|2011-03-14|2011-07-14|2011-09-09|2011-12-09|2012-03-09|2012-07-13|2012-09-14|2013-07-12|2013-09-13|2013-12-13|2014-03-14|2014-07-29|2015-03-11|2015-07-06|2015-09-08|2016-03-11|2025-12-15|2026-03-17|2026-07-23|2026-09-14|2026-12-14
OR,2026-10-05,2020-11-09|2021-02-24|2021-05-11|2021-08-09|2021-11-09|2022-02-24|2022-05-12|2022-08-09|2022-11-09|2023-02-23|2023-05-10|2023-08-09|2023-11-08|2024-02-20|2024-05-08|2024-08-06|2024-11-06|2025-02-19|2025-05-07|2025-08-05|2025-11-05|2026-02-18|2026-05-07|2026-08-05|2026-11-11
ORA,2026-10-05,2020-11-03|2021-02-24|2021-05-05|2021-08-04|2021-11-03|2022-02-23|2022-05-02|2022-08-03|2022-11-02|2023-02-22|2023-05-09|2023-08-02|2023-11-08|2024-02-21|2024-05-08|2024-08-06|2024-11-06|2025-02-26|2025-05-07|2025-08-06|2025-11-03|2026-02-25|2026-05-06|2026-08-05|2026-11-04
ORC,2026-10-05,2020-10-29|2021-02-25|2021-04-29|2021-07-29|2021-10-28|2022-02-24|2022-04-28|2022-08-04|2022-10-27|2023-03-03|2023-04-27|2023-07-27|2023-10-26|2024-02-01|2024-04-25|2024-07-25|2024-10-24|2025-01-30|2025-04-24|2025-07-24|2025-10-23|2026-01-29|2026-04-23|2026-07-23|2026-10-22
ORCL,2026-10-05,2020-12-10|2021-03-10|2021-06-15|2021-09-13|2021-12-09|2022-03-10|2022-06-13|2022-09-12|2022-12-12|2023-03-09|2023-06-12|2023-09-11|2023-12-11|2024-03-11|2024-06-11|2024-09-09|2024-12-09|2025-03-10|2025-06-11|2025-09-09|2025-12-10|2026-03-10|2026-06-10|2026-09-10|2026-12-14
ORGO,2026-10-05,2020-11-09|2021-03-16|2021-05-10|2021-08-09|2021-11-09|2022-03-01|2022-05-10|2022-08-09|2022-11-09|2023-03-01|2023-05-10|2023-08-09|2023-11-09|2024-02-29|2024-05-09|2024-08-08|2024-11-12|2025-02-27|2025-05-08|2025-08-07|2025-11-06|2026-02-26|2026-05-07|2026-08-06|2026-11-05
ORKA,2026-10-05,2024-11-13|2025-03-06|2025-05-14|2025-08-11|2025-11-12|2026-03-12|2026-05-13|2026-08-10|2026-11-11
ORN,2026-10-05,2020-10-28|2021-02-24|2021-04-28|2021-07-28|2021-10-27|2022-03-02|2022-04-27|2022-07-27|2022-10-26|2023-03-14|2023-05-08|2023-07-26|2023-10-25|2024-02-28|2024-04-24|2024-07-24|2024-10-30|2025-03-04|2025-04-29|2025-07-29|2025-10-28|2026-03-03|2026-04-28|2026-07-28|2026-10-27
ORRF,2026-09-14,2020-10-20|2021-01-20|2021-04-20|2021-07-20|2021-10-19|2022-01-19|2022-04-19|2022-07-19|2022-10-18|2023-01-24|2023-04-25|2023-07-25|2023-10-24|2024-01-23|2024-04-23|2024-07-23|2024-10-22|2025-01-31|2025-04-22|2025-07-22|2025-10-21|2026-01-27|2026-04-21|2026-07-21|2026-10-20
OSPN,2026-10-05,2020-11-02|2021-02-23|2021-05-04|2021-08-04|2021-11-02|2022-02-22|2022-05-03|2022-08-02|2022-11-01|2023-02-28|2023-05-04|2023-08-09|2023-11-08|2024-03-06|2024-05-02|2024-08-01|2024-10-30|2025-02-27|2025-05-01|2025-08-05|2025-10-30|2026-02-26|2026-04-30|2026-08-04|2026-10-29
OSW,2026-09-14,2020-11-10|2021-03-03|2021-05-10|2021-08-05|2021-11-03|2022-03-02|2022-05-04|2022-08-03|2022-11-02|2023-02-22|2023-05-03|2023-08-02|2023-11-01|2024-02-28|2024-05-01|2024-07-31|2024-10-30|2025-02-19|2025-04-30|2025-07-30|2025-10-29|2026-02-18|2026-04-29|2026-07-29|2026-10-28
OTIS,2026-10-05,2020-10-26|2021-02-01|2021-04-26|2021-07-26|2021-10-25|2022-01-31|2022-04-25|2022-07-27|2022-10-26|2023-02-01|2023-04-26|2023-07-26|2023-10-25|2024-01-31|2024-04-24|2024-07-24|2024-10-30|2025-01-29|2025-04-23|2025-07-23|2025-10-29|2026-01-28|2026-04-22|2026-07-22|2026-10-28
OTTR,2026-10-05,2020-11-02|2021-02-15|2021-05-03|2021-08-02|2021-11-01|2022-02-14|2022-05-02|2022-08-01|2022-10-31|2023-02-13|2023-05-01|2023-07-31|2023-10-30|2024-02-12|2024-05-06|2024-08-05|2024-11-04|2025-02-17|2025-05-05|2025-08-04|2025-11-03|2026-02-16|2026-05-04|2026-08-03|2026-11-02
OVV,2026-10-05,2020-10-28|2021-02-17|2021-04-27|2021-07-27|2021-11-02|2022-02-25|2022-05-10|2022-08-03|2022-11-08|2023-02-27|2023-05-09|2023-07-27|2023-11-07|2024-02-27|2024-05-07|2024-07-30|2024-11-07|2025-02-26|2025-05-06|2025-07-24|2025-11-04|2026-02-23|2026-05-11|2026-07-23|2026-11-03
OXB.L,2026-10-05,2026-09-22|2027-03-25
OXM,2026-10-05,2020-12-09|2021-03-25|2021-06-09|2021-09-02|2021-12-08|2022-03-23|2022-06-08|2022-09-01|2022-12-07|2023-03-23|2023-06-07|2023-08-31|2023-12-06|2024-03-28|2024-06-12|2024-09-11|2024-12-11|2025-03-27|2025-06-11|2025-09-10|2025-12-10|2026-03-26|2026-06-10|2026-09-03|2026-12-09
P,2026-10-05,2020-11-24|2021-02-24|2021-05-26|2021-08-25|2021-11-23|2022-03-02|2022-06-01|2022-08-31|2022-11-30|2023-03-01|2023-05-31|2023-08-30|2023-11-29|2024-02-28|2024-05-29|2024-08-28|2024-12-03|2025-02-26|2025-05-28|2025-08-27|2025-12-02|2026-02-25|2026-05-27|2026-08-26|2026-12-01
PAC,2026-10-05,2020-10-28|2021-02-24|2021-04-29|2021-07-28|2021-10-27|2022-02-22|2022-04-25|2022-07-25|2022-10-21|2023-02-21|2023-04-17|2023-07-24|2023-10-23|2024-02-26|2024-04-22|2024-07-22|2024-10-21|2025-02-24|2025-04-28|2025-07-21|2025-10-20|2026-02-22|2026-04-20|2026-07-14|2026-10-19
PACB,2026-10-05,2020-11-02|2021-02-10|2021-04-29|2021-08-03|2021-11-02|2022-02-15|2022-05-04|2022-08-03|2022-11-07|2023-02-16|2023-05-02|2023-08-02|2023-10-30|2024-02-15|2024-05-09|2024-08-07|2024-11-07|2025-02-13|2025-05-08|2025-08-07|2025-11-05|2026-02-12|2026-05-07|2026-08-05|2026-11-05
PACS,2026-10-05,2024-05-13|2024-08-12|2025-11-19|2026-02-26|2026-05-11|2026-08-04|2026-11-09
PAF.L,2026-10-05,2011-10-04|2012-11-06|2019-02-19|2019-09-17|2026-09-16|2027-02-17
PAGP,2026-10-05,2020-11-02|2021-02-09|2021-05-04|2021-08-03|2021-11-02|2022-02-09|2022-05-04|2022-08-03|2022-11-02|2023-02-08|2023-05-05|2023-08-04|2023-11-03|2024-02-09|2024-05-03|2024-08-02|2024-11-08|2025-02-07|2025-05-09|2025-08-08|2025-11-05|2026-02-06|2026-05-08|2026-08-07|2026-11-06
PAL,2026-10-05,2024-08-09|2024-11-08|2025-03-31|2025-05-07|2025-08-11|2025-11-11|2026-02-09|2026-05-07|2026-08-10|2026-11-12
PALI,2026-10-05,2021-11-12|2022-03-17|2022-05-13|2022-08-15|2022-11-14|2023-03-22|2023-05-11|2023-08-10|2023-11-09|2024-03-26|2024-05-13|2024-08-12|2024-11-12|2025-03-24|2025-05-12|2025-08-11|2025-11-10|2026-08-10
PARR,2026-10-05,2020-11-02|2021-02-24|2021-05-05|2021-08-04|2021-11-03|2022-02-23|2022-05-04|2022-08-08|2022-11-01|2023-02-22|2023-05-03|2023-08-07|2023-11-06|2024-02-27|2024-05-06|2024-08-06|2024-11-04|2025-02-25|2025-05-06|2025-08-05|2025-11-04|2026-02-24|2026-05-05|2026-08-04|2026-11-03
PATH,2026-10-05,2021-06-08|2021-09-07|2021-12-08|2022-03-30|2022-06-01|2022-09-06|2022-12-01|2023-03-15|2023-05-24|2023-09-05|2023-11-30|2024-03-13|2024-05-29|2024-09-05|2024-12-05|2025-03-12|2025-05-29|2025-09-04|2025-12-03|2026-03-11|2026-05-28|2026-09-03|2026-12-02
PATK,2026-10-05,2020-10-29|2021-02-11|2021-04-29|2021-07-29|2021-10-28|2022-02-10|2022-04-28|2022-07-28|2022-10-27|2023-02-09|2023-04-27|2023-07-27|2023-10-26|2024-02-08|2024-05-02|2024-08-01|2024-10-31|2025-02-06|2025-05-01|2025-07-31|2025-10-30|2026-02-05|2026-04-30|2026-07-30|2026-10-29
PAVM,2026-10-05,2020-11-06|2021-03-15|2021-05-17|2021-08-12|2021-11-16|2022-03-29|2022-05-12|2022-08-15|2022-11-14|2023-03-13|2023-05-15|2023-08-14|2023-11-13|2024-03-25|2024-05-13|2024-08-12|2024-11-14|2025-03-25|2025-05-15|2025-08-14|2025-11-12|2026-03-30|2026-05-14|2026-08-13|2026-11-12
PAVS,2026-10-05,FAILED
PAX,2026-10-05,2021-03-19|2021-05-21|2021-08-20|2021-11-18|2022-04-28|2022-09-21|2022-10-12|2022-11-02|2023-02-13|2023-05-04|2023-08-03|2023-11-07|2024-02-14|2024-05-02|2024-08-01|2024-11-05|2025-02-12|2025-05-02|2025-08-01|2025-11-04|2026-02-03|2026-05-07|2026-07-31|2026-11-11
PAYC,2026-10-05,2020-11-04|2021-02-10|2021-05-04|2021-08-03|2021-11-02|2022-02-08|2022-05-03|2022-08-02|2022-11-01|2023-02-07|2023-05-02|2023-08-01|2023-10-31|2024-02-07|2024-05-01|2024-07-31|2024-10-30|2025-02-12|2025-05-07|2025-08-06|2025-11-05|2026-02-11|2026-05-06|2026-08-05|2026-11-04
PAYO,2026-09-14,2021-08-11|2021-11-10|2022-03-03|2022-05-12|2022-08-11|2022-11-09|2023-02-28|2023-05-09|2023-08-08|2023-11-08|2024-02-28|2024-05-08|2024-08-07|2024-11-05|2025-02-27|2025-05-07|2025-08-06|2025-11-05|2026-02-26|2026-05-07|2026-08-06|2026-11-04
PAYX,2026-10-05,2020-12-23|2021-04-06|2021-06-25|2021-09-30|2021-12-22|2022-03-30|2022-06-29|2022-09-28|2022-12-22|2023-03-29|2023-06-29|2023-09-27|2023-12-21|2024-04-02|2024-06-26|2024-10-01|2024-12-19|2025-03-26|2025-06-25|2025-09-30|2025-12-19|2026-03-25|2026-06-24|2026-09-23|2026-12-18
PBAM,2026-10-05,2020-07-20|2020-10-26|2021-01-28|2021-04-26|2021-07-21|2021-10-22|2022-01-21|2022-04-22|2022-07-21|2022-10-21|2023-01-30|2023-04-21|2023-07-21|2023-10-20|2024-01-19|2024-04-19|2024-07-19|2024-10-18|2025-01-17|2025-04-21|2025-07-17|2025-10-17|2026-01-16|2026-04-17|2026-07-16
PBF,2026-10-05,2020-10-29|2021-02-11|2021-04-29|2021-07-29|2021-10-28|2022-02-10|2022-04-28|2022-07-28|2022-10-27|2023-02-16|2023-05-05|2023-08-03|2023-11-02|2024-02-15|2024-05-02|2024-08-01|2024-10-31|2025-02-13|2025-05-01|2025-07-31|2025-10-30|2026-02-12|2026-04-30|2026-07-30|2026-10-29
PBFS,2026-09-07,2026-10-29
PBHC,2026-09-07,FAILED
PBR,2026-10-05,2020-10-27|2021-02-25|2021-05-14|2021-08-05|2021-10-29|2022-02-24|2022-05-06|2022-09-19|2022-11-04|2023-03-02|2023-05-12|2023-08-04|2023-11-09|2024-03-08|2024-05-13|2024-08-08|2024-11-07|2025-02-26|2025-05-12|2025-08-07|2025-11-06|2026-03-05|2026-05-11|2026-08-06|2026-11-10
PBYI,2026-10-05,2020-11-05|2021-02-25|2021-05-06|2021-08-05|2021-11-04|2022-03-03|2022-05-05|2022-08-04|2022-11-03|2023-03-02|2023-05-04|2023-08-03|2023-11-02|2024-02-29|2024-05-02|2024-08-01|2024-11-07|2025-02-27|2025-05-08|2025-08-07|2025-11-06|2026-02-26|2026-05-07|2026-08-06|2026-11-05
PCAR,2026-10-05,2020-10-20|2021-01-26|2021-04-27|2021-07-27|2021-10-26|2022-01-25|2022-04-26|2022-07-26|2022-10-25|2023-01-24|2023-04-25|2023-07-25|2023-10-24|2024-01-23|2024-04-30|2024-07-23|2024-10-22|2025-01-28|2025-04-29|2025-07-22|2025-10-21|2026-01-27|2026-04-28|2026-07-28|2026-10-27
PCG,2026-10-05,2020-10-29|2021-02-25|2021-04-29|2021-07-29|2021-11-01|2022-02-10|2022-04-28|2022-07-28|2022-10-27|2023-02-23|2023-05-04|2023-07-27|2023-10-26|2024-02-22|2024-04-25|2024-07-25|2024-11-07|2025-02-13|2025-04-24|2025-07-31|2025-10-23|2026-02-12|2026-04-23|2026-07-23|2026-10-22
PCGH.L,2026-09-21,FAILED
PCM,2026-10-05,FAILED
PCOR,2026-09-07,2021-08-05|2021-11-04|2022-02-22|2022-05-04|2022-08-03|2022-11-02|2023-02-16|2023-05-03|2023-08-02|2023-11-01|2024-02-15|2024-05-01|2024-08-01|2024-10-30|2025-02-13|2025-05-01|2025-07-31|2025-11-05|2026-02-12|2026-05-05|2026-07-29|2026-11-04
PCRX,2026-10-05,2020-10-29|2021-02-25|2021-05-04|2021-08-03|2021-11-03|2022-02-24|2022-05-04|2022-08-03|2022-11-03|2023-02-28|2023-05-03|2023-08-02|2023-11-02|2024-02-29|2024-05-07|2024-07-30|2024-11-06|2025-02-27|2025-05-08|2025-08-05|2025-11-06|2026-02-26|2026-04-30|2026-08-04|2026-11-05
PCSA,2026-10-05,2020-11-12|2021-03-25|2021-05-13|2021-08-12|2021-11-12|2022-03-30|2022-05-12|2022-08-11|2022-11-08|2023-03-30|2023-05-15|2023-08-10|2023-11-13|2024-03-29|2024-05-10|2024-08-13|2024-10-30|2025-03-20|2025-05-08|2025-08-07|2025-11-06
PCT,2026-10-05,2021-03-19|2021-05-19|2021-08-12|2021-11-10|2022-03-29|2022-05-12|2022-08-11|2022-11-09|2023-03-16|2023-05-09|2023-08-08|2023-11-09|2024-03-06|2024-05-08|2024-08-08|2024-11-15|2025-02-27|2025-05-07|2025-08-07|2025-11-06|2026-02-26|2026-05-06|2026-08-06|2026-11-05
PCTY,2026-10-05,2020-11-05|2021-02-04|2021-05-06|2021-08-05|2021-11-04|2022-02-03|2022-05-05|2022-08-04|2022-11-03|2023-02-02|2023-05-04|2023-08-03|2023-11-02|2024-02-08|2024-05-02|2024-08-01|2024-10-30|2025-02-06|2025-05-01|2025-08-05|2025-11-04|2026-02-05|2026-05-07|2026-08-04|2026-11-03
PCVX,2026-10-05,2020-11-12|2021-03-29|2021-05-11|2021-08-11|2021-11-10|2022-02-28|2022-05-09|2022-08-08|2022-11-07|2023-02-27|2023-05-08|2023-08-08|2023-11-06|2024-02-27|2024-05-08|2024-08-06|2024-11-05|2025-02-25|2025-05-07|2025-08-06|2025-11-04|2026-02-24|2026-05-06|2026-08-05|2026-11-03
PD,2026-10-05,2020-12-03|2021-03-17|2021-06-03|2021-09-02|2021-12-07|2022-03-16|2022-06-02|2022-09-01|2022-12-01|2023-03-15|2023-06-01|2023-08-31|2023-11-30|2024-03-14|2024-05-30|2024-09-03|2024-11-26|2025-03-13|2025-05-29|2025-09-03|2025-11-25|2026-03-12|2026-05-28|2026-08-27|2026-11-24
PDCC,2026-10-05,2025-08-07|2025-11-18|2026-02-17|2026-05-19|2026-08-27
PDEX,2026-10-05,2020-08-27|2020-11-05|2021-02-04|2021-05-06|2021-08-26|2021-11-15|2022-02-03|2022-05-05|2022-09-08|2022-11-03|2023-02-02|2023-05-04|2023-10-13|2023-11-02|2024-02-08|2024-05-02|2024-09-05|2024-10-31|2025-01-30|2025-05-01|2025-09-04|2025-10-30|2026-04-30|2026-09-03|2026-10-29
PDI,2026-08-17,FAILED
PDL.L,2026-09-07,2012-02-27|2015-02-19|2015-10-15|2016-02-21|2016-10-24|2017-02-20|2026-09-24
PDM,2026-09-21,2020-10-29|2021-02-10|2021-04-28|2021-07-28|2021-10-27|2022-02-07|2022-04-27|2022-07-27|2022-11-02|2023-02-08|2023-05-01|2023-07-18|2023-10-30|2024-02-07|2024-04-30|2024-07-31|2024-10-24|2025-02-13|2025-04-28|2025-07-28|2025-10-27|2026-02-11|2026-04-30|2026-07-28|2026-10-27
PDT,2026-10-05,FAILED
PDX,2026-08-17,FAILED
PEBO,2026-09-14,2020-10-20|2021-01-26|2021-04-20|2021-07-20|2021-10-26|2022-01-25|2022-04-26|2022-07-26|2022-10-25|2023-01-24|2023-04-25|2023-07-25|2023-10-24|2024-01-23|2024-04-23|2024-07-23|2024-10-22|2025-01-21|2025-04-22|2025-07-22|2025-10-21|2026-01-20|2026-04-21|2026-07-21|2026-10-20
PEG,2026-10-05,2020-10-30|2021-02-26|2021-05-05|2021-08-03|2021-11-02|2022-02-24|2022-05-03|2022-08-02|2022-10-31|2023-02-21|2023-05-02|2023-08-01|2023-10-31|2024-02-26|2024-04-30|2024-07-30|2024-11-04|2025-02-25|2025-04-30|2025-08-05|2025-11-03|2026-02-26|2026-05-05|2026-08-04|2026-11-02
PEO,2026-10-05,FAILED
PEP,2026-10-05,2021-02-11|2021-04-15|2021-07-13|2021-10-05|2022-02-10|2022-04-26|2022-07-12|2022-10-12|2023-02-09|2023-04-25|2023-07-13|2023-10-10|2024-02-09|2024-04-23|2024-07-11|2024-10-08|2025-02-04|2025-04-24|2025-07-17|2025-10-09|2026-02-03|2026-04-16|2026-07-09|2026-10-08|2027-02-02
PETS,2026-10-05,2021-01-19|2021-05-03|2021-07-26|2021-10-25|2022-01-24|2022-05-09|2022-07-25|2022-11-07|2023-02-06|2023-05-22|2023-07-31|2023-10-30|2024-04-15|2024-06-11|2024-08-06|2024-11-06|2025-02-10|2025-08-11|2025-10-14|2025-12-19|2026-02-05|2026-06-02|2026-08-13|2026-11-16
PETS.L,2026-09-07,2026-11-25
PEW,2026-10-05,2025-11-13|2026-03-12|2026-05-13|2026-08-13|2026-11-16
PFE,2026-10-05,2020-10-27|2021-02-02|2021-05-04|2021-07-28|2021-11-02|2022-02-08|2022-05-03|2022-07-28|2022-11-01|2023-01-31|2023-05-02|2023-08-01|2023-10-31|2024-01-30|2024-05-01|2024-07-30|2024-10-29|2025-02-04|2025-04-29|2025-08-05|2025-11-04|2026-02-03|2026-05-05|2026-08-04|2026-11-03
PFGC,2026-09-21,2020-11-04|2021-02-03|2021-05-05|2021-08-19|2021-11-10|2022-02-09|2022-05-11|2022-08-17|2022-11-09|2023-02-08|2023-05-10|2023-08-16|2023-11-08|2024-02-07|2024-05-08|2024-08-14|2024-11-06|2025-02-05|2025-05-07|2025-08-13|2025-11-05|2026-02-04|2026-05-06|2026-08-12|2026-11-04
PFIS,2026-09-14,2022-04-26|2022-07-21|2022-10-20|2023-01-26|2023-04-27|2023-07-25|2023-10-30|2024-01-25|2024-04-25|2024-07-25|2024-11-05|2025-02-06|2025-05-01|2025-07-31|2025-10-30|2026-01-30|2026-04-30|2026-07-30|2026-10-29
PFLT,2026-09-14,2020-11-18|2021-02-09|2021-05-05|2021-08-04|2021-11-17|2022-02-09|2022-05-04|2022-08-03|2022-11-16|2023-02-08|2023-05-10|2023-08-09|2023-11-15|2024-02-07|2024-05-08|2024-08-07|2024-11-25|2025-02-10|2025-05-12|2025-08-11|2025-11-24|2026-02-09|2026-05-07|2026-08-10|2026-11-23
PFS,2026-10-05,2020-10-30|2021-01-29|2021-04-30|2021-07-30|2021-10-29|2022-01-28|2022-04-29|2022-07-29|2022-10-28|2023-01-27|2023-04-27|2023-07-27|2023-10-26|2024-01-25|2024-04-18|2024-07-25|2024-10-29|2025-01-28|2025-04-23|2025-07-24|2025-10-28|2026-01-27|2026-04-29|2026-07-29|2026-10-28
PGEN,2026-09-14,2020-11-09|2021-03-01|2021-05-10|2021-08-09|2021-11-08|2022-03-01|2022-05-09|2022-08-08|2022-11-09|2023-03-06|2023-05-10|2023-08-09|2023-11-09|2024-03-19|2024-05-14|2024-08-14|2024-11-14|2025-03-19|2025-05-14|2025-08-12|2025-11-13|2026-03-25|2026-05-13|2026-08-04|2026-11-12
PGNY,2026-10-05,2020-11-05|2021-02-24|2021-05-06|2021-08-05|2021-11-04|2022-02-28|2022-05-05|2022-08-05|2022-11-03|2023-02-27|2023-05-08|2023-08-03|2023-11-07|2024-02-27|2024-05-09|2024-08-06|2024-11-12|2025-02-27|2025-05-08|2025-08-07|2025-11-06|2026-02-26|2026-05-07|2026-08-06|2026-11-05
PGR,2026-09-21,2020-10-14|2021-01-27|2021-04-15|2021-07-15|2021-10-14|2022-01-26|2022-04-14|2022-07-15|2022-10-13|2023-01-25|2023-04-13|2023-08-01|2023-10-31|2024-01-24|2024-04-12|2024-07-16|2024-10-15|2025-01-28|2025-04-16|2025-07-16|2025-10-15|2026-01-28|2026-04-15|2026-07-15|2026-10-14
PH,2026-10-05,2020-11-05|2021-02-04|2021-04-29|2021-08-05|2021-11-04|2022-02-03|2022-05-05|2022-08-04|2022-11-03|2023-02-02|2023-05-04|2023-08-03|2023-11-02|2024-02-01|2024-05-02|2024-08-08|2024-10-31|2025-01-30|2025-05-01|2025-08-07|2025-11-06|2026-01-29|2026-04-30|2026-08-06|2026-11-05
PHAR,2026-10-05,2022-03-17|2022-05-12|2022-08-04|2022-10-27|2023-03-16|2023-05-11|2023-08-03|2023-10-26|2024-03-14|2024-05-08|2024-08-01|2024-10-24|2025-03-13|2025-05-08|2025-07-31|2025-11-06|2026-03-12|2026-05-07|2026-07-30
PHAR.L,2026-10-05,2007-09-04|2026-09-23|2027-03-24
PHAT,2026-10-05,2020-11-10|2021-03-30|2021-05-11|2021-08-10|2021-11-08|2022-03-01|2022-05-10|2022-08-02|2022-11-08|2023-02-28|2023-05-10|2023-08-10|2023-11-09|2024-03-07|2024-05-09|2024-08-08|2024-11-07|2025-03-06|2025-05-01|2025-08-07|2025-10-30|2026-02-26|2026-04-30|2026-07-30|2026-10-29
PHIN,2026-10-05,2023-11-06|2024-02-21|2024-04-25|2024-07-30|2024-10-31|2025-02-13|2025-04-25|2025-07-24|2025-10-28|2026-02-12|2026-04-30|2026-07-30|2026-10-29
PI,2026-10-05,2020-10-28|2021-02-10|2021-04-28|2021-07-28|2021-10-27|2022-02-09|2022-04-27|2022-07-27|2022-10-26|2023-02-08|2023-04-26|2023-07-26|2023-10-25|2024-02-08|2024-04-24|2024-07-24|2024-10-23|2025-02-05|2025-04-23|2025-07-30|2025-10-29|2026-02-05|2026-04-29|2026-07-29|2026-10-28
PINE,2026-10-05,2020-10-21|2021-02-11|2021-04-22|2021-07-22|2021-10-21|2022-02-10|2022-04-21|2022-07-21|2022-10-20|2023-02-09|2023-04-20|2023-07-20|2023-10-19|2024-02-08|2024-04-18|2024-07-18|2024-10-17|2025-02-06|2025-04-24|2025-07-24|2025-10-23|2026-02-05|2026-04-23|2026-07-23|2026-10-22
PIPR,2026-10-05,2020-10-30|2021-02-04|2021-04-30|2021-07-30|2021-10-29|2022-02-10|2022-04-29|2022-07-29|2022-10-28|2023-02-03|2023-05-02|2023-07-28|2023-10-27|2024-02-01|2024-04-25|2024-08-02|2024-10-25|2025-01-31|2025-05-02|2025-08-01|2025-10-31|2026-02-06|2026-05-01|2026-07-30|2026-10-30
PK,2026-10-05,2020-11-05|2021-02-25|2021-05-06|2021-08-05|2021-11-03|2022-02-17|2022-05-02|2022-08-03|2022-11-02|2023-02-22|2023-05-01|2023-08-02|2023-11-01|2024-02-27|2024-04-30|2024-07-31|2024-10-29|2025-02-19|2025-05-05|2025-07-31|2025-10-30|2026-02-19|2026-04-30|2026-08-06|2026-11-04
PKG,2026-10-05,2020-10-26|2021-01-27|2021-04-26|2021-07-26|2021-10-25|2022-01-26|2022-04-25|2022-07-25|2022-10-24|2023-01-25|2023-04-24|2023-07-24|2023-10-23|2024-01-24|2024-04-22|2024-07-23|2024-10-22|2025-01-28|2025-04-22|2025-07-23|2025-10-22|2026-01-27|2026-04-22|2026-07-22|2026-10-21
PL,2026-10-05,2021-12-13|2022-03-31|2022-06-14|2022-09-12|2022-12-14|2023-03-29|2023-06-08|2023-09-07|2023-12-07|2024-03-28|2024-06-06|2024-09-05|2024-12-09|2025-03-20|2025-06-04|2025-09-08|2025-12-10|2026-03-19|2026-06-04|2026-09-03|2026-12-09
PLAY,2026-10-05,2020-12-10|2021-03-31|2021-06-10|2021-09-09|2021-12-07|2022-03-28|2022-06-07|2022-09-07|2022-12-06|2023-03-28|2023-06-06|2023-09-06|2023-12-05|2024-04-02|2024-06-12|2024-09-10|2024-12-10|2025-04-07|2025-06-10|2025-09-15|2025-12-09|2026-03-31|2026-06-15|2026-09-14|2026-12-08
PLBC,2026-09-14,2023-10-18|2024-01-17|2024-04-17|2024-07-17|2024-10-16|2025-01-15|2025-04-16|2025-07-16|2025-10-15|2026-01-21|2026-04-15|2026-07-15|2026-10-21
PLBY,2026-09-28,2021-03-31|2021-05-13|2021-08-10|2021-11-15|2022-03-01|2022-05-10|2022-08-09|2022-11-09|2023-03-16|2023-05-10|2023-08-09|2023-11-09|2024-03-27|2024-05-09|2024-08-08|2024-11-12|2025-03-13|2025-05-15|2025-08-12|2025-11-12|2026-03-16|2026-05-11|2026-08-10|2026-11-12
PLCE,2026-10-05,2020-11-19|2021-03-09|2021-05-20|2021-08-18|2021-11-18|2022-03-09|2022-05-19|2022-08-17|2022-11-17|2023-03-16|2023-05-24|2023-08-17|2023-11-16|2024-05-06|2024-06-12|2024-09-11|2024-12-03|2025-04-11|2025-08-14|2025-09-05|2025-12-16|2026-04-10|2026-06-12|2026-09-14|2026-12-15
PLOW,2026-09-14,2020-11-01|2021-02-22|2021-05-03|2021-08-02|2021-11-01|2022-02-21|2022-05-02|2022-08-01|2022-10-31|2023-02-20|2023-04-17|2023-07-31|2023-10-30|2024-02-26|2024-04-29|2024-07-29|2024-10-28|2025-02-24|2025-05-05|2025-08-04|2025-11-03|2026-02-23|2026-05-04|2026-08-03|2026-11-02
PLPC,2026-10-05,2011-03-10|2011-05-04|2011-08-08|2011-11-07|2012-03-13|2012-05-07|2012-08-08|2012-11-07|2013-03-14|2013-05-03|2013-08-09|2013-11-07|2014-03-14|2014-05-02|2014-08-08|2014-11-07|2015-03-12|2015-05-05|2026-03-04|2026-04-29|2026-07-29|2026-10-28
PLRX,2026-10-05,2020-11-10|2021-03-16|2021-05-10|2021-08-09|2021-11-09|2022-02-28|2022-05-09|2022-08-08|2022-11-08|2023-03-09|2023-05-09|2023-08-09|2023-11-09|2024-02-27|2024-05-06|2024-08-07|2024-11-07|2025-03-03|2025-05-08|2025-08-07|2025-11-06|2026-03-11|2026-05-11|2026-08-11|2026-11-12
PLRZ,2026-10-05,FAILED
PLSE,2026-10-05,2019-04-30|2019-08-08|2019-11-07|2020-03-16|2020-05-11|2020-08-10|2020-11-09|2021-02-22|2021-05-10|2021-08-09|2021-11-15|2022-03-31|2022-05-11|2022-08-10|2022-11-10|2023-03-30|2023-05-11|2023-08-10|2024-05-07|2025-08-12|2025-11-05|2026-02-19|2026-05-04|2026-08-06|2026-11-05
PLTK,2026-10-05,2021-02-25|2021-05-11|2021-08-04|2021-11-03|2022-02-24|2022-05-10|2022-08-04|2022-11-08|2023-02-28|2023-05-04|2023-08-08|2023-11-08|2024-02-26|2024-05-09|2024-08-07|2024-11-07|2025-02-27|2025-05-08|2025-08-07|2025-11-06|2026-02-26|2026-05-07|2026-08-06|2026-11-05
PLTR,2026-10-05,2020-11-12|2021-02-16|2021-05-11|2021-08-12|2021-11-09|2022-02-17|2022-05-09|2022-08-08|2022-11-07|2023-02-13|2023-05-08|2023-08-07|2023-11-02|2024-02-05|2024-05-06|2024-08-05|2024-11-04|2025-02-03|2025-05-05|2025-08-04|2025-11-03|2026-02-02|2026-05-04|2026-08-03|2026-11-02
PLUG,2026-10-05,2020-11-09|2021-02-25|2021-06-22|2021-08-05|2021-11-09|2022-03-01|2022-05-09|2022-08-09|2022-11-08|2023-03-01|2023-05-09|2023-08-09|2023-11-09|2024-02-29|2024-05-09|2024-08-08|2024-11-12|2025-03-03|2025-05-12|2025-08-11|2025-11-10|2026-03-02|2026-05-11|2026-08-10|2026-11-09
PLUS,2026-10-05,2020-11-04|2021-02-03|2021-05-20|2021-08-04|2021-11-09|2022-02-03|2022-05-25|2022-08-03|2022-11-03|2023-02-07|2023-05-24|2023-08-07|2023-11-07|2024-02-06|2024-05-22|2024-08-06|2024-11-12|2025-02-05|2025-05-22|2025-08-07|2025-11-06|2026-02-04|2026-05-28|2026-08-04|2026-11-09
PLUS.L,2026-10-05,2026-08-10|2027-02-09
PM,2026-10-05,2020-10-20|2021-02-04|2021-04-20|2021-07-20|2021-10-19|2022-02-10|2022-04-21|2022-07-21|2022-10-20|2023-02-09|2023-04-20|2023-07-20|2023-10-19|2024-02-08|2024-04-23|2024-07-23|2024-10-22|2025-02-06|2025-04-23|2025-07-22|2025-10-21|2026-02-06|2026-04-22|2026-07-22|2026-10-21
PMAX,2026-09-21,FAILED
PMT,2026-08-17,2020-11-05|2021-02-04|2021-05-06|2021-08-05|2021-11-04|2022-02-03|2022-05-05|2022-08-02|2022-10-27|2023-02-02|2023-04-27|2023-07-27|2023-10-26|2024-02-01|2024-04-24|2024-07-23|2024-10-22|2025-01-30|2025-04-22|2025-07-22|2025-10-21|2026-01-29|2026-05-05|2026-07-29|2026-10-20
PMTS,2026-09-14,2019-05-09|2019-08-07|2019-11-06|2020-03-09|2020-05-06|2022-03-08|2022-05-05|2022-08-08|2022-11-03|2023-03-08|2023-05-09|2023-08-08|2023-11-07|2024-03-07|2024-05-07|2024-08-05|2024-11-05|2025-03-04|2025-05-07|2025-08-08|2025-11-04|2026-03-05|2026-05-05|2026-08-06|2026-11-03
PNC,2026-09-21,2020-10-14|2021-01-15|2021-04-16|2021-07-14|2021-10-15|2022-01-18|2022-04-14|2022-07-15|2022-10-14|2023-01-18|2023-04-14|2023-07-18|2023-10-13|2024-01-16|2024-04-16|2024-07-16|2024-10-15|2025-01-16|2025-04-15|2025-07-16|2025-10-15|2026-01-16|2026-04-15|2026-07-15|2026-10-15
PNN.L,2026-10-05,2026-12-01
PNR,2026-10-05,2020-10-20|2021-01-28|2021-04-22|2021-07-27|2021-10-26|2022-02-01|2022-04-21|2022-07-26|2022-10-25|2023-01-31|2023-04-27|2023-07-27|2023-10-24|2024-01-30|2024-04-23|2024-07-23|2024-10-22|2025-02-04|2025-04-22|2025-07-22|2025-10-21|2026-02-03|2026-04-28|2026-07-28|2026-10-20
PNW,2026-10-05,2020-10-30|2021-02-24|2021-05-05|2021-08-05|2021-11-05|2022-02-25|2022-05-04|2022-08-03|2022-11-03|2023-02-27|2023-05-04|2023-08-03|2023-11-02|2024-02-27|2024-05-02|2024-08-01|2024-11-06|2025-02-25|2025-05-01|2025-08-06|2025-11-03|2026-02-25|2026-05-04|2026-08-04|2026-11-03
POOL,2026-10-05,2020-10-22|2021-02-11|2021-04-22|2021-07-22|2021-10-21|2022-02-17|2022-04-21|2022-07-21|2022-10-20|2023-02-16|2023-04-20|2023-07-20|2023-10-19|2024-02-22|2024-04-25|2024-07-25|2024-10-24|2025-02-20|2025-04-24|2025-07-24|2025-10-23|2026-02-19|2026-04-23|2026-07-23|2026-10-22
POR,2026-10-05,2020-10-30|2021-02-19|2021-04-30|2021-07-30|2021-10-29|2022-02-17|2022-04-28|2022-07-28|2022-10-25|2023-02-16|2023-04-28|2023-07-28|2023-10-27|2024-02-16|2024-04-26|2024-07-26|2024-10-25|2025-02-14|2025-04-25|2025-07-25|2025-10-31|2026-02-17|2026-05-01|2026-07-31|2026-10-29
POWW,2026-09-28,2021-02-12|2021-06-29|2021-08-16|2021-11-15|2022-02-14|2022-06-29|2022-08-15|2022-11-14|2023-02-14|2023-06-14|2023-08-09|2023-11-09|2024-02-08|2024-06-13|2024-08-08|2025-05-20|2025-06-16|2025-08-08|2025-11-10|2026-02-09|2026-06-22|2026-08-10|2026-11-16
PPH.L,2026-10-05,2026-08-27|2027-02-25
PPIH,2026-10-05,2000-09-06|2000-12-15|2001-05-02|2007-06-11|2007-09-10|2007-12-17|2008-04-30|2026-04-16|2026-06-09|2026-09-09|2026-12-10
PPL,2026-10-05,2020-11-05|2021-02-18|2021-05-06|2021-08-05|2021-11-04|2022-02-18|2022-05-05|2022-08-03|2022-11-04|2023-02-17|2023-05-04|2023-08-04|2023-11-02|2024-02-16|2024-05-01|2024-08-02|2024-11-01|2025-02-13|2025-04-30|2025-07-31|2025-11-05|2026-02-20|2026-05-08|2026-08-07|2026-11-04
PPLI,2026-09-21,2020-11-05|2021-02-03|2021-05-06|2021-08-04|2021-11-04|2022-02-15|2022-05-09|2022-08-09|2022-11-08|2023-02-13|2023-05-09|2023-08-08|2023-11-07|2024-02-13|2024-05-07|2024-08-06|2024-11-11|2025-02-11|2025-05-05|2025-08-04|2025-11-03|2026-02-03|2026-05-04|2026-08-03|2026-11-02
PPTA,2026-10-05,2019-11-12|2020-05-13|2020-08-14|2021-08-13|2021-11-12|2022-03-18|2022-05-13|2022-08-12|2022-11-10|2023-03-16|2023-05-12|2023-08-11|2023-11-09|2024-03-26|2024-05-10|2024-08-09|2024-11-13|2025-03-19|2025-05-09|2025-08-13|2025-11-14|2026-03-31|2026-05-11|2026-08-14|2026-11-12
PR,2026-10-05,2020-11-02|2021-02-23|2021-05-04|2021-08-03|2021-11-03|2022-02-23|2022-05-04|2022-08-03|2022-11-08|2023-02-22|2023-05-08|2023-08-02|2023-11-07|2024-02-27|2024-05-07|2024-08-06|2024-11-06|2025-02-25|2025-05-07|2025-08-06|2025-11-05|2026-02-25|2026-05-06|2026-08-05|2026-11-04
PRCH,2026-09-21,2021-03-31|2021-05-17|2021-08-16|2021-11-15|2022-03-01|2022-05-10|2022-08-09|2022-11-08|2023-03-14|2023-05-10|2023-08-08|2023-11-07|2024-03-07|2024-05-08|2024-08-06|2024-11-07|2025-02-25|2025-05-06|2025-08-05|2025-11-05|2026-02-11|2026-04-28|2026-07-29|2026-11-04
PRCT,2026-10-05,2021-11-05|2022-03-08|2022-05-05|2022-08-05|2022-11-04|2023-02-28|2023-04-26|2023-07-27|2023-11-01|2024-02-27|2024-05-01|2024-08-01|2024-10-28|2025-02-25|2025-04-24|2025-08-06|2025-11-04|2026-02-25|2026-04-29|2026-08-04|2026-11-04
PRE,2026-10-05,2022-06-06|2022-09-09|2022-11-10|2023-03-14|2023-06-05|2023-09-15|2023-11-20|2024-05-01|2024-06-18|2024-10-07|2024-11-27|2025-04-30|2025-06-12|2025-09-12|2025-11-10|2026-02-18|2026-06-10|2026-08-18|2026-11-10
PRG,2026-09-14,2020-10-29|2021-02-25|2021-04-29|2021-07-29|2021-11-03|2022-02-23|2022-04-27|2022-07-27|2022-10-26|2023-02-22|2023-04-26|2023-07-26|2023-10-25|2024-02-21|2024-04-24|2024-07-24|2024-10-23|2025-02-19|2025-04-23|2025-07-23|2025-10-22|2026-02-18|2026-04-29|2026-07-29|2026-10-28
PRGO,2026-10-05,2020-11-04|2021-03-01|2021-05-11|2021-08-11|2021-11-10|2022-03-01|2022-05-11|2022-08-09|2022-11-08|2023-02-27|2023-05-09|2023-08-08|2023-11-07|2024-02-27|2024-05-07|2024-08-02|2024-11-06|2025-02-27|2025-05-07|2025-08-06|2025-11-05|2026-02-26|2026-05-06|2026-08-05|2026-11-04
PRHI,2026-10-05,2017-08-09|2017-11-08|2018-02-28|2018-05-09|2018-08-08|2018-11-07|2019-02-27|2019-05-08|2019-08-07|2019-11-11|2020-02-26|2020-05-13|2020-08-12|2020-11-12|2021-02-23|2021-05-11|2021-08-11|2021-11-10|2022-03-02|2022-05-12|2022-08-10|2022-11-09|2023-03-14|2023-05-10|2023-08-09
PRI,2026-10-05,2020-11-04|2021-02-09|2021-05-05|2021-08-05|2021-11-08|2022-02-14|2022-05-05|2022-08-08|2022-11-08|2023-02-23|2023-05-08|2023-08-07|2023-11-07|2024-02-13|2024-05-06|2024-08-07|2024-11-06|2025-02-11|2025-05-07|2025-08-06|2025-11-05|2026-02-11|2026-05-06|2026-08-05|2026-11-04
PRK,2026-09-21,2020-10-26|2021-01-25|2021-04-23|2021-07-26|2021-10-25|2022-01-24|2022-04-22|2022-07-25|2022-10-24|2023-01-23|2023-04-21|2023-07-24|2023-10-23|2024-01-22|2024-04-19|2024-07-22|2024-10-28|2025-01-27|2025-04-25|2025-07-28|2025-10-27|2026-01-26|2026-04-24|2026-07-27|2026-10-26
PRLD,2026-10-05,2020-11-10|2021-03-16|2021-05-11|2021-08-12|2021-11-12|2022-03-16|2022-05-10|2022-08-09|2022-11-14|2023-03-15|2023-05-08|2023-08-03|2023-11-01|2024-02-15|2024-05-07|2024-08-12|2024-11-06|2025-03-10|2025-05-06|2025-08-14|2025-11-12|2026-03-10|2026-05-12|2026-08-11|2026-11-11
PROK,2026-10-05,2022-11-14|2023-03-28|2023-05-11|2023-08-10|2023-11-14|2024-03-22|2024-05-10|2024-08-09|2024-11-12|2025-03-17|2025-05-12|2025-08-12|2025-11-10|2026-03-18|2026-05-15|2026-08-10|2026-11-09
PROV,2026-10-05,2020-10-28|2021-01-27|2021-04-27|2021-07-28|2021-10-26|2022-01-26|2022-04-26|2022-07-26|2022-10-25|2023-01-27|2023-04-26|2023-07-26|2023-10-25|2024-01-29|2024-04-29|2024-07-29|2024-10-28|2025-01-28|2025-04-28|2025-07-28|2025-10-28|2026-01-27|2026-04-28|2026-07-28|2026-10-27
PRQR,2026-10-05,2020-11-16|2021-02-25|2021-05-06|2021-08-05|2021-11-04|2022-02-24|2022-05-05|2022-08-04|2022-11-09|2023-03-29|2023-05-16|2023-08-03|2023-11-07|2024-03-13|2024-05-09|2024-08-08|2024-11-07|2025-03-12|2025-05-08|2025-08-07|2025-11-06|2026-03-12|2026-05-12|2026-08-13|2026-11-05
PRSU,2026-09-14,2020-10-29|2021-02-11|2021-05-04|2021-08-05|2021-11-04|2022-02-10|2022-05-05|2022-08-04|2022-11-04|2023-02-09|2023-05-04|2023-08-03|2023-11-02|2024-02-08|2024-05-02|2024-08-06|2024-11-07|2025-03-11|2025-05-08|2025-08-06|2025-11-05|2026-02-25|2026-05-06|2026-08-05|2026-11-04
PRTH,2026-10-05,2020-11-13|2021-03-17|2021-05-13|2021-08-09|2021-11-15|2022-03-16|2022-05-11|2022-08-09|2022-11-10|2023-03-23|2023-05-11|2023-08-10|2023-11-09|2024-03-12|2024-05-09|2024-08-08|2024-11-07|2025-03-06|2025-05-06|2025-08-07|2025-11-06|2026-03-10|2026-05-11|2026-08-06|2026-11-05
PRU,2026-10-05,2020-11-03|2021-02-04|2021-05-04|2021-08-03|2021-11-02|2022-02-03|2022-05-03|2022-08-02|2022-11-01|2023-02-07|2023-05-02|2023-08-01|2023-11-01|2024-02-06|2024-04-30|2024-08-01|2024-10-30|2025-02-04|2025-04-30|2025-07-30|2025-10-29|2026-02-03|2026-05-05|2026-08-04|2026-11-03
PRU.L,2026-10-05,2026-08-27|2027-03-17
PRVA,2026-09-21,2021-05-27|2021-08-09|2021-11-08|2022-03-22|2022-05-12|2022-08-11|2022-11-10|2023-02-28|2023-05-04|2023-08-03|2023-11-03|2024-02-27|2024-05-09|2024-08-08|2024-11-07|2025-02-27|2025-05-08|2025-08-07|2025-11-06|2026-02-26|2026-05-07|2026-08-06|2026-11-05
PSA,2026-09-21,2020-11-04|2021-02-24|2021-04-28|2021-08-03|2021-11-01|2022-02-22|2022-05-03|2022-08-04|2022-11-01|2023-02-21|2023-05-03|2023-08-02|2023-10-30|2024-02-20|2024-04-30|2024-07-30|2024-10-30|2025-02-24|2025-04-30|2025-07-30|2025-10-29|2026-02-12|2026-04-27|2026-07-29|2026-10-28
PSDL.L,2026-10-05,FAILED
PSFE,2026-10-05,2021-05-11|2021-08-16|2021-11-15|2022-03-28|2022-05-18|2022-08-10|2022-11-10|2023-03-09|2023-05-16|2023-08-15|2023-11-14|2024-03-07|2024-05-13|2024-08-13|2024-11-13|2025-03-04|2025-05-13|2025-08-12|2025-11-13|2026-03-03|2026-05-13|2026-08-13|2026-11-12
PSH.L,2026-09-14,2026-03-13|2026-08-13|2027-02-18
PSKY,2026-09-28,2020-11-06|2021-02-24|2021-05-06|2021-08-05|2021-11-04|2022-02-15|2022-05-03|2022-08-04|2022-11-02|2023-02-16|2023-05-04|2023-08-07|2023-11-02|2024-02-28|2024-04-29|2024-08-08|2024-11-08|2025-02-26|2025-05-08|2025-07-31|2025-11-10|2026-02-25|2026-05-04|2026-08-04|2026-11-09
PSN,2026-10-05,2020-11-04|2021-02-24|2021-05-05|2021-08-04|2021-11-03|2022-02-23|2022-05-04|2022-08-03|2022-11-02|2023-02-15|2023-05-03|2023-08-02|2023-11-01|2024-02-14|2024-05-01|2024-07-31|2024-10-30|2025-02-19|2025-04-30|2025-08-06|2025-11-05|2026-02-11|2026-04-29|2026-07-29|2026-10-28
PSNL,2026-10-05,2020-11-05|2021-02-25|2021-05-05|2021-08-04|2021-11-04|2022-02-24|2022-05-04|2022-08-03|2022-11-02|2023-02-23|2023-05-03|2023-08-08|2023-11-07|2024-02-28|2024-05-08|2024-08-07|2024-11-06|2025-02-27|2025-05-06|2025-08-05|2025-11-04|2026-02-26|2026-05-07|2026-08-04|2026-11-03
PSNY,2026-10-05,2023-04-21|2023-05-11|2023-08-31|2023-11-16|2024-08-14|2026-11-12
PSON.L,2026-09-14,2026-07-31|2027-02-26
PSQH,2026-09-14,2024-03-14|2024-05-15|2024-08-14|2024-11-12|2025-03-13|2025-05-08|2025-08-12|2025-11-06|2026-03-17|2026-05-07|2026-07-29|2026-10-29
PSX,2026-10-05,2020-10-30|2021-01-29|2021-04-30|2021-08-03|2021-10-29|2022-01-28|2022-04-29|2022-07-29|2022-11-01|2023-01-31|2023-05-03|2023-08-02|2023-10-27|2024-01-31|2024-04-26|2024-07-30|2024-10-29|2025-01-31|2025-04-25|2025-07-25|2025-10-29|2026-02-04|2026-04-29|2026-08-05|2026-10-28
PTGX,2026-09-21,2020-11-04|2021-03-10|2021-05-04|2021-08-04|2021-11-03|2022-02-28|2022-05-04|2022-08-04|2022-11-08|2023-03-15|2023-05-04|2023-08-03|2023-11-02|2024-02-27|2024-05-07|2024-08-06|2024-11-07|2025-02-21|2025-05-06|2025-08-06|2025-11-06|2026-02-25|2026-05-05|2026-08-05|2026-11-05
PTLO,2026-10-05,2021-11-18|2022-03-10|2022-05-05|2022-08-04|2022-11-03|2023-03-02|2023-05-04|2023-08-03|2023-11-02|2024-02-27|2024-05-07|2024-08-06|2024-11-05|2025-02-25|2025-05-06|2025-08-05|2025-11-04|2026-02-24|2026-05-05|2026-08-05|2026-11-05
PTN,2026-10-05,2020-02-11|2020-05-11|2020-09-25|2020-11-16|2021-02-16|2021-05-14|2021-09-28|2021-11-15|2022-02-14|2022-05-16|2022-09-22|2022-11-14|2023-02-14|2023-05-15|2023-09-28|2023-11-14|2024-02-14|2024-05-15|2024-09-30|2024-11-14|2025-02-13|2025-05-14|2026-02-17|2026-05-13|2026-09-28
PUK,2026-10-05,2026-08-27|2027-03-17
PUMP,2026-10-05,2020-11-02|2021-02-23|2021-05-04|2021-08-03|2021-11-02|2022-02-22|2022-05-03|2022-08-02|2022-11-01|2023-02-21|2023-05-03|2023-08-02|2023-11-01|2024-02-21|2024-05-01|2024-07-31|2024-10-30|2025-02-19|2025-04-29|2025-07-30|2025-10-29|2026-02-18|2026-04-30|2026-07-29|2026-10-28
PUSA,2026-10-05,FAILED
PWCM,2026-09-21,2022-08-17|2022-11-17|2023-03-31|2023-05-15|2023-08-14|2023-11-14|2024-04-01|2024-05-15|2024-08-13|2024-11-13|2025-03-31|2025-05-15|2025-08-14|2025-11-14|2026-03-27|2026-05-15|2026-08-14
PWP,2026-10-05,2021-08-12|2021-11-04|2022-02-17|2022-05-05|2022-08-04|2022-11-03|2023-02-09|2023-05-04|2023-08-03|2023-11-07|2024-02-08|2024-05-03|2024-08-02|2024-11-08|2025-02-07|2025-05-02|2025-08-01|2025-11-07|2026-02-06|2026-05-01|2026-07-31|2026-11-06
PXS,2026-10-05,2020-06-03|2020-08-10|2020-11-13|2021-03-24|2021-06-02|2021-08-09|2021-11-15|2022-03-18|2022-05-16|2022-08-08|2022-11-14|2023-05-15|2023-07-31|2023-11-20|2024-05-21|2024-08-12|2024-11-22|2025-03-13|2025-05-21|2025-08-08|2025-11-20|2026-03-05|2026-05-18|2026-08-31|2026-11-19
PYPL,2026-10-05,2020-11-02|2021-02-03|2021-05-05|2021-07-28|2021-11-08|2022-02-01|2022-04-27|2022-08-02|2022-11-03|2023-02-09|2023-05-08|2023-08-02|2023-11-01|2024-02-07|2024-04-30|2024-07-30|2024-10-29|2025-02-04|2025-04-29|2025-07-29|2025-10-28|2026-02-03|2026-05-05|2026-07-28|2026-10-27
PYT,2026-10-05,FAILED
PYXS,2026-10-05,2021-11-15|2022-03-29|2022-05-13|2022-08-15|2022-11-01|2023-03-22|2023-05-11|2023-08-11|2023-11-07|2024-03-21|2024-05-14|2024-08-14|2024-11-12|2025-03-18|2025-05-15|2025-08-14|2025-11-03|2026-03-23|2026-05-14|2026-08-13|2026-11-02
PZZA,2026-10-05,2020-11-05|2021-02-25|2021-05-06|2021-08-05|2021-11-04|2022-02-24|2022-05-05|2022-08-04|2022-11-03|2023-02-23|2023-05-04|2023-08-03|2023-11-02|2024-02-29|2024-05-09|2024-08-08|2024-11-07|2025-02-27|2025-05-08|2025-08-07|2025-11-06|2026-02-26|2026-05-07|2026-08-06|2026-11-05
QCLS,2026-09-07,FAILED
QCRH,2026-09-14,2020-10-27|2021-01-27|2021-04-27|2021-07-26|2021-10-27|2022-01-25|2022-04-26|2022-07-26|2022-10-26|2023-01-24|2023-04-26|2023-07-26|2023-10-25|2024-01-23|2024-04-23|2024-07-24|2024-10-23|2025-01-22|2025-04-22|2025-07-23|2025-10-22|2026-01-27|2026-04-22|2026-07-22|2026-10-21
QH,2026-09-07,2020-08-27|2020-12-03|2021-04-30|2021-06-25|2021-08-25|2021-11-29
QLT.L,2026-09-21,2026-08-06|2027-03-03
QLYS,2026-10-05,2020-11-04|2021-02-10|2021-05-05|2021-08-08|2021-11-03|2022-02-10|2022-05-04|2022-08-08|2022-11-02|2023-02-09|2023-05-04|2023-08-03|2023-11-02|2024-02-07|2024-05-07|2024-08-06|2024-11-05|2025-02-06|2025-05-06|2025-08-05|2025-11-04|2026-02-05|2026-05-05|2026-08-04|2026-11-03
QMCO,2026-10-05,2020-06-24|2020-08-05|2020-10-28|2021-01-27|2021-05-26|2021-08-09|2021-11-03|2022-02-09|2022-06-08|2022-08-04|2022-11-02|2023-02-02|2023-06-06|2023-08-08|2024-08-13|2024-11-13|2025-02-12|2025-08-18|2025-08-26|2025-09-10|2025-11-13|2026-02-17|2026-06-25|2026-08-10|2026-11-09
QNBC,2026-10-05,FAILED
QNST,2026-09-28,2020-10-28|2021-02-03|2021-05-05|2021-08-04|2021-11-03|2022-02-08|2022-05-04|2022-08-03|2022-11-04|2023-02-08|2023-05-03|2023-08-09|2023-11-01|2024-02-07|2024-05-08|2024-08-08|2024-11-04|2025-02-06|2025-05-07|2025-08-07|2025-11-06|2026-02-05|2026-05-07|2026-08-06|2026-11-05
QQ.L,2026-10-05,2026-11-12
QRVO,2026-09-28,2020-11-04|2021-02-03|2021-05-05|2021-08-04|2021-11-03|2022-02-02|2022-05-04|2022-08-03|2022-11-02|2023-02-01|2023-05-03|2023-08-02|2023-11-01|2024-01-31|2024-05-01|2024-07-30|2024-10-29|2025-01-28|2025-04-29|2025-07-29|2025-11-03|2026-01-27|2026-05-05|2026-07-28|2026-11-09
QS,2026-10-05,2021-02-16|2021-05-11|2021-07-27|2021-10-26|2022-02-16|2022-04-26|2022-07-27|2022-10-26|2023-02-15|2023-04-26|2023-07-26|2023-10-25|2024-02-14|2024-04-24|2024-07-24|2024-10-23|2025-02-12|2025-04-23|2025-07-23|2025-10-22|2026-02-11|2026-04-22|2026-07-22|2026-10-21
QUAD,2026-10-05,2017-10-31|2018-02-21|2018-05-01|2018-07-31|2018-10-31|2019-02-19|2019-04-30|2019-07-30|2019-10-29|2020-02-18|2020-11-03|2023-08-01|2023-10-31|2024-02-20|2024-04-30|2024-07-30|2024-10-28|2025-02-18|2025-04-29|2025-07-29|2025-10-28|2026-02-17|2026-04-28|2026-07-28|2026-10-28
QXO,2026-10-05,2024-11-13|2025-03-04|2025-05-08|2025-08-14|2025-11-06|2026-02-25|2026-08-13|2026-11-05
RACE,2026-10-05,2020-11-03|2021-02-02|2021-05-04|2021-08-02|2021-11-02|2022-02-02|2022-05-04|2022-08-02|2022-11-02|2023-02-02|2023-05-04|2023-08-02|2023-11-02|2024-02-01|2024-05-07|2024-08-01|2024-11-05|2025-02-04|2025-05-06|2025-07-31|2025-11-03|2026-02-10|2026-05-04|2026-07-30|2026-11-03
RAIL,2026-10-05,2020-11-09|2021-03-24|2021-05-17|2021-08-16|2021-11-15|2022-03-22|2022-05-10|2022-08-08|2022-11-07|2023-03-27|2023-05-09|2023-08-07|2023-11-06|2024-03-18|2024-05-08|2024-08-12|2024-11-12|2025-03-12|2025-05-05|2025-08-04|2025-11-10|2026-03-09|2026-05-04|2026-08-03|2026-11-09
RAPP,2026-10-05,2024-08-08|2024-11-07|2025-03-11|2025-05-08|2025-08-07|2025-11-06|2026-03-10|2026-05-07|2026-08-05|2026-11-05
RARE,2026-10-05,2020-10-27|2021-02-11|2021-05-04|2021-08-02|2021-11-02|2022-02-10|2022-05-05|2022-07-28|2022-11-02|2023-02-16|2023-05-04|2023-08-03|2023-11-02|2024-02-15|2024-05-02|2024-08-01|2024-11-05|2025-02-13|2025-05-06|2025-08-05|2025-11-04|2026-02-12|2026-05-05|2026-08-04|2026-11-03
RAT.L,2026-10-05,2026-07-29|2027-02-26
RAYA,2026-09-14,FAILED
RBA,2026-10-05,2020-11-05|2021-02-18|2021-05-10|2021-08-05|2021-11-04|2022-02-17|2022-05-09|2022-08-04|2022-11-07|2023-02-21|2023-05-10|2023-08-03|2023-11-09|2024-02-23|2024-05-09|2024-08-06|2024-11-08|2025-02-18|2025-05-07|2025-08-06|2025-11-06|2026-02-17|2026-05-04|2026-08-04|2026-11-09
RBBN,2026-10-05,2020-10-29|2021-02-17|2021-04-28|2021-07-28|2021-10-27|2022-02-16|2022-04-27|2022-07-27|2022-10-26|2023-02-15|2023-04-26|2023-07-26|2023-10-25|2024-02-14|2024-04-24|2024-07-24|2024-10-23|2025-02-12|2025-04-29|2025-07-23|2025-10-22|2026-02-05|2026-04-28|2026-07-28|2026-10-21
RBC,2026-10-05,2020-10-30|2021-01-29|2021-05-21|2021-08-05|2021-11-12|2022-02-10|2022-05-26|2022-08-04|2022-11-10|2023-02-09|2023-05-19|2023-08-04|2023-11-09|2024-02-08|2024-05-17|2024-08-02|2024-11-01|2025-01-31|2025-05-16|2025-08-01|2025-10-31|2026-02-05|2026-05-15|2026-07-31|2026-10-30
RBLX,2026-10-05,2021-02-22|2021-05-10|2021-08-16|2021-11-08|2022-02-15|2022-05-10|2022-08-09|2022-11-09|2023-02-15|2023-05-10|2023-08-09|2023-11-08|2024-02-07|2024-05-09|2024-08-01|2024-10-31|2025-02-06|2025-05-01|2025-07-31|2025-10-30|2026-02-05|2026-04-30|2026-07-30|2026-10-29
RBRK,2026-10-05,2024-06-11|2024-09-09|2024-12-05|2025-03-13|2025-06-05|2025-09-09|2025-12-04|2026-03-12|2026-06-04|2026-08-27|2026-12-03
RC,2026-10-05,2020-11-04|2021-03-11|2021-05-06|2021-08-05|2021-11-04|2022-02-24|2022-05-05|2022-08-04|2022-11-07|2023-02-27|2023-05-08|2023-08-07|2023-11-07|2024-02-27|2024-05-08|2024-08-07|2024-11-07|2025-03-03|2025-05-08|2025-08-07|2025-11-06|2026-02-26|2026-05-07|2026-08-06|2026-11-05
RCAT,2026-10-05,2021-08-12|2021-12-20|2022-03-17|2022-07-27|2022-09-12|2022-12-15|2023-03-07|2023-07-27|2023-09-19|2023-12-15|2024-03-18|2024-08-08|2025-05-14|2025-08-14|2025-11-13|2026-03-18|2026-05-07|2026-08-06|2026-11-05
RCBC,2026-10-05,FAILED
RCEL,2026-10-05,2020-08-27|2020-11-10|2021-02-11|2021-05-13|2022-05-12|2022-08-11|2022-11-10|2023-02-23|2023-05-11|2023-08-10|2023-11-09|2024-02-22|2024-05-13|2024-08-08|2024-11-07|2025-02-13|2025-05-08|2025-08-07|2025-11-06|2026-02-12|2026-05-14|2026-08-06|2026-11-05
RCH.L,2026-10-05,2026-07-22|2027-03-02
RCI,2026-10-05,2020-10-22|2021-01-28|2021-04-21|2021-07-21|2021-10-21|2022-01-27|2022-04-20|2022-07-27|2022-11-09|2023-02-02|2023-04-25|2023-07-26|2023-11-09|2024-02-01|2024-04-24|2024-07-24|2024-10-24|2025-01-30|2025-04-23|2025-07-23|2025-10-23|2026-01-29|2026-04-22|2026-07-21|2026-10-23
RCKY,2026-10-05,2020-10-27|2021-02-24|2021-05-04|2021-08-03|2021-11-02|2022-03-01|2022-05-03|2022-08-02|2022-11-02|2023-02-23|2023-05-02|2023-08-01|2023-11-01|2024-02-28|2024-04-30|2024-07-30|2024-10-30|2025-02-25|2025-04-29|2025-07-29|2025-10-28|2026-02-24|2026-04-28|2026-07-28|2026-10-27
RCMT,2026-10-05,2020-11-09|2021-04-01|2021-05-13|2021-08-12|2021-11-11|2022-03-30|2022-04-27|2022-08-10|2022-11-09|2023-03-15|2023-05-09|2023-08-09|2023-11-08|2024-03-13|2024-05-08|2024-08-07|2024-11-07|2025-03-12|2025-05-07|2025-08-06|2025-11-05|2026-04-03|2026-05-14|2026-08-13|2026-11-04
RCUS,2026-09-14,2020-11-05|2021-02-24|2021-05-05|2021-08-05|2021-11-08|2022-02-23|2022-05-09|2022-08-03|2022-11-02|2023-02-28|2023-05-09|2023-08-07|2023-11-07|2024-02-21|2024-05-08|2024-08-08|2024-11-06|2025-02-25|2025-05-06|2025-08-06|2025-10-28|2026-02-25|2026-05-05|2026-08-05|2026-10-27
RDCM,2026-10-05,2020-11-10|2021-02-17|2021-05-11|2021-08-12|2021-11-11|2022-02-24|2022-05-12|2022-08-11|2022-11-10|2023-02-08|2023-05-10|2023-08-02|2023-11-08|2024-01-31|2024-05-15|2024-08-07|2024-11-13|2025-02-12|2025-05-14|2025-08-13|2025-11-12|2026-02-11|2026-05-19|2026-08-12|2026-11-11
RDGT,2026-10-05,2010-08-16|2010-11-15|2011-02-15
RDI,2026-10-05,2020-03-16|2020-06-25|2020-08-10|2020-11-09|2021-03-31|2021-05-17|2021-08-09|2021-11-09|2022-03-16|2022-05-10|2022-08-09|2022-11-09|2023-03-31|2023-05-15|2023-08-14|2023-11-14|2024-03-29|2024-05-15|2024-08-14|2024-11-14|2025-03-31|2025-05-15|2025-08-14|2025-11-14|2026-03-31
RDN,2026-10-05,2020-11-04|2021-02-24|2021-05-04|2021-08-03|2021-11-02|2022-02-22|2022-05-03|2022-08-01|2022-11-02|2023-02-08|2023-05-03|2023-08-02|2023-11-01|2024-02-07|2024-05-01|2024-07-31|2024-11-06|2025-02-05|2025-04-30|2025-07-30|2025-11-04|2026-02-18|2026-05-06|2026-08-05|2026-11-04
RDNW,2026-10-05,2020-11-10|2021-03-15|2021-05-17|2021-08-02|2021-11-15|2022-03-16|2022-05-10|2022-08-09|2022-11-09|2023-03-16|2023-05-10|2023-08-09|2023-11-07|2024-03-14|2024-05-08|2024-08-07|2024-11-12|2025-03-11|2025-05-07|2025-08-11|2025-11-04|2026-03-09|2026-05-14|2026-08-11|2026-11-11
RDVT,2026-10-05,2024-05-08|2024-08-06|2024-11-06|2025-02-27|2025-05-07|2025-08-06|2025-11-05|2026-03-04|2026-05-05|2026-08-10|2026-11-04
RDY,2026-09-14,2019-07-29|2019-11-01|2020-01-27|2020-06-09|2020-07-29|2020-10-28|2021-01-29|2021-05-14|2021-07-27|2021-10-29|2022-01-28|2022-05-19|2022-07-28|2022-10-28|2023-01-25|2023-05-10|2023-07-26|2023-10-27|2024-01-30|2024-05-07|2024-07-27|2024-11-05|2025-01-23|2025-05-09|2026-10-22
REAX,2026-08-24,2021-08-11|2021-11-15|2022-03-18|2022-05-09|2022-08-11|2022-11-10|2023-03-16|2023-05-11|2023-08-09|2023-11-09|2024-03-07|2024-05-07|2024-08-07|2024-11-07|2025-03-06|2025-05-08|2025-08-07|2025-10-30|2026-03-04|2026-05-07|2026-08-06|2026-10-29
REBN,2026-08-17,FAILED
REC.L,2026-09-28,FAILED
REFI,2026-10-05,2022-03-22|2022-05-12|2022-08-09|2022-11-09|2023-03-09|2023-05-09|2023-08-09|2023-11-08|2024-03-12|2024-05-07|2024-08-07|2024-11-07|2025-03-12|2025-05-07|2025-08-07|2025-11-04|2026-03-12|2026-05-07|2026-08-11|2026-11-03
REG,2026-10-05,2020-11-05|2021-02-11|2021-05-06|2021-08-05|2021-11-04|2022-02-10|2022-05-03|2022-08-05|2022-11-03|2023-02-09|2023-05-04|2023-08-03|2023-11-02|2024-02-08|2024-05-02|2024-08-01|2024-10-28|2025-02-06|2025-04-29|2025-07-29|2025-10-28|2026-02-05|2026-04-29|2026-07-29|2026-11-05
REGN,2026-10-05,2020-11-05|2021-02-05|2021-05-06|2021-08-05|2021-11-04|2022-02-04|2022-05-04|2022-08-03|2022-11-03|2023-02-03|2023-05-04|2023-08-03|2023-11-02|2024-02-02|2024-05-02|2024-08-01|2024-10-31|2025-02-04|2025-04-29|2025-08-01|2025-10-28|2026-01-30|2026-04-29|2026-07-30|2026-10-30
RENT,2026-10-05,2021-12-10|2022-04-13|2022-06-09|2022-09-12|2022-12-07|2023-04-12|2023-06-07|2023-09-08|2023-12-05|2024-04-10|2024-06-06|2024-09-05|2024-12-09|2025-04-15|2026-12-10
REPL,2026-09-14,2020-11-05|2021-02-04|2021-05-20|2021-08-06|2021-11-04|2022-02-03|2022-05-19|2022-08-04|2022-11-03|2023-02-09|2023-05-18|2023-08-03|2023-11-07|2024-02-08|2024-05-16|2024-08-08|2024-11-12|2025-02-12|2025-05-22|2025-08-07|2025-11-06|2026-02-03|2026-06-29|2026-08-14|2026-11-05
REPX,2026-10-05,2021-05-11|2021-08-12|2021-12-13|2022-02-14|2022-05-11|2022-11-14|2023-03-08|2023-05-08|2023-08-07|2023-11-07|2024-03-06|2024-05-08|2024-08-07|2024-11-06|2025-03-05|2025-05-07|2025-08-06|2025-11-05|2026-03-04|2026-05-06|2026-08-05|2026-11-04
RETO,2026-10-05,FAILED
REYN,2026-09-21,2020-11-11|2021-02-09|2021-05-05|2021-08-02|2021-11-04|2022-02-09|2022-05-10|2022-08-09|2022-11-08|2023-02-08|2023-05-10|2023-08-09|2023-11-08|2024-02-07|2024-05-08|2024-08-07|2024-10-30|2025-02-05|2025-04-30|2025-07-30|2025-10-29|2026-02-04|2026-05-06|2026-07-29|2026-11-04
REZI,2026-10-05,2020-08-04|2020-11-05|2021-02-25|2021-05-06|2021-08-05|2021-11-04|2022-02-15|2022-05-03|2022-08-04|2022-11-01|2023-02-15|2023-05-03|2023-08-03|2023-11-01|2024-02-13|2024-05-02|2024-08-08|2024-11-07|2025-02-20|2025-05-06|2025-08-05|2025-11-05|2026-02-24|2026-08-12|2026-11-05
RF,2026-10-05,2020-10-20|2021-01-22|2021-04-23|2021-07-23|2021-10-22|2022-01-20|2022-04-22|2022-07-22|2022-10-21|2023-01-20|2023-04-21|2023-07-21|2023-10-20|2024-01-19|2024-04-19|2024-07-19|2024-10-18|2025-01-17|2025-04-17|2025-07-18|2025-10-17|2026-01-16|2026-04-17|2026-07-17|2026-10-16
RFAI,2026-08-17,FAILED
RFI,2026-10-05,FAILED
RFIL,2026-10-05,2020-12-17|2021-03-11|2021-06-14|2021-09-13|2021-12-22|2022-03-17|2022-06-14|2022-09-14|2023-01-12|2023-03-13|2023-06-14|2023-09-14|2024-01-23|2024-03-18|2024-06-13|2024-09-16|2025-01-16|2025-03-17|2025-06-16|2025-09-11|2026-01-14|2026-03-16|2026-06-15|2026-09-14|2027-01-13
RFL,2026-09-21,2026-10-28
RGA,2026-10-05,2020-11-05|2021-02-08|2021-05-06|2021-08-03|2021-11-04|2022-02-03|2022-05-05|2022-08-04|2022-11-03|2023-02-02|2023-05-04|2023-08-03|2023-11-02|2024-02-01|2024-05-02|2024-08-01|2024-10-31|2025-02-06|2025-05-01|2025-07-31|2025-10-30|2026-02-05|2026-05-07|2026-08-06|2026-11-05
RGC,2026-10-05,2025-07-16|2025-11-18|2026-06-15|2026-10-28
RGP,2026-10-05,2021-01-06|2021-04-07|2021-07-21|2021-10-06|2022-01-05|2022-04-06|2022-07-28|2022-10-05|2023-01-04|2023-04-04|2023-07-24|2023-10-04|2024-01-03|2024-04-03|2024-07-18|2024-10-01|2025-01-02|2025-04-02|2025-07-24|2025-10-08|2026-01-07|2026-04-08|2026-07-22|2026-10-07|2027-01-06
RGR,2026-10-05,2020-10-28|2021-02-17|2021-05-05|2021-08-04|2021-11-03|2022-02-23|2022-05-04|2022-08-03|2022-11-02|2023-02-22|2023-05-03|2023-08-02|2023-11-01|2024-02-21|2024-05-07|2024-07-31|2024-10-30|2025-02-19|2025-04-30|2025-07-30|2025-11-05|2026-03-02|2026-05-06|2026-07-29|2026-10-28
RGT,2026-10-05,FAILED
RHI,2026-10-05,2020-10-22|2021-01-28|2021-04-21|2021-07-22|2021-10-21|2022-01-27|2022-04-26|2022-07-21|2022-10-20|2023-01-26|2023-04-26|2023-07-25|2023-10-24|2024-01-30|2024-04-25|2024-07-24|2024-10-22|2025-01-29|2025-04-23|2025-07-23|2025-10-22|2026-01-29|2026-04-23|2026-07-23|2026-10-21
RICK,2026-10-05,2019-07-25|2019-08-09|2020-02-13|2020-02-27|2020-05-11|2020-08-10|2020-12-14|2021-02-09|2021-05-10|2021-08-05|2022-02-09|2022-05-09|2022-08-09|2022-12-14|2023-02-09|2023-05-10|2023-08-09|2023-12-14|2024-02-08|2024-05-09|2024-08-08|2024-12-16|2025-02-10|2026-02-10|2026-08-06|2026-12-14
RIGL,2026-10-05,2020-11-05|2021-03-02|2021-05-05|2021-08-03|2021-11-02|2022-03-01|2022-05-03|2022-08-02|2022-11-03|2023-03-07|2023-05-02|2023-08-01|2023-11-07|2024-03-05|2024-05-07|2024-08-06|2024-11-07|2025-03-04|2025-05-06|2025-08-05|2025-11-04|2026-03-03|2026-05-05|2026-08-04|2026-11-03
RILY,2026-10-05,2009-11-16|2010-03-30|2010-05-17|2010-08-16|2010-11-15|2011-03-31|2011-05-16|2011-08-15|2026-11-05
RJF,2026-10-05,2020-10-28|2021-01-27|2021-04-27|2021-07-28|2021-10-27|2022-01-26|2022-04-27|2022-07-27|2022-10-26|2023-01-25|2023-04-26|2023-07-26|2023-10-25|2024-01-24|2024-04-24|2024-07-24|2024-10-23|2025-01-29|2025-04-23|2025-07-23|2025-10-22|2026-01-28|2026-04-22|2026-07-22|2026-10-28
RL,2026-09-07,2020-10-29|2021-02-04|2021-05-20|2021-08-03|2021-11-02|2022-02-03|2022-05-24|2022-08-09|2022-11-10|2023-02-09|2023-05-25|2023-08-10|2023-11-08|2024-02-08|2024-05-23|2024-08-07|2024-11-07|2025-02-06|2025-05-22|2025-08-07|2025-11-06|2026-02-05|2026-05-21|2026-08-06|2026-11-05
RLAY,2026-09-28,2020-11-12|2021-03-25|2021-05-13|2021-08-12|2021-11-10|2022-02-24|2022-05-05|2022-08-04|2022-11-03|2023-02-23|2023-05-04|2023-08-08|2023-11-02|2024-02-22|2024-05-02|2024-08-06|2024-11-06|2025-02-26|2025-05-05|2025-08-07|2025-11-06|2026-02-26|2026-05-05|2026-08-06|2026-11-05
RLGT,2026-09-21,2020-05-11|2020-09-14|2020-11-09|2021-02-09|2021-05-10|2021-08-30|2021-11-09|2022-02-14|2022-05-10|2023-02-27|2023-05-10|2023-09-13|2023-11-09|2024-02-08|2024-05-09|2024-09-12|2024-11-12|2025-02-10|2025-05-12|2025-09-15|2025-11-10|2026-02-09|2026-05-11|2026-09-14|2026-11-09
RLMD,2026-10-05,2020-05-15|2020-08-12|2020-11-12|2021-03-23|2021-05-12|2021-08-10|2021-11-11|2022-03-23|2022-05-05|2022-08-11|2022-11-10|2023-03-23|2023-05-11|2023-08-08|2023-11-08|2024-03-19|2024-05-08|2024-08-07|2024-11-07|2025-03-27|2025-05-12|2025-11-13|2026-03-19|2026-08-06|2026-11-12
RLTY,2026-08-17,FAILED
RM,2026-09-28,2020-10-29|2021-02-10|2021-05-04|2021-08-03|2021-11-02|2022-02-09|2022-05-04|2022-08-03|2022-11-01|2023-02-08|2023-05-03|2023-08-02|2023-11-01|2024-02-07|2024-05-01|2024-07-31|2024-11-06|2025-02-05|2025-04-30|2025-07-30|2025-11-05|2026-02-04|2026-04-29|2026-07-29|2026-10-28
RMNI,2026-09-28,2020-11-05|2021-03-03|2021-05-10|2021-08-04|2021-11-03|2022-03-02|2022-05-04|2022-08-03|2022-11-02|2023-03-01|2023-05-03|2023-08-02|2023-11-01|2024-02-28|2024-05-02|2024-07-31|2024-10-30|2025-02-27|2025-05-01|2025-07-31|2025-10-30|2026-02-19|2026-04-30|2026-07-30|2026-10-29
RNAZ,2026-10-05,2022-03-31|2022-08-15|2022-11-14|2023-03-31|2023-08-14|2023-11-14|2024-04-01|2024-05-15|2024-08-14|2024-11-14|2025-04-15
RNG,2026-10-05,2020-11-09|2021-02-16|2021-05-04|2021-08-03|2021-11-09|2022-02-22|2022-05-09|2022-08-02|2022-11-09|2023-02-15|2023-05-09|2023-08-07|2023-11-06|2024-02-20|2024-05-07|2024-08-01|2024-11-07|2025-02-20|2025-05-08|2025-08-05|2025-11-03|2026-02-19|2026-05-07|2026-07-23|2026-10-22
RNK.L,2026-10-05,2026-08-13|2027-01-28
RNR,2026-09-21,2020-10-27|2021-01-26|2021-04-28|2021-07-22|2021-10-25|2022-01-25|2022-05-03|2022-07-25|2022-11-01|2023-01-31|2023-05-02|2023-07-25|2023-11-01|2024-01-30|2024-04-30|2024-07-24|2024-11-06|2025-01-28|2025-04-23|2025-07-23|2025-10-28|2026-02-03|2026-04-28|2026-07-22|2026-11-03
RNW,2026-10-05,2021-11-18|2022-02-24|2022-06-14|2022-08-17|2022-08-18|2022-11-15|2023-02-17|2023-07-31|2023-08-18|2023-11-20|2024-02-20|2024-06-05|2024-08-15|2024-11-19|2025-02-18|2025-06-16|2025-08-13|2025-11-10|2026-02-16|2026-05-18|2026-08-18|2026-11-09
RNXT,2026-10-05,2021-11-15|2022-03-30|2022-05-13|2022-08-12|2022-11-14|2023-03-02|2023-05-12|2023-08-16|2023-11-13|2024-04-01|2024-05-10|2024-08-13|2024-11-13|2025-04-01|2025-05-15|2025-08-14|2025-11-13|2026-03-30|2026-05-14|2026-08-12|2026-11-09
ROIV,2026-10-05,2021-11-15|2022-02-14|2022-06-28|2022-08-15|2022-11-14|2023-02-13|2023-06-28|2023-08-14|2023-11-13|2024-02-13|2024-05-30|2024-08-08|2024-11-12|2025-02-10|2025-05-29|2025-08-11|2025-11-10|2026-02-06|2026-05-20|2026-08-06|2026-11-09
ROP,2026-10-05,2020-10-27|2021-01-29|2021-04-27|2021-07-23|2021-10-22|2022-02-02|2022-04-26|2022-07-22|2022-10-26|2023-01-27|2023-04-27|2023-07-21|2023-10-25|2024-01-31|2024-04-26|2024-07-24|2024-10-23|2025-01-30|2025-04-28|2025-07-21|2025-10-23|2026-01-27|2026-04-23|2026-07-23|2026-10-22
ROR.L,2026-10-05,2020-08-03|2026-08-04|2027-03-09
RPID,2026-09-21,2021-08-27|2021-11-11|2022-03-04|2022-05-10|2022-08-12|2022-11-10|2023-03-03|2023-05-05|2023-08-04|2023-11-03|2024-03-01|2024-05-03|2024-08-02|2024-11-01|2025-02-28|2025-05-09|2025-08-12|2025-11-07|2026-03-12|2026-05-13|2026-08-07|2026-11-06
RPT,2026-10-05,2020-11-05|2021-03-04|2021-05-06|2021-08-05|2021-11-04|2022-03-03|2022-05-05|2022-08-05|2022-11-03|2023-03-02|2023-05-04|2023-08-03|2023-11-02|2024-02-26|2024-05-03|2024-07-24|2024-10-21|2025-01-30|2025-04-28|2025-07-24|2025-10-31|2026-02-13|2026-04-24|2026-07-28|2026-10-29
RQI,2026-10-05,FAILED
RR,2026-10-05,2025-05-14|2025-08-11|2026-01-20|2026-02-12|2026-08-07|2026-08-19|2026-08-24|2026-12-07
RRGB,2026-09-14,2020-11-05|2021-03-03|2021-05-25|2021-08-18|2021-11-10|2022-03-10|2022-05-26|2022-08-10|2022-11-02|2023-02-28|2023-05-24|2023-08-17|2023-11-01|2024-02-28|2024-05-29|2024-08-22|2024-11-06|2025-02-26|2025-05-29|2025-08-13|2025-11-10|2026-02-25|2026-05-19|2026-08-12|2026-11-09
RRX,2026-10-05,2020-10-28|2021-02-16|2021-05-03|2021-07-28|2021-11-02|2022-02-02|2022-04-27|2022-08-01|2022-10-31|2023-02-01|2023-05-04|2023-07-31|2023-11-01|2024-02-07|2024-05-06|2024-07-31|2024-11-04|2025-02-05|2025-05-05|2025-08-05|2025-10-29|2026-02-04|2026-05-06|2026-08-05|2026-11-03
RS1.L,2026-09-07,2026-11-05
RSI,2026-10-05,2021-03-10|2021-05-13|2021-08-12|2021-11-10|2022-03-02|2022-05-04|2022-08-05|2022-11-02|2023-03-01|2023-05-03|2023-08-02|2023-11-01|2024-03-06|2024-05-01|2024-07-31|2024-10-30|2025-02-26|2025-04-30|2025-07-30|2025-10-29|2026-02-17|2026-04-28|2026-07-29|2026-10-28
RSKD,2026-09-21,2021-09-09|2021-11-16|2022-02-23|2022-05-17|2022-08-10|2022-11-09|2023-02-23|2023-05-17|2023-08-15|2023-11-15|2024-03-05|2024-05-15|2024-08-14|2024-11-13|2025-03-05|2025-05-14|2025-08-18|2025-11-12|2026-03-04|2026-05-13|2026-08-12|2026-11-11
RSW.L,2026-10-05,2026-09-23|2027-02-09
RTO.L,2026-10-05,2007-03-30|2012-03-02|2012-08-03|2026-07-30|2027-03-04
RTW.L,2026-09-21,FAILED
RTX,2026-10-05,2020-10-27|2021-01-26|2021-04-27|2021-07-27|2021-10-26|2022-01-25|2022-04-26|2022-07-26|2022-10-25|2023-01-24|2023-04-25|2023-07-25|2023-10-24|2024-01-23|2024-04-23|2024-07-25|2024-10-22|2025-01-28|2025-04-22|2025-07-22|2025-10-21|2026-01-27|2026-04-21|2026-07-23|2026-10-20
RUN,2026-10-05,2020-11-05|2021-02-25|2021-05-05|2021-08-05|2021-11-04|2022-02-17|2022-05-04|2022-08-03|2022-11-02|2023-02-22|2023-05-03|2023-08-02|2023-11-01|2024-02-21|2024-05-08|2024-08-06|2024-11-07|2025-02-27|2025-05-07|2025-08-06|2025-11-06|2026-02-26|2026-05-06|2026-08-05|2026-11-04
RUSHA,2026-10-05,2020-10-21|2021-02-10|2021-04-21|2021-07-20|2021-10-20|2022-02-16|2022-04-26|2022-07-26|2022-10-25|2023-02-15|2023-04-25|2023-07-25|2023-10-24|2024-02-13|2024-04-23|2024-07-31|2024-10-29|2025-02-18|2025-04-30|2025-07-30|2025-10-29|2026-02-17|2026-04-28|2026-07-28|2026-10-27
RUSHB,2026-10-05,2005-10-18|2006-02-13|2006-04-18|2006-07-19|2006-10-18|2007-02-13|2007-04-17|2007-07-18|2007-10-18|2008-02-12|2008-04-17|2008-07-23|2008-10-22|2009-02-10|2009-04-22|2009-07-22|2009-10-21|2010-02-09|2010-04-20|2010-07-21|2010-10-20|2011-02-15|2011-04-20|2011-07-26|2026-10-27
RVSN,2026-10-05,2022-12-06|2023-03-23|2023-08-18|2023-11-24
RVT,2026-10-05,FAILED
RVTY,2026-10-05,2020-10-28|2021-02-02|2021-05-04|2021-07-26|2021-11-02|2022-02-01|2022-05-03|2022-08-01|2022-11-08|2023-02-14|2023-05-11|2023-08-01|2023-10-30|2024-02-01|2024-04-29|2024-07-29|2024-11-04|2025-01-31|2025-04-28|2025-07-28|2025-10-27|2026-02-02|2026-05-05|2026-08-04|2026-11-03
RWAY,2026-09-14,2022-03-03|2022-05-05|2022-08-04|2022-11-03|2023-03-02|2023-05-09|2023-08-08|2023-11-07|2024-03-07|2024-05-07|2024-08-08|2024-11-12|2025-03-20|2025-05-12|2025-08-07|2025-11-06|2026-03-12|2026-05-07|2026-08-06|2026-11-05
RWT,2026-10-05,2020-10-29|2021-02-10|2021-04-28|2021-07-28|2021-10-27|2022-02-09|2022-04-28|2022-07-28|2022-10-27|2023-02-09|2023-04-27|2023-07-27|2023-10-30|2024-02-20|2024-04-30|2024-08-01|2024-10-30|2025-02-13|2025-04-30|2025-07-30|2025-10-29|2026-02-11|2026-04-29|2026-07-28|2026-10-28
RXRX,2026-10-05,2021-05-12|2021-08-13|2021-11-10|2022-03-23|2022-05-10|2022-08-09|2022-11-08|2023-02-27|2023-05-08|2023-08-08|2023-11-09|2024-02-27|2024-05-09|2024-08-08|2024-11-06|2025-02-28|2025-05-05|2025-08-05|2025-11-05|2026-02-25|2026-05-06|2026-08-05|2026-11-04
RYN,2026-10-05,2020-10-28|2021-02-03|2021-05-05|2021-08-04|2021-11-03|2022-02-02|2022-05-04|2022-08-03|2022-11-02|2023-02-01|2023-05-03|2023-08-02|2023-11-01|2024-01-31|2024-05-01|2024-08-07|2024-11-06|2025-02-05|2025-04-30|2025-08-06|2025-11-05|2026-02-11|2026-05-06|2026-08-05|2026-11-04
RZLV,2026-10-05,2026-09-01|2027-03-31
SABS,2026-10-05,2021-11-22|2022-03-29|2022-05-12|2022-08-10|2022-11-14|2023-04-14|2023-05-15|2023-08-21|2023-11-13|2024-03-29|2024-05-20|2024-08-08|2024-11-06|2025-03-31|2025-05-09|2025-08-07|2025-11-14|2026-03-09|2026-08-06|2026-11-12
SAFE,2026-10-05,2020-10-22|2021-02-11|2021-04-22|2021-07-22|2021-10-21|2022-02-15|2022-04-21|2022-08-03|2022-11-01|2023-02-14|2023-04-26|2023-08-01|2023-10-31|2024-02-12|2024-05-06|2024-07-29|2024-10-28|2025-02-05|2025-05-06|2025-08-05|2025-11-05|2026-02-11|2026-04-30|2026-07-31|2026-10-29
SAFE.L,2026-10-05,2027-01-14
SAFT,2026-10-05,2010-05-05|2010-08-04|2010-11-02|2011-03-09|2011-05-04|2011-08-03|2011-11-02|2012-03-08|2012-05-03|2012-08-01|2012-11-02|2014-11-04|2015-02-24|2015-05-05|2015-08-05|2016-02-23|2016-05-03|2016-08-03|2016-11-01|2017-02-22|2017-05-03|2017-08-02|2017-11-01|2018-02-26|2026-11-02
SAGA.L,2026-09-21,2026-09-30
SAH,2026-10-05,2020-10-29|2021-02-17|2021-04-29|2021-07-29|2021-10-28|2022-02-16|2022-04-28|2022-07-28|2022-10-27|2023-02-15|2023-04-27|2023-07-27|2023-10-26|2024-02-14|2024-04-25|2024-08-05|2024-10-24|2025-02-12|2025-04-24|2025-07-24|2025-10-23|2026-02-18|2026-04-30|2026-07-30|2026-10-29
SAIC,2026-10-05,2020-12-03|2021-03-25|2021-06-03|2021-09-02|2021-12-06|2022-03-28|2022-06-06|2022-09-01|2022-12-05|2023-04-03|2023-06-05|2023-09-07|2023-12-04|2024-03-18|2024-06-03|2024-09-05|2024-12-05|2025-03-17|2025-06-02|2025-09-04|2025-12-04|2026-03-16|2026-06-01|2026-08-31|2026-12-03
SAIN.L,2026-08-31,FAILED
SAN,2026-09-21,2007-04-27|2007-07-26|2007-10-25|2008-02-07|2008-07-29|2008-10-28|2009-02-05|2021-10-27|2022-02-02|2023-07-26|2023-10-25|2024-01-31|2024-04-30|2024-07-24|2024-10-29|2025-02-05|2025-04-30|2025-07-28|2025-10-29|2026-04-28|2026-07-21|2026-10-28
SAP,2026-09-07,2020-10-25|2021-01-29|2021-04-22|2021-07-21|2021-10-12|2022-01-27|2022-04-22|2022-07-21|2022-10-25|2023-01-26|2023-04-21|2023-07-20|2023-10-18|2024-01-23|2024-04-22|2024-07-22|2024-10-21|2025-01-28|2025-04-21|2025-07-22|2025-10-22|2026-01-29|2026-04-23|2026-07-22|2026-10-21
SAR,2026-10-05,2021-01-06|2021-05-05|2021-07-07|2021-10-05|2022-01-05|2022-05-04|2022-07-06|2022-10-04|2023-01-10|2023-05-02|2023-07-10|2023-10-09|2024-01-09|2024-05-06|2024-07-09|2024-10-08|2025-01-08|2025-05-07|2025-07-08|2025-10-07|2026-01-07|2026-05-05|2026-07-07|2026-10-06|2027-01-06
SARO,2026-10-05,2024-11-13|2025-03-10|2025-05-12|2025-08-13|2025-11-10|2026-02-25|2026-05-07|2026-08-06|2026-11-10
SB,2026-10-05,2020-11-11|2021-02-15|2021-05-05|2021-07-28|2021-11-03|2022-03-09|2022-05-25|2022-07-27|2022-11-09|2023-02-14|2023-05-10|2023-07-26|2023-11-07|2024-02-13|2024-04-29|2024-07-29|2024-11-13|2025-02-18|2025-05-19|2025-07-29|2025-11-25|2026-02-18|2026-06-17|2026-07-28|2026-11-25
SBAC,2026-10-05,2020-11-02|2021-02-22|2021-04-26|2021-08-02|2021-11-01|2022-02-28|2022-04-25|2022-08-01|2022-10-31|2023-02-21|2023-05-01|2023-07-31|2023-11-02|2024-02-26|2024-04-29|2024-07-29|2024-10-28|2025-02-24|2025-04-28|2025-08-04|2025-11-03|2026-02-26|2026-04-29|2026-08-03|2026-11-02
SBCF,2026-10-05,2020-10-27|2021-01-28|2021-04-22|2021-07-22|2021-10-28|2022-01-27|2022-04-28|2022-07-28|2022-10-27|2023-01-26|2023-04-27|2023-07-27|2023-10-26|2024-01-25|2024-04-25|2024-07-25|2024-10-24|2025-01-27|2025-04-24|2025-07-24|2025-10-27|2026-01-29|2026-04-28|2026-07-28|2026-10-27
SBET,2026-10-05,2025-11-12|2026-03-09|2026-05-08|2026-08-07|2026-11-12
SBFG,2026-10-05,2020-10-29|2021-01-28|2021-04-30|2021-07-26|2021-10-28|2022-01-27|2022-04-28|2022-07-25|2022-11-01|2023-01-26|2023-04-20|2023-07-27|2023-10-30|2024-01-25|2024-04-18|2024-07-18|2024-10-24|2025-01-23|2025-05-01|2025-07-24|2025-10-30|2026-01-29|2026-04-23|2026-07-23|2026-10-22
SBI,2026-10-05,FAILED
SBLK,2026-10-05,2020-11-16|2021-02-17|2021-05-19|2021-08-05|2021-11-16|2022-02-16|2022-05-24|2022-08-04|2022-11-16|2023-02-16|2023-05-16|2023-08-03|2023-11-13|2024-02-13|2024-05-22|2024-08-07|2024-11-19|2025-02-18|2025-05-14|2025-08-06|2025-11-18|2026-02-25|2026-05-20|2026-08-05|2026-11-18
SBRA,2026-10-05,2020-11-05|2021-02-22|2021-05-05|2021-08-04|2021-11-03|2022-02-22|2022-05-04|2022-08-03|2022-11-07|2023-02-21|2023-05-03|2023-08-07|2023-11-06|2024-02-27|2024-05-08|2024-08-07|2024-10-31|2025-02-19|2025-05-05|2025-08-04|2025-11-05|2026-02-12|2026-04-29|2026-08-03|2026-11-04
SBRE.L,2026-10-05,2026-08-04|2027-03-11
SBSW,2026-09-14,2026-09-01|2027-02-25
SBXD,2026-09-21,FAILED
SCHW,2026-10-05,2020-10-15|2021-01-19|2021-04-15|2021-07-16|2021-10-15|2022-01-18|2022-04-18|2022-07-18|2022-10-17|2023-01-18|2023-04-17|2023-07-18|2023-10-16|2024-01-17|2024-04-15|2024-07-16|2024-10-15|2025-01-21|2025-04-17|2025-07-18|2025-10-16|2026-01-21|2026-04-16|2026-07-21|2026-10-15
SCM,2026-10-05,2020-10-30|2021-03-04|2021-05-06|2021-08-02|2021-10-28|2022-03-01|2022-05-11|2022-08-03|2022-11-03|2023-02-28|2023-05-09|2023-08-09|2023-11-07|2024-03-04|2024-05-09|2024-08-07|2024-11-07|2025-03-04|2025-05-12|2025-08-06|2025-11-10|2026-03-11|2026-05-11|2026-08-10|2026-11-16
SCOR,2026-10-05,2020-11-09|2021-03-04|2021-05-06|2021-08-09|2021-11-08|2022-02-28|2022-05-10|2022-08-09|2022-11-08|2023-02-28|2023-05-09|2023-08-08|2023-11-06|2024-03-06|2024-05-07|2024-08-06|2024-11-12|2025-03-04|2025-05-06|2025-08-05|2025-11-04|2026-03-17|2026-05-14|2026-08-12|2026-11-03
SCYX,2026-09-07,2020-11-06|2021-03-29|2021-05-17|2021-08-16|2021-11-10|2022-03-29|2022-05-12|2022-08-15|2022-11-09|2023-03-31|2023-05-10|2023-08-14|2023-11-13|2024-03-28|2024-05-08|2024-08-08|2024-11-06|2025-03-12|2025-05-15|2025-08-13|2025-11-05|2026-03-04|2026-05-11|2026-08-10|2026-11-04
SDEV,2026-10-05,2019-03-28|2019-05-09|2019-08-07|2019-11-07|2020-03-26|2020-05-07|2020-08-06|2020-11-12|2021-03-25|2021-05-06|2021-08-12|2021-11-11|2022-03-29|2022-05-12|2022-08-11|2022-11-14|2023-03-30|2023-05-11|2023-08-10|2023-11-09|2024-03-26|2024-05-09|2024-08-13|2024-11-07|2025-04-02
SDHC,2026-10-05,2024-05-14|2024-08-14|2024-11-12|2025-03-12|2025-05-14|2025-08-06|2025-11-05|2026-03-11|2026-04-29|2026-08-06|2026-11-04
SDY.L,2026-10-05,FAILED
SEAT,2026-10-05,2021-11-15|2022-03-10|2022-05-10|2022-08-09|2022-11-08|2023-05-09|2023-05-16|2023-08-08|2023-11-07|2024-05-07|2024-08-06|2024-11-07|2025-03-12|2025-05-06|2025-08-05|2025-11-06|2026-03-12|2026-05-05|2026-08-04|2026-11-05
SEB,2026-10-05,2012-05-04|2012-08-07|2012-11-02|2013-02-27|2013-05-09|2013-08-06|2013-11-01|2014-02-26|2014-05-02|2014-08-05|2014-10-31|2015-02-26|2015-05-08|2026-10-27
SEER,2026-09-21,2021-03-29|2021-05-10|2021-08-12|2021-11-09|2022-02-28|2022-05-04|2022-08-09|2022-11-08|2023-03-02|2023-05-09|2023-08-08|2023-11-07|2024-02-29|2024-05-08|2024-08-08|2024-11-06|2025-02-27|2025-05-13|2025-08-06|2025-11-06|2026-02-26|2026-05-13|2026-08-11|2026-11-05
SEG,2026-09-14,2025-11-10|2026-03-04|2026-05-06|2026-08-05|2026-11-09
SEIC,2026-10-05,2020-10-21|2021-01-27|2021-04-21|2021-07-21|2021-10-20|2022-01-26|2022-04-20|2022-07-20|2022-10-26|2023-01-25|2023-04-20|2023-07-26|2023-10-25|2024-01-31|2024-04-24|2024-07-24|2024-10-23|2025-01-29|2025-04-23|2025-07-23|2025-10-22|2026-01-28|2026-04-22|2026-07-21|2026-10-21
SENEA,2026-09-21,2010-05-26|2010-08-04|2010-10-28|2011-01-27|2011-05-26|2011-08-03|2011-10-27|2012-01-26|2012-06-08|2012-08-03|2026-08-06|2026-11-04
SENS,2026-10-05,2020-11-09|2021-03-04|2021-05-13|2021-08-09|2021-11-09|2022-03-01|2022-05-10|2022-08-09|2022-11-08|2023-03-15|2023-05-09|2023-08-10|2023-11-09|2024-02-29|2024-05-13|2024-08-08|2024-11-07|2025-03-03|2025-05-08|2025-08-06|2025-11-05|2026-03-02|2026-05-07|2026-08-06|2026-11-04
SEPN,2026-09-14,2024-11-20|2025-03-27|2025-05-15|2025-08-11|2025-11-10|2026-03-09|2026-05-11|2026-08-10|2026-11-09
SEQI.L,2026-10-05,FAILED
SERV,2026-09-14,2024-08-13|2024-11-07|2025-03-06|2025-05-08|2025-08-07|2025-11-12|2026-03-11|2026-05-07|2026-08-06|2026-11-11
SEVN,2026-10-05,2022-02-17|2022-04-27|2022-07-27|2022-10-26|2023-02-13|2023-04-25|2023-07-31|2023-10-31|2024-02-20|2024-04-29|2024-07-29|2024-10-28|2025-02-18|2025-04-28|2025-07-28|2025-10-27|2026-02-18|2026-04-28|2026-07-28|2026-10-27
SFBC,2026-10-05,2026-10-27
SFD,2026-10-05,2025-03-25|2025-04-29|2025-08-12|2025-10-28|2026-03-24|2026-04-28|2026-08-11|2026-10-27
SFIX,2026-10-05,2020-12-07|2021-03-08|2021-06-07|2021-09-21|2021-12-07|2022-03-08|2022-06-09|2022-09-20|2022-12-06|2023-03-07|2023-06-06|2023-09-18|2023-12-05|2024-03-04|2024-06-04|2024-09-24|2024-12-10|2025-03-11|2025-06-10|2025-09-24|2025-12-04|2026-03-11|2026-06-10|2026-09-23|2026-12-03
SFL,2026-10-05,2020-11-12|2021-02-17|2021-05-12|2021-08-18|2021-11-10|2022-02-16|2022-05-12|2022-08-17|2022-11-14|2023-02-15|2023-05-15|2023-08-17|2023-11-08|2024-02-14|2024-05-14|2024-08-14|2024-11-06|2025-02-11|2025-05-14|2025-08-19|2025-11-11|2026-02-10|2026-05-12|2026-08-26|2026-11-10
SFM,2026-10-05,2020-10-28|2021-02-25|2021-05-06|2021-08-05|2021-11-04|2022-02-24|2022-05-04|2022-08-03|2022-11-08|2023-03-02|2023-05-01|2023-08-01|2023-10-31|2024-02-22|2024-05-01|2024-07-29|2024-10-30|2025-02-20|2025-04-30|2025-07-30|2025-10-29|2026-02-19|2026-04-29|2026-07-29|2026-10-28
SFNC,2026-09-14,2020-10-19|2021-01-26|2021-04-20|2021-07-27|2021-10-26|2022-01-27|2022-04-28|2022-07-21|2022-10-25|2023-01-24|2023-04-25|2023-07-25|2023-10-24|2024-01-24|2024-04-24|2024-07-24|2024-10-18|2025-01-21|2025-04-16|2025-07-17|2025-10-16|2026-01-20|2026-04-16|2026-07-16|2026-10-15
SFR.L,2026-10-05,FAILED
SFWL,2026-10-05,FAILED
SGHC,2026-09-28,2022-05-25|2022-08-11|2022-11-21|2022-11-22|2023-04-27|2023-05-24|2023-08-17|2023-11-09|2024-04-25|2024-05-08|2024-08-07|2024-11-06|2025-04-03|2025-05-08|2025-09-04|2025-11-03|2026-04-17|2026-05-11|2026-08-04|2026-11-03
SGLY,2026-09-14,2018-09-28|2018-11-14|2019-02-13|2019-05-15
SGMT,2026-10-05,2023-08-21|2023-11-13|2024-05-15|2024-08-14|2024-11-14|2025-03-12|2025-05-08|2025-08-13|2025-11-13|2026-03-11|2026-05-12|2026-08-11|2026-11-12
SGRO.L,2026-09-14,2026-07-30|2027-02-19
SGRX,2026-09-28,FAILED
SHBI,2026-09-14,2020-10-22|2021-01-28|2021-04-29|2021-07-29|2021-10-28|2022-02-14|2022-04-28|2022-07-28|2022-10-27|2023-01-26|2023-04-27|2023-07-27|2023-11-01|2024-01-31|2024-05-02|2024-07-25|2024-10-24|2025-01-30|2025-04-29|2025-07-24|2025-10-23|2026-01-28|2026-04-23|2026-07-23|2026-10-22
SHEN,2026-10-05,2020-11-06|2021-02-25|2021-04-29|2021-07-29|2021-10-28|2022-02-28|2022-04-28|2022-08-03|2022-11-02|2023-02-22|2023-04-28|2023-08-02|2023-11-03|2024-02-21|2024-05-03|2024-08-07|2024-11-07|2025-02-20|2025-04-30|2025-07-31|2025-10-29|2026-02-26|2026-05-01|2026-07-29|2026-10-28
SHIP,2026-10-05,2020-11-18|2021-03-24|2021-05-25|2021-07-29|2021-11-02|2022-03-10|2022-05-31|2022-08-04|2022-11-30|2023-03-14|2023-05-25|2023-08-02|2023-11-14|2024-03-15|2024-05-15|2024-08-06|2024-11-05|2025-03-06|2025-05-27|2025-08-05|2025-11-13|2026-02-17|2026-05-28|2026-07-30|2026-11-12
SHMD,2026-10-05,2026-08-25|2027-02-22
SHOE,2026-10-05,2020-11-18|2021-03-24|2021-05-19|2021-08-25|2021-11-17|2022-03-16|2022-05-18|2022-08-25|2022-11-16|2023-03-22|2023-05-24|2023-08-29|2023-11-16|2024-03-21|2024-05-23|2024-09-05|2024-11-21|2025-03-20|2025-05-30|2025-09-04|2025-11-20|2026-03-26|2026-05-21|2026-09-10|2026-11-26
SHOP,2026-10-05,2020-10-29|2021-02-17|2021-04-28|2021-07-28|2021-10-28|2022-02-16|2022-05-05|2022-07-27|2022-10-27|2023-02-15|2023-05-04|2023-08-02|2023-11-02|2024-02-13|2024-05-08|2024-08-07|2024-11-12|2025-02-11|2025-05-08|2025-08-06|2025-11-04|2026-02-11|2026-05-05|2026-08-05|2026-11-03
SID,2026-09-21,2020-05-14|2020-07-28|2020-10-16|2021-04-29|2021-07-26|2021-11-02|2022-03-08|2022-05-03|2022-08-31|2022-10-31|2023-03-07|2023-05-03|2023-08-01|2024-03-06|2024-05-09|2024-08-12|2024-11-12|2025-03-12|2025-05-08|2025-07-31|2025-11-04|2026-03-11|2026-05-13|2026-08-12|2026-11-10
SILC,2026-10-05,2020-10-29|2021-01-28|2021-04-29|2021-07-29|2021-10-28|2022-01-27|2022-04-28|2022-07-28|2022-10-31|2023-01-30|2023-05-01|2023-07-31|2023-10-26|2024-02-01|2024-05-02|2024-07-29|2024-10-31|2025-01-30|2025-04-28|2025-07-31|2025-10-30|2026-01-29|2026-04-30|2026-07-29|2026-10-29
SILO,2026-10-05,2023-11-13|2024-03-25
SINT,2026-10-05,2020-05-13|2020-08-12|2020-11-16|2021-03-22|2021-05-13|2021-08-12|2021-11-12|2022-03-25|2022-05-13|2022-08-12|2022-11-14|2023-03-29|2023-05-15|2023-08-08|2023-11-14|2024-03-27|2024-05-13|2024-08-13|2024-11-12|2025-03-19|2025-05-15|2025-08-14|2025-11-12|2026-05-15|2026-08-11
SION,2026-10-05,2025-03-20|2025-05-12|2025-08-11|2025-11-05|2026-03-02|2026-05-12|2026-08-06|2026-11-05
SITC,2026-10-05,2020-04-30|2020-07-28|2020-10-27|2021-02-18|2021-04-22|2021-07-29|2021-10-25|2022-02-09|2022-04-26|2022-07-28|2022-10-25|2023-02-08|2023-04-25|2023-07-25|2023-10-30|2024-02-13|2024-04-30|2024-07-30|2024-10-30|2025-02-27|2025-05-07|2025-08-05|2025-11-05|2026-02-25|2026-11-05
SJM,2026-10-05,2020-11-24|2021-02-25|2021-06-03|2021-08-26|2021-11-23|2022-03-01|2022-06-07|2022-08-23|2022-11-21|2023-02-28|2023-06-06|2023-08-29|2023-12-05|2024-02-27|2024-06-06|2024-08-28|2024-11-26|2025-02-27|2025-06-10|2025-08-27|2025-11-25|2026-02-26|2026-06-09|2026-08-26|2026-11-24
SKWD,2026-09-21,2023-02-28|2023-05-09|2023-08-08|2023-11-06|2024-02-20|2024-05-01|2024-08-05|2024-10-29|2025-02-25|2025-05-01|2025-07-30|2025-10-29|2026-02-23|2026-05-06|2026-08-04|2026-10-29
SKYD,2026-10-05,2020-11-06|2021-02-24|2021-05-06|2021-08-05|2021-11-04|2022-02-15|2022-05-03|2022-08-04|2022-11-02|2023-02-16|2023-05-04|2023-08-07|2023-11-02|2024-02-28|2024-04-29|2024-08-08|2024-11-08|2025-02-26|2025-05-08|2025-07-31|2025-11-10|2026-02-25|2026-05-04|2026-08-04|2026-11-09
SKYH,2026-10-05,2023-11-09|2024-03-27|2024-05-14|2024-08-13|2024-11-12|2025-03-27|2025-05-13|2025-08-12|2025-11-12|2026-03-19|2026-05-14|2026-08-12|2026-11-11
SKYQ,2026-09-07,FAILED
SKYX,2026-09-14,2023-11-13|2024-04-01|2024-05-14|2024-08-12|2024-11-12|2025-03-24|2025-05-14|2025-08-12|2025-11-12|2026-03-26|2026-05-11|2026-08-12|2026-11-12
SLAB,2026-10-05,2020-10-28|2021-02-03|2021-04-28|2021-07-28|2021-10-27|2022-02-02|2022-04-27|2022-07-27|2022-10-26|2023-02-01|2023-04-26|2023-07-26|2023-11-01|2024-02-07|2024-04-24|2024-07-24|2024-11-04|2025-02-04|2025-05-13|2025-08-05|2025-11-04|2026-02-04|2026-05-05|2026-08-11|2026-11-03
SLBT,2026-10-05,FAILED
SLDB,2026-09-21,2020-08-06|2020-11-05|2021-03-15|2021-05-14|2021-08-16|2021-11-03|2022-03-14|2022-04-27|2022-08-11|2022-11-10|2023-03-23|2023-05-11|2023-08-14|2023-11-08|2024-03-13|2024-05-15|2024-08-13|2024-11-06|2025-03-06|2025-05-15|2025-08-12|2025-11-03|2026-03-19|2026-08-06|2026-11-02
SLDP,2026-10-05,2021-12-13|2022-03-22|2022-05-10|2022-08-09|2022-11-08|2023-02-28|2023-05-08|2023-08-08|2023-11-08|2024-02-27|2024-05-07|2024-08-06|2024-11-07|2025-02-27|2025-05-06|2025-08-06|2025-11-04|2026-02-24|2026-05-05|2026-08-04|2026-11-03
SLE,2026-09-28,2020-08-11|2020-11-11|2021-03-11|2021-05-17|2021-08-12|2021-11-15|2022-03-14|2022-05-16|2022-08-11|2022-11-16|2023-03-30|2023-05-15|2023-08-13|2023-11-14|2024-03-27|2024-05-15|2024-08-14|2024-11-14|2025-03-31|2025-05-15|2025-08-14|2025-11-14|2026-05-15|2026-08-14|2026-11-12
SLG,2026-10-05,2021-01-27|2021-04-21|2021-07-21|2021-10-20|2022-01-26|2022-04-20|2022-07-20|2022-10-19|2023-01-25|2023-04-19|2023-07-19|2023-10-18|2024-01-24|2024-04-17|2024-07-17|2024-10-16|2025-01-22|2025-04-16|2025-07-16|2025-10-15|2026-01-28|2026-04-15|2026-07-21|2026-10-21
SLGL,2026-10-05,2020-08-06|2020-11-12|2021-03-04|2021-05-13|2021-08-04|2021-11-12|2022-03-30|2022-05-13|2022-08-04|2022-11-10|2023-03-10|2023-05-12|2023-08-10|2023-11-09|2024-03-13|2024-05-20|2024-08-16|2024-11-15|2025-08-15|2025-11-20|2026-03-19|2026-05-01|2026-05-28|2026-08-20|2026-11-19
SLGN,2026-10-05,2020-10-21|2021-01-26|2021-04-28|2021-07-28|2021-10-27|2022-01-25|2022-04-27|2022-07-27|2022-10-26|2023-01-24|2023-04-26|2023-07-26|2023-10-25|2024-01-31|2024-05-01|2024-07-31|2024-10-30|2025-01-29|2025-04-30|2025-07-30|2025-10-29|2026-02-04|2026-04-29|2026-07-29|2026-10-29
SLI,2026-10-05,2019-05-27|2019-10-25|2020-02-28|2020-05-29|2020-10-27|2021-02-25|2021-05-26|2021-10-22|2021-11-12|2022-02-11|2022-05-13|2022-09-23|2023-05-11|2023-09-22|2023-11-08|2024-02-08|2024-05-09|2024-09-24|2024-11-12|2025-08-08|2025-11-10|2026-03-30|2026-05-11|2026-08-10|2026-11-05
SLMT,2026-10-05,FAILED
SLNG,2026-10-05,2021-05-05|2021-08-05|2021-11-12|2022-03-09|2022-05-05|2022-08-10|2025-02-25|2025-05-07|2025-08-06|2025-11-05|2026-03-04|2026-05-07|2026-08-11|2026-11-04
SLSR,2026-10-05,2020-11-24|2021-04-19|2021-05-14|2021-08-13|2021-11-10|2022-03-23|2022-05-13|2022-08-09|2022-11-08|2023-03-29|2023-05-09|2023-08-09|2023-11-14|2024-03-29|2024-05-09|2024-08-08|2024-11-12|2025-03-20|2025-05-15|2025-08-13|2025-11-12|2026-03-26|2026-05-13|2026-08-05|2026-11-05
SLVM,2026-10-05,2021-11-10|2022-02-11|2022-05-11|2022-08-11|2022-11-10|2023-02-10|2023-05-09|2023-08-09|2023-11-09|2024-02-15|2024-05-10|2024-08-09|2024-11-12|2025-02-12|2025-05-09|2025-08-08|2025-11-07|2026-02-12|2026-05-08|2026-08-07|2026-11-06
SM,2026-10-05,2020-10-29|2021-02-17|2021-04-29|2021-07-29|2021-10-28|2022-02-24|2022-04-28|2022-08-03|2022-11-03|2023-02-22|2023-04-27|2023-08-02|2023-11-02|2024-02-21|2024-05-02|2024-08-07|2024-10-31|2025-02-19|2025-05-01|2025-07-31|2025-11-03|2026-02-25|2026-05-06|2026-08-05|2026-11-03
SMBC,2026-09-14,2020-10-26|2021-01-25|2021-04-26|2021-07-26|2021-10-25|2022-01-24|2022-04-25|2022-07-25|2022-10-25|2023-01-31|2023-05-02|2023-07-24|2023-10-23|2024-01-28|2024-04-29|2024-07-29|2024-10-28|2025-01-27|2025-04-22|2025-07-23|2025-10-23|2026-01-21|2026-04-22|2026-07-22|2026-10-21
SMBK,2026-09-14,2020-10-20|2021-01-19|2021-04-20|2021-07-20|2021-10-19|2022-01-24|2022-04-25|2022-07-25|2022-10-24|2023-01-23|2023-04-24|2023-07-24|2023-10-23|2024-01-22|2024-04-22|2024-07-22|2024-10-21|2025-01-21|2025-04-21|2025-07-21|2025-10-21|2026-01-20|2026-04-20|2026-07-20|2026-10-20
SMC,2026-10-05,2018-08-02|2018-11-08|2019-02-26|2019-05-09|2019-08-09|2019-11-08|2020-02-28|2020-05-08|2020-08-07|2020-11-06|2021-03-04|2021-05-07|2021-08-06|2021-11-04|2022-02-25|2022-05-03|2022-08-04|2022-11-03|2023-02-24|2023-05-05|2023-08-09|2026-03-16|2026-05-11|2026-08-10|2026-11-09
SMG,2026-10-05,2020-11-04|2021-02-03|2021-05-05|2021-08-04|2021-11-03|2022-02-01|2022-05-03|2022-08-03|2022-11-02|2023-02-01|2023-05-03|2023-08-02|2023-11-01|2024-02-07|2024-05-01|2024-07-31|2024-11-06|2025-01-29|2025-04-30|2025-07-30|2025-11-05|2026-01-28|2026-04-29|2026-07-29|2026-11-04
SMHI,2026-10-05,2018-08-09|2018-11-12|2019-03-06|2019-05-10|2019-08-07|2019-11-08|2020-03-04|2020-08-06|2020-11-05|2021-03-11|2021-08-04|2021-11-04|2022-03-10|2024-02-29|2024-05-01|2024-07-31|2024-10-30|2025-02-26|2025-04-30|2025-07-30|2025-10-29|2026-02-25|2026-04-29|2026-07-29|2026-10-28
SMID,2026-10-05,2026-11-12
SMIN.L,2026-10-05,2026-09-22|2027-03-19
SMPL,2026-10-05,2020-10-26|2021-01-06|2021-04-07|2021-07-01|2021-10-22|2022-01-05|2022-04-06|2022-06-30|2022-10-21|2023-01-05|2023-04-05|2023-06-29|2023-10-24|2024-01-04|2024-04-04|2024-06-27|2024-10-24|2025-01-08|2025-04-09|2025-07-10|2025-10-23|2026-01-08|2026-04-09|2026-07-09|2026-10-27
SMR,2026-10-05,2022-11-14|2023-05-09|2023-08-09|2023-11-09|2024-03-14|2024-05-09|2024-08-08|2024-11-07|2025-03-03|2025-05-12|2025-08-07|2025-11-06|2026-02-26|2026-05-07|2026-08-05|2026-11-05
SMRT,2026-10-05,2021-11-10|2022-03-24|2022-05-11|2022-08-11|2022-11-10|2023-03-08|2023-05-10|2023-08-08|2023-11-07|2024-03-05|2024-05-08|2024-08-07|2024-11-06|2025-03-05|2025-05-07|2025-08-06|2025-11-05|2026-03-04|2026-05-06|2026-08-05|2026-11-04
SMTC,2026-10-05,2020-12-02|2021-03-17|2021-06-02|2021-09-01|2021-12-01|2022-03-16|2022-06-01|2022-08-31|2022-11-30|2023-03-29|2023-06-07|2023-09-13|2023-12-06|2024-03-28|2024-06-05|2024-08-27|2024-11-25|2025-03-13|2025-05-27|2025-08-25|2025-11-24|2026-03-16|2026-05-26|2026-08-25|2026-11-23
SMTI,2026-10-05,2021-08-16|2021-11-12|2022-03-31|2022-08-15|2022-11-14|2023-03-20|2023-05-15|2023-08-14|2023-11-13|2024-03-25|2024-05-13|2024-08-12|2024-11-12|2025-03-25|2025-05-14|2025-08-13|2025-11-12|2026-03-24|2026-05-11|2026-08-11|2026-11-11
SMTK,2026-10-05,FAILED
SMWB,2026-10-05,2021-08-11|2021-11-10|2022-02-16|2022-05-10|2022-08-09|2022-11-15|2023-02-14|2023-05-09|2023-08-08|2023-11-07|2024-02-13|2024-05-07|2024-08-06|2024-11-12|2025-02-11|2025-05-13|2025-08-12|2025-11-11|2026-02-17|2026-05-13|2026-08-12|2026-11-17
SMWH.L,2026-10-05,2026-11-12
SMXT,2026-09-28,FAILED
SN,2026-09-21,2023-11-09|2024-02-15|2024-05-09|2024-08-08|2024-10-31|2025-02-13|2025-05-08|2025-08-07|2025-11-06|2026-02-11|2026-05-06|2026-08-05|2026-11-05
SN.L,2026-10-05,2010-05-06|2010-08-05|2010-11-05|2011-02-10|2011-05-05|2011-08-05|2011-11-04|2012-02-02|2012-05-03|2012-08-02|2012-11-01|2013-02-07|2013-05-02|2013-08-01|2013-11-01|2014-02-06|2014-05-01|2014-08-01|2014-10-30|2015-02-05|2015-04-30|2015-07-30|2015-10-30|2016-02-04|2026-08-04|2027-03-01
SNA,2026-09-21,2020-10-22|2021-02-04|2021-04-22|2021-07-22|2021-10-21|2022-02-03|2022-04-21|2022-07-21|2022-10-20|2023-02-02|2023-04-20|2023-07-20|2023-10-19|2024-02-08|2024-04-18|2024-07-18|2024-10-17|2025-02-06|2025-04-17|2025-07-17|2025-10-16|2026-02-05|2026-04-23|2026-07-23|2026-10-15
SNDA,2026-09-21,2018-11-06|2019-02-28|2019-05-09|2019-08-08|2019-11-07|2020-03-31|2020-05-21|2020-08-06|2020-11-05|2021-03-31|2021-05-13|2021-08-12|2021-11-10|2022-04-15|2022-05-23|2022-08-12|2022-11-14|2023-03-30|2023-05-11|2023-08-14|2024-03-27|2026-03-11|2026-05-11|2026-08-10|2026-11-09
SNDL,2026-10-05,2020-05-15|2020-08-13|2020-11-11|2021-03-18|2021-05-11|2021-08-12|2021-11-10|2022-04-26|2022-05-16|2022-08-12|2022-11-14|2023-04-24|2023-05-15|2023-11-13|2024-03-20|2024-05-08|2024-08-01|2024-11-05|2025-03-18|2025-05-01|2025-11-04|2026-03-12|2026-04-29|2026-07-28|2026-11-03
SNN,2026-10-05,2010-05-06|2010-08-05|2010-11-05|2011-02-10|2011-05-05|2011-08-05|2011-11-04|2012-02-02|2012-05-03|2012-08-02|2012-11-01|2013-02-07|2013-05-02|2013-08-01|2013-11-01|2014-02-06|2014-05-01|2014-08-01|2014-10-30|2015-02-05|2015-04-30|2015-07-30|2015-10-30|2016-02-04|2026-08-04|2027-03-01
SNOW,2026-10-05,2020-12-03|2021-03-03|2021-05-26|2021-08-25|2021-12-01|2022-03-02|2022-05-25|2022-08-24|2022-11-30|2023-03-01|2023-05-24|2023-08-23|2023-11-29|2024-02-28|2024-05-22|2024-08-21|2024-11-20|2025-02-26|2025-05-21|2025-08-27|2025-12-03|2026-02-25|2026-05-27|2026-09-02|2026-12-02
SNTG,2026-10-05,FAILED
SNWS.L,2026-10-05,FAILED
SO,2026-10-05,2020-10-29|2021-02-18|2021-04-29|2021-07-29|2021-11-04|2022-02-17|2022-04-28|2022-07-28|2022-10-27|2023-02-16|2023-04-27|2023-08-03|2023-11-02|2024-02-15|2024-05-02|2024-08-01|2024-10-31|2025-02-20|2025-05-01|2025-07-31|2025-10-30|2026-02-19|2026-04-30|2026-07-30|2026-11-05
SOBO,2026-10-05,2025-03-05|2025-05-15|2025-08-06|2025-11-13|2026-03-05|2026-05-07|2026-08-05|2026-11-04
SOLV,2026-10-05,2024-05-09|2024-08-08|2024-11-07|2025-02-27|2025-05-08|2025-08-07|2025-11-06|2026-02-26|2026-05-05|2026-08-05|2026-11-05
SON,2026-10-05,2020-10-22|2021-02-11|2021-04-22|2021-07-22|2021-10-21|2022-02-10|2022-04-21|2022-07-21|2022-10-31|2023-02-08|2023-05-01|2023-07-31|2023-10-31|2024-02-14|2024-04-30|2024-07-31|2024-10-31|2025-02-18|2025-04-29|2025-07-23|2025-10-22|2026-02-16|2026-04-21|2026-07-22|2026-10-21
SONO,2026-10-05,2020-11-18|2021-02-10|2021-05-12|2021-08-11|2021-11-17|2022-02-09|2022-05-11|2022-08-10|2022-11-16|2023-02-08|2023-05-10|2023-08-09|2023-11-15|2024-02-06|2024-05-07|2024-08-07|2024-11-13|2025-02-06|2025-05-07|2025-08-06|2025-11-05|2026-02-03|2026-05-04|2026-07-29|2026-11-11
SOPH,2026-09-14,2021-09-09|2021-11-10|2022-03-15|2022-05-10|2022-08-09|2022-11-08|2023-03-07|2023-05-09|2023-08-08|2023-11-07|2024-03-05|2024-05-07|2024-08-06|2024-11-05|2025-03-04|2025-05-06|2025-08-05|2025-11-04|2026-03-03|2026-05-05|2026-08-04|2026-11-03
SOTK,2026-10-05,2020-07-15|2020-10-14|2021-01-14|2021-05-28|2021-07-13|2021-10-13|2022-01-12|2022-07-15|2022-10-17|2023-01-17|2023-05-25|2023-07-13|2023-10-12|2024-01-16|2024-05-23|2024-07-11|2024-10-15|2025-01-13|2025-05-28|2025-07-10|2025-10-14|2026-01-13|2026-05-28|2026-07-08|2026-10-14
SOUN,2026-10-05,2022-08-11|2022-11-10|2023-03-07|2023-05-11|2023-08-08|2023-11-09|2024-02-29|2024-05-09|2024-08-08|2024-11-12|2025-02-27|2025-05-08|2025-08-07|2025-11-06|2026-02-26|2026-05-07|2026-08-05|2026-11-05
SPB,2026-10-05,2020-11-13|2021-02-05|2021-05-07|2021-08-06|2021-11-12|2022-02-04|2022-05-06|2022-08-12|2022-11-18|2023-02-10|2023-05-12|2023-08-11|2023-11-17|2024-02-08|2024-05-09|2024-08-08|2024-11-15|2025-02-06|2025-05-08|2025-08-07|2025-11-13|2026-02-05|2026-05-07|2026-08-07|2026-11-13
SPE,2026-10-05,FAILED
SPFI,2026-10-05,2020-10-27|2021-01-27|2021-04-27|2021-07-27|2021-10-26|2022-01-27|2022-04-26|2022-07-22|2022-10-21|2023-01-26|2023-04-27|2023-07-25|2023-10-24|2024-01-26|2024-04-25|2024-07-18|2024-10-23|2025-01-24|2025-04-24|2025-07-16|2025-10-23|2026-01-26|2026-04-28|2026-07-17|2026-10-22
SPH,2026-09-07,2020-11-12|2021-02-04|2021-05-06|2021-08-05|2021-11-10|2022-02-03|2022-05-05|2022-08-04|2022-11-10|2023-02-02|2023-05-04|2023-08-03|2023-11-09|2024-02-08|2024-05-09|2024-08-08|2024-11-14|2025-02-06|2025-05-08|2025-08-07|2025-11-13|2026-02-05|2026-05-07|2026-08-06|2026-11-12
SPI.L,2026-08-24,2026-09-09
SPNT,2026-09-28,2015-11-03|2016-02-25|2016-05-05|2016-08-04|2016-11-03|2017-02-23|2017-05-04|2017-08-02|2017-11-08|2018-02-28|2018-05-09|2018-07-31|2018-11-06|2019-02-27|2019-05-09|2019-08-07|2019-11-05|2020-02-27|2025-05-05|2025-08-04|2025-10-30|2026-02-18|2026-05-07|2026-07-29|2026-10-29
SPRB,2026-10-05,2020-11-18|2021-03-22|2021-05-12|2021-08-10|2021-11-15|2022-03-14|2022-05-11|2022-08-10|2022-11-10|2023-03-16|2023-05-15|2023-08-14|2023-11-13|2024-03-13|2024-05-13|2024-08-12|2024-11-12|2025-04-15|2025-05-06|2025-08-14|2025-11-10|2026-03-09|2026-05-13|2026-08-12
SPRO,2026-10-05,2020-03-16|2020-05-08|2020-08-06|2020-11-05|2021-03-11|2021-05-06|2021-08-05|2021-11-10|2022-03-31|2022-05-16|2022-08-10|2022-11-14|2023-03-30|2023-05-11|2023-08-10|2023-11-13|2024-03-13|2024-05-15|2024-08-05|2024-11-14|2025-03-27|2025-05-13|2025-08-12|2025-11-13|2026-11-12
SPRU,2026-10-05,2021-03-31|2021-05-17|2021-08-12|2021-11-15|2022-03-01|2022-05-10|2022-08-09|2022-11-09|2024-08-14|2024-11-13|2026-11-10
SPRY,2026-10-05,2023-03-23|2023-05-15|2023-08-10|2023-11-09|2024-03-21|2024-05-09|2024-08-06|2024-11-13|2025-03-20|2025-05-14|2025-08-13|2025-11-10|2026-03-09|2026-05-15|2026-08-13|2026-11-10
SPT,2026-10-05,2020-11-09|2021-02-23|2021-05-04|2021-08-03|2021-11-02|2022-02-22|2022-05-03|2022-08-02|2022-11-03|2023-02-21|2023-05-02|2023-08-03|2023-11-02|2024-02-20|2024-05-01|2024-08-01|2024-11-07|2025-02-25|2025-05-08|2025-08-06|2025-11-05|2026-02-26|2026-05-07|2026-08-06|2026-11-03
SPXC,2026-10-05,2020-10-29|2021-02-23|2021-05-06|2021-08-05|2021-11-03|2022-02-23|2022-05-04|2022-08-04|2022-11-03|2023-02-23|2023-05-04|2023-08-02|2023-11-02|2024-02-22|2024-05-02|2024-08-01|2024-10-30|2025-02-25|2025-05-01|2025-07-31|2025-10-30|2026-02-24|2026-04-30|2026-07-30|2026-10-29
SPXX,2026-09-07,FAILED
SQFT,2026-09-28,2021-03-30|2021-05-10|2021-08-10|2021-11-11|2022-03-30|2022-05-16|2022-08-11|2022-11-10|2023-03-28
SR,2026-09-07,2020-11-18|2021-02-04|2021-05-07|2021-08-05|2021-11-22|2022-02-02|2022-05-06|2022-08-04|2022-11-16|2023-02-01|2023-05-03|2023-08-02|2023-11-16|2024-02-01|2024-05-01|2024-07-31|2024-11-20|2025-02-05|2025-04-30|2025-08-05|2025-11-14|2026-02-03|2026-05-06|2026-08-05|2026-11-13
SRBK,2026-09-21,2026-01-28|2026-04-28|2026-07-28|2026-10-29
SRE,2026-10-05,2020-11-05|2021-02-25|2021-05-05|2021-08-05|2021-11-05|2022-02-25|2022-05-05|2022-08-04|2022-11-03|2023-02-28|2023-05-04|2023-08-03|2023-11-03|2024-02-27|2024-05-07|2024-08-06|2024-11-06|2025-02-25|2025-05-08|2025-08-07|2025-11-05|2026-02-26|2026-05-07|2026-08-06|2026-11-04
SRE.L,2026-10-05,2026-11-16
SRFM,2026-09-21,2023-11-14|2024-03-28|2024-05-14|2024-08-14|2024-11-14|2025-03-18|2025-05-13|2025-08-12|2025-11-12|2026-03-12|2026-05-11|2026-08-10|2026-11-12
SRG,2026-10-05,2026-11-12
SRL,2026-09-28,2026-08-05
SRP.L,2026-09-14,2026-08-06|2027-03-04
SRRK,2026-09-28,2020-11-09|2021-03-09|2021-05-13|2021-08-10|2021-11-09|2022-03-07|2022-05-16|2022-08-08|2022-11-14|2023-03-07|2023-05-09|2023-08-09|2023-11-07|2024-03-19|2024-05-07|2024-08-08|2024-11-12|2025-02-27|2025-05-14|2025-08-06|2025-11-14|2026-03-03|2026-05-07|2026-08-06|2026-11-12
SRXH,2026-09-28,FAILED
SRZN,2026-10-05,2021-11-15|2022-03-28|2022-05-11|2022-08-11|2022-11-14|2023-03-22|2023-05-10|2023-08-09|2023-11-08|2024-04-10|2024-05-08|2024-08-12|2024-11-06|2025-03-31|2025-05-09|2025-08-08|2025-11-07|2026-03-23|2026-05-06|2026-08-06
SSB,2026-10-05,2020-10-29|2021-01-27|2021-04-28|2021-07-23|2021-10-27|2022-01-24|2022-04-28|2022-07-28|2022-10-24|2023-01-26|2023-04-27|2023-07-27|2023-10-26|2024-01-25|2024-04-25|2024-07-24|2024-10-23|2025-01-23|2025-04-24|2025-07-24|2025-10-22|2026-01-22|2026-04-23|2026-07-23|2026-10-21
SSBI,2026-10-05,2006-11-13|2007-01-30|2007-04-30|2007-07-30|2007-10-30|2008-01-30|2008-04-28|2008-07-28|2008-10-27|2009-01-26|2009-04-27|2009-07-27|2009-10-26|2010-01-26|2010-04-29|2010-07-29|2010-10-28|2011-01-27|2013-01-28|2013-04-29|2013-07-29
SSII,2026-10-05,2026-08-13|2026-10-27
SSM,2026-10-05,2022-06-22|2022-09-08|2022-12-08|2023-03-05
SSRM,2026-10-05,2020-11-12|2021-02-17|2021-05-06|2021-08-04|2021-11-03|2022-02-23|2022-05-03|2022-08-02|2022-11-08|2023-02-22|2023-05-04|2023-08-02|2023-11-01|2024-02-27|2024-05-08|2024-07-31|2024-11-06|2025-02-18|2025-05-06|2025-08-05|2025-11-04|2026-02-17|2026-05-05|2026-08-04|2026-11-03
STAG,2026-10-05,2020-11-05|2021-02-10|2021-05-04|2021-07-27|2021-10-28|2022-02-16|2022-05-03|2022-07-27|2022-10-27|2023-02-15|2023-04-26|2023-07-26|2023-10-26|2024-02-13|2024-04-30|2024-07-30|2024-10-29|2025-02-12|2025-04-29|2025-07-29|2025-10-29|2026-02-11|2026-04-28|2026-07-28|2026-10-27
STAN.L,2026-09-07,2020-10-29|2021-02-24|2021-04-29|2021-08-02|2021-11-02|2022-02-16|2022-04-28|2022-07-29|2022-10-26|2023-02-15|2023-04-26|2023-07-28|2023-10-26|2024-02-22|2024-05-02|2024-07-30|2024-10-30|2025-02-21|2025-05-02|2025-07-31|2025-10-30|2026-02-23|2026-04-30|2026-07-29|2026-10-28
STB.L,2026-10-05,FAILED
STBA,2026-09-14,2020-10-22|2021-01-28|2021-04-22|2021-07-22|2021-10-21|2022-01-27|2022-04-21|2022-07-21|2022-10-20|2023-01-26|2023-04-20|2023-07-20|2023-10-19|2024-01-25|2024-04-18|2024-07-18|2024-10-17|2025-01-30|2025-04-24|2025-07-24|2025-10-23|2026-01-22|2026-04-23|2026-07-23|2026-10-22
STC,2026-10-05,2020-10-21|2021-02-10|2021-04-21|2021-07-21|2021-10-27|2022-02-09|2022-04-27|2022-07-27|2022-10-26|2023-02-08|2023-04-26|2023-07-26|2023-10-25|2024-02-07|2024-04-24|2024-07-24|2024-10-23|2025-02-05|2025-04-23|2025-07-23|2025-10-22|2026-02-04|2026-04-22|2026-07-22|2026-10-21
STEP,2026-09-14,2020-11-12|2021-02-11|2021-06-15|2021-08-10|2021-11-09|2022-02-08|2022-05-26|2022-08-04|2022-11-07|2023-02-09|2023-05-24|2023-08-03|2023-11-06|2024-02-08|2024-05-23|2024-08-08|2024-11-07|2025-02-06|2025-05-22|2025-08-07|2025-11-06|2026-02-05|2026-05-20|2026-08-06|2026-11-05
STGW,2026-10-05,2022-08-04|2022-11-03|2023-03-02|2023-05-09|2023-08-08|2023-11-02|2024-02-27|2024-05-01|2024-08-01|2024-11-07|2025-02-27|2025-05-08|2025-07-31|2025-11-06|2026-03-10|2026-04-29|2026-07-30|2026-10-29
STIM,2026-10-05,2020-11-02|2021-03-02|2021-05-04|2021-08-03|2021-11-09|2022-03-08|2022-05-12|2022-08-02|2022-11-08|2023-03-07|2023-05-09|2023-08-08|2023-11-07|2024-03-05|2024-05-07|2024-08-12|2024-11-12|2025-03-04|2025-05-06|2025-08-05|2025-11-04|2026-03-17|2026-05-05|2026-08-11|2026-11-03
STJ.L,2026-10-05,2027-02-24
STKS,2026-10-05,2020-11-05|2021-03-19|2021-05-11|2021-08-10|2021-11-04|2022-03-14|2022-05-06|2022-08-04|2022-11-03|2023-03-09|2023-05-04|2023-08-03|2023-11-07|2024-03-14|2024-05-07|2024-08-06|2024-11-07|2025-03-10|2025-05-07|2025-08-05|2025-11-06|2026-03-13|2026-05-06|2026-08-07|2026-11-05
STLA,2026-10-05,2026-04-30|2026-07-30|2026-10-28
STNE,2026-10-05,2020-10-29|2021-03-11|2021-06-01|2021-08-30|2021-11-16|2022-03-17|2022-06-02|2022-08-18|2022-11-17|2023-03-14|2023-05-17|2023-08-16|2023-11-10|2024-03-18|2024-05-13|2024-08-14|2024-11-12|2025-03-18|2025-05-08|2025-08-07|2025-11-06|2026-03-02|2026-05-14|2026-08-13|2026-11-12
STNG,2026-10-05,2020-11-05|2021-02-18|2021-05-07|2021-08-05|2021-11-11|2022-02-14|2022-04-28|2022-07-28|2022-11-01|2023-02-16|2023-05-02|2023-08-02|2023-11-09|2024-02-14|2024-05-09|2024-07-30|2024-10-29|2025-02-12|2025-05-01|2025-07-30|2025-10-30|2026-02-12|2026-05-05|2026-07-30|2026-10-29
STOK,2026-10-05,2020-11-12|2021-03-09|2021-05-10|2021-08-10|2021-11-08|2022-03-10|2022-05-10|2022-08-08|2022-11-14|2023-03-06|2023-05-04|2023-08-07|2023-11-07|2024-03-25|2024-05-06|2024-08-07|2024-11-05|2025-03-18|2025-05-13|2025-08-12|2025-11-04|2026-03-16|2026-05-07|2026-08-03|2026-11-03
STRO,2026-10-05,2020-08-06|2020-11-05|2021-03-18|2021-05-07|2021-08-09|2021-11-10|2022-02-28|2022-05-09|2022-08-08|2022-11-08|2023-03-30|2023-05-15|2023-08-10|2023-11-13|2024-03-25|2024-05-13|2024-08-13|2024-11-13|2025-03-13|2025-05-08|2025-08-07|2025-11-06|2026-03-23|2026-05-14|2026-08-12
STRW,2026-10-05,2025-02-27|2025-05-09|2025-08-08|2025-11-06|2026-02-19|2026-05-08|2026-08-06|2026-11-05
STVG.L,2026-09-07,FAILED
STVN,2026-10-05,2021-08-19|2021-11-09|2022-03-08|2022-05-10|2022-08-04|2022-11-08|2023-03-02|2023-05-04|2023-07-28|2023-10-31|2024-03-07|2024-05-09|2024-08-06|2024-11-05|2025-03-06|2025-05-08|2025-08-05|2025-11-06|2026-03-04|2026-05-07|2026-08-04|2026-11-05
STWD,2026-10-05,2020-11-05|2021-02-25|2021-05-06|2021-08-05|2021-11-09|2022-02-25|2022-05-04|2022-08-04|2022-11-09|2023-03-01|2023-05-04|2023-08-03|2023-11-08|2024-02-22|2024-05-08|2024-08-06|2024-11-06|2025-02-27|2025-05-09|2025-08-07|2025-11-10|2026-02-25|2026-05-08|2026-08-06|2026-11-09
STXS,2026-10-05,2020-08-06|2020-11-09|2021-02-25|2021-05-10|2021-08-10|2021-11-11|2022-03-03|2022-05-10|2022-08-09|2022-11-10|2023-03-03|2023-05-09|2023-08-10|2023-11-09|2024-03-04|2024-05-13|2024-08-12|2024-11-11|2025-03-03|2025-05-12|2025-08-07|2025-11-11|2026-03-09|2026-08-11|2026-11-16
STZ,2026-10-05,2021-01-07|2021-04-08|2021-06-30|2021-10-06|2022-01-06|2022-04-07|2022-06-30|2022-10-06|2023-01-05|2023-04-06|2023-06-30|2023-10-05|2024-01-05|2024-04-11|2024-07-03|2024-10-03|2025-01-10|2025-04-09|2025-07-01|2025-10-06|2026-01-07|2026-04-08|2026-06-30|2026-10-06|2027-01-07
SU,2026-10-05,2020-10-28|2021-02-03|2021-05-03|2021-07-28|2021-10-27|2022-02-02|2022-05-09|2022-08-04|2022-11-02|2023-02-14|2023-05-08|2023-08-15|2023-11-08|2024-02-20|2024-05-07|2024-08-06|2024-11-12|2025-02-05|2025-05-06|2025-08-05|2025-11-04|2026-02-03|2026-05-05|2026-08-04|2026-11-03
SUI,2026-10-05,2020-07-22|2020-10-21|2021-04-26|2021-07-26|2021-10-25|2022-02-21|2022-04-25|2022-07-25|2022-10-24|2023-02-22|2023-04-26|2023-07-26|2023-10-25|2024-02-20|2024-04-29|2024-07-31|2024-11-06|2025-02-26|2025-05-05|2025-07-30|2025-10-29|2026-02-24|2026-04-27|2026-07-27|2026-10-28
SUIG,2026-10-05,2025-11-13|2026-02-27|2026-05-08|2026-08-06|2026-11-05
SUNS,2026-10-05,2024-11-07|2025-03-06|2025-05-07|2025-08-07|2025-11-13|2026-03-12|2026-05-14|2026-08-06|2026-11-12
SUPN,2026-10-05,2020-11-03|2021-02-25|2021-05-05|2021-08-04|2021-11-03|2022-04-13|2022-05-09|2022-08-04|2022-11-08|2023-02-28|2023-05-09|2023-08-08|2023-11-08|2024-02-27|2024-05-08|2024-08-06|2024-11-04|2025-02-25|2025-05-06|2025-08-05|2025-11-04|2026-02-24|2026-05-05|2026-08-03|2026-11-03
SVV,2026-10-05,2023-08-10|2023-11-09|2024-03-07|2024-05-09|2024-08-08|2024-11-07|2025-02-20|2025-05-01|2025-07-31|2025-10-30|2026-02-19|2026-05-06|2026-08-06|2026-11-05
SWAG,2026-10-05,2022-03-28|2022-05-13|2022-08-15|2022-11-14|2023-03-30|2023-05-15|2025-08-14
SWK,2026-09-14,2020-10-27|2021-01-28|2021-04-28|2021-07-27|2021-10-28|2022-02-01|2022-04-28|2022-07-28|2022-10-27|2023-02-02|2023-05-04|2023-08-01|2023-10-27|2024-02-01|2024-05-02|2024-07-30|2024-10-29|2025-02-05|2025-04-30|2025-07-29|2025-11-04|2026-02-04|2026-04-29|2026-07-29|2026-11-03
SWKS,2026-10-05,2020-11-02|2021-01-28|2021-04-29|2021-07-29|2021-11-04|2022-02-03|2022-05-03|2022-08-04|2022-11-03|2023-02-06|2023-05-08|2023-08-07|2023-11-02|2024-01-30|2024-04-30|2024-07-30|2024-11-12|2025-02-05|2025-05-07|2025-08-05|2025-11-04|2026-02-03|2026-05-05|2026-07-28|2026-11-03
SWVL,2026-10-05,2023-07-14
SWZ,2026-10-05,FAILED
SXC,2026-10-05,2020-11-06|2021-02-04|2021-04-28|2021-07-29|2021-11-01|2022-02-01|2022-05-02|2022-08-02|2022-10-31|2023-02-02|2023-05-04|2023-08-01|2023-11-01|2024-02-01|2024-05-01|2024-07-31|2024-10-31|2025-01-30|2025-04-30|2025-07-30|2025-11-04|2026-02-17|2026-04-30|2026-07-30|2026-11-04
SXT,2026-10-05,2020-10-16|2021-02-12|2021-04-23|2021-07-23|2021-10-15|2022-02-11|2022-04-29|2022-07-22|2022-10-21|2023-02-10|2023-04-28|2023-07-21|2023-10-20|2024-02-08|2024-04-26|2024-07-26|2024-10-25|2025-02-14|2025-04-25|2025-07-25|2025-10-31|2026-02-13|2026-04-24|2026-07-24|2026-10-30
SXTC,2026-09-28,FAILED
SXTP,2026-09-28,2023-11-20|2024-04-01|2024-05-15|2024-08-14|2024-11-14|2025-03-27|2025-05-15|2025-08-12|2025-08-13|2025-11-13|2026-03-30|2026-05-15|2026-08-14
SYBT,2026-09-21,2020-10-28|2021-01-27|2021-04-21|2021-07-28|2021-10-27|2022-01-26|2022-04-27|2022-07-27|2022-10-26|2023-01-25|2023-04-26|2023-07-26|2023-10-25|2024-01-24|2024-04-24|2024-07-24|2024-10-23|2025-01-22|2025-04-23|2025-07-23|2025-10-29|2026-01-27|2026-04-22|2026-07-29|2026-10-28
SYK,2026-10-05,2020-10-29|2021-01-27|2021-04-27|2021-07-27|2021-10-28|2022-01-27|2022-04-28|2022-07-26|2022-10-31|2023-01-31|2023-05-01|2023-08-03|2023-11-02|2024-01-30|2024-04-30|2024-07-30|2024-10-29|2025-01-28|2025-05-01|2025-07-31|2025-10-30|2026-01-29|2026-04-30|2026-07-30|2026-10-29
SYNX,2026-09-28,2026-04-30
SYPR,2026-10-05,2014-05-06|2014-08-05|2014-11-04|2015-03-31|2015-05-14|2015-08-18|2015-11-17|2016-03-30|2016-05-18|2016-08-17|2016-11-16|2017-03-28|2017-05-16|2017-08-15|2017-11-14|2018-03-20|2018-05-15|2018-08-14|2018-11-13|2019-03-28|2019-05-15|2019-08-14|2019-11-12|2020-03-19|2026-11-11
T,2026-09-21,2020-10-22|2021-01-27|2021-04-22|2021-07-22|2021-10-21|2022-01-26|2022-04-21|2022-07-21|2022-10-20|2023-01-25|2023-04-20|2023-07-26|2023-10-19|2024-01-24|2024-04-24|2024-07-24|2024-10-23|2025-01-27|2025-04-23|2025-07-23|2025-10-22|2026-01-28|2026-04-22|2026-07-22|2026-10-21
TACT,2026-09-07,2020-08-05|2020-11-05|2021-03-09|2021-05-06|2021-08-03|2021-11-09|2022-03-09|2022-05-10|2022-08-17|2022-11-10|2023-03-08|2023-05-09|2023-08-09|2023-11-09|2024-03-12|2024-05-07|2024-08-08|2024-11-07|2025-03-13|2025-05-13|2025-08-06|2025-11-10|2026-05-12|2026-08-11|2026-11-10
TALO,2026-10-05,2020-11-04|2021-03-10|2021-05-05|2021-08-03|2021-11-03|2022-02-24|2022-05-04|2022-08-04|2022-11-02|2023-02-28|2023-05-08|2023-08-08|2023-11-06|2024-02-28|2024-05-06|2024-08-07|2024-11-11|2025-02-26|2025-05-05|2025-08-06|2025-11-05|2026-02-24|2026-05-05|2026-08-04|2026-11-03
TAP,2026-10-05,2020-10-29|2021-02-11|2021-04-29|2021-07-29|2021-10-28|2022-02-23|2022-05-03|2022-08-02|2022-11-01|2023-02-21|2023-05-02|2023-08-01|2023-11-02|2024-02-13|2024-04-30|2024-08-06|2024-11-07|2025-02-13|2025-05-08|2025-08-05|2025-11-04|2026-02-18|2026-04-30|2026-08-06|2026-11-05
TAP-A,2026-10-05,FAILED
TARA,2026-10-05,2021-03-10|2021-03-11|2021-05-06|2021-08-05|2021-11-04|2022-03-09|2022-05-05|2022-08-09|2022-11-03|2023-03-08|2023-05-04|2023-08-03|2023-11-03|2024-03-13|2024-05-02|2024-08-06|2024-11-12|2025-03-05|2025-05-08|2025-08-11|2025-11-10|2026-03-10|2026-05-13|2026-08-11|2026-11-10
TARS,2026-10-05,2020-11-25|2021-03-31|2021-05-11|2021-08-04|2021-11-09|2022-03-14|2022-05-10|2022-08-11|2022-11-09|2023-03-13|2023-05-09|2023-08-10|2023-11-09|2024-02-27|2024-05-08|2024-08-08|2024-11-13|2025-02-25|2025-05-01|2025-08-06|2025-11-04|2026-02-23|2026-05-06|2026-08-06|2026-11-04
TBBB,2026-10-05,2024-08-21|2024-11-25|2025-04-09|2025-05-07|2025-08-11|2025-11-19|2026-03-11|2026-05-06|2026-08-12|2026-11-18
TBI,2026-10-05,2020-10-26|2021-02-03|2021-04-26|2021-07-26|2021-10-25|2022-02-02|2022-04-25|2022-07-25|2022-10-24|2023-02-01|2023-04-24|2023-07-24|2023-10-23|2024-02-21|2024-05-06|2024-08-05|2024-11-04|2025-02-19|2025-05-05|2025-08-04|2025-11-03|2026-02-18|2026-05-05|2026-08-04|2026-11-02
TBLA,2026-09-28,2021-08-10|2021-11-09|2022-02-22|2022-05-12|2022-08-09|2022-11-09|2023-02-24|2023-05-10|2023-08-09|2023-11-08|2024-02-28|2024-05-08|2024-08-07|2024-11-07|2025-02-26|2025-05-07|2025-08-06|2025-11-05|2026-02-25|2026-05-06|2026-08-05|2026-11-04
TCBK,2026-09-21,2020-10-26|2021-01-27|2021-04-28|2021-07-27|2021-10-26|2022-01-25|2022-04-28|2022-07-27|2022-10-26|2023-01-25|2023-04-26|2023-07-26|2023-10-25|2024-01-25|2024-04-25|2024-07-25|2024-10-24|2025-01-23|2025-04-24|2025-07-24|2025-10-23|2026-01-22|2026-04-23|2026-07-23|2026-10-22
TCBX,2026-10-05,2021-12-22|2022-01-27|2022-04-28|2022-07-27|2022-10-26|2023-01-26|2023-04-26|2023-07-26|2023-10-25|2024-01-25|2024-04-24|2024-07-24|2024-10-23|2025-01-22|2025-04-23|2025-07-23|2025-10-22|2026-01-21|2026-04-22|2026-07-22|2026-10-21
TDF,2026-10-05,FAILED
TDG,2026-10-05,2020-11-12|2021-02-09|2021-05-11|2021-08-10|2021-11-16|2022-02-08|2022-05-10|2022-08-09|2022-11-10|2023-02-07|2023-05-09|2023-08-08|2023-11-09|2024-02-08|2024-05-07|2024-08-06|2024-11-07|2025-02-04|2025-05-06|2025-08-05|2025-11-12|2026-02-03|2026-05-05|2026-08-04|2026-11-05
TDOC,2026-09-28,2020-10-28|2021-02-24|2021-04-28|2021-07-27|2021-10-27|2022-02-22|2022-04-27|2022-07-27|2022-10-26|2023-02-22|2023-04-26|2023-07-25|2023-10-24|2024-02-20|2024-04-25|2024-07-31|2024-10-30|2025-02-26|2025-04-30|2025-07-29|2025-10-29|2026-02-25|2026-04-29|2026-07-29|2026-10-28
TDS,2026-09-28,2020-11-05|2021-02-18|2021-05-06|2021-08-05|2021-11-04|2022-02-17|2022-05-05|2022-08-04|2022-11-03|2023-02-16|2023-05-04|2023-08-04|2023-11-03|2024-02-16|2024-05-03|2024-08-02|2024-11-01|2025-02-21|2025-05-02|2025-08-11|2025-11-07|2026-02-20|2026-05-08|2026-08-07|2026-11-09
TDUP,2026-10-05,2021-05-12|2021-08-09|2021-11-08|2022-03-07|2022-05-09|2022-08-15|2022-11-14|2023-03-06|2023-05-09|2023-08-08|2023-11-06|2024-03-04|2024-05-06|2024-08-05|2024-11-04|2025-03-03|2025-05-05|2025-08-04|2025-11-03|2026-03-02|2026-05-04|2026-08-05|2026-11-04
TDW,2026-10-05,2020-11-05|2021-03-04|2021-05-06|2021-08-09|2021-11-09|2022-03-09|2022-05-09|2022-08-04|2022-11-03|2023-02-27|2023-05-08|2023-08-07|2023-11-06|2024-02-29|2024-05-02|2024-08-06|2024-11-07|2025-02-27|2025-05-05|2025-08-04|2025-11-10|2026-03-02|2026-05-04|2026-08-03|2026-11-09
TE,2026-10-05,2021-08-12|2021-11-15|2022-02-28|2022-05-11|2022-08-08|2022-11-14|2023-02-27|2023-05-15|2023-08-10|2023-11-09|2024-02-29|2024-05-08|2024-08-09|2024-11-06|2025-03-17|2025-05-15|2025-08-19|2025-11-14|2026-03-31|2026-05-12|2026-08-12|2026-11-12
TEAM,2026-10-05,2020-10-29|2021-01-28|2021-04-29|2021-07-29|2021-10-28|2022-01-27|2022-04-28|2022-08-04|2022-11-03|2023-02-02|2023-05-04|2023-08-03|2023-11-02|2024-01-31|2024-04-24|2024-08-01|2024-10-31|2025-01-30|2025-05-01|2025-08-07|2025-10-30|2026-02-05|2026-04-30|2026-08-06|2026-11-05
TECH,2026-10-05,2020-11-05|2021-02-02|2021-05-06|2021-08-05|2021-11-02|2022-02-01|2022-05-04|2022-08-04|2022-11-01|2023-02-02|2023-05-03|2023-08-08|2023-10-31|2024-02-01|2024-05-01|2024-08-07|2024-10-30|2025-02-05|2025-05-07|2025-08-06|2025-11-05|2026-02-04|2026-05-06|2026-08-12|2026-11-09
TECX,2026-09-21,2024-08-14|2024-11-07|2025-03-20|2025-05-08|2025-08-07|2025-11-06|2026-02-26|2026-05-07|2026-08-05|2026-11-05
TEN,2026-10-05,2020-09-23|2020-11-23|2021-03-24|2021-06-29|2021-10-07|2021-12-16|2022-04-14|2022-06-30|2022-09-14|2022-11-22|2023-03-16|2023-05-30|2023-11-21|2024-03-27|2024-06-20|2024-09-11|2024-11-26|2025-03-27|2025-06-17|2025-09-10|2025-11-20|2026-03-06|2026-05-21|2026-09-10|2026-11-19
TENB,2026-09-28,2020-10-27|2021-02-02|2021-04-27|2021-07-27|2021-10-26|2022-02-01|2022-04-26|2022-07-26|2022-10-25|2023-02-07|2023-04-24|2023-07-25|2023-11-01|2024-02-06|2024-05-01|2024-07-31|2024-10-30|2025-02-05|2025-04-29|2025-07-30|2025-10-29|2026-02-04|2026-04-29|2026-07-29|2026-10-28
TENX,2026-10-05,2020-08-14|2020-11-16|2021-03-31|2021-05-17|2021-08-17|2021-11-15|2022-03-29|2022-05-16|2022-08-11|2022-11-10|2023-03-31|2023-05-15|2023-08-14|2023-11-13|2024-03-28|2024-05-14|2024-08-13|2024-11-13|2025-03-25|2025-05-14|2025-08-13|2025-11-12|2026-03-10|2026-05-12|2026-07-31
TEVA,2026-10-05,2020-11-05|2021-02-10|2021-04-28|2021-07-28|2021-10-27|2022-02-09|2022-05-03|2022-07-26|2022-11-03|2023-02-08|2023-05-10|2023-08-02|2023-11-08|2024-01-31|2024-05-08|2024-07-31|2024-11-06|2025-01-29|2025-05-07|2025-07-30|2025-11-05|2026-01-28|2026-04-29|2026-07-29|2026-11-03
TEX,2026-10-05,2020-10-27|2021-02-11|2021-04-29|2021-07-29|2021-10-28|2022-02-10|2022-04-28|2022-08-02|2022-10-27|2023-02-09|2023-05-01|2023-08-01|2023-10-26|2024-02-08|2024-04-25|2024-07-30|2024-10-30|2025-02-06|2025-05-02|2025-07-31|2025-10-30|2026-02-11|2026-05-01|2026-07-30|2026-10-29
TFIN,2026-10-05,2020-10-19|2021-01-21|2021-04-21|2021-07-21|2021-10-20|2022-01-20|2022-04-20|2022-07-20|2022-10-19|2023-01-25|2023-04-25|2023-07-20|2023-10-19|2024-01-23|2024-04-17|2024-07-17|2024-10-16|2025-01-22|2025-04-16|2025-07-16|2025-10-15|2026-01-26|2026-04-21|2026-07-21|2026-10-21
TG,2026-10-05,2011-02-10|2011-05-04|2011-08-03|2011-11-02|2012-03-01|2012-05-03|2012-08-01|2012-11-01|2013-02-14|2013-05-02|2013-08-01|2013-11-04|2014-02-24|2014-04-30|2014-08-07|2014-11-06|2015-05-04|2015-07-30|2015-11-09|2016-02-29|2016-05-03|2016-08-02|2016-11-01|2017-02-22|2026-11-06
TGL,2026-10-05,2023-09-28|2023-11-14|2024-02-14|2026-10-12
TGLS,2026-10-05,2020-11-06|2021-03-02|2021-05-07|2021-08-06|2021-11-08|2022-03-03|2022-05-04|2022-08-04|2022-11-03|2023-03-02|2023-05-04|2023-08-08|2023-11-06|2024-02-29|2024-05-09|2024-08-08|2024-11-07|2025-02-27|2025-05-08|2025-08-07|2025-11-06|2026-02-26|2026-05-07|2026-08-06|2026-11-05
TGS,2026-10-05,2019-05-12|2019-08-07|2019-11-11|2020-05-07|2020-08-07|2020-11-05|2021-03-08|2022-05-09|2022-08-09|2022-11-07|2023-03-09|2023-04-18|2023-08-22|2023-11-06|2024-03-04|2024-05-05|2024-08-07|2024-11-05|2025-02-27|2025-08-04|2025-11-03|2026-03-03|2026-05-06|2026-08-02|2026-10-29
TH,2026-10-05,2020-11-09|2021-03-30|2021-05-24|2021-08-11|2021-11-12|2022-03-10|2022-05-10|2022-08-09|2022-11-09|2023-03-10|2023-05-09|2023-08-09|2023-11-08|2024-03-13|2024-05-08|2024-08-07|2024-11-12|2025-03-26|2025-05-19|2025-08-07|2025-11-06|2026-03-11|2026-05-11|2026-08-10|2026-11-05
THCH,2026-10-05,2026-11-11
THFF,2026-09-14,2020-10-28|2021-02-02|2021-04-27|2021-07-27|2021-10-26|2022-02-01|2022-04-26|2022-07-26|2022-10-25|2023-02-07|2023-04-25|2023-07-25|2023-10-24|2024-01-30|2024-04-30|2024-07-23|2024-10-22|2025-02-04|2025-04-22|2025-07-22|2025-10-28|2026-02-03|2026-04-28|2026-07-28|2026-11-03
THG.L,2026-10-05,2026-04-28|2026-09-10|2027-03-25
THM,2026-10-05,2010-08-27|2010-10-15|2011-01-14|2011-04-14|2011-08-29|2012-05-10|2012-08-14|2012-11-14|2013-03-13|2013-07-31|2020-11-06|2021-03-10|2022-03-09|2022-11-10|2023-03-08|2026-11-06
THO,2026-10-05,2020-12-08|2021-03-09|2021-06-08|2021-09-28|2021-12-08|2022-03-09|2022-06-08|2022-09-28|2022-12-07|2023-03-07|2023-06-06|2023-09-25|2023-12-06|2024-03-06|2024-06-05|2024-09-24|2024-12-04|2025-03-05|2025-06-04|2025-09-24|2025-12-03|2026-03-03|2026-06-03|2026-09-22|2026-12-02
THQ,2026-08-17,FAILED
THRL.L,2026-10-05,FAILED
THRM,2026-10-05,2020-10-29|2021-03-01|2021-04-29|2021-07-29|2021-10-28|2022-02-17|2022-05-04|2022-08-02|2022-11-02|2023-02-22|2023-04-27|2023-08-01|2023-10-26|2024-02-21|2024-04-30|2024-07-31|2024-10-30|2025-02-19|2025-04-24|2025-07-24|2025-10-23|2026-02-19|2026-04-23|2026-07-23|2026-10-22
THRY,2026-10-05,2021-03-25|2021-05-13|2021-08-11|2021-11-11|2022-03-10|2022-05-04|2022-08-04|2022-11-03|2023-02-23|2023-05-04|2023-08-03|2023-11-02|2024-02-22|2024-05-02|2024-08-01|2024-11-07|2025-02-27|2025-05-01|2025-07-30|2025-10-30|2026-02-26|2026-04-30|2026-08-04|2026-10-29
TIL,2026-10-05,2021-05-13|2021-08-12|2021-11-15|2022-03-07|2022-05-16|2022-08-12|2022-11-14|2023-03-31|2023-05-11|2023-08-14|2023-11-13|2024-03-21|2024-05-10|2024-08-13|2024-11-13|2025-03-04|2025-05-13|2025-08-13|2025-11-13|2026-03-04|2026-03-27|2026-05-15|2026-08-13
TILE,2026-09-14,2020-11-06|2021-03-02|2021-05-07|2021-08-06|2021-11-05|2022-03-01|2022-05-06|2022-08-05|2022-11-04|2023-02-28|2023-05-05|2023-08-04|2023-11-03|2024-02-27|2024-05-03|2024-08-02|2024-11-01|2025-02-25|2025-05-02|2025-08-01|2025-10-31|2026-02-24|2026-05-08|2026-08-07|2026-11-06
TISI,2026-10-05,2015-08-04|2016-05-09|2016-08-08|2016-11-01|2017-03-07|2017-05-09|2017-08-07|2017-11-06|2018-03-13|2018-05-08|2018-08-07|2018-11-05|2019-03-12|2019-05-07|2019-08-06|2019-11-05|2020-03-12|2020-06-17|2020-08-04|2020-11-04|2021-03-09|2021-05-04|2021-08-03|2021-11-12|2026-11-12
TITN,2026-10-05,2020-11-24|2021-03-18|2021-05-27|2021-08-26|2021-11-23|2022-03-24|2022-05-26|2022-08-25|2022-11-30|2023-03-16|2023-05-25|2023-08-31|2023-11-30|2024-03-21|2024-05-23|2024-08-29|2024-11-26|2025-03-20|2025-05-22|2025-08-28|2025-11-25|2026-03-19|2026-06-09|2026-08-27|2026-11-24
TJGC,2026-10-05,FAILED
TJX,2026-10-05,2020-11-18|2021-02-24|2021-05-19|2021-08-18|2021-11-17|2022-02-23|2022-05-18|2022-08-17|2022-11-16|2023-02-22|2023-05-17|2023-08-16|2023-11-15|2024-02-28|2024-05-22|2024-08-21|2024-11-20|2025-02-26|2025-05-21|2025-08-20|2025-11-19|2026-02-25|2026-05-20|2026-08-19|2026-11-18
TK,2026-10-05,2013-11-07|2014-02-20|2014-05-15|2014-08-07|2014-11-06|2015-02-19|2015-05-14|2015-08-06|2015-11-05|2016-02-18|2016-05-19|2016-08-04|2016-11-03|2017-02-23|2017-05-18|2017-08-03|2017-11-09|2018-02-22|2018-05-17|2018-08-02|2018-11-15|2019-02-21|2019-08-01|2020-02-27|2026-11-04
TKC,2026-10-05,2006-05-10|2006-08-09|2006-11-08|2007-05-09|2007-08-08|2007-11-07|2008-02-27|2008-05-07|2008-08-06|2008-11-05|2009-02-25|2009-05-13|2009-08-05|2009-11-12|2010-03-10|2010-08-04|2010-11-03|2011-02-23|2013-10-25|2021-11-04|2022-04-28|2022-08-18|2022-11-03|2023-03-09|2026-11-12
TKNO,2026-10-05,2021-08-11|2021-11-12|2022-03-15|2022-05-12|2022-08-10|2022-11-09|2023-03-15|2023-05-11|2023-08-10|2023-11-09|2024-03-11|2024-05-13|2024-08-13|2024-11-07|2025-03-04|2025-05-08|2025-08-07|2025-11-06|2026-02-26|2026-05-06|2026-08-05|2026-11-05
TKO,2026-10-05,2023-11-07|2024-02-27|2024-05-08|2024-08-08|2024-11-06|2025-02-26|2025-05-08|2025-08-06|2025-11-05|2026-02-25|2026-05-06|2026-08-03|2026-11-04
TLK,2026-10-05,2026-10-29
TLN,2026-10-05,2024-03-13|2024-05-13|2024-08-13|2024-11-14|2025-02-28|2025-05-08|2025-08-07|2025-11-05|2026-02-26|2026-05-05|2026-08-05|2026-11-04
TLRY,2026-10-05,2021-07-28|2021-10-07|2022-01-10|2022-04-06|2022-07-28|2022-10-07|2023-01-09|2023-04-10|2023-07-26|2023-10-04|2024-01-09|2024-04-09|2024-07-29|2024-10-10|2025-01-10|2025-04-08|2025-07-28|2025-10-09|2026-01-08|2026-04-01|2026-07-28|2026-10-08|2027-01-07
TLSA,2026-10-05,2022-05-22|2022-12-27
TMC,2026-10-05,2022-03-24|2022-05-09|2022-08-15|2022-11-14|2023-03-23|2023-05-11|2023-08-14|2023-11-09|2024-03-25|2024-05-13|2024-08-14|2024-11-14|2025-03-27|2025-05-14|2025-08-14|2025-11-13|2026-03-27|2026-05-14|2026-08-13|2026-11-12
TMO,2026-10-05,2020-10-21|2021-02-01|2021-04-29|2021-07-28|2021-10-27|2022-02-02|2022-04-28|2022-07-28|2022-10-26|2023-02-01|2023-04-26|2023-07-26|2023-10-25|2024-01-31|2024-04-24|2024-07-24|2024-10-23|2025-01-30|2025-04-23|2025-07-23|2025-10-22|2026-01-29|2026-04-23|2026-07-23|2026-10-21
TMP,2026-09-21,2020-10-23|2021-01-29|2021-04-30|2021-07-23|2021-10-22|2022-01-28|2022-04-29|2022-07-22|2022-10-28|2023-01-27|2023-04-28|2023-07-21|2023-10-27|2024-01-26|2024-04-26|2024-07-26|2024-10-25|2025-01-31|2025-04-25|2025-07-25|2025-10-24|2026-01-30|2026-04-24|2026-07-24|2026-10-23
TMPL.L,2026-08-31,FAILED
TMQ,2026-10-05,2021-02-12|2021-04-07|2021-07-07|2021-10-05|2022-02-11|2022-04-06|2022-07-06|2022-10-05|2023-02-14|2023-04-05|2023-07-14|2023-10-11|2024-02-09|2024-04-03|2024-07-10|2024-10-08|2025-02-14|2025-04-02|2025-07-10|2025-09-30|2026-02-17|2026-04-02|2026-07-08|2026-10-02|2027-02-17
TMUS,2026-10-05,2020-11-05|2021-02-04|2021-05-04|2021-07-29|2021-11-02|2022-02-02|2022-04-27|2022-07-27|2022-10-27|2023-02-01|2023-04-27|2023-07-27|2023-10-25|2024-01-25|2024-04-25|2024-07-31|2024-10-23|2025-01-29|2025-04-24|2025-07-23|2025-10-23|2026-02-11|2026-04-28|2026-07-23|2026-10-28
TNET,2026-10-05,2020-10-26|2021-02-16|2021-04-26|2021-07-26|2021-10-25|2022-02-14|2022-04-26|2022-07-26|2022-10-25|2023-02-15|2023-04-26|2023-07-26|2023-10-25|2024-02-15|2024-04-26|2024-07-26|2024-10-25|2025-02-13|2025-04-25|2025-07-25|2025-10-29|2026-02-12|2026-04-30|2026-07-30|2026-10-28
TNK,2026-10-05,2020-11-12|2021-02-25|2021-05-13|2021-08-05|2021-11-04|2022-02-24|2022-05-12|2022-08-04|2022-11-03|2023-02-23|2023-05-11|2023-08-03|2023-11-01|2024-02-22|2024-05-09|2024-08-01|2024-10-30|2025-02-19|2025-05-07|2025-07-30|2025-10-29|2026-02-18|2026-05-13|2026-07-29|2026-11-04
TNON,2026-09-07,2022-08-10|2022-11-10|2023-03-08|2023-05-08|2023-08-07|2023-11-14|2024-03-11|2024-05-13|2024-08-13|2024-11-14|2025-05-13|2025-08-13|2025-11-13|2026-03-19|2026-05-12|2026-08-13|2026-11-12
TNXP,2026-10-05,2020-11-09|2021-03-15|2021-05-10|2021-08-09|2021-11-08|2022-03-14|2022-05-09|2022-08-08|2022-11-07|2023-03-13|2023-05-08|2023-08-10|2023-11-09|2024-04-01|2024-05-13|2024-08-16|2024-11-12|2025-03-18|2025-05-12|2025-08-11|2025-11-10|2026-03-12|2026-05-11|2026-08-10|2026-11-09
TOP,2026-09-28,FAILED
TOWN,2026-10-05,2020-10-22|2021-01-28|2021-04-29|2021-07-29|2021-10-28|2022-01-27|2022-04-28|2022-07-28|2022-10-27|2023-01-26|2023-04-27|2023-07-27|2023-10-26|2024-01-24|2024-04-24|2024-07-24|2024-10-23|2025-01-22|2025-04-23|2025-07-23|2025-10-22|2026-01-28|2026-04-22|2026-07-21|2026-10-21
TOYO,2026-10-05,2026-05-18|2026-08-19|2026-11-17
TPB,2026-10-05,2020-10-27|2021-02-10|2021-04-27|2021-07-27|2021-10-26|2022-02-22|2022-04-27|2022-07-27|2022-10-26|2023-02-24|2023-05-03|2023-08-02|2023-11-08|2024-02-28|2024-05-02|2024-08-01|2024-11-07|2025-03-06|2025-05-07|2025-08-06|2025-11-05|2026-03-02|2026-05-07|2026-08-04|2026-11-04
TPCS,2026-10-05,2011-06-22|2011-08-16|2011-11-14|2012-02-14|2012-07-16|2012-08-14|2012-11-14|2013-02-19|2013-08-19
TPET,2026-09-07,FAILED
TPR,2026-10-05,2020-08-13|2020-10-29|2021-02-04|2021-05-06|2021-08-19|2021-11-11|2022-02-10|2022-05-12|2022-08-18|2022-11-10|2023-02-09|2023-05-11|2023-08-17|2023-11-09|2024-02-08|2024-05-09|2024-08-15|2025-02-06|2025-05-08|2025-08-14|2025-11-06|2026-02-05|2026-05-07|2026-08-13|2026-11-05
TRDA,2026-10-05,2021-12-09|2022-03-15|2022-05-12|2022-08-11|2022-11-07|2023-03-06|2023-05-10|2023-08-08|2023-11-07|2024-03-13|2024-05-07|2024-08-13|2024-11-05|2025-02-27|2025-05-08|2025-08-06|2025-11-06|2026-02-26|2026-05-07|2026-08-05|2026-11-05
TREE,2026-10-05,2020-11-05|2021-02-25|2021-04-29|2021-07-29|2021-10-28|2022-02-25|2022-05-05|2022-07-28|2022-11-03|2023-02-27|2023-05-02|2023-07-27|2023-10-31|2024-02-27|2024-04-30|2024-07-25|2024-10-31|2025-03-05|2025-05-01|2025-07-31|2025-10-30|2026-03-02|2026-04-30|2026-07-29|2026-10-29
TREX,2026-09-14,2020-11-02|2021-02-22|2021-05-10|2021-08-02|2021-11-08|2022-02-28|2022-05-09|2022-08-08|2022-10-31|2023-02-27|2023-05-08|2023-07-31|2023-10-30|2024-02-26|2024-05-09|2024-08-06|2024-10-28|2025-02-24|2025-05-08|2025-08-04|2025-11-04|2026-02-24|2026-05-07|2026-08-04|2026-11-04
TRIG.L,2026-08-31,FAILED
TRMD,2026-10-05,2018-11-15|2019-03-12|2019-05-14|2019-08-15|2020-03-11|2020-05-14|2020-11-12|2021-03-01|2021-05-12|2021-08-10|2022-03-02|2022-05-11|2023-03-16|2023-05-11|2023-08-17|2023-11-09|2024-05-08|2025-03-06|2025-05-12|2025-08-14|2025-11-06|2026-02-26|2026-05-13|2026-08-26|2026-11-04
TRMK,2026-09-14,2020-10-27|2021-01-26|2021-04-27|2021-07-27|2021-10-26|2022-01-25|2022-04-26|2022-07-26|2022-10-25|2023-01-24|2023-04-25|2023-07-25|2023-10-24|2024-01-23|2024-04-23|2024-07-23|2024-10-22|2025-01-28|2025-04-22|2025-07-22|2025-10-28|2026-01-27|2026-04-28|2026-07-28|2026-10-27
TRN,2026-10-05,2020-10-21|2021-02-24|2021-04-22|2021-07-22|2021-10-21|2022-02-17|2022-04-27|2022-07-27|2022-10-25|2023-02-21|2023-05-02|2023-08-01|2023-11-02|2024-02-22|2024-05-01|2024-08-01|2024-10-31|2025-02-20|2025-05-01|2025-07-31|2025-10-30|2026-02-12|2026-04-30|2026-07-30|2026-10-29
TRNO,2026-10-05,2020-11-04|2021-02-10|2021-05-05|2021-08-04|2021-11-03|2022-02-09|2022-05-04|2022-08-03|2022-11-02|2023-02-08|2023-05-03|2023-08-02|2023-11-01|2024-02-07|2024-05-08|2024-08-06|2024-11-06|2025-02-04|2025-05-07|2025-08-06|2025-11-05|2026-02-04|2026-05-06|2026-08-05|2026-11-04
TRNR,2026-10-05,2025-08-14|2025-11-14|2026-03-31|2026-05-20|2026-08-14
TROW,2026-09-21,2020-10-29|2021-01-28|2021-04-29|2021-07-29|2021-10-28|2022-01-27|2022-04-28|2022-07-28|2022-10-27|2023-01-26|2023-05-02|2023-07-28|2023-10-27|2024-02-08|2024-04-26|2024-07-26|2024-11-01|2025-02-05|2025-05-02|2025-08-01|2025-10-31|2026-02-04|2026-04-30|2026-07-31|2026-10-30
TROX,2026-10-05,2020-10-28|2021-02-17|2021-04-28|2021-07-28|2021-10-27|2022-02-16|2022-04-27|2022-07-27|2022-10-26|2023-02-15|2023-04-26|2023-07-26|2023-10-25|2024-02-15|2024-05-01|2024-08-01|2024-10-24|2025-02-12|2025-04-30|2025-07-30|2025-11-05|2026-02-18|2026-05-06|2026-08-05|2026-11-04
TRST.L,2026-08-31,2026-09-15
TRTX,2026-10-05,2020-11-04|2021-02-24|2021-05-04|2021-08-03|2021-11-02|2022-02-22|2022-05-03|2022-08-02|2022-11-01|2023-02-21|2023-05-02|2023-08-01|2023-10-30|2024-02-20|2024-04-30|2024-07-30|2024-10-29|2025-02-18|2025-04-29|2025-07-29|2025-10-28|2026-02-17|2026-04-28|2026-07-28|2026-10-27
TRV,2026-10-05,2020-10-20|2021-01-21|2021-04-20|2021-07-20|2021-10-19|2022-01-20|2022-04-19|2022-07-21|2022-10-19|2023-01-24|2023-04-19|2023-07-20|2023-10-18|2024-01-19|2024-04-17|2024-07-19|2024-10-17|2025-01-22|2025-04-16|2025-07-17|2025-10-16|2026-01-21|2026-04-16|2026-07-17|2026-10-16
TRVI,2026-09-14,2020-11-12|2021-03-25|2021-05-13|2021-08-12|2021-11-10|2022-03-17|2022-05-12|2022-08-11|2022-11-10|2023-03-16|2023-05-11|2023-08-10|2023-11-09|2024-03-20|2024-05-07|2024-08-08|2024-11-06|2025-03-18|2025-05-08|2025-08-07|2025-11-13|2026-03-17|2026-05-05|2026-08-06|2026-11-12
TRX,2026-10-05,2014-07-14|2014-10-31|2021-04-14|2021-07-15|2022-01-14|2022-04-14|2022-07-14|2022-11-28|2022-11-29|2023-01-13|2023-04-13|2023-07-14|2023-11-29|2024-01-15|2024-04-12|2024-07-12|2024-11-29|2025-01-14|2025-04-14|2025-07-14|2025-12-01|2026-01-14|2026-04-14|2026-07-15|2026-11-30
TRY.L,2026-10-05,FAILED
TSBK,2026-09-14,2009-04-30|2009-07-28|2009-11-06|2010-01-25|2010-04-30|2010-07-29|2010-11-09|2011-01-24|2011-04-26|2011-07-26|2011-11-10|2012-01-24|2012-04-24|2012-07-24|2012-11-08|2013-01-21|2013-04-23|2013-07-23|2013-11-06|2014-01-27|2014-04-22|2014-07-22|2014-11-03|2015-01-26|2026-10-29
TSLA,2026-10-05,2020-10-21|2021-01-27|2021-04-26|2021-07-26|2021-10-20|2022-01-26|2022-04-20|2022-07-20|2022-10-19|2023-01-25|2023-04-19|2023-07-19|2023-10-18|2024-01-24|2024-04-23|2024-07-23|2024-10-23|2025-01-29|2025-04-22|2025-07-23|2025-10-22|2026-01-28|2026-04-22|2026-07-22|2026-10-21
TSN,2026-10-05,2020-11-16|2021-02-11|2021-05-10|2021-08-09|2021-11-15|2022-02-07|2022-05-09|2022-08-08|2022-11-14|2023-02-06|2023-05-08|2023-08-07|2023-11-13|2024-02-05|2024-05-06|2024-08-05|2024-11-12|2025-02-03|2025-05-05|2025-08-04|2025-11-10|2026-02-02|2026-05-04|2026-08-03|2026-11-16
TSQ,2026-10-05,2020-11-09|2021-03-16|2021-05-10|2021-08-03|2021-11-02|2022-03-10|2022-05-10|2022-08-02|2022-11-09|2023-03-09|2023-05-10|2023-08-09|2023-11-09|2024-03-15|2024-05-09|2024-08-07|2024-11-07|2025-03-17|2025-05-08|2025-08-06|2025-11-10|2026-03-16|2026-05-11|2026-08-06|2026-11-04
TTAM,2026-10-05,2025-03-26|2025-05-05|2025-07-29|2025-11-05|2026-03-17|2026-05-05|2026-07-28|2026-11-04
TTEC,2026-10-05,2020-11-04|2021-03-01|2021-05-04|2021-08-03|2021-11-09|2022-03-01|2022-05-04|2022-08-09|2022-11-09|2023-02-27|2023-05-03|2023-08-03|2023-11-08|2024-02-29|2024-05-08|2024-08-08|2024-11-06|2025-02-27|2025-05-08|2025-08-07|2025-11-06|2026-02-26|2026-05-07|2026-08-10|2026-11-05
TTG.L,2026-08-31,2026-09-02|2027-03-24
TTGT,2026-10-05,2020-11-04|2021-02-10|2021-05-05|2021-08-04|2021-11-03|2022-02-10|2022-05-10|2022-08-04|2022-11-09|2023-02-09|2023-05-09|2023-08-08|2023-11-08|2024-02-07|2024-05-09|2024-08-08|2024-11-12|2025-05-28|2025-07-14|2025-08-12|2025-11-10|2026-03-11|2026-05-07|2026-08-06|2026-11-09
TTI,2026-10-05,2020-11-03|2021-02-24|2021-05-04|2021-08-02|2021-11-01|2022-02-28|2022-05-02|2022-08-01|2022-10-31|2023-02-27|2023-05-01|2023-07-31|2023-10-30|2024-02-27|2024-04-30|2024-07-31|2024-10-29|2025-02-25|2025-04-29|2025-07-29|2025-10-28|2026-02-25|2026-04-29|2026-08-03|2026-11-02
TU,2026-09-21,2020-11-06|2021-02-11|2021-05-07|2021-07-30|2021-11-05|2022-02-10|2022-05-06|2022-08-05|2022-11-04|2023-02-09|2023-05-04|2023-08-04|2023-11-03|2024-02-09|2024-05-09|2024-08-02|2024-11-08|2025-02-13|2025-05-09|2025-08-01|2025-11-07|2026-02-12|2026-05-08|2026-07-31|2026-11-06
TULP,2026-10-05,2002-07-17|2002-10-17|2003-02-12|2003-04-17|2003-07-16|2003-10-16|2004-02-17|2004-04-26|2004-07-21|2004-10-20|2005-02-17|2005-04-20|2005-07-20|2005-10-26|2006-10-31|2012-05-02|2012-07-25|2012-10-31|2013-02-27|2013-05-01|2013-07-31|2013-10-30|2014-02-26|2014-05-01|2014-07-30
TV,2026-10-05,2020-10-22|2021-02-18|2021-04-22|2021-07-05|2021-10-21|2022-02-24|2022-04-26|2022-07-26|2022-10-27|2023-02-23|2023-04-25|2023-07-26|2023-10-26|2024-02-22|2024-04-25|2024-07-23|2024-10-24|2025-02-20|2025-04-29|2025-07-22|2025-10-22|2026-02-26|2026-04-27|2026-07-23|2026-10-28
TVRD,2026-10-05,2025-05-13|2025-08-14|2025-11-13|2026-03-31|2026-08-14|2026-11-12
TW,2026-09-14,2020-10-28|2021-02-04|2021-04-29|2021-07-29|2021-10-28|2022-02-03|2022-04-28|2022-08-03|2022-10-27|2023-02-02|2023-04-27|2023-07-27|2023-10-25|2024-02-06|2024-04-25|2024-07-25|2024-10-30|2025-02-06|2025-04-30|2025-07-30|2025-10-30|2026-02-05|2026-04-29|2026-07-30|2026-10-29
TW.L,2026-10-05,2026-07-31|2027-03-04
TWFG,2026-10-05,2024-08-30|2024-11-12|2025-03-19|2025-05-13|2025-08-12|2025-11-12|2026-02-25|2026-05-07|2026-08-05|2026-11-11
TWIN,2026-10-05,2019-02-01|2019-05-06|2019-08-09|2019-11-01|2020-01-31|2020-05-01|2020-08-07|2020-10-30|2021-01-29|2021-04-30|2021-08-13|2021-10-29|2022-02-02|2022-04-29|2022-09-01|2022-11-04|2023-02-03|2023-11-02|2025-05-07|2025-08-21|2025-11-05|2026-02-04|2026-05-06|2026-08-20|2026-11-04
TWLO,2026-10-05,2020-10-26|2021-02-17|2021-05-05|2021-07-29|2021-10-27|2022-02-09|2022-05-04|2022-08-04|2022-11-03|2023-02-15|2023-05-09|2023-08-08|2023-11-08|2024-02-14|2024-05-07|2024-08-01|2024-10-30|2025-02-13|2025-05-01|2025-08-07|2025-10-30|2026-02-12|2026-04-30|2026-08-06|2026-10-29
TXRH,2026-10-05,2020-10-28|2021-02-18|2021-04-29|2021-07-29|2021-10-28|2022-02-22|2022-05-05|2022-07-28|2022-10-27|2023-02-16|2023-05-04|2023-07-27|2023-10-26|2024-02-15|2024-05-02|2024-07-25|2024-10-24|2025-02-20|2025-05-08|2025-08-07|2025-11-06|2026-02-19|2026-05-07|2026-08-06|2026-11-05
TXT,2026-10-05,2020-10-29|2021-01-27|2021-04-29|2021-07-29|2021-10-28|2022-01-27|2022-04-28|2022-07-28|2022-10-27|2023-01-25|2023-04-27|2023-07-27|2023-10-26|2024-01-24|2024-04-25|2024-07-18|2024-10-24|2025-01-22|2025-04-24|2025-07-24|2025-10-23|2026-01-28|2026-04-30|2026-07-28|2026-10-29
TYG,2026-10-05,2006-01-26|2011-01-27|2017-07-26|2017-10-26
TYGO,2026-09-07,2023-08-08|2023-11-07|2024-02-13|2024-05-14|2024-08-06|2024-11-06|2025-02-11|2025-05-06|2025-07-29|2025-10-28|2026-02-24|2026-05-05|2026-08-04|2026-11-03
TYL,2026-09-07,2020-11-04|2021-02-10|2021-04-28|2021-07-28|2021-10-27|2022-02-16|2022-04-27|2022-07-27|2022-10-26|2023-02-15|2023-04-26|2023-07-26|2023-11-01|2024-02-14|2024-04-24|2024-07-24|2024-10-23|2025-02-12|2025-04-23|2025-07-30|2025-10-29|2026-02-11|2026-04-29|2026-07-29|2026-10-28
TYRA,2026-10-05,2021-11-03|2022-03-03|2022-05-05|2022-08-04|2022-11-03|2023-03-22|2023-05-04|2023-08-10|2023-11-07|2024-03-19|2024-05-09|2024-08-07|2024-11-07|2025-03-27|2025-05-08|2025-08-14|2025-11-05|2026-03-02|2026-05-13|2026-08-04|2026-11-04
TZOO,2026-10-05,2020-10-21|2021-03-17|2021-04-22|2021-07-21|2021-10-29|2022-03-03|2022-04-26|2022-07-27|2022-10-26|2023-03-22|2023-04-27|2023-07-27|2023-10-24|2024-02-28|2024-04-24|2024-07-25|2024-10-23|2025-02-25|2025-04-29|2025-07-23|2025-10-28|2026-02-19|2026-04-23|2026-07-28|2026-10-28
UA,2026-10-05,2016-04-21|2016-07-26|2016-10-25|2017-01-31|2017-08-01|2017-10-31|2018-02-13|2018-05-01|2018-07-26|2018-10-30|2019-02-12|2019-05-02|2019-07-30|2019-11-04|2020-02-11|2020-05-11|2020-07-31|2020-10-30|2021-02-10|2021-05-04|2021-08-03|2026-11-05
UAA,2026-10-05,2020-07-31|2020-10-30|2021-02-10|2021-05-04|2021-08-03|2021-11-02|2022-02-11|2022-08-03|2022-11-03|2023-02-08|2023-05-09|2023-08-08|2023-11-08|2024-02-08|2024-05-16|2024-08-08|2024-11-07|2025-02-06|2025-05-13|2025-08-08|2025-11-06|2026-02-06|2026-05-12|2026-08-07|2026-11-05
UAL,2026-09-14,2020-10-14|2021-01-20|2021-04-19|2021-07-20|2021-10-19|2022-01-19|2022-04-20|2022-07-20|2022-10-18|2023-01-17|2023-04-18|2023-07-19|2023-10-17|2024-01-22|2024-04-16|2024-07-17|2024-10-15|2025-01-21|2025-04-15|2025-07-16|2025-10-15|2026-01-20|2026-04-21|2026-07-15|2026-10-21
UAVS,2026-09-14,FAILED
UBER,2026-10-05,2020-11-05|2021-02-10|2021-05-05|2021-08-04|2021-11-04|2022-02-09|2022-05-04|2022-08-02|2022-11-01|2023-02-08|2023-05-02|2023-07-31|2023-11-07|2024-02-07|2024-05-08|2024-08-06|2024-10-31|2025-02-05|2025-05-07|2025-08-06|2025-11-04|2026-02-04|2026-05-06|2026-08-05|2026-11-04
UBS,2026-09-07,2021-10-26|2022-02-01|2023-08-31|2023-11-07|2024-10-30|2025-02-03|2025-04-30|2025-07-29|2025-10-29|2026-02-04|2026-04-29|2026-07-29|2026-10-28
UBSI,2026-09-14,2020-10-23|2021-01-28|2021-04-23|2021-07-23|2021-10-26|2022-01-27|2022-04-26|2022-07-28|2022-10-27|2023-01-26|2023-04-26|2023-07-27|2023-10-25|2024-01-26|2024-04-25|2024-07-25|2024-10-24|2025-01-24|2025-04-24|2025-07-24|2025-10-23|2026-01-22|2026-04-23|2026-07-23|2026-10-22
UDR,2026-09-21,2020-10-29|2021-02-09|2021-04-27|2021-07-28|2021-10-26|2022-02-08|2022-04-26|2022-07-26|2022-10-26|2023-02-06|2023-04-26|2023-07-26|2023-10-26|2024-02-06|2024-04-30|2024-07-30|2024-10-30|2025-02-05|2025-04-30|2025-07-30|2025-10-29|2026-02-09|2026-04-29|2026-07-27|2026-10-28
UEC,2026-10-05,2019-10-15|2020-12-15|2021-03-16|2021-06-09|2021-12-15|2022-03-17|2022-06-14|2022-09-29|2022-12-19|2023-03-13|2023-06-08|2023-09-29|2023-12-11|2024-03-11|2024-06-10|2024-09-27|2024-12-05|2025-03-12|2025-06-02|2025-09-24|2025-12-10|2026-03-10|2026-06-09|2026-09-29|2026-12-08
UEIC,2026-09-21,2020-11-05|2021-02-18|2021-05-06|2021-08-05|2021-11-04|2022-02-17|2022-05-05|2022-08-04|2022-11-04|2023-02-16|2023-05-04|2023-08-03|2023-11-02|2024-02-15|2024-05-02|2024-08-08|2024-11-07|2025-02-20|2025-05-08|2025-08-07|2025-11-06|2026-03-12|2026-05-11|2026-08-06|2026-11-05
UFI,2026-10-05,2020-10-26|2021-01-27|2021-04-28|2021-08-04|2021-10-25|2022-01-26|2022-04-27|2022-08-10|2022-11-03|2023-02-01|2023-05-03|2023-08-23|2023-11-01|2024-01-31|2024-05-08|2024-08-21|2024-10-30|2025-02-05|2025-04-30|2025-08-20|2025-11-04|2026-02-03|2026-05-05|2026-08-19|2026-11-03
UFPI,2026-10-05,2020-10-21|2021-02-24|2021-04-21|2021-07-21|2021-10-20|2022-02-16|2022-04-21|2022-07-21|2022-10-20|2023-02-21|2023-05-02|2023-08-02|2023-10-31|2024-02-20|2024-04-30|2024-07-30|2024-10-28|2025-02-17|2025-04-28|2025-07-28|2025-10-29|2026-02-23|2026-04-29|2026-07-29|2026-10-28
UFPT,2026-10-05,2020-11-03|2021-03-04|2021-05-04|2021-08-03|2021-11-03|2022-03-08|2022-05-04|2022-08-02|2022-11-02|2023-03-07|2023-05-02|2023-08-01|2023-11-01|2024-02-21|2024-05-01|2024-07-31|2024-11-05|2025-02-25|2025-05-06|2025-08-04|2025-11-03|2026-02-24|2026-05-04|2026-08-03|2026-11-02
UHAL,2026-09-21,2020-11-04|2021-02-03|2021-05-26|2021-08-04|2021-11-03|2022-02-09|2022-05-25|2022-08-03|2022-11-09|2023-02-08|2023-05-30|2023-08-09|2023-11-08|2024-02-07|2024-05-29|2024-08-07|2024-11-06|2025-02-05|2025-05-28|2025-08-06|2025-11-05|2026-02-04|2026-05-27|2026-08-05|2026-11-04
UHAL-B,2026-09-21,2024-08-07|2024-11-06|2025-02-05|2025-05-28|2025-08-06|2025-11-05|2026-02-04|2026-05-27|2026-08-05|2026-11-04
UHT,2026-09-21,2005-07-21|2005-10-24|2006-02-14|2006-07-24|2006-10-23|2007-02-12|2011-02-24|2011-04-21|2011-07-21|2011-10-20|2012-03-01|2012-04-24|2012-07-24|2012-10-25|2013-02-27|2013-04-24|2013-07-24|2013-10-23|2014-02-26|2014-04-23|2014-07-23|2014-10-23|2015-02-25|2015-04-28|2026-10-26
UKW.L,2026-08-31,FAILED
ULCC,2026-09-14,2021-05-13|2021-08-04|2021-11-10|2022-02-07|2022-04-28|2022-07-27|2022-10-26|2023-02-08|2023-05-03|2023-08-01|2023-10-26|2024-02-06|2024-05-02|2024-08-08|2024-10-29|2025-02-07|2025-05-01|2025-08-05|2025-11-05|2026-02-11|2026-05-05|2026-07-29|2026-11-05
ULS,2026-10-05,2024-05-20|2024-07-31|2024-11-05|2025-02-20|2025-05-06|2025-08-05|2025-11-04|2026-02-19|2026-05-05|2026-08-04|2026-11-03
ULTA,2026-09-07,2020-12-03|2021-03-11|2021-05-27|2021-08-25|2021-12-02|2022-03-10|2022-05-26|2022-08-25|2022-12-01|2023-03-09|2023-05-25|2023-08-24|2023-11-30|2024-03-14|2024-05-30|2024-08-29|2024-12-05|2025-03-13|2025-05-29|2025-08-28|2025-12-04|2026-03-12|2026-06-02|2026-08-27|2026-12-03
UMBF,2026-09-14,2020-10-27|2021-01-26|2021-04-27|2021-07-27|2021-10-26|2022-01-25|2022-04-26|2022-07-26|2022-10-25|2023-01-24|2023-04-25|2023-07-25|2023-10-24|2024-01-30|2024-04-29|2024-07-30|2024-10-29|2025-01-28|2025-04-29|2025-07-29|2025-10-27|2026-01-27|2026-04-28|2026-07-28|2026-10-27
UMH,2026-10-05,2020-08-05|2020-11-04|2021-03-10|2021-05-06|2021-08-04|2021-11-03|2022-02-24|2022-05-04|2022-08-03|2022-11-08|2023-02-28|2023-05-08|2023-08-08|2023-11-08|2024-02-28|2024-05-02|2024-08-06|2025-02-26|2025-05-01|2025-08-06|2025-11-03|2026-02-25|2026-04-30|2026-08-05|2026-11-02
UNF,2026-10-05,2020-10-21|2021-01-06|2021-03-31|2021-06-30|2021-10-20|2022-01-05|2022-03-30|2022-06-29|2022-10-19|2023-01-04|2023-03-29|2023-06-28|2023-10-18|2024-01-03|2024-03-27|2024-06-26|2024-10-23|2025-01-08|2025-04-02|2025-07-02|2025-10-22|2026-01-07|2026-04-01|2026-07-01|2026-10-21
UNM,2026-10-05,2020-10-27|2021-02-04|2021-05-05|2021-08-03|2021-11-02|2022-02-01|2022-05-05|2022-08-02|2022-11-01|2023-01-31|2023-05-02|2023-08-01|2023-10-31|2024-01-30|2024-04-30|2024-07-30|2024-10-29|2025-02-04|2025-04-29|2025-07-29|2025-11-03|2026-02-05|2026-04-28|2026-07-28|2026-11-03
UNP,2026-10-05,2020-10-22|2021-01-21|2021-04-22|2021-07-22|2021-10-21|2022-01-20|2022-04-21|2022-07-21|2022-10-20|2023-01-24|2023-04-20|2023-07-26|2023-10-19|2024-01-25|2024-04-25|2024-07-25|2024-10-24|2025-01-23|2025-04-24|2025-07-24|2025-10-23|2026-01-27|2026-04-23|2026-07-23|2026-10-22
UONE,2026-10-05,FAILED
UONEK,2026-10-05,2005-08-04|2005-11-04|2006-02-23|2006-05-04|2006-08-07|2006-11-02|2007-03-21|2007-06-25|2007-08-02|2007-11-06|2008-02-21|2008-05-08|2008-08-05|2008-11-06|2009-02-18|2009-05-11|2009-08-06|2009-11-09|2010-03-30|2010-05-17|2010-08-17|2010-11-04|2011-03-03|2011-05-12|2011-08-04
UP,2026-10-05,2021-08-12|2021-11-10|2022-03-10|2022-05-12|2022-08-11|2022-11-09|2023-03-09|2023-05-09|2023-08-14|2023-11-09|2024-11-07|2026-11-04
UPB,2026-10-05,2024-11-07|2025-05-06|2025-08-06|2025-11-05|2026-03-26|2026-05-13|2026-08-11|2026-11-04
UPST,2026-10-05,2021-03-17|2021-05-11|2021-08-10|2021-11-09|2022-02-15|2022-05-09|2022-08-08|2022-11-08|2023-02-14|2023-05-09|2023-08-08|2023-11-07|2024-02-13|2024-05-07|2024-08-06|2024-11-07|2025-02-11|2025-05-06|2025-08-05|2025-11-04|2026-02-10|2026-05-05|2026-08-04|2026-11-03
URBN,2026-10-05,2020-11-23|2021-03-02|2021-05-25|2021-08-24|2021-11-22|2022-03-01|2022-05-24|2022-08-23|2022-11-21|2023-02-28|2023-05-23|2023-08-22|2023-11-21|2024-02-27|2024-05-21|2024-08-21|2024-11-26|2025-02-26|2025-05-21|2025-08-27|2025-11-25|2026-02-25|2026-05-20|2026-08-26|2026-11-25
URG,2026-10-05,2020-08-05|2021-02-26|2021-05-07|2021-08-03|2021-11-01|2022-03-09|2022-05-02|2022-08-01|2022-11-01|2023-03-06|2023-05-01|2023-08-07|2023-10-30|2024-03-06|2024-05-06|2024-08-09|2024-11-06|2025-04-11|2025-05-08|2025-08-05|2025-11-03|2026-03-10|2026-05-08|2026-08-10|2026-11-03
URGN,2026-09-21,2020-11-09|2021-03-18|2021-05-13|2021-08-04|2021-11-15|2022-03-21|2022-05-10|2022-08-11|2022-11-10|2023-03-16|2023-05-11|2023-08-10|2023-11-14|2024-03-14|2024-05-13|2024-08-13|2024-11-06|2025-03-10|2025-05-12|2025-08-07|2025-11-06|2026-03-02|2026-05-06|2026-08-05|2026-11-05
URI,2026-09-14,2020-10-28|2021-01-27|2021-04-28|2021-07-28|2021-10-27|2022-01-26|2022-04-27|2022-07-27|2022-10-26|2023-01-25|2023-04-26|2023-07-26|2023-10-25|2024-01-24|2024-04-24|2024-07-24|2024-10-23|2025-01-29|2025-04-23|2025-07-23|2025-10-22|2026-01-28|2026-04-22|2026-07-22|2026-10-21
USA,2026-10-05,FAILED
USA.L,2026-10-05,FAILED
USAR,2026-10-05,2025-05-14|2025-08-11|2025-11-06|2026-03-30|2026-05-13|2026-08-10|2026-11-05
USAS,2026-10-05,2020-11-13|2021-03-22|2021-05-17|2021-08-16|2021-11-15|2022-03-17|2022-05-11|2022-08-12|2022-11-11|2023-03-15|2023-05-15|2023-08-14|2023-11-14|2024-03-29|2024-05-15|2024-08-15|2024-11-07|2025-03-27|2025-05-09|2025-08-11|2025-11-10|2026-03-30|2026-05-14|2026-08-14|2026-11-09
USAU,2026-10-05,2017-12-15|2018-03-16|2018-07-30|2018-09-20|2018-12-14|2021-03-17|2021-07-29|2021-12-14|2022-03-17|2022-12-15|2023-03-17|2023-07-31|2024-03-18|2024-07-29|2024-12-16|2025-03-17|2025-07-29|2025-09-15|2025-12-10|2026-03-16|2026-07-29|2026-09-11|2026-12-10
USB,2026-09-28,2020-10-14|2021-01-20|2021-04-15|2021-07-15|2021-10-14|2022-01-19|2022-04-14|2022-07-15|2022-10-14|2023-01-25|2023-04-19|2023-07-19|2023-10-18|2024-01-17|2024-05-01|2024-07-17|2024-10-16|2025-01-15|2025-04-16|2025-07-17|2025-10-16|2026-01-20|2026-04-16|2026-07-16|2026-10-15
USCB,2026-09-14,2021-10-28|2022-01-27|2022-04-28|2022-07-28|2022-10-27|2023-01-26|2023-04-27|2023-07-27|2023-10-26|2024-01-25|2024-04-25|2024-07-25|2024-10-31|2025-01-23|2025-04-24|2025-07-24|2025-10-23|2026-01-22|2026-04-23|2026-07-23|2026-10-22
USFD,2026-09-21,2020-11-02|2021-02-16|2021-05-10|2021-08-09|2021-11-08|2022-02-17|2022-05-12|2022-08-11|2022-11-10|2023-02-16|2023-05-11|2023-08-10|2023-11-09|2024-02-15|2024-05-09|2024-08-08|2024-11-07|2025-02-13|2025-05-08|2025-08-07|2025-11-06|2026-02-12|2026-05-07|2026-08-06|2026-11-05
USIO,2026-09-21,2020-11-12|2021-03-29|2021-05-13|2021-08-12|2021-11-10|2022-03-17|2022-05-11|2022-08-11|2022-11-09|2023-03-08|2023-05-03|2023-08-14|2023-11-08|2024-03-27|2024-05-15|2024-08-14|2024-11-06|2025-03-26|2025-05-14|2025-08-06|2025-11-12|2026-03-18|2026-05-13|2026-08-12|2026-11-11
USNA,2026-10-05,2020-10-20|2021-02-09|2021-04-27|2021-07-27|2021-10-26|2022-02-08|2022-04-26|2022-07-26|2022-10-25|2023-02-07|2023-04-25|2023-07-25|2023-10-24|2024-02-06|2024-04-30|2024-07-23|2024-10-22|2025-02-25|2025-04-22|2025-07-22|2025-10-22|2026-02-17|2026-05-05|2026-08-04|2026-10-21
UTG.L,2026-10-05,2027-02-23
UTMD,2026-09-14,2013-04-25|2013-08-08|2013-10-24|2014-01-30|2014-04-24|2026-10-22
UUUU,2026-10-05,2020-04-30|2020-07-30|2020-10-29|2021-03-22|2021-05-13|2021-07-30|2021-11-01|2022-03-15|2022-11-04|2023-03-08|2023-05-05|2023-08-04|2023-11-03|2024-02-23|2024-05-03|2024-08-02|2024-10-31|2025-02-26|2025-05-07|2025-08-06|2025-11-03|2026-02-26|2026-05-06|2026-08-05|2026-11-02
UVE,2026-10-05,2020-10-27|2021-02-25|2021-04-28|2021-07-28|2021-10-27|2022-02-24|2022-04-28|2022-07-27|2022-10-27|2023-02-23|2023-04-27|2023-07-27|2023-10-26|2024-02-22|2024-04-25|2024-07-25|2024-10-24|2025-02-25|2025-04-24|2025-07-24|2025-10-23|2026-02-24|2026-04-23|2026-07-23|2026-10-22
UVV,2026-10-05,1999-10-26|2000-02-04|2000-05-04|2000-08-10|2000-10-24|2001-02-01|2001-05-03|2001-08-02|2001-10-23|2002-02-08|2002-05-02|2002-08-01|2002-10-22|2003-02-06|2003-05-06|2010-11-05|2011-02-08|2011-05-23|2011-08-04|2012-05-22|2025-11-05|2026-02-09|2026-05-28|2026-08-05|2026-11-05
V,2026-09-21,2020-10-28|2021-01-28|2021-04-27|2021-07-27|2021-10-26|2022-01-27|2022-04-26|2022-07-26|2022-10-25|2023-01-26|2023-04-25|2023-07-25|2023-10-24|2024-01-25|2024-04-23|2024-07-23|2024-10-29|2025-01-30|2025-04-29|2025-07-29|2025-10-28|2026-01-29|2026-04-28|2026-07-28|2026-10-27
VAC,2026-09-07,2020-11-04|2021-02-24|2021-05-05|2021-07-28|2021-11-08|2022-02-23|2022-05-05|2022-08-08|2022-10-31|2023-02-22|2023-05-03|2023-08-02|2023-11-01|2024-02-21|2024-05-06|2024-07-31|2024-11-06|2025-02-26|2025-05-07|2025-08-04|2025-11-05|2026-02-25|2026-05-05|2026-08-06|2026-11-04
VALU,2026-10-05,2010-12-14|2011-03-24|2011-07-29|2011-09-13|2011-12-09|2012-03-15|2012-09-14|2013-03-13
VANQ.L,2026-10-05,2026-07-30|2027-02-25
VBF,2026-10-05,FAILED
VCEL,2026-09-21,2020-11-05|2021-02-24|2021-05-05|2021-08-04|2021-11-09|2022-02-24|2022-05-04|2022-08-03|2022-11-09|2023-02-23|2023-05-10|2023-08-02|2023-11-08|2024-02-29|2024-05-08|2024-08-01|2024-11-07|2025-02-27|2025-05-08|2025-07-31|2025-11-06|2026-02-26|2026-05-07|2026-07-30|2026-11-05
VCIG,2026-09-28,2026-10-06
VCT.L,2026-08-31,2026-12-01
VCTR,2026-10-05,2020-11-04|2021-02-10|2021-05-06|2021-08-05|2021-11-04|2022-02-10|2022-05-05|2022-08-04|2022-11-03|2023-02-09|2023-05-04|2023-08-03|2023-11-02|2024-02-08|2024-05-10|2024-08-08|2024-11-07|2025-02-06|2025-05-08|2025-08-07|2025-11-06|2026-02-04|2026-05-06|2026-08-05|2026-11-05
VCV,2026-10-05,FAILED
VCYT,2026-09-14,2020-11-02|2021-02-17|2021-05-10|2021-07-29|2021-11-09|2022-02-28|2022-05-03|2022-08-02|2022-11-02|2023-02-22|2023-05-04|2023-08-08|2023-11-07|2024-02-22|2024-05-07|2024-08-06|2024-11-06|2025-02-24|2025-05-07|2025-08-06|2025-11-04|2026-02-25|2026-05-05|2026-07-30|2026-11-03
VEEE,2026-09-14,2026-11-05
VEEV,2026-10-05,2020-12-01|2021-03-02|2021-05-27|2021-09-01|2021-12-01|2022-03-02|2022-06-01|2022-08-31|2022-12-01|2023-03-01|2023-05-31|2023-08-30|2023-12-06|2024-02-29|2024-05-30|2024-08-28|2024-12-05|2025-03-05|2025-05-28|2025-08-27|2025-11-20|2026-03-04|2026-06-03|2026-08-26|2026-11-25
VEL,2026-10-05,2020-11-11|2021-03-16|2021-05-06|2021-08-05|2021-11-03|2022-03-10|2022-05-05|2022-08-05|2022-11-03|2023-03-09|2023-05-04|2023-08-03|2023-11-02|2024-03-07|2024-05-02|2024-08-01|2024-11-07|2025-03-06|2025-05-01|2025-08-07|2025-11-06|2026-03-11|2026-05-06|2026-08-05|2026-11-05
VENU,2026-09-21,2025-08-14|2025-11-14|2026-03-31|2026-05-15|2026-08-13|2026-11-12
VERI,2026-09-14,2020-11-09|2021-03-04|2021-05-04|2021-08-03|2021-11-09|2022-03-03|2022-05-03|2022-08-09|2022-11-08|2023-03-16|2023-05-02|2023-08-08|2023-11-08|2024-03-12|2024-05-07|2024-08-14|2024-11-12|2025-03-13|2025-05-08|2025-08-07|2025-11-06|2026-04-15|2026-05-12|2026-08-13|2026-11-12
VFC,2026-10-05,2020-10-16|2021-01-27|2021-05-21|2021-07-30|2021-10-22|2022-01-28|2022-05-19|2022-07-28|2022-10-26|2023-02-07|2023-05-23|2023-08-01|2023-10-30|2024-02-06|2024-05-22|2024-08-06|2024-10-28|2025-01-29|2025-05-21|2025-07-30|2025-10-28|2026-01-28|2026-05-20|2026-07-29|2026-10-28
VFF,2026-09-14,2020-11-13|2021-03-16|2021-05-10|2021-08-09|2021-11-09|2022-03-01|2022-05-10|2022-08-09|2022-11-09|2023-03-09|2023-05-10|2023-08-09|2023-11-08|2024-03-13|2024-05-08|2024-08-08|2024-11-07|2025-03-13|2025-05-12|2025-08-11|2025-11-10|2026-03-12|2026-05-11|2026-08-10|2026-11-09
VGM,2026-10-05,FAILED
VGZ,2026-10-05,2011-11-09|2012-03-14|2012-05-08|2012-08-07|2012-11-02|2013-03-13|2013-05-07|2018-10-29|2019-02-21|2019-05-06|2019-07-30|2019-10-23|2020-02-25|2020-05-04|2020-07-29|2020-10-28|2021-02-24|2021-04-30|2021-07-28|2021-10-27|2022-02-23|2026-10-29
VHC,2026-09-28,2010-03-31|2010-11-08|2011-03-16|2011-08-09|2011-11-09|2012-02-29|2012-05-10|2012-08-09|2012-11-09|2013-03-01|2013-05-10|2014-03-03|2015-08-10|2015-11-09|2025-08-14
VHI,2026-10-05,2019-05-09|2019-08-08|2019-11-08|2020-03-12|2020-05-07|2020-08-06|2020-11-05|2021-03-11|2021-08-05|2021-11-04|2022-03-10|2022-05-05|2022-08-04|2022-11-03|2023-03-09|2023-05-04|2023-08-03|2023-11-06|2024-03-07|2024-05-09|2024-08-08|2024-11-07|2025-03-06|2025-05-08|2026-11-05
VICI,2026-09-28,2020-10-28|2021-02-18|2021-04-29|2021-07-28|2021-10-27|2022-02-23|2022-05-04|2022-07-27|2022-10-27|2023-02-23|2023-05-01|2023-07-26|2023-10-25|2024-02-22|2024-05-01|2024-07-31|2024-10-31|2025-02-20|2025-04-30|2025-07-30|2025-10-30|2026-02-25|2026-04-29|2026-07-29|2026-10-28
VID.L,2026-10-05,2026-08-05|2027-04-01
VJET,2026-10-05,2024-05-06|2024-08-14|2024-11-14
VKQ,2026-10-05,FAILED
VLO,2026-10-05,2020-10-22|2021-01-28|2021-04-22|2021-07-29|2021-10-21|2022-01-27|2022-04-26|2022-07-28|2022-10-25|2023-01-26|2023-04-27|2023-07-27|2023-10-26|2024-01-25|2024-04-25|2024-07-25|2024-10-24|2025-01-30|2025-04-24|2025-07-24|2025-10-23|2026-01-29|2026-04-30|2026-07-30|2026-10-22
VLT,2026-10-05,FAILED
VLY,2026-09-14,2020-10-22|2021-01-28|2021-04-29|2021-07-22|2021-10-28|2022-01-27|2022-04-28|2022-07-28|2022-10-27|2023-01-26|2023-04-27|2023-07-27|2023-10-26|2024-01-25|2024-04-25|2024-07-25|2024-10-24|2025-01-23|2025-04-23|2025-07-24|2025-10-22|2026-01-29|2026-04-23|2026-07-23|2026-10-29
VMC,2026-10-05,2020-11-05|2021-02-16|2021-05-04|2021-08-04|2021-11-04|2022-02-16|2022-05-04|2022-08-04|2022-11-02|2023-02-16|2023-05-04|2023-08-03|2023-10-26|2024-02-16|2024-05-02|2024-08-06|2024-10-30|2025-02-18|2025-04-30|2025-07-31|2025-10-30|2026-02-17|2026-04-29|2026-07-29|2026-10-29
VMD,2026-09-21,2020-11-04|2021-03-03|2021-05-03|2021-08-02|2021-11-01|2022-03-07|2022-05-03|2022-08-02|2022-11-01|2023-03-02|2023-05-08|2023-08-09|2023-11-01|2024-03-06|2024-05-06|2024-08-07|2024-11-06|2025-03-10|2025-05-07|2025-08-06|2025-11-05|2026-03-04|2026-05-05|2026-08-03|2026-11-04
VMO,2026-10-05,FAILED
VNCE,2026-10-05,2019-06-13|2019-09-12|2019-12-12|2020-06-09|2020-07-31|2020-09-14|2020-12-21|2021-04-29|2021-06-10|2021-09-09|2021-12-09|2022-04-29|2022-06-09|2022-09-12|2024-06-18|2024-09-16|2024-12-10|2025-05-02|2025-06-17|2025-09-10|2025-12-09|2026-04-15|2026-06-16|2026-09-10|2026-12-08
VNDA,2026-10-05,2020-08-05|2020-10-28|2021-02-10|2021-05-05|2021-07-28|2021-11-03|2022-02-23|2022-05-05|2022-08-03|2022-11-02|2023-02-08|2023-07-27|2023-11-08|2024-02-07|2024-05-09|2024-07-31|2024-11-06|2025-02-13|2025-05-07|2025-07-31|2025-10-29|2026-02-11|2026-05-06|2026-08-05|2026-11-04
VNO,2026-09-21,2020-11-02|2021-02-16|2021-05-03|2021-08-02|2021-11-01|2022-02-14|2022-05-02|2022-08-01|2022-10-31|2023-02-13|2023-05-01|2023-07-31|2023-10-30|2024-02-12|2024-05-06|2024-08-05|2024-11-04|2025-02-10|2025-05-05|2025-08-04|2025-11-03|2026-02-09|2026-05-04|2026-08-03|2026-11-02
VOF.L,2026-10-05,FAILED
VOR,2026-09-21,2021-03-25|2021-05-06|2021-08-09|2021-11-10|2022-03-14|2022-05-12|2022-08-11|2022-11-10|2023-03-23|2023-05-11|2023-08-10|2023-11-07|2024-03-20|2024-05-09|2024-08-08|2024-11-07|2025-03-20|2025-05-14|2025-08-12|2025-11-13|2026-03-30|2026-05-13|2026-08-11|2026-11-12
VOXR,2026-10-05,2021-11-22|2022-04-26|2022-05-24|2022-08-15|2022-11-15|2023-03-13|2023-08-09|2023-11-08|2024-03-07|2024-05-08|2024-08-07|2024-11-06|2025-02-20|2025-05-15|2025-08-13|2025-11-12|2026-03-30|2026-05-13|2026-08-12|2026-11-11
VRA,2026-10-05,2020-12-09|2021-03-10|2021-06-09|2021-09-01|2021-12-08|2022-03-09|2022-06-08|2022-08-31|2022-12-07|2023-03-08|2023-06-07|2023-08-30|2023-12-06|2024-03-13|2024-06-12|2024-09-11|2024-12-11|2025-03-12|2025-06-11|2025-09-11|2025-12-11|2026-03-12|2026-06-11|2026-09-15|2026-12-10
VRAX,2026-10-05,FAILED
VRCA,2026-10-05,2020-08-05|2020-11-09|2021-03-04|2021-05-07|2021-08-10|2021-11-12|2022-03-02|2022-05-09|2022-08-11|2022-11-07|2023-03-06|2023-05-09|2023-08-08|2023-11-09|2024-02-29|2024-05-13|2024-08-14|2024-11-04|2025-03-11|2025-05-13|2025-08-12|2025-11-14|2026-03-11|2026-08-06|2026-11-13
VREX,2026-10-05,2020-11-17|2021-02-04|2021-05-04|2021-08-03|2021-11-16|2022-02-08|2022-05-03|2022-08-02|2022-11-15|2023-01-31|2023-05-02|2023-08-01|2023-11-14|2024-02-06|2024-05-02|2024-08-01|2024-11-19|2025-02-06|2025-05-08|2025-08-07|2025-11-18|2026-02-10|2026-05-07|2026-08-10|2026-11-17
VRNS,2026-10-05,2020-10-26|2021-02-08|2021-05-03|2021-08-02|2021-11-01|2022-02-07|2022-05-02|2022-08-01|2022-10-31|2023-02-06|2023-05-01|2023-07-31|2023-10-30|2024-02-05|2024-05-06|2024-07-29|2024-10-29|2025-02-04|2025-05-06|2025-07-29|2025-10-28|2026-02-03|2026-04-28|2026-07-28|2026-10-27
VRRM,2026-10-05,2020-11-05|2021-03-01|2021-05-17|2021-08-09|2021-11-04|2022-04-21|2022-05-09|2022-08-03|2022-11-02|2023-03-01|2023-05-04|2023-08-09|2023-11-09|2024-02-29|2024-05-02|2024-08-08|2024-10-31|2025-02-27|2025-05-07|2025-08-06|2025-10-29|2026-02-24|2026-05-06|2026-08-05|2026-10-28
VRTX,2026-09-21,2020-10-29|2021-02-01|2021-04-29|2021-07-29|2021-11-02|2022-01-26|2022-05-05|2022-08-04|2022-10-27|2023-02-07|2023-05-01|2023-08-01|2023-11-06|2024-02-05|2024-05-06|2024-08-01|2024-11-04|2025-02-10|2025-05-05|2025-08-04|2025-11-03|2026-02-12|2026-05-04|2026-08-03|2026-11-02
VRXA,2026-09-21,FAILED
VSEC,2026-10-05,2020-10-28|2021-03-04|2021-04-28|2021-07-28|2021-10-27|2022-03-09|2022-04-27|2022-07-27|2022-10-26|2023-03-08|2023-05-01|2023-07-26|2023-11-01|2024-03-06|2024-05-08|2024-07-31|2024-11-06|2025-02-26|2025-05-06|2025-07-30|2025-10-27|2026-02-25|2026-05-05|2026-08-05|2026-11-02
VSTM,2026-10-05,2020-11-09|2021-03-18|2021-05-11|2021-08-02|2021-11-04|2022-03-28|2022-05-09|2022-08-08|2022-11-03|2023-03-14|2023-05-09|2023-08-08|2023-11-08|2024-03-14|2024-05-09|2024-08-08|2024-11-06|2025-03-20|2025-05-13|2025-08-07|2025-11-04|2026-03-04|2026-05-07|2026-08-06|2026-11-03
VSVS.L,2026-10-05,2026-07-30|2027-03-11
VSXY,2026-09-14,2021-08-18|2021-11-17|2022-03-02|2022-05-31|2022-08-24|2022-11-30|2023-03-02|2023-05-31|2023-08-30|2023-11-29|2024-03-06|2024-06-05|2024-08-28|2024-12-05|2025-03-05|2025-06-03|2025-08-28|2025-12-05|2026-03-05|2026-06-02|2026-09-03|2026-12-03
VTN,2026-10-05,FAILED
VTR,2026-10-05,2020-11-06|2021-02-18|2021-05-07|2021-08-06|2021-11-05|2022-02-17|2022-05-05|2022-08-04|2022-11-03|2023-02-09|2023-05-08|2023-08-03|2023-11-02|2024-02-14|2024-05-01|2024-08-01|2024-10-30|2025-02-12|2025-04-30|2025-07-30|2025-10-29|2026-02-05|2026-04-27|2026-07-29|2026-10-27
VTS,2026-09-14,2023-02-13|2023-05-08|2023-07-31|2023-11-01|2024-02-26|2024-05-06|2024-08-05|2024-11-04|2025-03-11|2025-05-05|2025-08-04|2025-11-03|2026-03-02|2026-05-04|2026-08-03|2026-11-02
VTSI,2026-10-05,2020-11-10|2021-03-29|2021-05-17|2021-08-12|2021-11-15|2022-08-02|2022-08-11|2022-08-19|2022-11-14|2023-03-31|2023-05-15|2023-08-14|2023-11-14|2024-04-01|2024-05-14|2024-08-12|2024-11-12|2025-03-27|2025-05-12|2025-08-11|2025-11-10|2026-03-26|2026-05-11|2026-08-13|2026-11-09
VTY.L,2026-10-05,2026-09-24|2027-03-03
VVV,2026-10-05,2020-10-28|2021-02-03|2021-04-28|2021-08-04|2021-11-03|2022-02-08|2022-05-09|2022-08-03|2022-11-15|2023-02-07|2023-05-10|2023-08-09|2023-11-09|2024-02-06|2024-05-08|2024-08-07|2024-11-19|2025-02-06|2025-05-08|2025-08-06|2025-11-19|2026-02-04|2026-05-07|2026-08-05|2026-11-18
VYGR,2026-10-05,2020-11-09|2021-02-25|2021-05-10|2021-08-09|2021-11-02|2022-03-08|2022-05-04|2022-08-04|2022-11-08|2023-03-07|2023-05-09|2023-08-03|2023-11-06|2024-02-28|2024-05-13|2024-08-06|2024-11-12|2025-03-11|2025-05-06|2025-08-06|2025-11-10|2026-03-09|2026-05-07|2026-08-06|2026-11-09
VZ,2026-10-05,2020-10-21|2021-01-26|2021-04-21|2021-07-21|2021-10-20|2022-01-25|2022-04-22|2022-07-22|2022-10-21|2023-01-24|2023-04-25|2023-07-25|2023-10-24|2024-01-23|2024-04-22|2024-07-22|2024-10-22|2025-01-24|2025-04-22|2025-07-21|2025-10-29|2026-01-30|2026-04-27|2026-07-24|2026-10-26
WAB,2026-10-05,2020-10-29|2021-02-18|2021-04-29|2021-07-29|2021-10-27|2022-02-16|2022-04-27|2022-08-05|2022-11-01|2023-02-15|2023-04-26|2023-07-27|2023-10-25|2024-02-14|2024-04-24|2024-07-24|2024-10-23|2025-02-12|2025-04-23|2025-07-24|2025-10-22|2026-02-11|2026-04-22|2026-07-22|2026-10-21
WAFD,2026-09-21,2020-10-14|2021-01-14|2021-04-13|2021-07-13|2021-10-14|2022-01-13|2022-04-13|2022-07-13|2022-10-13|2023-01-12|2023-04-13|2023-07-14|2023-10-17|2024-01-16|2024-04-22|2024-07-16|2024-10-17|2025-01-16|2025-04-11|2025-07-17|2025-10-16|2026-01-15|2026-04-16|2026-07-16|2026-10-15
WAFU,2026-10-05,FAILED
WASH,2026-09-14,2020-10-19|2021-01-27|2021-04-21|2021-07-21|2021-10-25|2022-01-26|2022-04-25|2022-07-25|2022-10-24|2023-01-25|2023-04-24|2023-07-24|2023-10-23|2024-01-24|2024-04-22|2024-07-22|2024-10-21|2025-01-29|2025-04-21|2025-07-21|2025-10-20|2026-01-28|2026-04-20|2026-07-20|2026-10-19
WAT,2026-10-05,2020-10-27|2021-02-02|2021-05-05|2021-08-03|2021-11-02|2022-02-01|2022-05-03|2022-08-02|2022-11-01|2023-02-15|2023-05-09|2023-08-02|2023-11-07|2024-02-06|2024-05-07|2024-07-31|2024-11-01|2025-02-12|2025-05-06|2025-08-04|2025-11-04|2026-02-09|2026-05-05|2026-08-04|2026-11-03
WBD,2026-09-28,2020-11-05|2021-02-22|2021-04-28|2021-08-03|2021-11-03|2022-02-24|2022-04-26|2022-08-05|2022-11-03|2023-02-22|2023-05-05|2023-08-03|2023-11-08|2024-02-23|2024-05-09|2024-08-07|2024-11-07|2025-02-27|2025-05-08|2025-08-07|2025-11-06|2026-02-26|2026-05-06|2026-08-06|2026-11-05
WBTN,2026-10-05,2024-08-08|2024-11-07|2025-02-25|2025-05-13|2025-08-12|2025-11-12|2026-03-03|2026-05-11|2026-08-10|2026-11-16
WBX,2026-09-28,2022-09-29|2022-11-14|2026-11-11
WD,2026-10-05,2020-10-29|2021-02-04|2021-05-06|2021-08-05|2021-11-04|2022-02-03|2022-05-05|2022-08-04|2022-11-09|2023-02-21|2023-05-04|2023-08-03|2023-11-09|2024-02-15|2024-05-02|2024-08-08|2024-11-07|2025-02-13|2025-05-01|2025-08-07|2025-11-06|2026-02-26|2026-05-07|2026-08-06|2026-11-05
WDFC,2026-10-05,2020-10-20|2021-01-07|2021-04-08|2021-07-07|2021-10-19|2022-01-06|2022-04-07|2022-07-07|2022-10-19|2023-01-09|2023-04-06|2023-07-10|2023-10-19|2024-01-09|2024-04-09|2024-07-10|2024-10-17|2025-01-10|2025-04-08|2025-07-10|2025-10-22|2026-01-08|2026-04-09|2026-07-09|2026-10-21
WEC,2026-10-05,2020-11-03|2021-02-04|2021-05-03|2021-08-03|2021-11-02|2022-02-03|2022-05-02|2022-08-02|2022-11-01|2023-02-02|2023-05-01|2023-08-01|2023-10-31|2024-02-01|2024-05-01|2024-07-31|2024-10-31|2025-02-04|2025-05-06|2025-07-30|2025-10-30|2026-02-05|2026-05-05|2026-07-29|2026-10-29
WETH,2026-09-14,FAILED
WEX,2026-09-07,2020-10-29|2021-02-24|2021-04-29|2021-07-29|2021-10-28|2022-02-10|2022-04-28|2022-07-28|2022-10-27|2023-02-09|2023-04-27|2023-07-27|2023-10-26|2024-02-08|2024-04-25|2024-07-25|2024-10-24|2025-02-05|2025-04-30|2025-07-23|2025-10-29|2026-02-04|2026-04-22|2026-07-22|2026-10-28
WEYS,2026-09-21,2012-04-30|2012-07-31|2012-10-29|2013-02-28|2013-05-02|2013-07-30|2013-10-29|2014-02-25|2014-05-01|2014-08-05|2014-11-04|2015-03-02|2015-05-05|2016-05-03|2016-08-02|2016-11-07|2017-03-08|2017-05-02|2026-11-03
WGO,2026-10-05,2020-10-21|2020-12-18|2021-03-24|2021-06-23|2021-10-20|2021-12-17|2022-03-23|2022-06-22|2022-10-19|2022-12-16|2023-03-22|2023-06-21|2023-10-18|2023-12-20|2024-03-21|2024-06-20|2024-10-23|2024-12-20|2025-03-27|2025-06-25|2025-10-22|2025-12-19|2026-03-25|2026-06-25|2026-10-21
WH,2026-10-05,2020-10-28|2021-02-10|2021-04-28|2021-07-28|2021-10-27|2022-02-15|2022-04-26|2022-07-26|2022-10-25|2023-02-15|2023-04-26|2023-07-26|2023-10-25|2024-02-14|2024-04-24|2024-07-24|2024-10-23|2025-02-12|2025-04-30|2025-07-23|2025-10-22|2026-02-18|2026-04-29|2026-07-22|2026-10-21
WHD,2026-10-05,2020-11-04|2021-02-24|2021-05-05|2021-07-28|2021-11-03|2022-02-28|2022-05-04|2022-08-04|2022-11-07|2023-02-22|2023-05-09|2023-08-07|2023-11-08|2024-02-28|2024-05-01|2024-07-31|2024-10-30|2025-02-26|2025-04-30|2025-07-30|2025-10-29|2026-02-25|2026-05-06|2026-07-29|2026-11-04
WHG,2026-09-14,2011-02-03|2011-04-20|2011-07-20|2011-10-19|2012-02-02|2012-04-19|2012-07-19|2012-10-18|2013-02-07|2013-04-18|2013-07-18|2013-10-17|2014-02-06|2014-04-17|2014-07-30|2014-10-23|2015-02-04|2015-04-29|2026-10-29
WHR,2026-10-05,2020-10-21|2021-01-27|2021-04-21|2021-07-21|2021-10-21|2022-01-26|2022-04-25|2022-07-25|2022-10-20|2023-01-30|2023-04-24|2023-07-24|2023-10-25|2024-01-29|2024-04-24|2024-07-24|2024-10-23|2025-01-29|2025-04-23|2025-07-28|2025-10-27|2026-01-28|2026-05-06|2026-08-03|2026-10-28
WIMI,2026-09-07,2026-09-24
WINA,2026-10-05,2012-02-29|2012-04-18|2012-07-18|2012-10-17|2013-02-27|2013-04-17|2013-07-17|2013-10-16|2014-02-25|2014-04-16|2014-07-16|2014-10-15|2015-02-25|2015-04-15|2024-07-17|2024-10-16|2025-02-19|2025-04-16|2025-07-15|2025-10-15|2026-02-18|2026-04-15|2026-07-15|2026-10-14
WING,2026-10-05,2020-11-02|2021-02-17|2021-04-28|2021-07-28|2021-11-03|2022-02-16|2022-05-04|2022-07-28|2022-10-26|2023-02-22|2023-05-03|2023-08-02|2023-11-01|2024-02-21|2024-05-01|2024-07-31|2024-10-30|2025-02-19|2025-04-30|2025-07-30|2025-11-04|2026-02-18|2026-04-29|2026-07-29|2026-10-28
WIT,2026-10-05,2020-10-13|2021-01-13|2021-04-15|2021-07-15|2021-10-13|2022-01-12|2022-04-29|2022-07-20|2022-10-12|2023-01-13|2023-04-27|2023-07-13|2023-10-18|2024-01-12|2024-04-19|2024-07-19|2024-10-17|2025-01-17|2025-04-16|2025-07-18|2025-10-16|2026-01-16|2026-04-16|2026-07-16|2026-10-15
WKC,2026-09-14,2020-10-29|2021-02-25|2021-04-29|2021-07-29|2021-10-28|2022-02-24|2022-04-28|2022-07-28|2022-10-27|2023-02-23|2023-04-27|2023-07-27|2023-10-26|2024-02-22|2024-04-25|2024-07-25|2024-10-24|2025-02-20|2025-04-24|2025-07-31|2025-10-23|2026-02-19|2026-04-23|2026-07-23|2026-10-22
WLFC,2026-10-05,2011-03-14|2011-05-09|2011-08-08|2011-11-09|2012-03-12|2012-05-07|2012-08-06|2014-03-03|2014-05-05|2014-08-06|2014-11-05|2015-03-11|2015-05-08|2015-07-31|2025-03-10|2025-05-06|2025-08-05|2025-11-04|2026-03-10|2026-05-05|2026-08-04|2026-11-03
WLK,2026-10-05,2020-11-03|2021-02-23|2021-05-04|2021-08-03|2021-11-02|2022-02-22|2022-05-03|2022-08-02|2022-11-03|2023-02-21|2023-05-04|2023-08-03|2023-11-02|2024-02-20|2024-05-01|2024-08-06|2024-11-05|2025-02-24|2025-05-02|2025-08-05|2025-10-30|2026-02-24|2026-05-05|2026-08-04|2026-10-29
WM,2026-10-05,2020-11-02|2021-02-18|2021-04-27|2021-07-27|2021-10-26|2022-02-02|2022-04-26|2022-07-27|2022-10-26|2023-01-31|2023-04-26|2023-07-25|2023-10-24|2024-02-12|2024-04-24|2024-07-24|2024-10-28|2025-01-29|2025-04-28|2025-07-28|2025-10-27|2026-01-28|2026-04-28|2026-07-28|2026-10-27
WMS,2026-10-05,2020-11-05|2021-02-04|2021-05-20|2021-08-05|2021-11-04|2022-02-03|2022-05-19|2022-08-04|2022-11-03|2023-02-02|2023-05-18|2023-08-03|2023-11-02|2024-02-08|2024-05-16|2024-08-08|2024-11-08|2025-02-06|2025-05-15|2025-08-07|2025-11-06|2026-02-05|2026-05-21|2026-08-06|2026-11-05
WMT,2026-10-05,2020-11-17|2021-02-18|2021-05-18|2021-08-17|2021-11-16|2022-02-17|2022-05-17|2022-08-16|2022-11-15|2023-02-21|2023-05-18|2023-08-17|2023-11-16|2024-02-20|2024-05-16|2024-08-15|2024-11-19|2025-02-20|2025-05-15|2025-08-21|2025-11-20|2026-02-19|2026-05-21|2026-08-20|2026-11-19
WNC,2026-10-05,2020-11-05|2021-02-03|2021-04-28|2021-07-28|2021-11-09|2022-02-02|2022-04-27|2022-07-27|2022-10-26|2023-02-02|2023-04-26|2023-07-26|2023-10-25|2024-02-01|2024-04-24|2024-07-24|2024-10-24|2025-01-29|2025-04-30|2025-07-25|2025-10-30|2026-02-04|2026-05-01|2026-07-29|2026-10-29
WNEB,2026-09-14,2020-10-27|2021-01-26|2021-04-27|2021-07-27|2021-10-26|2022-01-25|2022-04-26|2022-07-26|2022-10-25|2023-01-24|2023-04-25|2023-07-25|2023-10-24|2024-01-23|2024-04-23|2024-07-23|2024-10-23|2025-01-28|2025-04-22|2025-07-22|2025-10-28|2026-01-27|2026-04-28|2026-07-28|2026-10-27
WNW,2026-10-05,FAILED
WOK,2026-10-05,FAILED
WOOF,2026-10-05,2021-03-18|2021-05-20|2021-08-19|2021-11-18|2022-03-08|2022-05-24|2022-08-24|2022-11-30|2023-03-22|2023-05-24|2023-08-24|2023-11-29|2024-03-13|2024-05-22|2024-09-10|2024-12-05|2025-03-26|2025-06-05|2025-08-28|2025-11-25|2026-03-11|2026-06-03|2026-09-02|2026-12-03
WOR,2026-10-05,2020-09-23|2021-03-24|2021-06-23|2021-09-29|2021-12-16|2022-03-22|2022-06-22|2022-09-29|2022-12-20|2023-03-22|2023-06-28|2023-09-27|2023-12-19|2024-03-20|2024-06-25|2024-09-24|2024-12-17|2025-03-25|2025-06-24|2025-09-23|2025-12-16|2026-03-24|2026-06-23|2026-09-22|2026-12-15
WORX,2026-10-05,FAILED
WPC,2026-10-05,2020-10-30|2021-02-12|2021-04-30|2021-07-30|2021-10-29|2022-02-11|2022-04-29|2022-07-29|2022-11-04|2023-02-10|2023-04-28|2023-07-28|2023-11-03|2024-02-09|2024-04-30|2024-07-30|2024-10-29|2025-02-11|2025-04-29|2025-07-29|2025-10-28|2026-02-10|2026-04-28|2026-07-28|2026-10-27
WPM,2026-10-05,2020-11-09|2021-03-11|2021-05-06|2021-08-12|2021-11-04|2022-03-10|2022-05-05|2022-08-11|2022-11-03|2023-03-09|2023-05-04|2023-08-10|2023-11-10|2024-03-14|2024-05-09|2024-08-07|2024-11-07|2025-03-13|2025-05-08|2025-08-06|2025-11-06|2026-03-12|2026-05-07|2026-08-06|2026-11-05
WRLD,2026-09-14,2020-10-22|2021-01-22|2021-05-06|2021-07-21|2021-10-26|2022-01-25|2022-05-05|2022-07-27|2022-10-27|2023-01-26|2023-05-04|2023-07-21|2023-10-20|2024-01-19|2024-05-02|2024-07-26|2024-10-25|2025-01-28|2025-04-29|2025-07-24|2025-10-23|2026-01-27|2026-04-30|2026-07-24|2026-10-22
WSBC,2026-10-05,2020-10-21|2021-01-26|2021-04-27|2021-07-27|2021-10-26|2022-01-25|2022-04-26|2022-07-26|2022-10-25|2023-01-24|2023-04-24|2023-07-25|2023-10-25|2024-01-23|2024-04-23|2024-07-26|2024-10-23|2025-01-22|2025-04-29|2025-07-29|2025-10-22|2026-01-27|2026-04-21|2026-07-21|2026-10-21
WSBF,2026-09-21,2012-03-09|2018-04-24|2018-07-31|2018-10-23|2019-01-30|2019-04-23|2019-07-24|2019-10-23|2020-01-30|2020-04-28|2020-07-27|2020-10-26|2021-01-28|2021-04-26|2021-07-20|2021-10-19|2022-01-27|2022-04-21|2022-07-21|2022-10-26|2023-01-26|2023-04-25|2023-07-25|2026-02-13|2026-10-22
WSFS,2026-09-14,2020-10-22|2021-01-25|2021-04-22|2021-07-22|2021-10-21|2022-01-24|2022-04-21|2022-07-25|2022-10-24|2023-01-26|2023-04-24|2023-07-24|2023-10-23|2024-01-25|2024-04-25|2024-07-25|2024-10-24|2025-01-27|2025-04-24|2025-07-24|2025-10-23|2026-01-26|2026-04-23|2026-07-23|2026-10-22
WSO,2026-10-05,2020-10-22|2021-02-11|2021-04-22|2021-07-22|2021-10-20|2022-02-10|2022-04-21|2022-07-26|2022-10-20|2023-02-16|2023-04-20|2023-08-01|2023-10-19|2024-02-13|2024-04-24|2024-07-30|2024-10-23|2025-02-18|2025-04-23|2025-07-30|2025-10-29|2026-02-17|2026-04-28|2026-07-29|2026-10-27
WSO-B,2026-10-05,FAILED
WT,2026-10-05,2020-10-30|2021-01-29|2021-04-30|2021-07-30|2021-10-29|2022-01-28|2022-04-29|2022-07-29|2022-10-28|2023-02-03|2023-04-28|2023-07-28|2023-10-27|2024-02-02|2024-04-26|2024-07-26|2024-10-25|2025-01-31|2025-05-02|2025-07-31|2025-10-31|2026-01-30|2026-05-01|2026-07-31|2026-10-30
WTBA,2026-09-14,2020-10-29|2021-01-28|2021-04-29|2021-07-29|2021-10-28|2022-01-27|2022-04-28|2022-07-28|2022-10-27|2023-01-26|2023-04-27|2023-07-27|2023-10-26|2024-01-25|2024-04-25|2024-07-25|2024-10-24|2025-01-23|2025-04-24|2025-07-24|2025-10-23|2026-01-29|2026-04-23|2026-07-23|2026-10-29
WTFC,2026-10-05,2020-10-21|2021-01-20|2021-04-19|2021-07-19|2021-10-19|2022-01-19|2022-04-19|2022-07-20|2022-10-18|2023-01-18|2023-04-19|2023-07-19|2023-10-17|2024-01-17|2024-04-17|2024-07-17|2024-10-21|2025-01-21|2025-04-21|2025-07-21|2025-10-20|2026-01-20|2026-04-20|2026-07-20|2026-10-19
WTRG,2026-10-05,2020-11-03|2021-02-24|2021-05-05|2021-08-04|2021-11-01|2022-02-23|2022-05-09|2022-08-03|2022-11-07|2023-02-27|2023-05-08|2023-08-07|2023-11-06|2024-02-22|2024-05-02|2024-08-05|2024-11-04|2025-02-26|2025-05-12|2025-07-31|2025-11-04|2026-02-25|2026-05-06|2026-08-04|2026-11-04
WTS,2026-09-14,2020-11-04|2021-02-10|2021-05-04|2021-08-04|2021-11-03|2022-02-09|2022-05-03|2022-08-03|2022-11-02|2023-02-08|2023-05-03|2023-08-02|2023-11-01|2024-02-12|2024-05-08|2024-08-07|2024-10-30|2025-02-10|2025-05-07|2025-08-06|2025-11-05|2026-02-11|2026-05-06|2026-08-05|2026-10-28
WVE,2026-10-05,2020-11-09|2021-03-04|2021-05-13|2021-08-05|2021-11-10|2022-03-03|2022-05-12|2022-08-11|2022-11-10|2023-03-23|2023-05-03|2023-08-03|2023-11-09|2024-03-06|2024-05-10|2024-08-08|2024-11-12|2025-03-04|2025-05-08|2025-07-30|2025-11-10|2026-02-26|2026-04-28|2026-07-30|2026-11-09
WVVI,2026-09-14,FAILED
WWD,2026-10-05,2020-11-19|2021-02-01|2021-05-03|2021-08-02|2021-11-18|2022-01-31|2022-05-02|2022-08-01|2022-11-17|2023-01-30|2023-05-01|2023-07-31|2023-11-16|2024-01-29|2024-04-29|2024-07-29|2024-11-25|2025-02-03|2025-04-28|2025-07-28|2025-11-24|2026-02-02|2026-04-29|2026-07-29|2026-11-23
WY,2026-10-05,2020-10-30|2021-01-29|2021-04-30|2021-07-30|2021-10-29|2022-01-28|2022-04-29|2022-07-29|2022-10-27|2023-01-26|2023-04-27|2023-07-27|2023-10-26|2024-01-25|2024-04-25|2024-07-25|2024-10-24|2025-01-30|2025-04-24|2025-07-24|2025-10-30|2026-01-29|2026-04-30|2026-07-30|2026-10-29
WYNN,2026-10-05,2020-11-05|2021-02-04|2021-05-10|2021-08-04|2021-11-09|2022-02-15|2022-05-10|2022-08-09|2022-11-09|2023-02-08|2023-05-09|2023-08-09|2023-11-09|2024-02-07|2024-05-07|2024-08-06|2024-11-04|2025-02-13|2025-05-06|2025-08-07|2025-11-06|2026-02-12|2026-05-07|2026-08-04|2026-11-05
XBIO,2026-10-05,2020-03-26|2020-05-14|2020-08-12|2020-11-12|2021-03-16|2021-05-11|2021-08-12|2021-11-12|2022-03-22|2022-05-12|2022-08-11|2022-11-09|2023-03-22|2023-05-11|2023-08-10|2023-11-09|2024-03-21|2024-05-09|2024-08-13|2024-11-12|2025-03-18|2025-05-13|2025-08-12|2025-11-12|2026-03-12
XEL,2026-10-05,2020-10-29|2021-01-28|2021-04-29|2021-07-29|2021-10-28|2022-01-27|2022-04-28|2022-07-28|2022-10-27|2023-01-26|2023-04-27|2023-07-27|2023-10-27|2024-01-25|2024-04-25|2024-08-01|2024-10-31|2025-02-06|2025-04-24|2025-07-31|2025-10-30|2026-02-05|2026-04-30|2026-07-30|2026-10-29
XENE,2026-10-05,2020-11-05|2021-03-01|2021-05-11|2021-08-11|2021-11-10|2022-03-01|2022-05-10|2022-08-09|2022-11-08|2023-03-01|2023-05-09|2023-08-09|2023-11-08|2024-02-29|2024-05-09|2024-08-08|2024-11-12|2025-02-27|2025-05-12|2025-08-11|2025-11-03|2026-02-26|2026-05-07|2026-08-06|2026-11-02
XERS,2026-10-05,2022-03-11|2022-05-11|2022-08-10|2022-11-09|2023-03-08|2023-05-09|2023-08-08|2023-11-09|2024-03-06|2024-05-09|2024-08-08|2024-11-08|2025-03-06|2025-05-08|2025-08-07|2025-11-06|2026-03-02|2026-05-07|2026-08-06|2026-11-05
XFOR,2026-10-05,2020-11-05|2021-03-04|2021-05-06|2021-08-03|2021-11-04|2022-03-17|2022-05-12|2022-08-04|2022-11-03|2023-03-21|2023-05-04|2023-08-10|2023-11-09|2024-03-21|2024-05-07|2024-08-08|2024-11-13|2025-03-25|2025-05-01|2025-08-08|2025-11-05|2026-03-17|2026-05-06|2026-08-06|2026-11-05
XGN,2026-10-05,2020-11-10|2021-03-16|2021-05-11|2021-08-09|2021-11-10|2022-03-22|2022-05-11|2022-08-04|2022-11-14|2023-03-20|2023-05-15|2023-08-07|2023-11-13|2024-03-18|2024-05-13|2024-08-05|2024-11-12|2025-03-11|2025-05-05|2025-07-29|2025-11-04|2026-03-10|2026-05-11|2026-08-04|2026-11-10
XMTR,2026-10-05,2021-08-12|2021-11-10|2022-03-17|2022-05-11|2022-08-10|2022-11-10|2023-03-01|2023-05-10|2023-08-09|2023-11-09|2024-02-29|2024-05-09|2024-08-08|2024-11-05|2025-02-25|2025-05-06|2025-08-05|2025-11-04|2026-02-24|2026-05-07|2026-08-04|2026-11-03
XNCR,2026-10-05,2020-11-06|2021-02-24|2021-05-05|2021-08-04|2021-11-08|2022-02-23|2022-05-05|2022-08-03|2022-11-07|2023-02-23|2023-05-08|2023-08-03|2023-11-07|2024-02-27|2024-05-09|2024-08-05|2024-11-06|2025-02-27|2025-05-07|2025-08-06|2025-11-05|2026-02-25|2026-05-06|2026-08-05|2026-11-04
XP,2026-10-05,2020-11-30|2021-02-23|2021-05-05|2021-08-04|2021-11-04|2022-02-09|2022-05-04|2022-08-10|2022-11-09|2023-02-16|2023-05-15|2023-08-14|2023-11-13|2024-02-27|2024-05-21|2024-08-13|2024-11-19|2025-02-19|2025-05-20|2025-08-18|2025-11-17|2026-02-12|2026-05-18|2026-08-16|2026-11-16
XPER,2026-10-05,2022-11-08|2023-02-21|2023-05-09|2023-08-09|2023-11-13|2024-02-28|2024-05-08|2024-08-05|2024-11-06|2025-02-26|2025-05-07|2025-08-06|2025-11-05|2026-02-25|2026-05-06|2026-08-05|2026-11-04
XPO,2026-10-05,2020-11-05|2021-02-10|2021-05-03|2021-07-28|2021-11-02|2022-02-08|2022-05-09|2022-08-04|2022-10-31|2023-02-08|2023-05-04|2023-08-04|2023-10-30|2024-02-07|2024-05-03|2024-08-01|2024-10-30|2025-02-06|2025-04-30|2025-07-31|2025-10-30|2026-02-05|2026-04-30|2026-07-30|2026-10-29
XPOF,2026-10-05,2021-08-24|2021-11-11|2022-03-03|2022-05-12|2022-08-11|2022-11-10|2023-03-02|2023-05-04|2023-08-03|2023-11-07|2024-02-29|2024-05-02|2024-08-01|2024-11-07|2025-03-13|2025-05-08|2025-08-07|2025-11-06|2026-02-26|2026-05-07|2026-08-06|2026-11-05
XPON,2026-09-14,2023-03-30|2023-05-11|2023-08-10|2023-11-09|2024-03-28|2024-05-14|2024-08-14|2024-11-14|2025-05-15|2026-08-13
XRAY,2026-10-05,2020-11-05|2021-03-01|2021-05-06|2021-08-05|2021-11-04|2022-02-28|2022-05-10|2022-11-07|2022-11-14|2023-02-28|2023-05-03|2023-08-02|2023-11-02|2024-02-29|2024-05-02|2024-07-31|2024-11-07|2025-02-27|2025-05-08|2025-08-07|2025-11-06|2026-02-26|2026-05-05|2026-08-06|2026-11-05
XRTX,2026-10-05,2022-04-12|2022-05-12|2022-08-11|2023-03-30|2023-05-14|2023-08-13|2024-04-02|2024-05-15|2024-08-14|2025-03-25|2025-11-14|2026-02-26|2026-11-12
XXI,2026-10-05,2026-11-05
XXII,2026-09-21,2016-05-10|2016-08-09|2016-11-08|2017-03-08|2017-05-08|2017-08-09|2017-11-09|2018-03-07|2021-03-11|2021-05-06|2021-08-05|2021-11-04|2022-03-01|2022-05-05|2022-08-09|2022-11-08|2023-03-09|2023-05-09|2023-08-14|2023-11-06|2024-03-28|2024-05-15|2026-03-26|2026-05-07|2026-11-03
XYL,2026-10-05,2020-10-29|2021-02-04|2021-05-04|2021-08-03|2021-11-02|2022-02-03|2022-05-04|2022-08-02|2022-11-01|2023-02-07|2023-05-04|2023-08-02|2023-10-31|2024-02-06|2024-05-02|2024-07-30|2024-10-31|2025-02-04|2025-04-29|2025-07-31|2025-10-28|2026-02-10|2026-04-28|2026-07-28|2026-10-27
XYZ,2026-09-21,2020-11-05|2021-02-23|2021-05-06|2021-08-02|2021-11-04|2022-02-24|2022-05-05|2022-08-04|2022-11-03|2023-02-23|2023-05-04|2023-08-03|2023-11-02|2024-02-22|2024-05-02|2024-08-01|2024-11-07|2025-02-20|2025-05-01|2025-08-07|2025-11-06|2026-02-26|2026-05-07|2026-08-05|2026-11-09
YARW,2026-10-05,2026-08-13
YELP,2026-10-05,2020-11-05|2021-02-09|2021-05-06|2021-08-05|2021-11-04|2022-02-10|2022-05-05|2022-08-04|2022-11-03|2023-02-09|2023-05-04|2023-08-03|2023-11-02|2024-02-15|2024-05-08|2024-08-08|2024-11-07|2025-02-13|2025-05-08|2025-08-07|2025-11-06|2026-02-12|2026-05-07|2026-08-06|2026-11-05
YFOR,2026-10-05,FAILED
YHC,2026-10-05,2023-11-16|2024-05-15|2024-08-14|2024-11-14
YNGA.L,2026-10-05,FAILED
YORW,2026-10-05,2020-08-06|2020-11-06|2021-03-09|2021-05-04|2021-08-05|2021-11-05|2022-03-08|2022-05-03|2022-08-04|2022-11-03|2023-03-07|2023-05-02|2023-08-03|2023-11-03|2024-03-05|2024-05-07|2024-08-02|2024-11-07|2025-03-04|2025-05-06|2025-08-12|2025-11-06|2026-05-05|2026-08-06|2026-11-05
YSXT,2026-10-05,FAILED
YUM,2026-10-05,2020-10-29|2021-02-04|2021-04-28|2021-07-29|2021-10-28|2022-02-09|2022-05-04|2022-08-03|2022-11-02|2023-02-08|2023-05-03|2023-08-02|2023-11-01|2024-02-07|2024-05-01|2024-08-06|2024-11-05|2025-02-06|2025-04-30|2025-08-05|2025-11-04|2026-02-04|2026-04-29|2026-07-30|2026-11-03
Z,2026-10-05,2020-11-05|2021-02-10|2021-05-04|2021-08-05|2021-11-02|2022-02-10|2022-05-05|2022-08-04|2022-11-02|2023-02-15|2023-05-03|2023-08-02|2023-11-01|2024-02-15|2024-05-01|2024-08-07|2024-11-06|2025-02-11|2025-05-07|2025-08-06|2025-10-30|2026-02-10|2026-05-06|2026-08-05|2026-11-04
ZBRA,2026-10-05,2020-11-03|2021-02-11|2021-05-04|2021-08-03|2021-11-02|2022-02-10|2022-05-03|2022-08-02|2022-11-01|2023-02-16|2023-05-02|2023-08-01|2023-10-31|2024-02-15|2024-04-30|2024-07-30|2024-10-29|2025-02-13|2025-04-29|2025-08-05|2025-10-28|2026-02-12|2026-05-12|2026-08-04|2026-11-03
ZD,2026-09-21,2020-11-02|2021-02-11|2021-05-10|2021-08-05|2021-11-03|2022-02-14|2022-05-10|2022-08-09|2022-11-08|2023-02-15|2023-05-09|2023-08-03|2023-11-08|2024-02-21|2024-05-08|2024-08-07|2024-11-07|2025-02-24|2025-05-08|2025-08-06|2025-11-06|2026-02-23|2026-05-07|2026-08-06|2026-11-05
ZENA,2026-10-05,2025-08-11|2025-11-10|2026-04-29|2026-06-03|2026-09-24|2026-11-09
ZETA,2026-10-05,2021-08-10|2021-11-09|2022-02-23|2022-05-10|2022-08-03|2022-11-01|2023-02-23|2023-05-04|2023-08-02|2023-11-01|2024-02-27|2024-05-06|2024-07-31|2024-11-11|2025-02-25|2025-05-01|2025-08-05|2025-11-05|2026-02-25|2026-05-01|2026-08-04|2026-11-03
ZG,2026-10-05,2020-11-05|2021-02-10|2021-05-04|2021-08-05|2021-11-02|2022-02-10|2022-05-05|2022-08-04|2022-11-02|2023-02-15|2023-05-03|2023-08-02|2023-11-01|2024-02-15|2024-05-01|2024-08-07|2024-11-06|2025-02-11|2025-05-07|2025-08-06|2025-10-30|2026-02-10|2026-05-06|2026-08-05|2026-11-04
ZIM,2026-10-05,2021-03-22|2021-05-19|2021-08-18|2021-11-17|2022-03-09|2022-05-18|2022-08-17|2022-11-16|2023-03-13|2023-05-22|2023-08-16|2023-11-15|2024-03-13|2024-05-21|2024-08-19|2024-11-20|2025-03-12|2025-05-19|2025-08-20|2025-11-20|2026-03-09|2026-05-20|2026-08-19|2026-11-19
ZION,2026-09-14,2020-10-19|2021-01-19|2021-04-19|2021-07-19|2021-10-18|2022-01-24|2022-04-25|2022-07-26|2022-10-24|2023-01-23|2023-04-19|2023-07-19|2023-10-18|2024-01-22|2024-04-22|2024-07-22|2024-10-21|2025-01-21|2025-04-21|2025-07-21|2025-10-20|2026-01-20|2026-04-20|2026-07-20|2026-10-19
ZIP,2026-10-05,2021-08-12|2021-11-10|2022-03-01|2022-05-11|2022-08-15|2022-11-09|2023-02-21|2023-05-09|2023-08-08|2023-11-08|2024-02-22|2024-05-08|2024-08-07|2024-11-06|2025-02-25|2025-05-08|2025-08-11|2025-11-05|2026-02-25|2026-05-06|2026-08-05|2026-11-04
ZKIN,2026-10-05,FAILED
ZNB,2026-09-07,2010-05-17|2010-09-28|2010-11-14|2010-11-15|2011-02-11|2011-05-13|2011-09-23
ZS,2026-10-05,2020-12-02|2021-02-25|2021-05-25|2021-09-09|2021-11-30|2022-02-24|2022-05-26|2022-09-08|2022-12-01|2023-03-02|2023-06-01|2023-09-05|2023-11-27|2024-02-29|2024-05-30|2024-09-03|2024-12-02|2025-03-05|2025-05-29|2025-09-02|2025-11-25|2026-02-26|2026-05-26|2026-09-03|2026-11-24
ZSQR,2026-10-05,FAILED
ZUMZ,2026-10-05,2020-12-03|2021-03-11|2021-06-03|2021-09-09|2021-12-02|2022-03-10|2022-06-02|2022-09-08|2022-12-01|2023-03-09|2023-06-01|2023-09-07|2023-11-30|2024-03-14|2024-06-06|2024-09-05|2024-12-05|2025-03-13|2025-06-05|2025-09-04|2025-12-04|2026-03-12|2026-06-04|2026-09-10|2026-12-03
ZYBT,2026-09-21,FAILED
