ticker,name,market,sector,index
A,"Agilent Technologies, Inc. Common Stock",US,,USALL
AA,Alcoa Corporation Common Stock,US,,USALL
AAC,Ares Acquisition Corporation III Class A Ordinary Shares,US,,USALL
AACI,Armada Acquisition Corp. III - Class A Ordinary Share,US,,USALL
AACO,Abony Acquisition Corp. I - Class A Ordinary Share,US,,USALL
AACP,Apogee Acquisition Corp - Class A Ordinary Shares,US,,USALL
AADX,"Applied Aerospace & Defense, Inc. Common Stock",US,,USALL
AAL,"American Airlines Group, Inc. - Common Stock",US,,USALL
AAMI,Acadian Asset Management Inc. Common Stock,US,,USALL
AAOI,"Applied Optoelectronics, Inc. - Common Stock",US,,USALL
AAON,"AAON, Inc. - Common Stock",US,,USALL
AAP,Advance Auto Parts Inc.,US,,USALL
AAPL,Apple Inc. - Common Stock,US,,USALL
AARD,"Aardvark Therapeutics, Inc. - Common Stock",US,,USALL
AAT,"American Assets Trust, Inc. Common Stock",US,,USALL
AAUC,Allied Gold Corporation Common Shares,US,,USALL
ABAT,American Battery Technology Company - Common Stock,US,,USALL
ABBV,AbbVie Inc. Common Stock,US,,USALL
ABCB,Ameris Bancorp Common Stock,US,,USALL
ABCL,AbCellera Biologics Inc. - Common Shares,US,,USALL
ABEO,Abeona Therapeutics Inc. - Common Stock,US,,USALL
ABG,Asbury Automotive Group Inc Common Stock,US,,USALL
ABLV,Able View Global Inc. - Class B Ordinary Shares,US,,USALL
ABM,ABM Industries Incorporated Common Stock,US,,USALL
ABNB,"Airbnb, Inc. - Class A Common Stock",US,,USALL
ABOS,"Acumen Pharmaceuticals, Inc. - Common Stock",US,,USALL
ABR,Arbor Realty Trust Common Stock,US,,USALL
ABSI,Absci Corporation - Common Stock,US,,USALL
ABT,Abbott Laboratories Common Stock,US,,USALL
ABTC,American Bitcoin Corp. - Class A Common Stock,US,,USALL
ABTS,Abits Group Inc - Ordinary Shares,US,,USALL
ABUS,Arbutus Biopharma Corporation - Common Stock,US,,USALL
ABVC,"ABVC BioPharma, Inc. - Common Stock",US,,USALL
ABX,"Abacus Global Management, Inc. Class A Common Stock",US,,USALL
ACA,"Arcosa, Inc. Common Stock",US,,USALL
ACAA,Averin Capital Acquisition Corp. - Class A Ordinary Shares,US,,USALL
ACAD,ACADIA Pharmaceuticals Inc. - Common Stock,US,,USALL
ACB,Aurora Cannabis Inc. - Common Shares,US,,USALL
ACCL,Acco Group Holdings Limited - Class A Ordinary Shares,US,,USALL
ACCO,Acco Brands Corporation Common Stock,US,,USALL
ACCS,ACCESS Newswire Inc. Common Stock,US,,USALL
ACDC,ProFrac Holding Corp. - Class A Common Stock,US,,USALL
ACEL,"Accel Entertainment, Inc.",US,,USALL
ACET,"Adicet Bio, Inc. - Common Stock",US,,USALL
ACFN,"Acorn Energy, Inc. - Common Stock",US,,USALL
ACGC,ACP Holdings Acquisition Corp. - Class A Ordinary Shares,US,,USALL
ACGL,Arch Capital Group Ltd. - Common Stock,US,,USALL
ACH,"Accendra Health, Inc. Common Stock",US,,USALL
ACHC,"Acadia Healthcare Company, Inc. - Common Stock",US,,USALL
ACHR,Archer Aviation Inc. Class A Common Stock,US,,USALL
ACHV,"Achieve Life Sciences, Inc.  - Common Shares",US,,USALL
ACI,"Albertsons Companies, Inc. Class A Common Stock",US,,USALL
ACIC,American Coastal Insurance Corporation - Common Stock,US,,USALL
ACIU,AC Immune SA - Common Stock,US,,USALL
ACIW,"ACI Worldwide, Inc. - Common Stock",US,,USALL
ACLS,"Axcelis Technologies, Inc. - Common Stock",US,,USALL
ACM,AECOM Common Stock,US,,USALL
ACMR,"ACM Research, Inc. - Class A Common Stock",US,,USALL
ACN,Accenture plc Class A Ordinary Shares (Ireland),US,,USALL
ACNB,ACNB Corporation - Common Stock,US,,USALL
ACNT,Ascent Industries Co. - Common Stock,US,,USALL
ACOG,Alpha Cognition Inc. - Common Stock,US,,USALL
ACON,"Aclarion, Inc. - Common Stock",US,,USALL
ACP,abrdn Income Credit Strategies Fund Common Shares,US,,USALL
ACR,ACRES Commercial Realty Corp. Common Stock,US,,USALL
ACRE,Ares Commercial Real Estate Corporation Common Stock,US,,USALL
ACRS,"Aclaris Therapeutics, Inc. - Common Stock",US,,USALL
ACRV,"Acrivon Therapeutics, Inc. - Common Stock",US,,USALL
ACT,"Enact Holdings, Inc. - Common Stock",US,,USALL
ACTG,Acacia Research Corporation - Common Stock,US,,USALL
ACV,Virtus Diversified Income & Convertible Fund Common Shares of Beneficial Interest,US,,USALL
ACVA,ACV Auctions Inc. Class A Common Stock,US,,USALL
ACXP,"Acurx Pharmaceuticals, Inc. - Common Stock",US,,USALL
AD,"Array Digital Infrastructure, Inc. Common Shares",US,,USALL
ADAC,American Drive Acquisition Company - Class A Ordinary Shares,US,,USALL
ADAG,"Adagene Inc. - ADS, each representing 1.25 ordinary shares",US,,USALL
ADAM,"Adamas Trust, Inc. - Common Stock",US,,USALL
ADBE,Adobe Inc. - Common Stock,US,,USALL
ADBT,"Advasa Holdings, Inc. - Common stock",US,,USALL
ADC,Agree Realty Corporation Common Stock,US,,USALL
ADCT,ADC Therapeutics SA Common Shares,US,,USALL
ADEA,Adeia Inc.  - Common Stock,US,,USALL
ADI,"Analog Devices, Inc. - Common Stock",US,,USALL
ADIG,ADI Global Distribution Inc. Common Stock,US,,USALL
ADM,Archer-Daniels-Midland Company Common Stock,US,,USALL
ADMA,ADMA Biologics Inc - Common Stock,US,,USALL
ADNT,Adient plc Ordinary Shares,US,,USALL
ADP,"Automatic Data Processing, Inc. - Common Stock",US,,USALL
ADPT,Adaptive Biotechnologies Corporation - Common Stock,US,,USALL
ADSE,ADS-TEC ENERGY PLC - Ordinary Shares,US,,USALL
ADSK,"Autodesk, Inc. - Common Stock",US,,USALL
ADT,ADT Inc. Common Stock,US,,USALL
ADTN,"ADTRAN Holdings, Inc. - Common Stock",US,,USALL
ADUR,Aduro Clean Technologies Inc. - Common Stock,US,,USALL
ADUS,Addus HomeCare Corporation - Common Stock,US,,USALL
ADV,Advantage Solutions Inc.  - Class A Common Stock,US,,USALL
ADVB,Advanced Biomed Inc. - Common Stock,US,,USALL
ADX,Adams Diversified Equity Fund Inc.,US,,USALL
AEAQ,Activate Energy Acquisition Corp. - Class A Ordinary Share,US,,USALL
AEBI,Aebi Schmidt Holding AG - Common Stock,US,,USALL
AEC,Anfield Energy Inc. - Common Shares,US,,USALL
AEE,Ameren Corporation Common Stock,US,,USALL
AEF,"abrdn Emerging Markets ex-China Fund, Inc. Common Stock",US,,USALL
AEG,Aegon Ltd. New York Registry Shares,US,,USALL
AEHL,Antelope Enterprise Holdings Limited - Class A Ordinary Shares,US,,USALL
AEHR,Aehr Test Systems - Common Stock,US,,USALL
AEI,Alset Inc. - Common Stock,US,,USALL
AEIS,"Advanced Energy Industries, Inc. - Common Stock",US,,USALL
AEM,Agnico Eagle Mines Limited Common Stock,US,,USALL
AEMD,"Aethlon Medical, Inc. - Common Stock",US,,USALL
AENT,Alliance Entertainment Holding Corporation - common stock,US,,USALL
AEO,"American Eagle Outfitters, Inc. Common Stock",US,,USALL
AEON,"AEON Biopharma, Inc. Class A Common Stock",US,,USALL
AEP,"American Electric Power Company, Inc. - Common Stock",US,,USALL
AER,AerCap Holdings N.V. Ordinary Shares,US,,USALL
AERT,"Aeries Technology, Inc. - Class A Ordinary Share",US,,USALL
AES,The AES Corporation Common Stock,US,,USALL
AESI,Atlas Energy Solutions Inc. Common Stock,US,,USALL
AESP,Aeon Acquisition I Corp. - Class A Ordinary Shares,US,,USALL
AEVA,"Aeva Technologies, Inc. - Common Stock",US,,USALL
AEXA,American Exceptionalism Acquisition Corp. A Class A Ordinary Shares,US,,USALL
AEYE,"AudioEye, Inc. - Common Stock",US,,USALL
AFB,AllianceBernstein National Municipal Income Fund Inc,US,,USALL
AFCG,Advanced Flower Capital Inc. - Common Stock,US,,USALL
AFG,"American Financial Group, Inc. Common Stock",US,,USALL
AFJK,"Aimei Health Technology Co., Ltd - Ordinary Share",US,,USALL
AFL,AFLAC Incorporated Common Stock,US,,USALL
AFRI,Forafric Global PLC - Ordinary Shares,US,,USALL
AFRM,"Affirm Holdings, Inc. - Class A Common Stock",US,,USALL
AFYA,Afya Limited - Class A Common Shares,US,,USALL
AG,First Majestic Silver Corp. Ordinary Shares (Canada),US,,USALL
AGBK,AGI Inc Class A Common Shares,US,,USALL
AGCC,Agencia Comercial Spirits Ltd - Class A Ordinary Share,US,,USALL
AGCO,AGCO Corporation Common Stock,US,,USALL
AGD,abrdn Global Dynamic Dividend Fund Common Shares of Beneficial Interest,US,,USALL
AGEN,Agenus Inc. - Common Stock,US,,USALL
AGI,Alamos Gold Inc. Class A Common Shares,US,,USALL
AGIG,Abundia Global Impact Group Inc. Common stock,US,,USALL
AGIO,"Agios Pharmaceuticals, Inc. - Common Stock",US,,USALL
AGL,"agilon health, inc. Common Stock",US,,USALL
AGM,Federal Agricultural Mortgage Corporation Common Stock,US,,USALL
AGM-A,Federal Agricultural Mortgage Corporation Common Stock,US,,USALL
AGMB,AgomAb Therapeutics NV - ADRs representing one common share.,US,,USALL
AGMH,AGM Group Holdings Inc. - Class A Ordinary Shares,US,,USALL
AGNC,AGNC Investment Corp. - Common Stock,US,,USALL
AGNT,"AGNT, Inc. - Common Stock",US,,USALL
AGO,Assured Guaranty Ltd. Common Stock,US,,USALL
AGPU,Axe Compute Inc. - Common Stock,US,,USALL
AGRO,Adecoagro S.A. Common Shares,US,,USALL
AGRZ,Agroz Inc. - Class A Ordinary Shares,US,,USALL
AGX,"Argan, Inc. Common Stock",US,,USALL
AGYS,"Agilysys, Inc. - Common Stock",US,,USALL
AHCO,AdaptHealth Corp.  - Common Stock,US,,USALL
AHMA,Ambitions Enterprise Management Co. L.L.C - Class A Ordinary Shares,US,,USALL
AHR,"American Healthcare REIT, Inc. Common Stock",US,,USALL
AHRT,"AH Realty Trust, Inc. Common Stock",US,,USALL
AHT,Ashford Hospitality Trust Inc Common Stock,US,,USALL
AI,"C3.ai, Inc. Class A Common Stock",US,,USALL
AIAI,AIAI Holdings Corporation - Class A common stock,US,,USALL
AIB,AIB Data Centers Inc. Common Stock,US,,USALL
AIBZ,Bitzero Holdings Inc. - Common Shares,US,,USALL
AIFA,"All In FutureTech Alliance, Inc. - Common Stock",US,,USALL
AIFF,"Firefly Neuroscience, Inc.  - Common Stock",US,,USALL
AIFU,AIFU Inc. - Class A Ordinary Share,US,,USALL
AIG,"American International Group, Inc. New Common Stock",US,,USALL
AII,"American Integrity Insurance Group, Inc. Common Stock",US,,USALL
AIIA,AI Infrastructure Acquisition Corp. Class A Ordinary Shares,US,,USALL
AIIO,Robo.ai Inc. - Class B Ordinary Shares,US,,USALL
AIIR,Air Global PLC - Ordinary shares,US,,USALL
AIM,AIM ImmunoTech Inc. Common Stock,US,,USALL
AIMD,"Ainos, Inc. - Common Stock",US,,USALL
AIN,Albany International Corporation Common Stock,US,,USALL
AIO,Virtus Artificial Intelligence & Technology Opportunities Fund Common Shares of Beneficial Interest,US,,USALL
AIOS,AIOS Tech Inc. - Class A Common Shares,US,,USALL
AIOT,"PowerFleet, Inc. - Common Stock",US,,USALL
AIP,"Arteris, Inc.  - Common Stock",US,,USALL
AIR,AAR Corp. Common Stock,US,,USALL
AIRE,reAlpha Tech Corp. - Common Stock,US,,USALL
AIRG,"Airgain, Inc. - Common Stock",US,,USALL
AIRI,Air Industries Group Common Stock,US,,USALL
AIRJ,AirJoule Technologies Corporation - Class A Common Stock,US,,USALL
AIRO,"AIRO Group Holdings, Inc. - Common Stock",US,,USALL
AIRS,"AirSculpt Technologies, Inc. - Common Stock",US,,USALL
AIRT,"Air T, Inc. - Common Stock",US,,USALL
AISP,"Airship AI Holdings, Inc - Class A Common Stock",US,,USALL
AIT,"Applied Industrial Technologies, Inc. Common Stock",US,,USALL
AIV,Apartment Investment and Management Company Common Stock,US,,USALL
AIXC,"AIxCrypto Holdings, Inc. - Common Stock",US,,USALL
AIZ,"Assurant, Inc. Common Stock",US,,USALL
AJG,Arthur J. Gallagher & Co. Common Stock,US,,USALL
AKA,a.k.a. Brands Holding Corp. Common Stock,US,,USALL
AKAM,"Akamai Technologies, Inc. - Common Stock",US,,USALL
AKBA,"Akebia Therapeutics, Inc. - Common Stock",US,,USALL
AKO-A,Embotelladora Andina S.A. Common Stock,US,,USALL
AKO-B,Embotelladora Andina S.A. Common Stock,US,,USALL
AKR,Acadia Realty Trust Common Stock,US,,USALL
AKTS,"Aktis Oncology, Inc. - Common stock",US,,USALL
ALAB,"Astera Labs, Inc. - Common Stock",US,,USALL
ALB,Albemarle Corporation Common Stock,US,,USALL
ALC,Alcon Inc. Ordinary Shares,US,,USALL
ALCO,"Alico, Inc. - Common Stock",US,,USALL
ALDF,Aldel Financial II Inc. - Class A Ordinary Shares,US,,USALL
ALDX,"Aldeyra Therapeutics, Inc. - Common Stock",US,,USALL
ALEC,"Alector, Inc. - Common Stock",US,,USALL
ALF,Centurion Acquisition Corp. - Class A Ordinary Shares,US,,USALL
ALG,"Alamo Group, Inc. Common Stock",US,,USALL
ALGM,"Allegro MicroSystems, Inc. - Common Stock",US,,USALL
ALGN,"Align Technology, Inc. - Common Stock",US,,USALL
ALGS,"Aligos Therapeutics, Inc. - Common stock",US,,USALL
ALGT,Allegiant Travel Company - Common Stock,US,,USALL
ALH,Alliance Laundry Holdings Inc. Common Stock,US,,USALL
ALHC,"Alignment Healthcare, Inc. - Common Stock",US,,USALL
ALIT,"Alight, Inc. Class A Common Stock",US,,USALL
ALK,"Alaska Air Group, Inc. Common Stock",US,,USALL
ALKS,Alkermes plc - Ordinary Shares,US,,USALL
ALKT,"Alkami Technology, Inc. - Common Stock",US,,USALL
ALL,Allstate Corporation (The) Common Stock,US,,USALL
ALLE,Allegion plc Ordinary Shares,US,,USALL
ALLO,"Allogene Therapeutics, Inc. - Common Stock",US,,USALL
ALLR,"Allarity Therapeutics, Inc. - Common stock",US,,USALL
ALLT,Allot Ltd. - Ordinary Shares,US,,USALL
ALLY,Ally Financial Inc. Common Stock,US,,USALL
ALM,Almonty Industries Inc. - Common Shares,US,,USALL
ALMR,"Alamar Biosciences, Inc. - Class A common stock",US,,USALL
ALMS,Alumis Inc. - Common Stock,US,,USALL
ALMU,"Aeluma, Inc. - Common Stock",US,,USALL
ALNT,Allient Inc. - Common Stock,US,,USALL
ALNY,"Alnylam Pharmaceuticals, Inc. - Common Stock",US,,USALL
ALOV,"Aldabra 4 Liquidity Opportunity Vehicle, Inc. - Class A Ordinary Shares",US,,USALL
ALOY,REalloys Inc. - Common Stock,US,,USALL
ALPX,Alpex Acquisition Corporation - Class A Ordinary Shares,US,,USALL
ALRM,"Alarm.com Holdings, Inc. - Common Stock",US,,USALL
ALRS,Alerus Financial Corporation - Common Stock,US,,USALL
ALSN,"Allison Transmission Holdings, Inc. Common Stock",US,,USALL
ALT,"Altimmune, Inc. - Common Stock",US,,USALL
ALTG,Alta Equipment Group Inc. Class A Common Stock,US,,USALL
ALTI,"AlTi Global, Inc. - Class A Common Stock",US,,USALL
ALTO,"Alto Ingredients, Inc. - Common Stock",US,,USALL
ALUB,Alussa Energy Acquisition Corp. II Class A Ordinary Shares,US,,USALL
ALV,"Autoliv, Inc. Common Stock",US,,USALL
ALVO,Alvotech - Ordinary Shares,US,,USALL
ALX,"Alexander's, Inc. Common Stock",US,,USALL
ALXO,ALX Oncology Holdings Inc. - Common Stock,US,,USALL
AM,Antero Midstream Corporation Common Stock,US,,USALL
AMAL,Amalgamated Financial Corp. - Common Stock,US,,USALL
AMAN,Amanat Acquisition Corp - Class A Ordinary Shares,US,,USALL
AMAT,"Applied Materials, Inc. - Common Stock",US,,USALL
AMBA,"Ambarella, Inc. - Ordinary Shares",US,,USALL
AMBP,Ardagh Metal Packaging S.A. Ordinary Shares,US,,USALL
AMBQ,"Ambiq Micro, Inc. Common Stock",US,,USALL
AMC,"AMC Entertainment Holdings, Inc. Class A Common Stock",US,,USALL
AMCI,AMC Robotics Corporation - Common Stock,US,,USALL
AMCR,Amcor plc Ordinary Shares,US,,USALL
AMCX,AMC Global Media Inc. - Class A Common Stock,US,,USALL
AMD,"Advanced Micro Devices, Inc. - Common Stock",US,,USALL
AME,"AMETEK, Inc.",US,,USALL
AMG,"Affiliated Managers Group, Inc. Common Stock",US,,USALL
AMGN,Amgen Inc. - Common Stock,US,,USALL
AMH,American Homes 4 Rent Common Shares of Beneficial Interest,US,,USALL
AMIX,"Autonomix Medical, Inc. - Common Stock",US,,USALL
AMKR,"Amkor Technology, Inc. - Common Stock",US,,USALL
AMLX,"Amylyx Pharmaceuticals, Inc. - Common Stock",US,,USALL
AMN,AMN Healthcare Services Inc,US,,USALL
AMP,"Ameriprise Financial, Inc. Common Stock",US,,USALL
AMPG,"Amplitech Group, Inc. - Common Stock",US,,USALL
AMPH,"Amphastar Pharmaceuticals, Inc. - Common Stock",US,,USALL
AMPL,"Amplitude, Inc. - Class A Common Stock",US,,USALL
AMPX,"Amprius Technologies, Inc. Common Stock",US,,USALL
AMPY,Amplify Energy Corp. Common Stock,US,,USALL
AMR,"Alpha Metallurgical Resources, Inc. Common Stock",US,,USALL
AMRC,"Ameresco, Inc. Class A Common Stock",US,,USALL
AMRX,"Amneal Pharmaceuticals, Inc. - Class A Common Stock",US,,USALL
AMRZ,Amrize Ltd Ordinary Shares,US,,USALL
AMS,American Shared Hospital Services Common Stock,US,,USALL
AMSC,American Superconductor Corporation - Common Stock,US,,USALL
AMSF,"AMERISAFE, Inc. - Common Stock",US,,USALL
AMST,Amesite Inc. - Common Stock,US,,USALL
AMT,American Tower Corporation (REIT) Common Stock,US,,USALL
AMTB,Amerant Bancorp Inc. Class A Common Stock,US,,USALL
AMTM,"Amentum Holdings, Inc. Common Stock",US,,USALL
AMTX,"Aemetis, Inc - Common Stock",US,,USALL
AMUB,"ETRACS Alerian MLP Index ETN Series B due July 18, 2042",US,,USALL
AMWL,American Well Corporation Class A Common Stock,US,,USALL
AMZE,"Amaze Holdings, Inc. Common Stock",US,,USALL
AMZN,"Amazon.com, Inc. - Common Stock",US,,USALL
AN,"AutoNation, Inc. Common Stock",US,,USALL
ANAB,"AnaptysBio, Inc. - Common Stock",US,,USALL
ANDE,"The Andersons, Inc. - Common Stock",US,,USALL
ANDG,Andersen Group Inc. Class A Common Stock,US,,USALL
ANET,"Arista Networks, Inc. Common Stock",US,,USALL
ANF,Abercrombie & Fitch Company Common Stock,US,,USALL
ANGH,Anghami Inc. - Ordinary Shares,US,,USALL
ANGI,Angi Inc. - Class A Common Stock,US,,USALL
ANGO,"AngioDynamics, Inc. - Common Stock",US,,USALL
ANGX,"Angel Studios, Inc. Class A Common Stock",US,,USALL
ANIK,Anika Therapeutics Inc. - Common Stock,US,,USALL
ANIP,"ANI Pharmaceuticals, Inc. - Common Stock",US,,USALL
ANIX,"Anixa Biosciences, Inc. - Common Stock",US,,USALL
ANNA,"AleAnna, Inc. - Class A Common Stock",US,,USALL
ANNX,"Annexon, Inc. - common stock",US,,USALL
ANPA,Rich Sparkle Holdings Limited - Ordinary Shares,US,,USALL
ANRO,"Alto Neuroscience, Inc. Common Stock",US,,USALL
ANTA,Antalpha Platform Holding Company - Class A Ordinary Shares,US,,USALL
ANTX,"AN2 Therapeutics, Inc. - Common Stock",US,,USALL
ANVS,"Annovis Bio, Inc. Common Stock",US,,USALL
ANY,Sphere 3D Corp. - Common Shares,US,,USALL
AOD,abrdn Total Dynamic Dividend Fund Common Shares of Beneficial Interest,US,,USALL
AOMR,"Angel Oak Mortgage REIT, Inc. Common Stock",US,,USALL
AON,Aon plc Class A Ordinary Shares (Ireland),US,,USALL
AORT,"Artivion, Inc. Common Stock",US,,USALL
AOS,A.O. Smith Corporation Common Stock,US,,USALL
AOSL,Alpha and Omega Semiconductor Limited - Common Shares,US,,USALL
AOUT,"American Outdoor Brands, Inc. - Common Stock",US,,USALL
AP,Ampco-Pittsburgh Corporation Common Stock,US,,USALL
APA,APA Corporation - Common Stock,US,,USALL
APAC,StoneBridge Acquisition II Corporation - Class A Ordinary Shares,US,,USALL
APAM,Artisan Partners Asset Management Inc. Class A Common Stock,US,,USALL
APC,ARKO Petroleum Corp. - Class A Common Stock,US,,USALL
APD,"Air Products and Chemicals, Inc. Common Stock",US,,USALL
APEI,"American Public Education, Inc. - Common Stock",US,,USALL
APG,APi Group Corporation Common Stock,US,,USALL
APGE,"Apogee Therapeutics, Inc. - Common Stock",US,,USALL
APH,Amphenol Corporation Common Stock,US,,USALL
API,"Agora, Inc. - ADS",US,,USALL
APLD,Applied Digital Corporation - Common Stock,US,,USALL
APLE,"Apple Hospitality REIT, Inc. Common Shares",US,,USALL
APLM,Apollomics Inc. - Class A Ordinary Shares,US,,USALL
APMC,AmperCap Acquisition Company - Ordinary Shares,US,,USALL
APMD,"Apnimed, Inc. - Common Stock",US,,USALL
APO,"Apollo Global Management, Inc. (New) Common Stock",US,,USALL
APOG,"Apogee Enterprises, Inc. - Common Stock",US,,USALL
APP,Applovin Corporation - Class A Common Stock,US,,USALL
APPF,"AppFolio, Inc. - Class A Common Stock",US,,USALL
APPN,Appian Corporation - Class A Common Stock,US,,USALL
APPS,"Digital Turbine, Inc. - Common Stock",US,,USALL
APT,"Alpha Pro Tech, Ltd. Common Stock",US,,USALL
APTV,Aptiv PLC Ordinary Shares,US,,USALL
APUR,Aperture AC - Class A Ordinary Shares,US,,USALL
APUS,"Apimeds Pharmaceuticals US, Inc. Common Stock",US,,USALL
APVO,Aptevo Therapeutics Inc. - Common Stock,US,,USALL
APWC,"Asia Pacific Wire & Cable Corporation Limited  - Common shares, Par value .01 per share",US,,USALL
APXT,Apex Treasury Corporation - Class A Ordinary Share,US,,USALL
APYX,Apyx Medical Corporation - Common Stock,US,,USALL
AQB,"AquaBounty Technologies, Inc. - Common Stock",US,,USALL
AQMS,"Aqua Metals, Inc. - Common Stock",US,,USALL
AQN,Algonquin Power & Utilities Corp. Common Shares,US,,USALL
AQST,"Aquestive Therapeutics, Inc. - Common Stock",US,,USALL
AR,Antero Resources Corporation Common Stock,US,,USALL
ARBB,ARB IOT Group Limited - Ordinary Shares,US,,USALL
ARCB,ArcBest Corporation - Common Stock,US,,USALL
ARCC,Ares Capital Corporation - Closed End Fund,US,,USALL
ARCI,Archimedes Tech SPAC Partners III Co. - Ordinary Share,US,,USALL
ARCL,ARC Group Acquisition I Corp - Class A Ordinary Shares,US,,USALL
ARCO,Arcos Dorados Holdings Inc. Class A Shares,US,,USALL
ARCT,Arcturus Therapeutics Holdings Inc. - Common Stock,US,,USALL
ARDC,"Ares Dynamic Credit Allocation Fund, Inc. Common Shares",US,,USALL
ARDT,"Ardent Health, Inc. Common Stock",US,,USALL
ARDX,"Ardelyx, Inc. - Common Stock",US,,USALL
ARE,"Alexandria Real Estate Equities, Inc. Common Stock",US,,USALL
AREN,"The Arena Group Holdings, Inc. Common Stock",US,,USALL
ARES,Ares Management Corporation Class A Common Stock,US,,USALL
ARHS,"Arhaus, Inc. - Class A Common Stock",US,,USALL
ARI,"Apollo Commercial Real Estate Finance, Inc",US,,USALL
ARIS,Aris Mining Corporation Common Shares,US,,USALL
ARKO,ARKO Corp. - Common Stock,US,,USALL
ARKR,Ark Restaurants Corp. - Common Stock,US,,USALL
ARL,"American Realty Investors, Inc. Common Stock",US,,USALL
ARLO,"Arlo Technologies, Inc. Common Stock",US,,USALL
ARMK,Aramark Common Stock,US,,USALL
ARMP,"Armata Pharmaceuticals, Inc. Common Stock",US,,USALL
AROC,"Archrock, Inc. Common Stock",US,,USALL
AROW,Arrow Financial Corporation - Common Stock,US,,USALL
ARQ,"Arq, Inc. - Common Stock",US,,USALL
ARQQ,Arqit Quantum Inc. - Ordinary Shares,US,,USALL
ARQT,"Arcutis Biotherapeutics, Inc. - Common stock",US,,USALL
ARR,"ARMOUR Residential REIT, Inc.",US,,USALL
ARRY,"Array Technologies, Inc. - Common Stock",US,,USALL
ARTC,Art Technology Acquisition Corp. - Class A Ordinary Shares,US,,USALL
ARTL,"Artelo Biosciences, Inc. - Common Stock",US,,USALL
ARTNA,Artesian Resources Corporation - Class A Non-Voting Common Stock,US,,USALL
ARTV,"Artiva Biotherapeutics, Inc. - Common Stock",US,,USALL
ARTW,"Art's-Way Manufacturing Co., Inc. - Common Stock",US,,USALL
ARVN,"Arvinas, Inc. - Common Stock",US,,USALL
ARW,"Arrow Electronics, Inc. Common Stock",US,,USALL
ARWR,"Arrowhead Pharmaceuticals, Inc. - Common Stock",US,,USALL
ARX,Accelerant Holdings Class A Common Shares,US,,USALL
ARXS,"Arxis, Inc. - Class A Common Stock",US,,USALL
AS,"Amer Sports, Inc. Ordinary Shares",US,,USALL
ASA,ASA  Gold and Precious Metals Limited,US,,USALL
ASAN,"Asana, Inc. Class A Common Stock",US,,USALL
ASB,Associated Banc-Corp Common Stock,US,,USALL
ASBP,"Aspire Biopharma Holdings, Inc.  - Common Stock",US,,USALL
ASC,Ardmore Shipping Corporation Common Stock,US,,USALL
ASG,"Liberty All-Star Growth Fund, Inc.",US,,USALL
ASGI,abrdn Global Infrastructure Income Fund Common Shares of Beneficial Interest,US,,USALL
ASH,Ashland Inc. Common Stock,US,,USALL
ASIC,Ategrity Specialty Insurance Company Holdings Common Stock,US,,USALL
ASIX,AdvanSix Inc. Common Stock,US,,USALL
ASLE,AerSale Corporation - Common Stock,US,,USALL
ASM,Avino Silver & Gold Mines Ltd. Common Shares (Canada),US,,USALL
ASMB,"Assembly Biosciences, Inc. - Common Stock",US,,USALL
ASML,ASML Holding N.V. - New York Registry Shares,US,,USALL
ASND,Ascendis Pharma A/S - Ordinary Share,US,,USALL
ASO,"Academy Sports and Outdoors, Inc. - Common Stock",US,,USALL
ASPI,ASP Isotopes Inc. - Common Stock,US,,USALL
ASPN,"Aspen Aerogels, Inc. Common Stock",US,,USALL
ASPS,Altisource Portfolio Solutions S.A. - Common Stock,US,,USALL
ASR,"Grupo Aeroportuario del Sureste, S.A. de C.V. Common Stock",US,,USALL
ASRV,AmeriServ Financial Inc. - Common Stock,US,,USALL
ASST,"Strive, Inc. - Class A Common Stock",US,,USALL
ASTC,Astrotech Corporation - Common Stock,US,,USALL
ASTE,"Astec Industries, Inc. - Common Stock",US,,USALL
ASTH,Astrana Health Inc. - Common Stock,US,,USALL
ASTI,"Ascent Solar Technologies, Inc - Common Stock",US,,USALL
ASTL,Algoma Steel Group Inc. - Common Shares,US,,USALL
ASTS,"AST SpaceMobile, Inc. - Class A Common Stock",US,,USALL
ASUR,Asure Software Inc - Common Stock,US,,USALL
ASYS,"Amtech Systems, Inc. - Common Stock",US,,USALL
ATAI,AtaiBeckley Inc. - Common Stock,US,,USALL
ATCH,"AtlasClear Holdings, Inc. Common Stock",US,,USALL
ATCX,Atlas Critical Minerals Corporation - Common Stock,US,,USALL
ATEC,"Alphatec Holdings, Inc. - Common Stock",US,,USALL
ATEN,"A10 Networks, Inc. Common Stock",US,,USALL
ATER,"Aterian, Inc. - Common Stock",US,,USALL
ATEX,Anterix Inc. - Common Stock,US,,USALL
ATGL,Alpha Technology Group Limited - Class A Ordinary Shares,US,,USALL
ATHR,"Aether Holdings, Inc. - Common Stock",US,,USALL
ATI,ATI Inc. Common Stock,US,,USALL
ATII,Archimedes Tech SPAC Partners II Co. - Ordinary Shares,US,,USALL
ATKR,Atkore Inc. Common Stock,US,,USALL
ATLC,Atlanticus Holdings Corporation - Common Stock,US,,USALL
ATLO,Ames National Corporation - Common Stock,US,,USALL
ATLX,Atlas Lithium Corporation - Common Stock,US,,USALL
ATMP,iPath Select MLP ETN,US,,USALL
ATMU,Atmus Filtration Technologies Inc. Common Stock,US,,USALL
ATNI,"ATN International, Inc. - Common Stock",US,,USALL
ATNM,"Actinium Pharmaceuticals, Inc. (Delaware) Common Stock",US,,USALL
ATO,Atmos Energy Corporation Common Stock,US,,USALL
ATOM,Atomera Incorporated - Common Stock,US,,USALL
ATOS,"Atossa Therapeutics, Inc. - Common Stock",US,,USALL
ATPC,Agape ATP Corporation - Common Stock,US,,USALL
ATR,"AptarGroup, Inc. Common Stock",US,,USALL
ATRA,"Atara Biotherapeutics, Inc. - Common Stock",US,,USALL
ATRC,"AtriCure, Inc. - Common Stock",US,,USALL
ATRO,Astronics Corporation - Common Stock,US,,USALL
ATS,ATS Corporation Common Shares,US,,USALL
ATTO,"Attovia Therapeutics, Inc. - Common Stock",US,,USALL
ATXG,Addentax Group Corp. - Common Stock,US,,USALL
AU,AngloGold Ashanti PLC Ordinary Shares,US,,USALL
AUB,Atlantic Union Bankshares Corporation Common Stock,US,,USALL
AUBN,"Auburn National Bancorporation, Inc. - Common Stock",US,,USALL
AUC,ATIF Holdings Limited - Ordinary Shares,US,,USALL
AUDC,AudioCodes Ltd. - Ordinary Shares,US,,USALL
AUGO,Aura Minerals Inc. - Common Shares,US,,USALL
AUNA,Auna SA Class A Ordinary Shares,US,,USALL
AUPH,Aurinia Pharmaceuticals Inc - Common Shares,US,,USALL
AUR,"Aurora Innovation, Inc.  - Class A Common Stock",US,,USALL
AURA,"Aura Biosciences, Inc. - Common Stock",US,,USALL
AURE,Aurelion Inc.  - Class A Ordinary Shares,US,,USALL
AUST,Austin Gold Corp. Common Shares,US,,USALL
AVA,Avista Corporation Common Stock,US,,USALL
AVAH,Aveanna Healthcare Holdings Inc. - Common Stock,US,,USALL
AVAV,"AeroVironment, Inc. - Common Stock",US,,USALL
AVBC,"Avidia Bancorp, Inc. Common Stock",US,,USALL
AVBH,"Avidbank Holdings, Inc. - Common Stock",US,,USALL
AVBP,"ArriVent BioPharma, Inc. - Common Stock",US,,USALL
AVD,American Vanguard Corporation Common Stock ($0.10 Par Value),US,,USALL
AVEX,AEVEX Corp. Class A Common Stock,US,,USALL
AVGO,Broadcom Inc. - Common Stock,US,,USALL
AVIR,"Atea Pharmaceuticals, Inc. - common stock",US,,USALL
AVK,Advent Convertible and Income Fund,US,,USALL
AVLN,Avalyn Pharma Inc. - common stock,US,,USALL
AVNT,Avient Corporation Common Stock,US,,USALL
AVNW,"Aviat Networks, Inc. - Common Stock",US,,USALL
AVO,"Mission Produce, Inc. - Common Stock",US,,USALL
AVPT,"AvePoint, Inc. - Class A Common Stock",US,,USALL
AVR,Anteris Technologies Global Corp. - Common Stock,US,,USALL
AVT,"Avnet, Inc. - Common Stock",US,,USALL
AVTR,"Avantor, Inc. Common Stock",US,,USALL
AVTX,"Avalo Therapeutics, Inc. - Common Stock",US,,USALL
AVX,Avax One Technology Ltd. - Common Shares,US,,USALL
AVY,Avery Dennison Corporation Common Stock,US,,USALL
AWF,Alliancebernstein Global High Income Fund,US,,USALL
AWI,Armstrong World Industries Inc Common Stock,US,,USALL
AWK,"American Water Works Company, Inc. Common Stock",US,,USALL
AWP,abrdn Global Premier Properties Fund Common Shares of Beneficial Interest,US,,USALL
AWR,American States Water Company Common Stock,US,,USALL
AWRE,"Aware, Inc. - Common Stock",US,,USALL
AWX,Avalon Holdings Corporation Common Stock,US,,USALL
AX,"Axos Financial, Inc. Common Stock",US,,USALL
AXG,Solowin Holdings - Class A Ordinary Share,US,,USALL
AXGN,"Axogen, Inc. - Common Stock",US,,USALL
AXIL,"AXIL Brands, Inc. Common Stock",US,,USALL
AXIN,Axiom Intelligence Acquisition Corp 1 - Class A Ordinary Shares,US,,USALL
AXON,"Axon Enterprise, Inc. - Common Stock",US,,USALL
AXP,American Express Company Common Stock,US,,USALL
AXR,AMREP Corporation Common Stock,US,,USALL
AXS,Axis Capital Holdings Limited Common Stock,US,,USALL
AXSM,"Axsome Therapeutics, Inc. - Common Stock",US,,USALL
AXTA,Axalta Coating Systems Ltd. Common Shares,US,,USALL
AXTI,AXT Inc - Common Stock,US,,USALL
AYA,Aya Gold & Silver Inc. - Common Shares,US,,USALL
AYI,Acuity Inc. Common Stock,US,,USALL
AYTU,"Aytu BioPharma, Inc.  - Common Stock",US,,USALL
AZ,A2Z Cust2Mate Solutions Corp. - Common Shares,US,,USALL
AZI,Autozi Internet Technology (Global) Ltd. - Class A Ordinary Shares,US,,USALL
AZN,AstraZeneca PLC Ordinary Shares,US,,USALL
AZO,"AutoZone, Inc. Common Stock",US,,USALL
AZTA,"Azenta, Inc. - Common Stock",US,,USALL
AZTR,Azitra Inc Common Stock,US,,USALL
AZZ,AZZ Inc.,US,,USALL
B,Barrick Mining Corporation Common Shares,US,,USALL
BA,Boeing Company (The) Common Stock,US,,USALL
BAC,Bank of America Corporation Common Stock,US,,USALL
BACC,Blue Acquisition Corp. - Class A Ordinary Shares,US,,USALL
BAER,"Bridger Aerospace Group Holdings, Inc. - Common Stock",US,,USALL
BAFN,BayFirst Financial Corp. - Common Stock,US,,USALL
BAH,Booz Allen Hamilton Holding Corporation Common Stock,US,,USALL
BAK,Braskem SA ADR,US,,USALL
BALL,Ball Corporation Common Stock,US,,USALL
BALY,Bally's Corporation Common Stock,US,,USALL
BAM,Brookfield Asset Management Inc Class A Limited Voting Shares,US,,USALL
BANC,"Banc of California, Inc. Common Stock",US,,USALL
BAND,Bandwidth Inc. - Class A Common Stock,US,,USALL
BANF,BancFirst Corporation - Common Stock,US,,USALL
BANL,CBL International Limited - Class B Ordinary Shares,US,,USALL
BANR,Banner Corporation - Common Stock,US,,USALL
BANX,ArrowMark Financial Corp. - Closed End Fund,US,,USALL
BAOS,Baosheng Media Group Holdings Limited - Ordinary shares,US,,USALL
BAP,Credicorp Ltd. Common Stock,US,,USALL
BAR,GraniteShares Gold Trust Shares of Beneficial Interest,US,,USALL
BARK,"BARK, Inc. Class A Common Stock",US,,USALL
BATL,Battalion Oil Corporation Common Stock,US,,USALL
BATRA,"Atlanta Braves Holdings, Inc. - Series A Common Stock",US,,USALL
BATRK,"Atlanta Braves Holdings, Inc. - Series C Common Stock",US,,USALL
BAX,Baxter International Inc. Common Stock,US,,USALL
BB,BlackBerry Limited Common Stock,US,,USALL
BBAI,"BigBear.ai, Inc. Common Stock",US,,USALL
BBAR,Banco BBVA Argentina S.A. ADS,US,,USALL
BBCP,"Concrete Pumping Holdings, Inc.  - Common Stock",US,,USALL
BBDC,"Barings BDC, Inc. Common Stock",US,,USALL
BBGI,"Beasley Broadcast Group, Inc. - Class A Common Stock",US,,USALL
BBIO,"BridgeBio Pharma, Inc. - Common Stock",US,,USALL
BBLG,Bone Biologics Corp - Common Stock,US,,USALL
BBN,BlackRock Taxable Municipal Bond Trust Common Shares of Beneficial Interest,US,,USALL
BBNX,"Beta Bionics, Inc. - Common Stock",US,,USALL
BBOT,"BridgeBio Oncology Therapeutics, Inc. - Common Stock",US,,USALL
BBSI,"Barrett Business Services, Inc. - Common Stock",US,,USALL
BBT,Beacon Financial Corporation Common stock,US,,USALL
BBUC,Brookfield Business Corporation Class A Subordinate Voting Shares,US,,USALL
BBVA,Banco Bilbao Vizcaya Argentaria S.A. Common Stock,US,,USALL
BBW,"Build-A-Bear Workshop, Inc. Common Stock",US,,USALL
BBWI,"Bath & Body Works, Inc.",US,,USALL
BBY,"Best Buy Co., Inc. Common Stock",US,,USALL
BC,Brunswick Corporation Common Stock,US,,USALL
BCAL,California BanCorp - Common Stock,US,,USALL
BCAT,BlackRock Capital Allocation Term Trust Common Shares of Beneficial Interest,US,,USALL
BCAX,Bicara Therapeutics Inc. - Common Stock,US,,USALL
BCBP,"BCB Bancorp, Inc. (NJ) - Common Stock",US,,USALL
BCC,"Boise Cascade, L.L.C. Common Stock",US,,USALL
BCCQ,Bleichroeder Acquisition Corp. III - Class A Ordinary Shares,US,,USALL
BCE,"BCE, Inc. Common Stock",US,,USALL
BCG,"Binah Capital Group, Inc. - Common Stock",US,,USALL
BCH,Banco De Chile ADS,US,,USALL
BCHT,Birchtech Corp. Common Stock,US,,USALL
BCIC,BCP Investment Corporation - Closed End Fund,US,,USALL
BCML,BayCom Corp - Common Stock,US,,USALL
BCO,Brinks Company (The) Common Stock,US,,USALL
BCPC,Balchem Corporation - Common Stock,US,,USALL
BCRX,"BioCryst Pharmaceuticals, Inc. - Common Stock",US,,USALL
BCS,Barclays PLC Common Stock,US,,USALL
BCSF,"Bain Capital Specialty Finance, Inc. Common Stock",US,,USALL
BCSS,Bain Capital GSS Investment Corp. Class A Ordinary Shares,US,,USALL
BCTX,BriaCell Therapeutics Corp. - Common Shares,US,,USALL
BCV,"Bancroft Fund, Ltd.",US,,USALL
BCX,BlackRock Resources Common Shares of Beneficial Interest,US,,USALL
BDC,Belden Inc Common Stock,US,,USALL
BDCI,BTC Development Corp. - Class A Ordinary Shares,US,,USALL
BDCZ,"ETRACS MarketVector Business Development Companies Liquid Index ETN due April 26, 2041",US,,USALL
BDJ,Blackrock Enhanced Equity Dividend Trust,US,,USALL
BDL,"Flanigan's Enterprises, Inc. Common Stock",US,,USALL
BDMD,Baird Medical Investment Holdings Ltd - Ordinary Share,US,,USALL
BDN,Brandywine Realty Trust Common Stock,US,,USALL
BDSX,"Biodesix, Inc. - Common Stock",US,,USALL
BDTX,"Black Diamond Therapeutics, Inc. - Common Stock",US,,USALL
BDX,"Becton, Dickinson and Company Common Stock",US,,USALL
BE,Bloom Energy Corporation Class A Common Stock,US,,USALL
BEAG,Bold Eagle Acquisition Corp. - Class A Ordinary Shares,US,,USALL
BEAM,Beam Therapeutics Inc. - Common Stock,US,,USALL
BEBE,TGE Value Creative Solutions Corp Class A Ordinary Shares,US,,USALL
BEEM,Beam Global - Common Stock,US,,USALL
BEEP,Mobile Infrastructure Corporation - Common Stock,US,,USALL
BELFA,Bel Fuse Inc. - Class A Common Stock,US,,USALL
BELFB,Bel Fuse Inc. - Class B Common Stock,US,,USALL
BEN,"Franklin Templeton, Inc. Common Stock",US,,USALL
BENF,Beneficient - Class A Common Stock,US,,USALL
BEPC,Brookfield Renewable Corporation Brookfield Renewable Corporation Class A Subordinate Voting Shares,US,,USALL
BESS,Bimergen Energy Corporation Common Stock,US,,USALL
BETA,"Beta Technologies, Inc. Class A Common Stock",US,,USALL
BETR,Better Home & Finance Holding Company - Class A Common Stock,US,,USALL
BF-A,Brown Forman Inc Class A Common Stock,US,,USALL
BF-B,Brown Forman Inc Class B Common Stock,US,,USALL
BFAM,Bright Horizons Family Solutions Inc. Common Stock,US,,USALL
BFC,Bank First Corporation - Common Stock,US,,USALL
BFH,"Bread Financial Holdings, Inc. Common Stock",US,,USALL
BFLY,"Butterfly Network, Inc. Class A Common Stock",US,,USALL
BFRI,Biofrontera Inc. - Common Stock,US,,USALL
BFS,"Saul Centers, Inc. Common Stock",US,,USALL
BFST,"Business First Bancshares, Inc. - Common Stock",US,,USALL
BG,Bunge Limited Common Shares,US,,USALL
BGB,Blackstone Strategic Credit 2027 Term Fund Common Shares of Beneficial Interest,US,,USALL
BGC,"BGC Group, Inc. - Class A Common Stock",US,,USALL
BGDE,"Big Digital Energy, Inc. - Common Stock",US,,USALL
BGH,Barings Global Short Duration High Yield Fund Common Shares of Beneficial Interests,US,,USALL
BGIN,Bgin Blockchain Limited - Class A Ordinary Shares,US,,USALL
BGLC,BioNexus Gene Lab Corp - Common stock,US,,USALL
BGMS,"Bio Green Med Solution, Inc. - Common Stock",US,,USALL
BGR,BlackRock Energy and Resources Trust,US,,USALL
BGS,"B&G Foods, Inc. Common Stock",US,,USALL
BGSF,"BGSF, Inc. Common Stock",US,,USALL
BGSI,Boyd Group Services Inc. Common Shares,US,,USALL
BGT,BlackRock Floating Rate Income Trust,US,,USALL
BGX,Blackstone Long Short Credit Income Fund Common Shares,US,,USALL
BGY,Blackrock Enhanced International Dividend Trust,US,,USALL
BH,Biglari Holdings Inc. Class B Common Stock,US,,USALL
BH-A,Biglari Holdings Inc. Class A Common Stock,US,,USALL
BHAV,BHAV Acquisition Corp - Class A Ordinary Shares,US,,USALL
BHB,"Bar Harbor Bankshares, Inc. Common Stock",US,,USALL
BHC,Bausch Health Companies Inc. Common Stock,US,,USALL
BHE,"Benchmark Electronics, Inc. Common Stock",US,,USALL
BHF,"Brighthouse Financial, Inc. - Common Stock",US,,USALL
BHK,Blackrock Core Bond Trust,US,,USALL
BHM,"Bluerock Homes Trust, Inc. Class A Common Stock",US,,USALL
BHR,Braemar Hotels & Resorts Inc. Common Stock,US,,USALL
BHRB,Burke & Herbert Financial Services Corp. - Common Stock,US,,USALL
BHST,BioHarvest Sciences Inc. - Common Stock,US,,USALL
BHV,BlackRock Virginia Municipal Bond Trust,US,,USALL
BHVN,Biohaven Ltd. Common Shares,US,,USALL
BID,Tribeca Strategic Acquisition Corp. - Class A Ordinary Shares,US,,USALL
BIIB,Biogen Inc. - Common Stock,US,,USALL
BIII,Black Spade Acquisition III Co Class A Ordinary Shares,US,,USALL
BILL,"BILL Holdings, Inc. Common Stock",US,,USALL
BIO,"Bio-Rad Laboratories, Inc. Class A Common Stock",US,,USALL
BIO-B,"Bio-Rad Laboratories, Inc. Class B  Common Stock",US,,USALL
BIOA,"BioAge Labs, Inc. - Common Stock",US,,USALL
BIOT,Instinct Bio Technical Company Holdings Inc. - Common stock,US,,USALL
BIPC,Brookfield Infrastructure Corporation Brookfield Infrastructure Corporation,US,,USALL
BIRD,"Smartbird, Inc. - Class A Common Stock",US,,USALL
BIRK,Birkenstock Holding plc Ordinary Shares,US,,USALL
BIT,BlackRock Multi-Sector Income Trust Common Shares of Beneficial Interest,US,,USALL
BIVI,BioVie Inc. - Common stock,US,,USALL
BIXI,Bitcoin Infrastructure Acquisition Corp Ltd. - Class A Ordinary Shares,US,,USALL
BIYA,Baiya International Group Inc.  - Ordinary Shares,US,,USALL
BJ,"BJ's Wholesale Club Holdings, Inc. Common Stock",US,,USALL
BJDX,"Bluejay Diagnostics, Inc. - Common Stock",US,,USALL
BJRI,"BJ's Restaurants, Inc. - Common Stock",US,,USALL
BKD,Brookdale Senior Living Inc. Common Stock,US,,USALL
BKE,"Buckle, Inc. (The) Common Stock",US,,USALL
BKH,Black Hills Corporation Common Stock,US,,USALL
BKHA,Black Hawk Acquisition Corporation - Class A Ordinary Shares,US,,USALL
BKKT,"Bakkt, Inc. Class A Common Stock",US,,USALL
BKNG,Booking Holdings Inc. - Common Stock,US,,USALL
BKR,Baker Hughes Company - Common Stock,US,,USALL
BKSY,BlackSky Technology Inc. Class A Common Stock,US,,USALL
BKT,BlackRock Income Trust Inc. (The),US,,USALL
BKTI,BK Technologies Corporation Common Stock,US,,USALL
BKU,"BankUnited, Inc. Common Stock",US,,USALL
BKV,BKV Corporation Common Stock,US,,USALL
BKYI,"BIO-key International, Inc. - Common Stock",US,,USALL
BL,"BlackLine, Inc. - Common Stock",US,,USALL
BLBD,Blue Bird Corporation - Common Stock,US,,USALL
BLCO,Bausch + Lomb Corporation Common Shares,US,,USALL
BLDP,"Ballard Power Systems, Inc. - Common Shares",US,,USALL
BLDR,"Builders FirstSource, Inc. Common Stock",US,,USALL
BLFS,"BioLife Solutions, Inc. - Common Stock",US,,USALL
BLIN,"Bridgeline Digital, Inc. - Common Stock",US,,USALL
BLIV,BeLive Holdings - ordinary shares,US,,USALL
BLK,"BlackRock, Inc. Common Stock",US,,USALL
BLKB,"Blackbaud, Inc. - Common Stock",US,,USALL
BLLN,"BillionToOne, Inc. - Class A common stock",US,,USALL
BLMN,"Bloomin' Brands, Inc. - Common Stock",US,,USALL
BLND,"Blend Labs, Inc. Class A Common Stock",US,,USALL
BLNE,"Beeline Holdings, Inc. - Common Stock",US,,USALL
BLRK,Bluerock Acquisition Corp. - Class A Ordinary Shares,US,,USALL
BLSH,Bullish Ordinary Shares,US,,USALL
BLSM,"BlossomHill Therapeutics, Inc. - Common Stock",US,,USALL
BLUW,Blue Water Acquisition Corp. III - Class A Ordinary Shares,US,,USALL
BLW,Blackrock Limited Duration Income Trust,US,,USALL
BLX,"Bladex, Inc. Class E Common Stock",US,,USALL
BLZE,"Backblaze, Inc. - Common Stock",US,,USALL
BLZR,Trailblazer Acquisition Corp. - Class A Ordinary Shares,US,,USALL
BMA,Banco Macro S.A.  ADR (representing Ten Class B Common Shares),US,,USALL
BMBL,Bumble Inc. - common stock,US,,USALL
BME,Blackrock Health Sciences Trust,US,,USALL
BMEA,"Biomea Fusion, Inc. - Common Stock",US,,USALL
BMEZ,BlackRock Health Sciences Term Trust Common Shares of Beneficial Interest,US,,USALL
BMGL,Basel Medical Group Ltd - ordinary shares,US,,USALL
BMHL,Bluemount Holdings Limited - Class B Ordinary Shares,US,,USALL
BMI,"Badger Meter, Inc. Common Stock",US,,USALL
BMM,Blue Moon Metals Inc. - Common Shares,US,,USALL
BMN,BlackRock 2037 Municipal Target Term Trust Common Shares of Beneficial Interest,US,,USALL
BMNR,"BitMine Immersion Technologies, Inc. Common Stock",US,,USALL
BMO,Bank Of Montreal Common Stock,US,,USALL
BMR,Beamr Imaging Ltd. - Ordinary Share,US,,USALL
BMRA,"Biomerica, Inc. - Common Stock",US,,USALL
BMRC,Bank of Marin Bancorp - Common Stock,US,,USALL
BMRN,BioMarin Pharmaceutical Inc. - Common Stock,US,,USALL
BMY,Bristol-Myers Squibb Company Common Stock,US,,USALL
BN,Brookfield Corporation Class A Limited Voting Shares,US,,USALL
BNAI,Brand Engagement Network Inc. - Common Stock,US,,USALL
BNC,CEA Industries Inc. - Common Stock,US,,USALL
BNED,"Barnes & Noble Education, Inc Common Stock",US,,USALL
BNGO,"Bionano Genomics, Inc. - Common Stock",US,,USALL
BNKK,"Bonk, Inc. - Common Stock",US,,USALL
BNL,"Broadstone Net Lease, Inc. Common Stock",US,,USALL
BNT,Brookfield Wealth Solutions Ltd. Class A Exchangeable Limited Voting Shares,US,,USALL
BNTC,Benitec Biopharma Inc. - Common Stock,US,,USALL
BNY,The Bank of New York Mellon Corporation Common Stock,US,,USALL
BOBS,"Bob's Discount Furniture, Inc. Common Stock",US,,USALL
BOC,Boston Omaha Corporation Class A Common Stock,US,,USALL
BODI,"The Beachbody Company, Inc. - Class A Common Stock",US,,USALL
BOE,Blackrock Enhanced Global Dividend Trust Common Shares of Beneficial Interest,US,,USALL
BOF,BranchOut Food Inc. - Common Stock,US,,USALL
BOH,Bank of Hawaii Corporation Common Stock,US,,USALL
BOKF,BOK Financial Corporation - Common Stock,US,,USALL
BOLD,"Boundless Bio, Inc. - Common Stock",US,,USALL
BOLT,"Bolt Biotherapeutics, Inc. - Common Stock",US,,USALL
BON,Bon Natural Life Limited - Class A Ordinary Shares,US,,USALL
BOOM,DMC Global Inc. - Common Stock,US,,USALL
BOOT,"Boot Barn Holdings, Inc. Common Stock",US,,USALL
BORR,Borr Drilling Limited Common Shares,US,,USALL
BOSC,B.O.S. Better Online Solutions - Ordinary Shares,US,,USALL
BOT,"RoboStrategy, Inc. - Common Stock",US,,USALL
BOTJ,"Bank of the James Financial Group, Inc. - Common Stock",US,,USALL
BOW,Bowhead Specialty Holdings Inc. Common Stock,US,,USALL
BOX,"Box, Inc. Class A Common Stock",US,,USALL
BOXL,Boxlight Corporation - Class A Common Stock,US,,USALL
BP,BP p.l.c. Common Stock,US,,USALL
BPAC,Blueport Acquisition Ltd - Class A Ordinary Shares,US,,USALL
BPOP,"Popular, Inc. - Common Stock",US,,USALL
BPRE,Bluerock Private Real Estate Fund Common Shares of Beneficial Interest,US,,USALL
BPRN,"Princeton Bancorp, Inc. - Common Stock",US,,USALL
BQ,Boqii Holding Limited Class A Ordinary Shares,US,,USALL
BR,"Broadridge Financial Solutions, Inc. Common Stock",US,,USALL
BRAG,Bragg Gaming Group Inc. - Common Shares,US,,USALL
BRAI,Braiin Limited - Common Stock,US,,USALL
BRBI,BRBI BR Partners S.A. - ADSs,US,,USALL
BRBR,"BellRing Brands, Inc. Common Stock",US,,USALL
BRBS,"Blue Ridge Bankshares, Inc. Common Stock",US,,USALL
BRC,Brady Corporation Common Stock,US,,USALL
BRCB,"Black Rock Coffee Bar, Inc. - Class A Common Stock",US,,USALL
BRCC,BRC Inc. Class A Common Stock,US,,USALL
BRIA,BrilliA Inc Class A Ordinary Shares,US,,USALL
BRID,Bridgford Foods Corporation - Common Stock,US,,USALL
BRK-A,Berkshire Hathaway Inc. Common Stock,US,,USALL
BRK-B,Berkshire Hathaway Inc. New Common Stock,US,,USALL
BRKH,Burtech Acquisition Corp II - Class A Ordinary Shares,US,,USALL
BRKR,Bruker Corporation - Common Stock,US,,USALL
BRLT,"Brilliant Earth Group, Inc. - Class A Common Stock",US,,USALL
BRN,"Barnwell Industries, Inc. Common Stock",US,,USALL
BRNX,BrenX Ltd. - Ordinary Shares,US,,USALL
BRO,"Brown & Brown, Inc. Common Stock",US,,USALL
BROS,Dutch Bros Inc. Class A Common Stock,US,,USALL
BRR,"ProCap Financial, Inc. - Common Stock",US,,USALL
BRSL,"Brightstar Lottery PLC Trading under the Legal Name to begin at the market open on July 21, 2025. Ordinary Shares",US,,USALL
BRSP,"BrightSpire Capital, Inc. Class A Common Stock",US,,USALL
BRT,BRT Apartments Corp. (MD) Common Stock,US,,USALL
BRUN,Boost Run Inc. - Class A Common Stock,US,,USALL
BRVE,"Braveheart Bio, Inc. - Common Stock",US,,USALL
BRW,Saba Capital Income & Opportunities Fund SBI,US,,USALL
BRX,Brixmor Property Group Inc. Common Stock,US,,USALL
BRZE,"Braze, Inc. - Class A Common Stock",US,,USALL
BSAC,Banco Santander - Chile ADS,US,,USALL
BSBK,Bogota Financial Corp. - Common Stock,US,,USALL
BSEM,"BioStem Technologies, Inc. - Common Stock",US,,USALL
BSET,"Bassett Furniture Industries, Incorporated - Common Stock",US,,USALL
BSIN,Big Sky Industrial Inc. - Common Stock,US,,USALL
BSL,Blackstone Senior Floating Rate 2027 Term Fund Common Shares of Beneficial Interest,US,,USALL
BSP,Bending Spoons S.p.A. - Ordinary Shares,US,,USALL
BSRR,Sierra Bancorp - Common Stock,US,,USALL
BST,BlackRock Science and Technology Trust Common Shares of Beneficial Interest,US,,USALL
BSTZ,BlackRock Science and Technology Term Trust Common Shares of Beneficial Interest,US,,USALL
BSVN,Bank7 Corp. - Common stock,US,,USALL
BSX,Boston Scientific Corporation Common Stock,US,,USALL
BSY,"Bentley Systems, Incorporated - Class B Common Stock",US,,USALL
BTAI,"BioXcel Therapeutics, Inc. - Common Stock",US,,USALL
BTBD,"BT Brands, Inc. - Common Stock",US,,USALL
BTBT,"Bit Digital, Inc. - Ordinary Share",US,,USALL
BTCS,BTCS Inc. - Common Stock,US,,USALL
BTCT,BTC Digital Ltd. - Ordinary Shares,US,,USALL
BTDR,Bitdeer Technologies Group - Ordinary Shares,US,,USALL
BTE,Baytex Energy Corp Common Shares,US,,USALL
BTG,B2Gold Corp Common shares (Canada),US,,USALL
BTGO,"BitGo Holdings, Inc. Class A Common Stock",US,,USALL
BTI,"British American Tobacco  Industries, p.l.c. Common Stock ADR",US,,USALL
BTMD,Biote Corp. - Class A common stock,US,,USALL
BTO,John Hancock Financial Opportunities Fund Common Stock,US,,USALL
BTOG,Bit Origin Limited - Class A Ordinary Shares,US,,USALL
BTQ,BTQ Technologies Corp. - Common Stock,US,,USALL
BTSG,"BrightSpring Health Services, Inc. - Common Stock",US,,USALL
BTT,BlackRock Municipal 2030 Target Term Trust,US,,USALL
BTTC,Black Titan Corp - Ordinary Shares,US,,USALL
BTU,Peabody Energy Corporation Common Stock,US,,USALL
BTX,BlackRock Technology and Private Equity Term Trust Common Shares of Beneficial Interest,US,,USALL
BTZ,BlackRock Credit Allocation Income Trust,US,,USALL
BUD,Anheuser-Busch Inbev SA Sponsored ADR (Belgium),US,,USALL
BUDA,"Buda Juice, Inc. Common Stock",US,,USALL
BUI,"BlackRock Utility, Infrastructure & Power Opportunities Trust",US,,USALL
BULL,Webull Corporation - Class A Ordinary Shares,US,,USALL
BUR,Burford Capital Limited Ordinary Shares,US,,USALL
BURL,"Burlington Stores, Inc. Common Stock",US,,USALL
BUSE,First Busey Corporation - Common Stock,US,,USALL
BUUU,BUUU Group Limited - Class A Ordinary Share,US,,USALL
BV,"BrightView Holdings, Inc. Common Stock",US,,USALL
BVC,BitVentures Limited - Ordinary Share,US,,USALL
BVFL,"BV Financial, Inc. - Common Stock",US,,USALL
BVN,Buenaventura Mining Company Inc.,US,,USALL
BVS,Bioventus Inc. - Class A Common Stock,US,,USALL
BW,"Babcock & Wilcox Enterprises, Inc. Common Stock",US,,USALL
BWA,BorgWarner Inc. Common Stock,US,,USALL
BWB,"Bridgewater Bancshares, Inc. - Common Stock",US,,USALL
BWEN,"Broadwind, Inc. - Common Stock",US,,USALL
BWFG,"Bankwell Financial Group, Inc. - Common Stock",US,,USALL
BWG,BrandywineGLOBAL Global Income Opportunities Fund Inc.,US,,USALL
BWIN,"The Baldwin Insurance Group, Inc. - Class A Common Stock",US,,USALL
BWIV,Blue Water Acquisition Corp. IV Class A Ordinary Shares,US,,USALL
BWLP,BW LPG Limited Common Shares,US,,USALL
BWMN,Bowman Consulting Group Ltd. - Common Stock,US,,USALL
BWMX,"Betterware de Mexico, S.A.P.I. de C.V. Ordinary Shares",US,,USALL
BWXT,"BWX Technologies, Inc. Common Stock",US,,USALL
BX,Blackstone Inc. Common Stock,US,,USALL
BXBL,"BOXABL, Inc.  - Common stock",US,,USALL
BXC,Bluelinx Holdings Inc. Common Stock,US,,USALL
BXDC,Blackstone Digital Infrastructure Trust Inc. Common Stock,US,,USALL
BXMT,"Blackstone Mortgage Trust, Inc. Common Stock",US,,USALL
BXP,"BXP, Inc. Common Stock",US,,USALL
BXSL,Blackstone Secured Lending Fund Common Shares of Beneficial Interest,US,,USALL
BY,"Byline Bancorp, Inc. Common Stock",US,,USALL
BYAH,"Park Ha Biological Technology Co., Ltd. - Class A Ordinary Shares",US,,USALL
BYD,Boyd Gaming Corporation Common Stock,US,,USALL
BYFC,Broadway Financial Corporation - Class A Common Stock,US,,USALL
BYRN,"Byrna Technologies, Inc. - Common Stock",US,,USALL
BYSI,"BeyondSpring, Inc. - Ordinary Shares",US,,USALL
BZAI,"Blaize Holdings, Inc. - Common Stock",US,,USALL
BZFD,"BuzzFeed, Inc. - Class A Common Stock",US,,USALL
BZH,"Beazer Homes USA, Inc. Common Stock",US,,USALL
C,"Citigroup, Inc. Common Stock",US,,USALL
CAAP,Corporacion America Airports SA Common Shares,US,,USALL
CAAS,"China Automotive Systems, Inc. - Ordinary Share",US,,USALL
CABA,"Cabaletta Bio, Inc. - Common Stock",US,,USALL
CABO,"Cable One, Inc. Common Stock",US,,USALL
CAC,Camden National Corporation - Common Stock,US,,USALL
CACC,Credit Acceptance Corporation - Common Stock,US,,USALL
CACI,"CACI International, Inc. Class A Common Stock",US,,USALL
CADL,"Candel Therapeutics, Inc. - Common Stock",US,,USALL
CAE,CAE Inc - Common Shares,US,,USALL
CAES,"Cantor Equity Partners VII, Inc. - Class A Ordinary Shares",US,,USALL
CAF,Morgan Stanley China A Share Fund Inc. Common Stock,US,,USALL
CAG,"ConAgra Brands, Inc. Common Stock",US,,USALL
CAH,"Cardinal Health, Inc. Common Stock",US,,USALL
CAI,"Caris Life Sciences, Inc. - Common Stock",US,,USALL
CAII,Collective Acquisition Corp. II - Class A Ordinary Shares,US,,USALL
CAKE,The Cheesecake Factory Incorporated - Common Stock,US,,USALL
CAL,"Caleres, Inc. Common Stock",US,,USALL
CALM,"Cal-Maine Foods, Inc. - Common Stock",US,,USALL
CALX,"Calix, Inc Common Stock",US,,USALL
CALY,Callaway Golf Company Common Stock,US,,USALL
CAMP,CAMP4 Therapeutics Corporation - Common Stock,US,,USALL
CAMT,Camtek Ltd. - Ordinary Shares,US,,USALL
CANG,Cango Inc. Class A Ordinary Shares,US,,USALL
CAPR,"Capricor Therapeutics, Inc. - Common Stock",US,,USALL
CAQ,Cambridge Acquisition Corp. - Class A Ordinary Shares,US,,USALL
CAR,"Avis Budget Group, Inc. - Common Stock",US,,USALL
CARE,"Carter Bankshares, Inc. - Common Stock",US,,USALL
CARG,"CarGurus, Inc. - Class A Common Stock",US,,USALL
CARL,"Carlsmed, Inc. - Common Stock",US,,USALL
CARR,Carrier Global Corporation Common Stock,US,,USALL
CARS,Cars.com Inc. Common Stock,US,,USALL
CART,Maplebear Inc. - Common Stock,US,,USALL
CASH,"Pathward Financial, Inc. - Common Stock",US,,USALL
CASS,"Cass Information Systems, Inc - Common Stock",US,,USALL
CAST,"FreeCast, Inc. - Class A common stock",US,,USALL
CASY,"Caseys General Stores, Inc. - Common Stock",US,,USALL
CAT,"Caterpillar, Inc. Common Stock",US,,USALL
CATO,Cato Corporation (The) Class A Common Stock,US,,USALL
CATX,"Perspective Therapeutics, Inc. Common Stock",US,,USALL
CATY,Cathay General Bancorp - Common Stock,US,,USALL
CAVA,"CAVA Group, Inc. Common Stock",US,,USALL
CB,Chubb Limited  Common Stock,US,,USALL
CBAN,"Colony Bankcorp, Inc. Common Stock",US,,USALL
CBC,"Central Bancompany, Inc. - Class A Common Stock",US,,USALL
CBFV,"CB Financial Services, Inc. - Common Stock",US,,USALL
CBIO,"Crescent Biopharma, Inc. - Common Stock",US,,USALL
CBK,"Commercial Bancgroup, Inc. - Common Stock",US,,USALL
CBL,"CBL & Associates Properties, Inc. Common Stock",US,,USALL
CBLL,"CeriBell, Inc. - Common Stock",US,,USALL
CBNA,"Chain Bridge Bancorp, Inc. Class A Common Stock",US,,USALL
CBNK,"Capital Bancorp, Inc. - Common Stock",US,,USALL
CBOE,"Cboe Global Markets, Inc. Common Stock",US,,USALL
CBRE,CBRE Group Inc Common Stock Class A,US,,USALL
CBRL,"Cracker Barrel Old Country Store, Inc. - Common Stock",US,,USALL
CBRS,Cerebras Systems Inc. - Class A Common Stock,US,,USALL
CBSH,"Commerce Bancshares, Inc. - Common Stock",US,,USALL
CBT,Cabot Corporation Common Stock,US,,USALL
CBU,"Community Financial System, Inc. Common Stock",US,,USALL
CBUS,"Cibus, Inc. - Class A Common Stock",US,,USALL
CBZ,"CBIZ, Inc. Common Stock",US,,USALL
CC,Chemours Company (The) Common Stock,US,,USALL
CCAP,"Crescent Capital BDC, Inc. - Common Stock",US,,USALL
CCAQ,Collective Acquisition Corp. - Class A ordinary shares,US,,USALL
CCB,Coastal Financial Corporation - Common Stock,US,,USALL
CCBG,Capital City Bank Group - Common Stock,US,,USALL
CCC,CCC Intelligent Solutions Holdings Inc. - Common Stock,US,,USALL
CCCC,"C4 Therapeutics, Inc. - Common Stock",US,,USALL
CCCT,Columbus Circle Capital Corp III - Class A Ordinary Shares,US,,USALL
CCD,Calamos Dynamic Convertible & Income Fund - Closed End Fund,US,,USALL
CCEC,Capital Clean Energy Carriers Corp. - Common Share,US,,USALL
CCEL,"Cryo-Cell International, Inc. Common Stock",US,,USALL
CCEP,Coca-Cola Europacific Partners plc - Ordinary Shares,US,,USALL
CCG,Cheche Group Inc. - Class A Ordinary Shares,US,,USALL
CCHH,CCH Holdings Ltd - Class A Ordinary Shares,US,,USALL
CCI,Crown Castle Inc. Common Stock,US,,USALL
CCIF,Carlyle Credit Income Fund Shares of Beneficial Interest,US,,USALL
CCII,Cohen Circle Acquisition Corp. II - Class A Ordinary Shares,US,,USALL
CCJ,Cameco Corporation Common Stock,US,,USALL
CCK,"Crown Holdings, Inc.",US,,USALL
CCL,Carnival Corporation Ltd. Common Shares,US,,USALL
CCLD,"CareCloud, Inc. - Common Stock",US,,USALL
CCNE,CNB Financial Corporation - Common Stock,US,,USALL
CCO,"Clear Channel Outdoor Holdings, Inc. Common Stock",US,,USALL
CCOI,"Cogent Communications Holdings, Inc. - Common Stock",US,,USALL
CCS,"Century Communities, Inc. Common Stock",US,,USALL
CCSI,"Consensus Cloud Solutions, Inc. - Common Stock",US,,USALL
CCU,"Compania Cervecerias Unidas, S.A. Common Stock",US,,USALL
CCXI,Churchill Capital Corp XI - Class A Ordinary Shares,US,,USALL
CCZ,Comcast Holdings ZONES,US,,USALL
CD,Chaince Digital Holdings Inc. - American Ordinary Shares,US,,USALL
CDE,"Coeur Mining, Inc. Common Stock",US,,USALL
CDIO,Cardio Diagnostics Holdings Inc. - Common stock,US,,USALL
CDLX,"Cardlytics, Inc. - Common Stock",US,,USALL
CDNA,"CareDx, Inc. - Common Stock",US,,USALL
CDNL,Cardinal Infrastructure Group Inc. - Class A Common Stock,US,,USALL
CDNS,"Cadence Design Systems, Inc. - Common Stock",US,,USALL
CDP,COPT Defense Properties Common Shares of Beneficial Interest,US,,USALL
CDRE,"Cadre Holdings, Inc. Common Stock",US,,USALL
CDRO,"Codere Online Luxembourg, S.A. - Ordinary Shares",US,,USALL
CDT,CDT Equity Inc. - Common Stock,US,,USALL
CDTG,CDT Environmental Technology Investment Holdings Limited - ordinary shares,US,,USALL
CDW,CDW Corporation - Common Stock,US,,USALL
CDXS,"Codexis, Inc. - Common Stock",US,,USALL
CDZI,"Cadiz, Inc. - Common Stock",US,,USALL
CE,Celanese Corporation Common Stock,US,,USALL
CECO,CECO Environmental Corp. - Common Stock,US,,USALL
CEE,"The Central and Eastern Europe Fund, Inc. (The) Common Stock",US,,USALL
CELC,Celcuity Inc. - Common Stock,US,,USALL
CELH,"Celsius Holdings, Inc. - Common Stock",US,,USALL
CELU,Celularity Inc. - Class A Common Stock,US,,USALL
CELZ,"Creative Medical Technology Holdings, Inc. - Common Stock",US,,USALL
CENN,Cenntro Inc. - Common Stock,US,,USALL
CENT,Central Garden & Pet Company - Common Stock,US,,USALL
CENTA,Central Garden & Pet Company - Class A Common Stock Nonvoting,US,,USALL
CENX,Century Aluminum Company - Common Stock,US,,USALL
CEPF,"Cantor Equity Partners IV, Inc. - Class A Ordinary Shares",US,,USALL
CEPL,"Capstone Energy Plus, Inc. - Common Stock",US,,USALL
CEPO,"Cantor Equity Partners I, Inc. - Class A Ordinary Shares",US,,USALL
CEPS,"Cantor Equity Partners VI, Inc. - Class A Ordinary Shares",US,,USALL
CEPV,"Cantor Equity Partners V, Inc. - Class A Ordinary Shares",US,,USALL
CERS,Cerus Corporation - Common Stock,US,,USALL
CERT,"Certara, Inc. - Common Stock",US,,USALL
CET,Central Securities Corporation Common Stock,US,,USALL
CETX,Cemtrex Inc. - Common Stock,US,,USALL
CETY,"Clean Energy Technologies, Inc. - Common Stock",US,,USALL
CEV,Eaton Vance California Municipal Income Trust Shares of Beneficial Interest,US,,USALL
CEVA,"CEVA, Inc. - Common Stock",US,,USALL
CF,"CF Industries Holdings, Inc. Common Stock",US,,USALL
CFBK,CF Bankshares Inc. - Common Stock,US,,USALL
CFFI,C&F Financial Corporation - Common Stock,US,,USALL
CFFN,"Capitol Federal Financial, Inc. - Common Stock",US,,USALL
CFG,"Citizens Financial Group, Inc. Common Stock",US,,USALL
CFND,C1 Fund Inc. Common Stock,US,,USALL
CFR,"Cullen/Frost Bankers, Inc. Common Stock",US,,USALL
CG,The Carlyle Group Inc. - Common Stock,US,,USALL
CGAU,Centerra Gold Inc. Common Shares,US,,USALL
CGBD,"Carlyle Secured Lending, Inc. - Closed End Fund",US,,USALL
CGC,Canopy Growth Corporation - Common Shares,US,,USALL
CGCF,Cartesian Growth Corporation IV - Class A Ordinary Shares,US,,USALL
CGEM,"Cullinan Therapeutics, Inc. - Common Stock",US,,USALL
CGEN,Compugen Ltd. - Ordinary Shares,US,,USALL
CGNT,Cognyte Software Ltd. - Ordinary Shares,US,,USALL
CGNX,Cognex Corporation - Common Stock,US,,USALL
CGO,Calamos Global Total Return Fund - Closed End Fund,US,,USALL
CGON,"CG Oncology, Inc. - Common stock",US,,USALL
CGTL,Creative Global Technology Holdings Limited - Class A Ordinary Shares,US,,USALL
CGTX,"Cognition Therapeutics, Inc. - Common Stock",US,,USALL
CHAR,Charlton Aria Acquisition Corporation - Class A Ordinary Shares,US,,USALL
CHCI,"Comstock Holding Companies, Inc. - Class A Common Stock",US,,USALL
CHCO,City Holding Company - Common Stock,US,,USALL
CHCT,Community Healthcare Trust Incorporated Common Stock,US,,USALL
CHD,"Church & Dwight Company, Inc. Common Stock",US,,USALL
CHDN,"Churchill Downs, Incorporated - Common Stock",US,,USALL
CHE,Chemed Corp,US,,USALL
CHEC,Chenghe Acquisition III Co. - Class A Ordinary Shares,US,,USALL
CHEF,"The Chefs' Warehouse, Inc. - Common Stock",US,,USALL
CHGG,"Chegg, Inc. Common Stock",US,,USALL
CHH,"Choice Hotels International, Inc. Common Stock",US,,USALL
CHI,Calamos Convertible Opportunities and Income Fund - Closed End Fund,US,,USALL
CHKP,Check Point Software Technologies Ltd. - Ordinary Shares,US,,USALL
CHMG,Chemung Financial Corp  - Common Stock,US,,USALL
CHMI,Cherry Hill Mortgage Investment Corporation Common Stock,US,,USALL
CHNR,"China Natural Resources, Inc. - Common Shares",US,,USALL
CHOW,ChowChow Cloud International Holdings Limited Ordinary Shares,US,,USALL
CHPG,ChampionsGate Acquisition Corporation - Class A Ordinary Share,US,,USALL
CHPT,"ChargePoint Holdings, Inc. Common Stock",US,,USALL
CHR,"Cheer Holding, Inc.  - Class A Ordinary Share",US,,USALL
CHRD,Chord Energy Corporation - Common Stock,US,,USALL
CHRN,ChronoScale Holdings Corporation - Common Stock,US,,USALL
CHRS,"Coherus Oncology, Inc. - Common Stock",US,,USALL
CHRW,"C.H. Robinson Worldwide, Inc. - Common Stock",US,,USALL
CHSN,Chanson International Holding - Class A Ordinary Shares,US,,USALL
CHT,"Chunghwa Telecom Co., Ltd.",US,,USALL
CHTR,"Charter Communications, Inc. - Class A Common Stock",US,,USALL
CHW,Calamos Global Dynamic Income Fund - Closed End Fund,US,,USALL
CHWY,"Chewy, Inc. Class A Common Stock",US,,USALL
CHY,Calamos Convertible and High Income Fund - Closed End Fund,US,,USALL
CHYM,"Chime Financial, Inc. - Class A Common Stock",US,,USALL
CI,The Cigna Group Common Stock,US,,USALL
CIA,"Citizens, Inc. Class A Common Stock ($1.00 Par)",US,,USALL
CIEN,Ciena Corporation Common Stock,US,,USALL
CIFR,Cipher Digital Inc. - Common Stock,US,,USALL
CIGI,Colliers International Group Inc.  - Subordinate Voting Shares,US,,USALL
CII,"BlackRock Enhanced Large Cap Core Fund, Inc. Common Stock",US,,USALL
CIIT,"Tianci International, Inc. - Common Stock",US,,USALL
CIK,"Credit Suisse Asset Management Income Fund, Inc. Common Stock",US,,USALL
CIM,Chimera Investment Corporation Common Stock,US,,USALL
CINF,Cincinnati Financial Corporation - Common Stock,US,,USALL
CING,Cingulate Inc. - Common Stock,US,,USALL
CINT,CI&T Inc Class A Common Shares,US,,USALL
CION,CION Investment Corporation Common Stock,US,,USALL
CISS,C3is Inc. - Common Stock,US,,USALL
CITR,CitroTech Inc. Common Stock,US,,USALL
CIVB,"Civista Bancshares, Inc.  - Common Stock",US,,USALL
CIX,CompX International Inc. Common Stock,US,,USALL
CKX,"CKX Lands, Inc. Common Stock",US,,USALL
CL,Colgate-Palmolive Company Common Stock,US,,USALL
CLAR,Clarus Corporation - Common Stock,US,,USALL
CLB,Core Laboratories Inc. Common Stock,US,,USALL
CLBK,"Columbia Financial, Inc. - Common Stock",US,,USALL
CLBR,Colombier Acquisition Corp. III Class A Ordinary Shares,US,,USALL
CLBT,Cellebrite DI Ltd. - Ordinary Shares,US,,USALL
CLDI,"Calidi Biotherapeutics, Inc. Common Stock",US,,USALL
CLDT,Chatham Lodging Trust (REIT) Common Shares of Beneficial Interest,US,,USALL
CLDX,"Celldex Therapeutics, Inc. - Common Stock",US,,USALL
CLF,Cleveland-Cliffs Inc. Common Stock,US,,USALL
CLFD,"Clearfield, Inc. - Common Stock",US,,USALL
CLH,"Clean Harbors, Inc. Common Stock",US,,USALL
CLIK,Click Holdings Limited - Ordinary Share,US,,USALL
CLIR,ClearSign Technologies Corporation - Common Stock,US,,USALL
CLM,"Cornerstone Strategic Investment Fund, Inc. Common Shares",US,,USALL
CLMB,"Climb Global Solutions, Inc. - Common Stock",US,,USALL
CLMT,"Calumet, Inc - Common Stock",US,,USALL
CLNE,Clean Energy Fuels Corp. - Common Stock,US,,USALL
CLNN,Clene Inc. - Common Stock,US,,USALL
CLOV,"Clover Health Investments, Corp.  - Class A Common stock",US,,USALL
CLPR,Clipper Realty Inc. Common Stock,US,,USALL
CLPT,ClearPoint Neuro Inc. - Common Stock,US,,USALL
CLRB,"Cellectar Biosciences, Inc. - Common Stock",US,,USALL
CLS,"Celestica, Inc. Common Stock",US,,USALL
CLSK,"CleanSpark, Inc. - Common Stock",US,,USALL
CLST,"Catalyst Bancorp, Inc. - common stock",US,,USALL
CLVT,Clarivate Plc Ordinary Shares,US,,USALL
CLW,Clearwater Paper Corporation Common Stock,US,,USALL
CLWT,Euro Tech Holdings Company Limited - Ordinary Shares,US,,USALL
CLX,Clorox Company (The) Common Stock,US,,USALL
CLYM,"Climb Bio, Inc. - Common Stock",US,,USALL
CM,Canadian Imperial Bank of Commerce Common Stock,US,,USALL
CMBT,CMB.TECH NV Ordinary Shares,US,,USALL
CMC,Commercial Metals Company Common Stock,US,,USALL
CMCL,Caledonia Mining Corporation Plc Common Shares,US,,USALL
CMCO,Columbus McKinnon Corporation - Common Stock,US,,USALL
CMCSA,Comcast Corporation - Class A Common Stock,US,,USALL
CMCT,Creative Media  - Common Stock,US,,USALL
CMDB,Costamare Bulkers Holdings Limited Common Stock,US,,USALL
CME,CME Group Inc. - Class A Common Stock,US,,USALL
CMG,"Chipotle Mexican Grill, Inc. Common Stock",US,,USALL
CMI,Cummins Inc. Common Stock,US,,USALL
CMND,Clearmind Medicine Inc. - Common Shares,US,,USALL
CMP,Compass Minerals Intl Inc Common Stock,US,,USALL
CMPR,Cimpress plc - Ordinary Shares,US,,USALL
CMPX,"Compass Therapeutics, Inc. - Common Stock",US,,USALL
CMRC,"Commerce.com, Inc. - Series 1 Common Stock",US,,USALL
CMRE,Costamare Inc. Common Stock $0.0001 par value,US,,USALL
CMS,CMS Energy Corporation Common Stock,US,,USALL
CMT,Core Molding Technologies Inc Common Stock,US,,USALL
CMTG,"Claros Mortgage Trust, Inc. Common Stock",US,,USALL
CMTL,Comtech Telecommunications Corp. - Common Stock,US,,USALL
CMTV,Community Bancorp.  - Common stock,US,,USALL
CNA,CNA Financial Corporation Common Stock,US,,USALL
CNC,Centene Corporation Common Stock,US,,USALL
CNCK,Coincheck Group N.V. - Ordinary Shares,US,,USALL
CNDT,Conduent Incorporated - Common Stock,US,,USALL
CNET,ZW Data Action Technologies Inc. - Common Stock,US,,USALL
CNH,CNH Industrial N.V. Common Shares,US,,USALL
CNI,Canadian National Railway Company Common Stock,US,,USALL
CNK,"Cinemark Holdings Inc Cinemark Holdings, Inc. Common Stock",US,,USALL
CNL,Collective Mining Ltd. - Common Stock,US,,USALL
CNM,"Core & Main, Inc. Class A Common Stock",US,,USALL
CNMD,CONMED Corporation Common Stock,US,,USALL
CNNE,"Cannae Holdings, Inc. Common Stock",US,,USALL
CNO,"CNO Financial Group, Inc. Common Stock",US,,USALL
CNOB,"ConnectOne Bancorp, Inc. - Common Stock",US,,USALL
CNP,"CenterPoint Energy, Inc (Holding Co) Common Stock",US,,USALL
CNQ,Canadian Natural Resources Limited Common Stock,US,,USALL
CNR,"Core Natural Resources, Inc. Common Stock",US,,USALL
CNS,Cohen & Steers Inc Common Stock,US,,USALL
CNSP,"CNS Pharmaceuticals, Inc. - Common Stock",US,,USALL
CNSY,"Cerenome, Inc. - Common Stock",US,,USALL
CNTB,Connect Biopharma Holdings Limited - Ordinary Shares,US,,USALL
CNTN,"Canton Strategic Holdings, Inc. - Common Stock",US,,USALL
CNTY,"Century Casinos, Inc. - Common Stock",US,,USALL
CNVS,Cineverse Corp. - Class A Common Stock,US,,USALL
CNX,CNX Resources Corporation Common Stock,US,,USALL
CNXC,Concentrix Corporation - Common Stock,US,,USALL
CNXN,"PC Connection, Inc. - Common Stock",US,,USALL
CNXU,Conexeu Sciences Inc. - Common Stock,US,,USALL
COAG,"Hemab Therapeutics Holdings, Inc. - Common Stock",US,,USALL
COCO,"The Vita Coco Company, Inc. - Common Stock",US,,USALL
COCP,"Cocrystal Pharma, Inc. - Common Stock",US,,USALL
CODA,"Coda Octopus Group, Inc. - Common stock",US,,USALL
CODI,D/B/A Compass Diversified Holdings Shares of Beneficial Interest,US,,USALL
CODX,"Co-Diagnostics, Inc. - Common Stock",US,,USALL
COF,Capital One Financial Corporation Common Stock,US,,USALL
COFS,"ChoiceOne Financial Services, Inc. - Common Stock",US,,USALL
COGT,"Cogent Biosciences, Inc. - Common Stock",US,,USALL
COHN,Cohen & Company Inc.,US,,USALL
COHR,Coherent Corp. Common Stock,US,,USALL
COHU,"Cohu, Inc. - Common Stock",US,,USALL
COIN,"Coinbase Global, Inc. - Class A Common Stock",US,,USALL
COKE,"Coca-Cola Consolidated, Inc. - Common Stock",US,,USALL
COLB,"Columbia Banking System, Inc. - Common Stock",US,,USALL
COLD,"Americold Realty Trust, Inc. Common Stock",US,,USALL
COLL,"Collegium Pharmaceutical, Inc. - Common Stock",US,,USALL
COLM,Columbia Sportswear Company - Common Stock,US,,USALL
COMP,"Compass, Inc. Class A Common Stock",US,,USALL
CON,"Concentra Group Holdings Parent, Inc. Common Stock",US,,USALL
COO,"The Cooper Companies, Inc.  - Common Stock",US,,USALL
COOK,"Traeger, Inc. Common Stock",US,,USALL
COP,ConocoPhillips Common Stock,US,,USALL
COPL,Copley Acquisition Corp Ordinary Shares,US,,USALL
COPR,Idaho Copper Corporation Common Stock,US,,USALL
COR,"Cencora, Inc. Common Stock",US,,USALL
CORT,Corcept Therapeutics Incorporated - Common Stock,US,,USALL
CORZ,"Core Scientific, Inc. - Common Stock",US,,USALL
COSO,"CoastalSouth Bancshares, Inc. Common Stock",US,,USALL
COST,Costco Wholesale Corporation - Common Stock,US,,USALL
COTY,Coty Inc. Class A Common Stock,US,,USALL
COUR,"Coursera, Inc. Common Stock",US,,USALL
COYA,"Coya Therapeutics, Inc. - Common Stock",US,,USALL
CP,Canadian Pacific Kansas City Limited Common Shares,US,,USALL
CPA,"Copa Holdings, S.A. Class A Common Stock",US,,USALL
CPAY,"Corpay, Inc. Common Stock",US,,USALL
CPB,The Campbell's Company - Common Stock,US,,USALL
CPBI,"Central Plains Bancshares, Inc. - Common Stock",US,,USALL
CPF,Central Pacific Financial Corp New,US,,USALL
CPHC,Canterbury Park Holding Corporation - Common Stock,US,,USALL
CPHI,"China Pharma Holdings, Inc. Common Stock",US,,USALL
CPIX,Cumberland Pharmaceuticals Inc. - Common Stock,US,,USALL
CPK,Chesapeake Utilities Corporation Common Stock,US,,USALL
CPNG,"Coupang, Inc. Class A Common Stock",US,,USALL
CPRI,Capri Holdings Limited Ordinary Shares,US,,USALL
CPRT,"Copart, Inc. - Common Stock",US,,USALL
CPS,Cooper-Standard Holdings Inc. Common Stock,US,,USALL
CPSH,CPS Technologies Corp. - Common Stock,US,,USALL
CPSS,"Consumer Portfolio Services, Inc. - Common Stock",US,,USALL
CPT,Camden Property Trust Common Stock,US,,USALL
CPZ,Calamos Long/Short Equity & Dynamic Income Trust - Closed End Fund,US,,USALL
CR,Crane Company Common Stock,US,,USALL
CRAC,Crown Reserve Acquisition Corp. I - Class A Ordinary Shares,US,,USALL
CRAI,"CRA International,Inc. - Common Stock",US,,USALL
CRAN,Crane Harbor Acquisition Corp. II - Class A Ordinary Shares,US,,USALL
CRAQ,Cal Redwood Acquisition Corp. - Class A Ordinary Shares,US,,USALL
CRBG,Corebridge Financial Inc. Common Stock,US,,USALL
CRBP,"Corbus Pharmaceuticals Holdings, Inc. - Common Stock",US,,USALL
CRBU,"Caribou Biosciences, Inc. - Common Stock",US,,USALL
CRC,California Resources Corporation Common Stock,US,,USALL
CRCL,"Circle Internet Group, Inc. Class A Common Stock",US,,USALL
CRCT,"Cricut, Inc. - Class A common stock",US,,USALL
CRD-A,Crawford & Company Common Stock,US,,USALL
CRD-B,Crawford & Company Common Stock,US,,USALL
CRDF,"Cardiff Oncology, Inc. - Common Stock",US,,USALL
CRDL,Cardiol Therapeutics Inc. - Class A Common Shares,US,,USALL
CRDO,Credo Technology Group Holding Ltd - Ordinary Shares,US,,USALL
CRE,Cre8 Enterprise Limited - Class A Ordinary Shares,US,,USALL
CREX,"Creative Realities, Inc. - Common Stock",US,,USALL
CRF,"Cornerstone Total Return Fund, Inc. (The) Common Stock",US,,USALL
CRGO,Freightos Limited - Ordinary shares,US,,USALL
CRGY,Crescent Energy Company Class A Common Stock,US,,USALL
CRH,CRH PLC Ordinary Shares,US,,USALL
CRI,"Carter's, Inc. Common Stock",US,,USALL
CRIS,"Curis, Inc. - Common Stock",US,,USALL
CRK,"Comstock Resources, Inc. Common Stock",US,,USALL
CRL,"Charles River Laboratories International, Inc. Common Stock",US,,USALL
CRM,"Salesforce, Inc. Common Stock",US,,USALL
CRMD,CorMedix Inc. - Common Stock,US,,USALL
CRML,Critical Metals Corp. - Ordinary Shares,US,,USALL
CRMT,"America's Car-Mart, Inc. - Common Stock",US,,USALL
CRNC,Cerence Inc. - Common Stock,US,,USALL
CRNT,Ceragon Networks Ltd. - Ordinary Shares,US,,USALL
CRNX,"Crinetics Pharmaceuticals, Inc. - Common Stock",US,,USALL
CRON,Cronos Group Inc. - Common Share,US,,USALL
CROX,"Crocs, Inc. - Common Stock",US,,USALL
CRS,Carpenter Technology Corporation Common Stock,US,,USALL
CRSP,CRISPR Therapeutics AG - Common Shares,US,,USALL
CRSR,"Corsair Gaming, Inc. - Common Stock",US,,USALL
CRT,Cross Timbers Royalty Trust Common Stock,US,,USALL
CRTO,Criteo S.A. - Ordinary Shares,US,,USALL
CRUS,"Cirrus Logic, Inc. - Common Stock",US,,USALL
CRVL,CorVel Corp. - Common Stock,US,,USALL
CRVO,CervoMed Inc. - Common Stock,US,,USALL
CRVS,"Corvus Pharmaceuticals, Inc. - Common Stock",US,,USALL
CRWD,"CrowdStrike Holdings, Inc. - Class A Common Stock",US,,USALL
CRWS,"Crown Crafts, Inc. - Common Stock",US,,USALL
CRWV,"CoreWeave, Inc. - Class A Common Stock",US,,USALL
CSAI,"Cloudastructure, Inc. - Class A Common Stock",US,,USALL
CSAN,Cosan S.A. ADS,US,,USALL
CSBR,"Champions Oncology, Inc. - Common Stock",US,,USALL
CSCO,"Cisco Systems, Inc. - Common Stock",US,,USALL
CSGP,"CoStar Group, Inc. - Common Stock",US,,USALL
CSHR,CoinShares PLC - Ordinary Shares,US,,USALL
CSIQ,Canadian Solar Inc. - Common Shares,US,,USALL
CSL,Carlisle Companies Incorporated Common Stock,US,,USALL
CSPI,CSP Inc. - Common Stock,US,,USALL
CSQ,Calamos Strategic Total Return Fund - Closed End Fund,US,,USALL
CSQR,"Csquare, Inc. Common Stock",US,,USALL
CSR,D/B/A Centerspace Common Stock,US,,USALL
CSTE,Caesarstone Ltd. - Ordinary Shares,US,,USALL
CSTL,"Castle Biosciences, Inc. - Common stock",US,,USALL
CSTM,Constellium SE Ordinary Shares (France),US,,USALL
CSV,"Carriage Services, Inc. Common Stock",US,,USALL
CSW,"CSW Industrials, Inc. Common Stock",US,,USALL
CSWC,Capital Southwest Corporation - Common Stock,US,,USALL
CSX,CSX Corporation - Common Stock,US,,USALL
CTAA,ClearThink 1 Acquisition Corp. - Class A Ordinary Shares,US,,USALL
CTAS,Cintas Corporation - Common Stock,US,,USALL
CTBI,"Community Trust Bancorp, Inc. - Common Stock",US,,USALL
CTEV,Claritev Corporation Class A Common Stock,US,,USALL
CTGO,Contango Silver & Gold Inc. Common Stock,US,,USALL
CTKB,"Cytek Biosciences, Inc. - Common Stock",US,,USALL
CTM,"Castellum, Inc. Common Stock",US,,USALL
CTMX,"CytomX Therapeutics, Inc. - Common Stock",US,,USALL
CTNM,"Contineum Therapeutics, Inc. - Common stock",US,,USALL
CTNT,Cheetah Net Supply Chain Service Inc. - Class A Common Stock,US,,USALL
CTO,"CTO Realty Growth, Inc. Common Stock",US,,USALL
CTOS,"Custom Truck One Source, Inc. Common Stock",US,,USALL
CTRE,"CareTrust REIT, Inc. Common Stock",US,,USALL
CTRI,"Centuri Holdings, Inc. Common Stock",US,,USALL
CTRM,Castor Maritime Inc. - Common Shares,US,,USALL
CTRN,"Citi Trends, Inc. - Common Stock",US,,USALL
CTS,CTS Corporation Common Stock,US,,USALL
CTSH,Cognizant Technology Solutions Corporation - Class A Common Stock,US,,USALL
CTVA,"Corteva, Inc. Common Stock",US,,USALL
CTW,CTW - Class A Ordinary Shares,US,,USALL
CUB,Lionheart Holdings - Class A Ordinary Shares,US,,USALL
CUBE,CubeSmart Common Shares,US,,USALL
CUBI,"Customers Bancorp, Inc Common Stock",US,,USALL
CUE,"Cue Biopharma, Inc. - Common Stock",US,,USALL
CULP,"Culp, Inc. - Common Shares",US,,USALL
CUPR,Cuprina Holdings (Cayman) Limited - Class A Ordinary shares,US,,USALL
CURB,Curbline Properties Corp. Common Stock,US,,USALL
CURI,CuriosityStream Inc.  - Class A Common Stock,US,,USALL
CURR,Currenc Group Inc. - Ordinary Shares,US,,USALL
CURV,Torrid Holdings Inc. Common Stock,US,,USALL
CUZ,Cousins Properties Incorporated Common Stock,US,,USALL
CV,"CapsoVision, Inc. - Common Stock",US,,USALL
CVBF,CVB Financial Corporation - Common Stock,US,,USALL
CVCO,"Cavco Industries, Inc. - Common Stock",US,,USALL
CVE,Cenovus Energy Inc Common Stock,US,,USALL
CVEO,Civeo Corporation (Canada) Common Shares,US,,USALL
CVGI,"Commercial Vehicle Group, Inc. - Common Stock",US,,USALL
CVI,CVR Energy Inc. Common Stock,US,,USALL
CVKD,"Cadrenal Therapeutics, Inc. - Common Stock",US,,USALL
CVLG,"Covenant Logistics Group, Inc. Class A Common Stock",US,,USALL
CVLT,"Commvault Systems, Inc. - Common Stock",US,,USALL
CVM,Cel-Sci Corporation Common Stock,US,,USALL
CVNA,Carvana Co. Class A Common Stock,US,,USALL
CVR,Chicago Rivet & Machine Co. Common Stock,US,,USALL
CVRX,"CVRx, Inc. - Common Stock",US,,USALL
CVS,CVS Health Corporation Common Stock,US,,USALL
CVSA,Covista Inc. Common Shares,US,,USALL
CVU,"CPI Aerostructures, Inc. Common Stock",US,,USALL
CVV,CVD Equipment Corporation - Common Stock,US,,USALL
CVX,Chevron Corporation Common Stock,US,,USALL
CW,Curtiss-Wright Corporation Common Stock,US,,USALL
CWBC,Community West Bancshares - Common Stock,US,,USALL
CWCO,Consolidated Water Co. Ltd. - Ordinary Shares,US,,USALL
CWD,CaliberCos Inc. - Class A Common Stock,US,,USALL
CWEN,"Clearway Energy, Inc. Class C Common Stock",US,,USALL
CWH,"Camping World Holdings, Inc. Class A Common Stock",US,,USALL
CWK,Cushman & Wakefield Ltd. Common Shares,US,,USALL
CWST,"Casella Waste Systems, Inc. - Class A Common Stock",US,,USALL
CWT,California Water Service Group Common Stock,US,,USALL
CX,"Cemex, S.A.B. de C.V. Sponsored ADR",US,,USALL
CXDO,"Crexendo, Inc. - Common Stock",US,,USALL
CXII,Churchill Capital Corp XII - Class A Ordinary Shares,US,,USALL
CXM,"Sprinklr, Inc. Class A Common Stock",US,,USALL
CXT,"Crane NXT, Co. Common Stock",US,,USALL
CXW,"CoreCivic, Inc. Common Stock",US,,USALL
CYCN,"Cyclerion Therapeutics, Inc. - Common Stock",US,,USALL
CYD,China Yuchai International Limited Common Stock,US,,USALL
CYH,"Community Health Systems, Inc. Common Stock",US,,USALL
CYN,Cyngn Inc. - Common stock,US,,USALL
CYRX,"CryoPort, Inc. - Common Stock",US,,USALL
CYTK,"Cytokinetics, Incorporated - Common Stock",US,,USALL
CZFS,"Citizens Financial Services, Inc. - Common Stock",US,,USALL
CZNC,Citizens & Northern Corp - Common Stock,US,,USALL
CZR,"Caesars Entertainment, Inc. - Common Stock",US,,USALL
CZWI,"Citizens Community Bancorp, Inc. - Common Stock",US,,USALL
D,"Dominion Energy, Inc. Common Stock",US,,USALL
DAAQ,Digital Asset Acquisition Corp. - Class A Ordinary shares,US,,USALL
DAC,Danaos Corporation Common Stock,US,,USALL
DAIO,Data I/O Corporation - Common Stock,US,,USALL
DAKT,"Daktronics, Inc. - Common Stock",US,,USALL
DAL,"Delta Air Lines, Inc. Common Stock",US,,USALL
DAN,Dana Incorporated Common Stock,US,,USALL
DAR,Darling Ingredients Inc. Common Stock,US,,USALL
DASH,"DoorDash, Inc. - Common Stock",US,,USALL
DAVE,Dave Inc.  - Class A Common Stock,US,,USALL
DB,Deutsche Bank AG Common Stock,US,,USALL
DBCA,D. Boral Acquisition I Corp. - Class A Ordinary Shares,US,,USALL
DBD,Diebold Nixdorf Incorporated Common stock,US,,USALL
DBGI,"Digital Brands Group, Inc. - Common Stock",US,,USALL
DBI,Designer Brands Inc. Class A Common Stock,US,,USALL
DBL,DoubleLine Opportunistic Credit Fund Common Shares of Beneficial Interest,US,,USALL
DBRG,"DigitalBridge Group, Inc.",US,,USALL
DBRG-H,"DigitalBridge Group, Inc. 7.125% Series H",US,,USALL
DBRG-I,"DigitalBridge Group, Inc. 7.15% Series I",US,,USALL
DBRG-J,"DigitalBridge Group, Inc. 7.125% Series J",US,,USALL
DBX,"Dropbox, Inc. - Class A Common Stock",US,,USALL
DC,Dakota Gold Corp. Common Stock,US,,USALL
DCBO,Docebo Inc. - Common Shares,US,,USALL
DCH,Dauch Corporation Common Stock,US,,USALL
DCI,"Donaldson Company, Inc. Common Stock",US,,USALL
DCO,Ducommun Incorporated Common Stock,US,,USALL
DCOM,"Dime Commercial Bancshares, Inc. Common Stock",US,,USALL
DCOY,Decoy Therapeutics Inc. - Common Stock,US,,USALL
DCTH,"Delcath Systems, Inc. - Common Stock",US,,USALL
DCX,Digital Currency X Technology Inc. - Class A Ordinary Shares,US,,USALL
DD,"DuPont de Nemours, Inc. Common Stock",US,,USALL
DDC,DDC Enterprise Limited Class A Ordinary Shares,US,,USALL
DDD,3D Systems Corporation Common Stock,US,,USALL
DDOG,"Datadog, Inc. - Class A Common Stock",US,,USALL
DDS,"Dillard's, Inc. Common Stock",US,,USALL
DDT,Dillard's Capital Trust I,US,,USALL
DE,Deere & Company Common Stock,US,,USALL
DEA,"Easterly Government Properties, Inc. Common Stock",US,,USALL
DEC,Diversified Energy Company Common Stock,US,,USALL
DECK,Deckers Outdoor Corporation Common Stock,US,,USALL
DEI,"Douglas Emmett, Inc. Common Stock",US,,USALL
DELL,Dell Technologies Inc. Class C Common Stock,US,,USALL
DEO,Diageo plc Common Stock,US,,USALL
DERM,Journey Medical Corporation - Common Stock,US,,USALL
DETX,"Liberty Defense Holdings, Ltd. - Common Shares",US,,USALL
DFDV,DeFi Development Corp. - Common Stock,US,,USALL
DFH,"Dream Finders Homes, Inc. Class A Common Stock",US,,USALL
DFIN,"Donnelley Financial Solutions, Inc. Common Stock",US,,USALL
DFSC,"DEFSEC Technologies Inc. - common stock, no R/S concurrent with offering",US,,USALL
DFTX,"Definium Therapeutics, Inc.  - Common Shares",US,,USALL
DG,Dollar General Corporation Common Stock,US,,USALL
DGAC,Disciplined Growth Acquisition Corporation Class A Ordinary Shares,US,,USALL
DGICA,"Donegal Group, Inc. - Class A Common Stock",US,,USALL
DGICB,"Donegal Group, Inc. - Class B Common Stock",US,,USALL
DGII,Digi International Inc. - Common Stock,US,,USALL
DGNX,Diginex Limited - Ordinary Shares,US,,USALL
DGP,"DB Gold Double Long ETN due February 15, 2038",US,,USALL
DGX,Quest Diagnostics Incorporated Common Stock,US,,USALL
DGXX,Digi Power X Inc. - Common Subordinate Voting Shares,US,,USALL
DGZ,"DB Gold Short ETN due February 15, 2038",US,,USALL
DHC,Diversified Healthcare Trust  - Common Shares of Beneficial Interest,US,,USALL
DHF,BNY Mellon High Yield Strategies Fund Common Stock,US,,USALL
DHI,"D.R. Horton, Inc. Common Stock",US,,USALL
DHR,Danaher Corporation Common Stock,US,,USALL
DHT,"DHT Holdings, Inc.",US,,USALL
DHX,"DHI Group, Inc. Common Stock",US,,USALL
DHY,Credit Suisse High Yield Credit Fund Common Stock,US,,USALL
DIBS,"1stdibs.com, Inc. - Common Stock",US,,USALL
DIN,"Dine Brands Global, Inc. Common Stock",US,,USALL
DINO,HF Sinclair Corporation Common Stock,US,,USALL
DIOD,Diodes Incorporated - Common Stock,US,,USALL
DIS,Walt Disney Company (The) Common Stock,US,,USALL
DIT,AMCON Distributing Company Common Stock,US,,USALL
DJCO,Daily Journal Corp. (S.C.) - Common Stock,US,,USALL
DJP,iPath Bloomberg Commodity Index Total Return ETN,US,,USALL
DJT,Trump Media & Technology Group Corp. - Common Stock,US,,USALL
DK,"Delek US Holdings, Inc. Common Stock",US,,USALL
DKI,DarkIris Inc. - Class A Ordinary Shares,US,,USALL
DKNG,DraftKings Inc. - Class A Common Stock,US,,USALL
DKS,Dick's Sporting Goods Inc Common Stock,US,,USALL
DLB,Dolby Laboratories Common Stock,US,,USALL
DLHC,DLH Holdings Corp. - Common Stock,US,,USALL
DLO,DLocal Limited - Class A Common Shares,US,,USALL
DLPN,"Dolphin Entertainment, Inc. - Common Stock",US,,USALL
DLR,"Digital Realty Trust, Inc. Common Stock",US,,USALL
DLTH,Duluth Holdings Inc. - Class B Common Stock,US,,USALL
DLTR,"Dollar Tree, Inc. - Common Stock",US,,USALL
DLX,Deluxe Corporation Common Stock,US,,USALL
DLY,DoubleLine Yield Opportunities Fund Common Shares of Beneficial Interest,US,,USALL
DMA,Destra Multi-Alternative Fund Common Stock,US,,USALL
DMAA,Drugs Made In America Acquisition Corp. - Ordinary Shares,US,,USALL
DMAC,DiaMedica Therapeutics Inc. - Common Stock,US,,USALL
DMB,"BNY Mellon Municipal Bond Infrastructure Fund, Inc. Common Stock",US,,USALL
DMC,Del Monte Corporation Ordinary Shares,US,,USALL
DMII,Drugs Made In America Acquisition II Corp. - Ordinary Shares,US,,USALL
DMO,Western Asset Mortgage Opportunity Fund Inc. Common Stock,US,,USALL
DMRA,"Damora Therapeutics, Inc. - Ordinary Shares",US,,USALL
DMRC,Digimarc Corporation - Common Stock,US,,USALL
DNA,"Ginkgo Bioworks Holdings, Inc. Class A Common Stock",US,,USALL
DNLI,Denali Therapeutics Inc. - Common Stock,US,,USALL
DNMX,Dynamix Corporation III - Class A Ordinary Shares,US,,USALL
DNN,Denison Mines Corp Ordinary Shares (Canada),US,,USALL
DNOW,DNOW Inc. Common Stock,US,,USALL
DNP,"DNP Select Income Fund, Inc. Common Stock",US,,USALL
DNTH,"Dianthus Therapeutics, Inc. - Common Stock",US,,USALL
DNUT,"Krispy Kreme, Inc. - Common Stock",US,,USALL
DOC,"Healthpeak Properties, Inc. Common Stock",US,,USALL
DOCN,"DigitalOcean Holdings, Inc. Common Stock",US,,USALL
DOCS,"Doximity, Inc. Class A Common Stock",US,,USALL
DOCU,"DocuSign, Inc. - Common Stock",US,,USALL
DOGZ,Dogness (International) Corporation - Class A Common Stock,US,,USALL
DOLE,Dole plc Ordinary Shares,US,,USALL
DOMH,Dominari Holdings Inc. - Common Stock,US,,USALL
DOMO,"Domo, Inc. - Class B Common Stock",US,,USALL
DOO,BRP Inc. - Common Subordinate Voting Shares,US,,USALL
DORM,"Dorman Products, Inc. - Common Stock",US,,USALL
DOUG,Douglas Elliman Inc. Common Stock,US,,USALL
DOV,Dover Corporation Common Stock,US,,USALL
DOW,Dow Inc. Common Stock,US,,USALL
DOX,Amdocs Limited - Ordinary Shares,US,,USALL
DPC,DPC Holdings PLC Ordinary Shares,US,,USALL
DPG,Duff & Phelps Utility and Infrastructure Fund Inc.,US,,USALL
DPRO,Draganfly Inc. - Common Shares,US,,USALL
DPU,Top KingWin Ltd - Class A Ordinary Shares,US,,USALL
DPZ,Domino's Pizza Inc - Common Stock,US,,USALL
DRH,Diamondrock Hospitality Company - Common Stock,US,,USALL
DRI,"Darden Restaurants, Inc. Common Stock",US,,USALL
DRIO,DarioHealth Corp. - Common Stock,US,,USALL
DRMA,"Dermata Therapeutics, Inc. - Common Stock",US,,USALL
DRS,"Leonardo DRS, Inc. - Common Stock",US,,USALL
DRTS,Alpha Tau Medical Ltd. - Ordinary Shares,US,,USALL
DRUG,Bright Minds Biosciences Inc. - common stock,US,,USALL
DRVN,Driven Brands Holdings Inc. - Common Stock,US,,USALL
DSAC,Daedalus Special Acquisition Corp. - Class A Ordinary Shares,US,,USALL
DSGN,"Design Therapeutics, Inc. - Common Stock",US,,USALL
DSGR,"Distribution Solutions Group, Inc. - Common Stock",US,,USALL
DSGX,The Descartes Systems Group Inc. - Common Stock,US,,USALL
DSL,DoubleLine Income Solutions Fund Common Shares of Beneficial Interests,US,,USALL
DSM,"BNY Mellon Strategic Municipal Bond Fund, Inc. Common Stock",US,,USALL
DSP,Viant Technology Inc. - common stock,US,,USALL
DSS,"DSS, Inc. Common Stock",US,,USALL
DSU,"Blackrock Debt Strategies Fund, Inc. Common Stock",US,,USALL
DSWL,"Deswell Industries, Inc. - Common Shares",US,,USALL
DSX,Diana Shipping inc. common stock,US,,USALL
DSY,Big Tree Cloud Holdings Limited - Class A Ordinary Shares,US,,USALL
DT,"Dynatrace, Inc. Common Stock",US,,USALL
DTCX,"Datacentrex, Inc. - Common Stock",US,,USALL
DTE,DTE Energy Company Common Stock,US,,USALL
DTF,DTF Tax-Free Income 2028 Term Fund Inc. Common Stock,US,,USALL
DTI,Drilling Tools International Corporation  - Common Stock,US,,USALL
DTIL,"Precision BioSciences, Inc. - Common Stock",US,,USALL
DTM,"DT Midstream, Inc. Common Stock",US,,USALL
DTSQ,DT Cloud Star Acquisition Corporation - Ordinary Shares,US,,USALL
DTST,Data Storage Corporation - Common Stock,US,,USALL
DUK,Duke Energy Corporation (Holding Company) Common Stock,US,,USALL
DUKR,DUKE Robotics Corp. - Common Stock,US,,USALL
DUOL,"Duolingo, Inc. - Class A Common Stock",US,,USALL
DUOT,"Duos Technologies Group, Inc. - Common Stock",US,,USALL
DV,"DoubleVerify Holdings, Inc. Common Stock",US,,USALL
DVA,DaVita Inc. Common Stock,US,,USALL
DVN,Devon Energy Corporation Common Stock,US,,USALL
DWSN,Dawson Geophysical Company - Common Stock,US,,USALL
DWTX,"Dogwood Therapeutics, Inc.  - Common Stock",US,,USALL
DX,"Dynex Capital, Inc. Common Stock",US,,USALL
DXC,DXC Technology Company Common Stock,US,,USALL
DXCM,"DexCom, Inc. - Common Stock",US,,USALL
DXPE,"DXP Enterprises, Inc. - Common Stock",US,,USALL
DXR,Daxor Corporation - Closed End Fund,US,,USALL
DXST,Decent Holding Inc. - Class A Ordinary Shares,US,,USALL
DXYZ,Destiny Tech100 Inc. Common Stock,US,,USALL
DY,"Dycom Industries, Inc. Common Stock",US,,USALL
DYAI,"Dyadic International, Inc. - Common Stock",US,,USALL
DYN,"Dyne Therapeutics, Inc. - Common Stock",US,,USALL
DYNC,Dynamix Corporation - Class A Ordinary Share,US,,USALL
DYOR,Insight Digital Partners II - Class A Ordinary Shares,US,,USALL
DZZ,"DB Gold Double Short ETN due February 15, 2038",US,,USALL
E,ENI S.p.A. Common Stock,US,,USALL
EAD,Allspring Income Opportunities Fund Common Shares,US,,USALL
EAF,GrafTech International Ltd. Common Stock,US,,USALL
EAI,"Entergy Arkansas, LLC First Mortgage Bonds, 4.875% Series Due September 1, 2066",US,,USALL
EARN,Ellington Credit Company Common Shares of Beneficial Interest,US,,USALL
EAT,"Brinker International, Inc. Common Stock",US,,USALL
EBAY,eBay Inc. - Common Stock,US,,USALL
EBC,"Eastern Bankshares, Inc. - Common Stock",US,,USALL
EBF,"Ennis, Inc. Common Stock",US,,USALL
EBMT,"Eagle Bancorp Montana, Inc. - Common Stock",US,,USALL
EBON,Ebang International Holdings Inc. - Class A Ordinary Shares,US,,USALL
EBS,Emergent BioSolutions Inc. Common Stock,US,,USALL
ECAT,BlackRock ESG Capital Allocation Term Trust Common Shares of Beneficial Interest,US,,USALL
ECBK,"ECB Bancorp, Inc. - Common Stock",US,,USALL
ECC,Eagle Point Credit Company Common Share of Beneficial Interest,US,,USALL
ECF,Ellsworth Growth and Income Fund Ltd.,US,,USALL
ECG,"Everus Construction Group, Inc. Common Stock",US,,USALL
ECHO,EchoStar Corporation - Common stock,US,,USALL
ECL,Ecolab Inc. Common Stock,US,,USALL
ECO,Okeanis Eco Tankers Corp. Common Stock,US,,USALL
ECOR,"electroCore, Inc. - Common Stock",US,,USALL
ECPG,Encore Capital Group Inc - Common Stock,US,,USALL
ECVT,Ecovyst Inc. Common Stock,US,,USALL
ECX,ECARX Holdings Inc. - Class A Ordinary shares,US,,USALL
ED,"Consolidated Edison, Inc. Common Stock",US,,USALL
EDD,"Morgan Stanley Emerging Markets Domestic Debt Fund, Inc. Common Stock",US,,USALL
EDF,Virtus Stone Harbor Emerging Markets Income Fund Common Shares of Beneficial Interest,US,,USALL
EDHL,Everbright Digital Holding Limited - Ordinary Shares,US,,USALL
EDIT,"Editas Medicine, Inc. - Common Stock",US,,USALL
EDRY,EuroDry Ltd. - Common Shares,US,,USALL
EDSA,"Edesa Biotech, Inc. - Common Shares",US,,USALL
EDTK,Skillful Craftsman Education Technology Limited - Ordinary Share,US,,USALL
EDU,"New Oriental Education & Technology Group, Inc. Sponsored ADR representing 10 Ordinary Share (Cayman Islands)",US,,USALL
EDUC,Educational Development Corporation - Common Stock,US,,USALL
EDVA,"Endovia Health Sciences, Inc. Common Stock",US,,USALL
EE,"Excelerate Energy, Inc. Class A Common Stock",US,,USALL
EEA,"The European Equity Fund, Inc. Common Stock",US,,USALL
EEFT,"Euronet Worldwide, Inc. - Common Stock",US,,USALL
EEIQ,EpicQuest Education Group International Limited - Common Stock,US,,USALL
EFC,Ellington Financial Inc. Common Stock,US,,USALL
EFOI,"Energy Focus, Inc. - Common Stock",US,,USALL
EFOR,"Everforth, Inc. Common Stock",US,,USALL
EFR,Eaton Vance Senior Floating-Rate Fund Common Shares of Beneficial Interest,US,,USALL
EFSC,Enterprise Financial Services Corporation - Common Stock,US,,USALL
EFSI,Eagle Financial Services Inc - Common Stock,US,,USALL
EFT,Eaton Vance Floating Rate Income Trust Common Shares of Beneficial Interest,US,,USALL
EFTY,"Etoiles Capital Group Co., Ltd. - Class A Ordinary Shares",US,,USALL
EFX,"Equifax, Inc. Common Stock",US,,USALL
EFXT,Enerflex Ltd Common Shares,US,,USALL
EG,"Everest Group, Ltd. Common Stock",US,,USALL
EGAN,eGain Corporation - Common Stock,US,,USALL
EGBN,"Eagle Bancorp, Inc. - Common Stock",US,,USALL
EGG,Enigmatig Limited Class A Ordinary Shares,US,,USALL
EGHA,EGH Acquisition Corp. - Class A ordinary shares,US,,USALL
EGHT,8x8 Inc - Common stock,US,,USALL
EGO,Eldorado Gold Corporation Ordinary Shares,US,,USALL
EGP,"EastGroup Properties, Inc. Common Stock",US,,USALL
EGY,"VAALCO Energy, Inc.  Common Stock",US,,USALL
EH,EHang Holdings Limited - ADS,US,,USALL
EHC,Encompass Health Corporation Common Stock,US,,USALL
EHGO,Eshallgo Inc. - Class A Ordinary Shares,US,,USALL
EHI,Western Asset Global High Income Fund Inc Common Stock,US,,USALL
EHLD,Euroholdings Ltd. - Common Stock,US,,USALL
EHTH,"eHealth, Inc. - Common Stock",US,,USALL
EIC,Eagle Point Income Company Common Shares of Beneficial Interest,US,,USALL
EIG,Employers Holdings Inc Common Stock,US,,USALL
EIKN,"Eikon Therapeutics, Inc. - Common Stock",US,,USALL
EIM,"Eaton Vance Municipal Bond Fund Common Shares of Beneficial Interest, $.01 par value",US,,USALL
EIX,Edison International Common Stock,US,,USALL
EL,"Estee Lauder Companies, Inc. (The) Common Stock",US,,USALL
ELA,Envela Corporation Common Stock,US,,USALL
ELAB,PMGC Holdings Inc. - Common Stock,US,,USALL
ELAN,Elanco Animal Health Incorporated Common Stock,US,,USALL
ELC,"Entergy Louisiana, Inc. Collateral Trust Mortgage Bonds, 4.875 % Series due September 1, 2066",US,,USALL
ELDN,"Eledon Pharmaceuticals, Inc. - Common Stock",US,,USALL
ELE,Elemental Royalty Corporation - Common Stock,US,,USALL
ELF,"e.l.f. Beauty, Inc. Common Stock",US,,USALL
ELLO,Ellomay Capital Ltd Ordinary Shares (Israel),US,,USALL
ELMD,"Electromed, Inc. Common Stock",US,,USALL
ELME,Elme Communities Common Stock,US,,USALL
ELMT,The Elmet Group Co. - Common Stock,US,,USALL
ELOG,Eastern International Ltd. - Ordinary Shares,US,,USALL
ELOX,"Eloxx Pharmaceuticals, Inc. - Common Stock",US,,USALL
ELPW,Elong Power Holding Limited - Class A Ordinary Shares,US,,USALL
ELS,"Equity Lifestyle Properties, Inc. Common Stock",US,,USALL
ELTK,Eltek Ltd. - Ordinary Shares,US,,USALL
ELTX,"Elicio Therapeutics, Inc. - Common Stock",US,,USALL
ELV,"Elevance Health, Inc. Common Stock",US,,USALL
ELVA,Electrovaya Inc. - Common Shares,US,,USALL
ELVN,"Enliven Therapeutics, Inc.  - Common Stock",US,,USALL
ELWT,"Elauwit Connection, Inc. - Common Stock",US,,USALL
EMA,Emera Incorporated Common Shares,US,,USALL
EMAT,Evolution Metals & Technologies Corp. - Common Stock,US,,USALL
EMBC,Embecta Corp. - Common Stock,US,,USALL
EMBJ,Embraer S.A. Common Stock,US,,USALL
EMD,Western Asset Emerging Markets Debt Fund Inc Common Stock,US,,USALL
EME,"EMCOR Group, Inc. Common Stock",US,,USALL
EMF,Templeton Emerging Markets Fund Common Stock,US,,USALL
EMIS,Emmis Acquisition Corp. - Class A Ordinary Share,US,,USALL
EML,Eastern Company (The) - Common Stock,US,,USALL
EMN,Eastman Chemical Company Common Stock,US,,USALL
EMO,ClearBridge Energy Midstream Opportunity Fund Inc. Common Stock,US,,USALL
EMP,"Entergy Mississippi, LLC First Mortgage Bonds, 4.90% Series Due October 1, 2066",US,,USALL
EMPD,Empery Digital Inc. - Common stock,US,,USALL
EMR,Emerson Electric Company Common Stock,US,,USALL
ENB,Enbridge Inc Common Stock,US,,USALL
ENGN,enGene Therapeutics Inc. - Common Stock,US,,USALL
ENGS,Energys Group Limited - Ordinary Shares,US,,USALL
ENHA,Enhanced Group Inc. Class A Common Stock,US,,USALL
ENJ,"Entergy New Orleans, LLC First Mortgage Bonds, 5.0% Series due December 1, 2052",US,,USALL
ENLT,Enlight Renewable Energy Ltd. - Ordinary Shares,US,,USALL
ENLV,Enlivex Ltd. - Ordinary Shares,US,,USALL
ENO,"Entergy New Orleans, LLC First Mortgage Bonds, 5.50% Series due April 1, 2066",US,,USALL
ENOV,Enovis Corporation Common Stock,US,,USALL
ENPH,"Enphase Energy, Inc. - Common Stock",US,,USALL
ENR,"Energizer Holdings, Inc. Common Stock",US,,USALL
ENS,EnerSys Common Stock,US,,USALL
ENSG,"The Ensign Group, Inc. - Common Stock",US,,USALL
ENTA,"Enanta Pharmaceuticals, Inc. - Common Stock",US,,USALL
ENTG,"Entegris, Inc. - Common Stock",US,,USALL
ENTX,Entera Bio Ltd. - Ordinary Shares,US,,USALL
ENVA,"Enova International, Inc. Common Stock",US,,USALL
ENVB,"Enveric Biosciences, Inc.  - Common Stock",US,,USALL
ENVX,Enovix Corporation - Common Stock,US,,USALL
EOD,Allspring Global Dividend Opportunity Fund Common Shares of Beneficial Interest,US,,USALL
EOG,"EOG Resources, Inc. Common Stock",US,,USALL
EOI,Eaton Vance Enhance Equity Income Fund Eaton Vance Enhanced Equity Income Fund Shares of Beneficial Interest,US,,USALL
EOLS,"Evolus, Inc. - Common Stock",US,,USALL
EONR,EON Resources Inc. Class A Common Stock,US,,USALL
EOS,Eaton Vance Enhance Equity Income Fund II Common Stock,US,,USALL
EOSE,"Eos Energy Enterprises, Inc. - Common Stock",US,,USALL
EOT,Eaton Vance Municipal Income Trust EATON VANCE NATIONAL MUNICIPAL OPPORTUNITIES TRUST,US,,USALL
EP,Empire Petroleum Corporation Common Stock,US,,USALL
EPAC,Enerpac Tool Group Corp. Common Stock,US,,USALL
EPAM,"EPAM Systems, Inc. Common Stock",US,,USALL
EPC,Edgewell Personal Care Company Common Stock,US,,USALL
EPD,Enterprise Products Partners L.P. Common Stock,US,,USALL
EPM,"Evolution Petroleum Corporation, Inc. Common Stock",US,,USALL
EPR,EPR Properties Common Stock,US,,USALL
EPRT,"Essential Properties Realty Trust, Inc. Common Stock",US,,USALL
EPRX,Eupraxia Pharmaceuticals Inc. - Common Stock,US,,USALL
EPSM,Epsium Enterprise Limited - Class A Ordinary Shares,US,,USALL
EPSN,Epsilon Energy Ltd. - Common Shares,US,,USALL
EQ,"Equillium, Inc. - Common Stock",US,,USALL
EQBK,"Equity Bancshares, Inc. Class A Common Stock",US,,USALL
EQH,"Equitable Holdings, Inc. Common Stock",US,,USALL
EQIX,"Equinix, Inc. - Common Stock",US,,USALL
EQNR,Equinor ASA,US,,USALL
EQPT,EquipmentShare.com Inc - Class A Common Stock,US,,USALL
EQS,"Equus Total Return, Inc. Common Stock",US,,USALL
EQT,EQT Corporation Common Stock,US,,USALL
EQX,Equinox Gold Corp. Common Shares,US,,USALL
ERAS,"Erasca, Inc. - Common Stock",US,,USALL
ERC,Allspring Multi-Sector Income Fund Common Stock,US,,USALL
ERH,Allspring Utilities and High Income Fund Common Shares,US,,USALL
ERIE,Erie Indemnity Company - Class A Common Stock,US,,USALL
ERII,"Energy Recovery, Inc. - Common Stock",US,,USALL
ERNA,Ernexa Therapeutics Inc. - Common Stock,US,,USALL
ERO,Ero Copper Corp. Common Shares,US,,USALL
EROC,"ERock, Inc. Class A Common Stock",US,,USALL
EROK,"EagleRock Land, LLC Class A shares representing limited liability company interests",US,,USALL
ES,Eversource Energy (D/B/A) Common Stock,US,,USALL
ESAB,ESAB Corporation Common Stock,US,,USALL
ESCA,"Escalade, Incorporated - Common Stock",US,,USALL
ESE,ESCO Technologies Inc. Common Stock,US,,USALL
ESEA,Euroseas Ltd. - Common Stock,US,,USALL
ESI,Element Solutions Inc. Common Stock,US,,USALL
ESLT,Elbit Systems Ltd. - Ordinary Shares,US,,USALL
ESNT,Essent Group Ltd. Common Shares,US,,USALL
ESOA,Energy Services of America Corporation - Common Stock,US,,USALL
ESP,Espey Mfg. & Electronics Corp. Common Stock,US,,USALL
ESQ,"Esquire Financial Holdings, Inc. - Common Stock",US,,USALL
ESRT,"Empire State Realty Trust, Inc. Class A Common Stock",US,,USALL
ESS,"Essex Property Trust, Inc. Common Stock",US,,USALL
ESTA,Establishment Labs Holdings Inc. - Common Shares,US,,USALL
ESTC,Elastic N.V. Ordinary Shares,US,,USALL
ETB,Eaton Vance Tax-Managed Buy-Write Income Fund Eaton Vance Tax-Managed Buy-Write Income Fund Common Shares of Beneficial Interest,US,,USALL
ETD,Ethan Allen Interiors Inc. Common Stock,US,,USALL
ETG,Eaton Vance Tax-Advantaged Global Dividend Income Fund Common Shares of Beneficial Interest,US,,USALL
ETJ,Eaton Vance Risk-Managed Diversified Equity Income Fund Common Shares of Beneficial Interest,US,,USALL
ETN,"Eaton Corporation, PLC Ordinary Shares",US,,USALL
ETO,Eaton Vance Tax-Advantage Global Dividend Opp Common Stock,US,,USALL
ETON,"Eton Pharmaceuticals, Inc. - Common Stock",US,,USALL
ETOR,eToro Group Ltd. - Class A Common Shares,US,,USALL
ETR,Entergy Corporation Common Stock,US,,USALL
ETS,Elite Express Holding Inc. - Class A Common Stock,US,,USALL
ETSS,Energy Transition Special Opportunities Class A Ordinary Shares,US,,USALL
ETSY,"Etsy, Inc. Common Stock",US,,USALL
ETV,Eaton Vance Corporation Eaton Vance Tax-Managed Buy-Write Opportunities Fund Common Shares of Beneficial Interest,US,,USALL
ETW,Eaton Vance Corporation Eaton Vance Tax-Managed Global Buy-Write Opportunites Fund Common Shares of Beneficial Interest,US,,USALL
ETX,Eaton Vance Municipal Income 2028 Term Trust Common Shares of Beneficial Interest,US,,USALL
ETY,"Eaton Vance Tax-Managed Diversified Equity Income Fund Common Shares of Beneficial Interest,",US,,USALL
EU,enCore Energy Corp. - Common Stock,US,,USALL
EUDA,Euda Health Holdings Limited - Ordinary Shares,US,,USALL
EVAC,EQV Ventures Acquisition Corp. II Class A Ordinary Shares,US,,USALL
EVC,Entravision Communications Corporation Common Stock,US,,USALL
EVCM,EverCommerce Inc. - Common Stock,US,,USALL
EVER,"EverQuote, Inc. - Class A Common Stock",US,,USALL
EVEX,"Eve Holding, Inc. Common Stock",US,,USALL
EVF,Eaton Vance Senior Income Trust Common Stock,US,,USALL
EVG,Eaton Vance Short Diversified Income Fund Eaton Vance Short Duration Diversified Income Fund Common Shares of Beneficial Interest,US,,USALL
EVGO,EVgo Inc. - Common Stock,US,,USALL
EVH,"Evolent Health, Inc Class A Common Stock",US,,USALL
EVI,"EVI Industries, Inc.  Common Stock",US,,USALL
EVLV,"Evolv Technologies Holdings, Inc. - Class A Common Stock",US,,USALL
EVMN,"Evommune, Inc. Common Stock",US,,USALL
EVN,Eaton Vance Municipal Income Trust Common Stock,US,,USALL
EVOX,Evolution Global Acquisition Corp - Class A Ordinary Shares,US,,USALL
EVR,Evercore Inc. Class A Common Stock,US,,USALL
EVRG,"Evergy, Inc. - Common Stock",US,,USALL
EVT,Eaton Vance Tax Advantaged Dividend Income Fund Common Shares of Beneficial Interest,US,,USALL
EVTC,"Evertec, Inc. Common Stock",US,,USALL
EVTL,Vertical Aerospace Ltd. Ordinary Shares,US,,USALL
EVV,Eaton Vance Limited Duration Income Fund Common Shares of Beneficial Interest,US,,USALL
EW,Edwards Lifesciences Corporation Common Stock,US,,USALL
EWAV,East West Ave Acquisition Corp. - Common Stock,US,,USALL
EWBC,"East West Bancorp, Inc. - Common Stock",US,,USALL
EWTX,"Edgewise Therapeutics, Inc. - Common Stock",US,,USALL
EXC,Exelon Corporation - Common Stock,US,,USALL
EXE,Expand Energy Corporation - Common Stock,US,,USALL
EXEL,"Exelixis, Inc. - Common Stock",US,,USALL
EXFY,"Expensify, Inc. - Class A Common Stock",US,,USALL
EXG,Eaton Vance Tax-Managed Global Diversified Equity Income Fund Common Shares of Beneficial Interest,US,,USALL
EXK,Endeavour Silver Corporation Ordinary Shares (Canada),US,,USALL
EXLS,"ExlService Holdings, Inc. - Common Stock",US,,USALL
EXOD,"Exodus Movement, Inc. Class A Common Stock",US,,USALL
EXOZ,eXoZymes Inc. - Common Stock,US,,USALL
EXP,Eagle Materials Inc Common Stock,US,,USALL
EXPD,"Expeditors International of Washington, Inc. Common Stock",US,,USALL
EXPE,"Expedia Group, Inc. - Common Stock",US,,USALL
EXPO,"Exponent, Inc. - Common Stock",US,,USALL
EXR,Extra Space Storage Inc Common Stock,US,,USALL
EXTR,"Extreme Networks, Inc. - Common Stock",US,,USALL
EXYN,"Exyn Technologies, Inc. - Common Stock",US,,USALL
EYE,"National Vision Holdings, Inc. - Common Stock",US,,USALL
EYPT,"EyePoint, Inc. - Common Stock",US,,USALL
EZGO,EZGO Technologies Ltd. - Ordinary Shares,US,,USALL
EZPW,"EZCORP, Inc. - Class A Non-Voting Common Stock",US,,USALL
EZRA,"Reliance Global Group, Inc. - Common Stock",US,,USALL
F,Ford Motor Company Common Stock,US,,USALL
FA,First Advantage Corporation - Common Stock,US,,USALL
FABC,"Fabric.AI, Inc. - Common Stock",US,,USALL
FAC,Factorial Energy Inc. - Class A Common Stock,US,,USALL
FACT,FACT II Acquisition Corp. - Class A Ordinary Shares,US,,USALL
FAF,First American Corporation (New) Common Stock,US,,USALL
FANG,"Diamondback Energy, Inc. - Common Stock",US,,USALL
FAST,Fastenal Company - Common Stock,US,,USALL
FATE,"Fate Therapeutics, Inc. - Common Stock",US,,USALL
FATN,"FatPipe, Inc. - common stock",US,,USALL
FAX,"abrdn Asia-Pacific Income Fund, Inc. Common Stock",US,,USALL
FBDT,First Breach Inc. - Common Stock,US,,USALL
FBIN,"Fortune Brands Innovations, Inc. Common Stock",US,,USALL
FBIO,"Fortress Biotech, Inc. - Common Stock",US,,USALL
FBIZ,"First Business Financial Services, Inc. - Common Stock",US,,USALL
FBK,FB Financial Corporation Common Stock,US,,USALL
FBLA,"FB Bancorp, Inc. - Common Stock",US,,USALL
FBLG,"FibroBiologics, Inc. - Common Stock",US,,USALL
FBNC,First Bancorp - Common Stock,US,,USALL
FBP,First BanCorp. New Common Stock,US,,USALL
FBRT,"Franklin BSP Realty Trust, Inc. Common Stock",US,,USALL
FBYD,"Falcon's Beyond Global, Inc. - Class A Common Stock",US,,USALL
FC,Franklin Covey Company Common Stock,US,,USALL
FCAP,"First Capital, Inc. - Common Stock",US,,USALL
FCBC,"First Community Bankshares, Inc. - Common Stock",US,,USALL
FCBM,"First Carolina Financial Services, Inc. Common Stock",US,,USALL
FCCO,First Community Corporation - Common Stock,US,,USALL
FCEL,"FuelCell Energy, Inc. - Common Stock",US,,USALL
FCF,First Commonwealth Financial Corporation Common Stock,US,,USALL
FCFS,"FirstCash Holdings, Inc. - Common Stock",US,,USALL
FCN,"FTI Consulting, Inc. Common Stock",US,,USALL
FCNCA,"First Citizens BancShares, Inc. - Class A Common Stock",US,,USALL
FCPT,"Four Corners Property Trust, Inc. Common Stock",US,,USALL
FCRS,FutureCrest Acquisition Corp. Class A Ordinary Shares,US,,USALL
FCUV,Focus Universal Inc. - Common Stock,US,,USALL
FCX,"Freeport-McMoRan, Inc. Common Stock",US,,USALL
FDBC,"Fidelity D & D Bancorp, Inc. - Common Stock",US,,USALL
FDMM,Freedom Metals Acquisition Corp. - Class A Ordinary Shares,US,,USALL
FDMT,"4D Molecular Therapeutics, Inc. - Common Stock",US,,USALL
FDS,FactSet Research Systems Inc. Common Stock,US,,USALL
FDSB,"Fifth District Bancorp, Inc. - Common Stock",US,,USALL
FDUS,Fidus Investment Corporation - Closed End Fund,US,,USALL
FDX,FedEx Corporation Common Stock,US,,USALL
FDXF,"FedEx Freight Holding Company, Inc. Common Stock",US,,USALL
FE,FirstEnergy Corp. Common Stock,US,,USALL
FEAM,"5E Advanced Materials, Inc. - Common Stock",US,,USALL
FEIM,"Frequency Electronics, Inc. - Common Stock",US,,USALL
FELE,"Franklin Electric Co., Inc. - Common Stock",US,,USALL
FEMY,Femasys Inc. - Common Stock,US,,USALL
FENC,Fennec Pharmaceuticals Inc. - Common Stock,US,,USALL
FER,Ferrovial N.V. - Ordinary Shares,US,,USALL
FERA,Fifth Era Acquisition Corp I - Class A Ordinary Shares,US,,USALL
FERG,Ferguson Enterprises Inc. Common Stock,US,,USALL
FET,"Forum Energy Technologies, Inc. Common Stock",US,,USALL
FF,FutureFuel Corp.  Common shares,US,,USALL
FFA,First Trust Enhanced Equity Income Fund Common Shares of Beneficial Interest,US,,USALL
FFAI,Faraday Future Intelligent Electric Inc. - Class A Common Stock,US,,USALL
FFBC,First Financial Bancorp. - Common Stock,US,,USALL
FFIN,"First Financial Bankshares, Inc. - Common Stock",US,,USALL
FFIV,"F5, Inc. - Common Stock",US,,USALL
FG,"F&G Annuities & Life, Inc. Common Stock",US,,USALL
FGBI,"First Guaranty Bancshares, Inc. - Common Stock",US,,USALL
FGI,FGI Industries Ltd. - Ordinary Shares,US,,USALL
FGII,FG Imperii Acquisition Corp. - Class A Ordinary Shares,US,,USALL
FGL,Founder Group Limited - Class A Ordinary Shares,US,,USALL
FGNX,FG Nexus Inc. - Common Stock,US,,USALL
FHB,"First Hawaiian, Inc. - Common Stock",US,,USALL
FHI,"Federated Hermes, Inc. Common Stock",US,,USALL
FHN,First Horizon Corporation Common Stock,US,,USALL
FHTX,Foghorn Therapeutics Inc. - Common Stock,US,,USALL
FIBK,"First Interstate BancSystem, Inc. - Common Stock",US,,USALL
FICO,Fair Isaac Corporation Common Stock,US,,USALL
FIEE,"FiEE, Inc - Common Stock",US,,USALL
FIG,"Figma, Inc. Class A Common Stock",US,,USALL
FIGR,"Figure Technology Solutions, Inc. - Class A Common Stock",US,,USALL
FIGS,"FIGS, Inc. Class A Common Stock",US,,USALL
FIGX,FIGX Capital Acquisition Corp. - Class A ordinary share,US,,USALL
FINS,Angel Oak Financial Strategies Income Term Trust Common Shares of Beneficial Interest,US,,USALL
FINW,FinWise Bancorp - Common Stock,US,,USALL
FIP,FTAI Infrastructure Inc. - Common Stock,US,,USALL
FIRY,Firy Inc. Class A Common Stock,US,,USALL
FIS,"Fidelity National Information Services, Inc. Common Stock",US,,USALL
FISI,"Financial Institutions, Inc. - Common Stock",US,,USALL
FISN,"Deep Fission, Inc. - Common Stock",US,,USALL
FISV,"Fiserv, Inc. - Common Stock",US,,USALL
FITB,Fifth Third Bancorp Common Stock,US,,USALL
FIVE,"Five Below, Inc. - Common Stock",US,,USALL
FIVN,"Five9, Inc. - Common Stock",US,,USALL
FIX,"Comfort Systems USA, Inc. Common Stock",US,,USALL
FIZZ,National Beverage Corp. - Common Stock,US,,USALL
FJET,"Starfighters Space, Inc. Common Stock",US,,USALL
FKWL,Franklin Wireless Corp. - common stock,US,,USALL
FLC,Flaherty & Crumrine Total Return Fund Inc Common Stock,US,,USALL
FLEX,Flex Ltd. - Ordinary Shares,US,,USALL
FLG,"Flagstar Bank, N.A. Common Stock",US,,USALL
FLGT,"Fulgent Genetics, Inc. - Common Stock",US,,USALL
FLL,"Full House Resorts, Inc. - Common Stock",US,,USALL
FLNA,"Filana Therapeutics, Inc. - Common Stock",US,,USALL
FLNC,"Fluence Energy, Inc. - Class A Common Stock",US,,USALL
FLNG,FLEX LNG Ltd. Ordinary Shares,US,,USALL
FLNT,"Fluent, Inc. - Common Stock",US,,USALL
FLO,"Flowers Foods, Inc. Common Stock",US,,USALL
FLOC,Flowco Holdings Inc. Class A Common Stock,US,,USALL
FLR,Fluor Corporation Common Stock,US,,USALL
FLS,Flowserve Corporation Common Stock,US,,USALL
FLUT,Flutter Entertainment plc Ordinary Shares,US,,USALL
FLWS,"1-800-FLOWERS.COM, Inc. - Class A Common Stock",US,,USALL
FLXS,"Flexsteel Industries, Inc. - Common Stock",US,,USALL
FLY,Firefly Aerospace Inc. - Common Stock,US,,USALL
FLYE,"Fly-E Group, Inc. - Common Stock",US,,USALL
FLYW,Flywire Corporation - Voting Common Stock,US,,USALL
FLYX,"flyExclusive, Inc. Class A Common Stock",US,,USALL
FMAC,Future Money Acquisition Corporation - Ordinary Shares,US,,USALL
FMAO,"Farmers & Merchants Bancorp, Inc. - Common Stock",US,,USALL
FMBH,"First Mid Bancshares, Inc. - Common Stock",US,,USALL
FMC,FMC Corporation Common Stock,US,,USALL
FMN,Federated Hermes Premier Municipal Income Fund,US,,USALL
FMNB,Farmers National Banc Corp. - Common Stock,US,,USALL
FMST,Foremost Clean Energy Ltd. - Common Shares,US,,USALL
FMX,Fomento Economico Mexicano S.A.B. de C.V. Common Stock,US,,USALL
FMY,First Trust Mortgage Income Fund Common Shares of Beneficial Interest,US,,USALL
FN,Fabrinet Ordinary Shares,US,,USALL
FNB,F.N.B. Corporation Common Stock,US,,USALL
FND,"Floor & Decor Holdings, Inc. Common Stock",US,,USALL
FNF,"Fidelity National Financial, Inc. Common Stock",US,,USALL
FNGD,"MicroSectors FANG  Index -3X Inverse Leveraged ETNs due January 8, 2038",US,,USALL
FNGO,"MicroSectors FANG  Index 2X Leveraged ETNs due January 8, 2038",US,,USALL
FNKO,"Funko, Inc. - Class A Common Stock",US,,USALL
FNLC,"First Bancorp, Inc (ME) - Common Stock",US,,USALL
FNRN,First Northern Community Bancorp - Common stock,US,,USALL
FNV,Franco-Nevada Corporation,US,,USALL
FNWB,First Northwest Bancorp - Common Stock,US,,USALL
FNWD,Finward Bancorp - common stock,US,,USALL
FOA,Finance of America Companies Inc. Class A Common Stock,US,,USALL
FOF,"Cohen & Steers Closed-End Opportunity Fund, Inc. Common Stock",US,,USALL
FOFO,"Hang Feng Technology Innovation Co., Ltd. - Ordinary Shares",US,,USALL
FOR,Forestar Group Inc Common Stock,US,,USALL
FORM,"FormFactor, Inc. - Common Stock",US,,USALL
FORR,"Forrester Research, Inc. - Common Stock",US,,USALL
FOSL,"Fossil Group, Inc. - Common Stock",US,,USALL
FOUR,"Shift4 Payments, Inc. Class A Common Stock",US,,USALL
FOX,Fox Corporation - Class B Common Stock,US,,USALL
FOXA,Fox Corporation - Class A Common Stock,US,,USALL
FOXF,Fox Factory Holding Corp. - Common Stock,US,,USALL
FPH,"Five Point Holdings, LLC Class A Common Shares",US,,USALL
FPI,Farmland Partners Inc. Common Stock,US,,USALL
FPS,"Forgent Power Solutions, Inc. Class A Common Stock",US,,USALL
FR,"First Industrial Realty Trust, Inc. Common Stock",US,,USALL
FRA,Blackrock Floating Rate Income Strategies Fund Inc  Common Stock,US,,USALL
FRAF,Franklin Financial Services Corporation - Common Stock,US,,USALL
FRBA,First Bank  - Common Stock,US,,USALL
FRBT,"Forbright, Inc. - Class A Common Stock",US,,USALL
FRD,Friedman Industries Inc. - Common Stock,US,,USALL
FRGT,"Freight Technologies, Inc. - Ordinary Shares",US,,USALL
FRHC,Freedom Holding Corp. - Common Stock,US,,USALL
FRME,First Merchants Corporation - Common Stock,US,,USALL
FRMI,Fermi Inc. - Common Stock,US,,USALL
FRMM,"Forum Markets, Incorporated - Common Stock",US,,USALL
FRNM,"Freenome, Inc. - Common stock",US,,USALL
FRO,Frontline Plc Ordinary Shares,US,,USALL
FROG,JFrog Ltd. - Ordinary shares,US,,USALL
FRPH,"FRP Holdings, Inc. - Common Stock",US,,USALL
FRPT,"Freshpet, Inc. - Common Stock",US,,USALL
FRSH,Freshworks Inc. - Class A Common Stock,US,,USALL
FRST,Primis Financial Corp. - Common Stock,US,,USALL
FRT,Federal Realty Investment Trust Common Stock,US,,USALL
FRTT,Fort Technology Inc. - Common Shares,US,,USALL
FRVO,Fervo Energy Company - Class A common stock,US,,USALL
FSBC,Five Star Bancorp - Common Stock,US,,USALL
FSBW,"FS Bancorp, Inc. - Common Stock",US,,USALL
FSCO,FS Credit Opportunities Corp. Common Stock,US,,USALL
FSEA,"First Seacoast Bancorp, Inc. - Common Stock",US,,USALL
FSHP,Flag Ship Acquisition Corp. - Ordinary Shares,US,,USALL
FSI,Flexible Solutions International Inc. Common Stock (CDA),US,,USALL
FSK,FS KKR Capital Corp. Common Stock,US,,USALL
FSLR,"First Solar, Inc. - Common Stock",US,,USALL
FSLY,"Fastly, Inc. - Class A Common Stock",US,,USALL
FSM,Fortuna Mining Corp. Common Shares,US,,USALL
FSP,Franklin Street Properties Corp. Common Stock,US,,USALL
FSS,Federal Signal Corporation Common Stock,US,,USALL
FSSL,FS Specialty Lending Fund Common Shares of Beneficial Interest,US,,USALL
FSTR,L.B. Foster Company - Common Stock,US,,USALL
FSUN,FirstSun Capital Bancorp - Common Stock,US,,USALL
FSV,FirstService Corporation - Common Shares,US,,USALL
FT,Franklin Universal Trust Common Stock,US,,USALL
FTAI,FTAI Aviation Ltd. - Common Stock,US,,USALL
FTCI,"FTC Solar, Inc. - Common Stock",US,,USALL
FTDR,"Frontdoor, Inc. - Common Stock",US,,USALL
FTEK,"Fuel Tech, Inc. - Common Stock",US,,USALL
FTF,Franklin Limited Duration Income Trust Common Shares of Beneficial Interest,US,,USALL
FTFT,Future FinTech Group Inc. - Common Stock,US,,USALL
FTH,"Faeth Therapeutics, Inc.  - Common Stock",US,,USALL
FTHA,Forefront Tech Holdings Acquisition Corp - Class A Ordinary Shares,US,,USALL
FTHM,Fathom Holdings Inc. - Common Stock,US,,USALL
FTHY,First Trust High Yield Opportunities 2027 Term Fund Common Stock,US,,USALL
FTI,TechnipFMC plc Ordinary Share,US,,USALL
FTK,"Flotek Industries, Inc. Common Stock",US,,USALL
FTLF,"FitLife Brands, Inc. - Common Stock",US,,USALL
FTNT,"Fortinet, Inc. - Common Stock",US,,USALL
FTRA,FutureCorp Space Acquisition 1 Class A Ordinary Shares,US,,USALL
FTRE,Fortrea Holdings Inc. - Common Stock,US,,USALL
FTS,Fortis Inc. Common Shares,US,,USALL
FTV,Fortive Corporation Common Stock,US,,USALL
FTW,Presidio Production Company Class A Common Stock,US,,USALL
FUBO,FuboTV Inc. Class A Common Stock,US,,USALL
FUFU,BitFuFu Inc. - Class A Ordinary Shares,US,,USALL
FUL,H. B. Fuller Company Common Stock,US,,USALL
FULC,"Fulcrum Therapeutics, Inc. - Common Stock",US,,USALL
FULT,Fulton Financial Corporation - Common Stock,US,,USALL
FUN,Six Flags Entertainment Corporation Common Stock New,US,,USALL
FUND,"Sprott Focus Trust, Inc. - Closed End Fund",US,,USALL
FURY,Fury Gold Mines Limited Common Shares,US,,USALL
FUSB,"First US Bancshares, Inc. - Common Stock",US,,USALL
FVAV,Fortress Value Acquisition Corp. V - Class A Ordinary Shares,US,,USALL
FVCB,"FVCBankcorp, Inc. - Common Stock",US,,USALL
FVR,"FrontView REIT, Inc. Common Stock",US,,USALL
FVRR,"Fiverr International Ltd. Ordinary Shares, no par value",US,,USALL
FWAC,Futurewave Acquisition Corporation - Ordinary Shares,US,,USALL
FWDI,"Forward Industries, Inc. - Common Stock",US,,USALL
FWONA,Liberty Media Corporation - Series A Liberty Formula One Common Stock,US,,USALL
FWONK,Liberty Media Corporation - Series C Liberty Formula One Common Stock,US,,USALL
FWRD,Forward Air Corporation - Common Stock,US,,USALL
FWRG,"First Watch Restaurant Group, Inc. - Common Stock",US,,USALL
FXAC,FortuneX Acquisition Corporation - Ordinary shares,US,,USALL
FXHO,UTime Limited - Class A Ordinary Shares,US,,USALL
FXNC,First National Corporation - Common Stock,US,,USALL
G,Genpact Limited Common Stock,US,,USALL
GAB,"Gabelli Equity Trust, Inc. (The) Common Stock",US,,USALL
GABC,"German American Bancorp, Inc. - Common Stock",US,,USALL
GAIA,"Gaia, Inc. - Class A Common Stock",US,,USALL
GAIN,Gladstone Investment Corporation - Business Development Company,US,,USALL
GALT,Galectin Therapeutics Inc. - Common Stock,US,,USALL
GAM,"General American Investors, Inc. Common Stock",US,,USALL
GANX,"Gain Therapeutics, Inc. - Common Stock",US,,USALL
GAP,"Gap, Inc. (The) Common Stock",US,,USALL
GASS,"StealthGas, Inc. - common stock",US,,USALL
GATX,GATX Corporation Common Stock,US,,USALL
GAU,Galiano Gold Inc.,US,,USALL
GAUZ,Gauzy Ltd. - Ordinary Shares,US,,USALL
GBAB,Guggenheim Taxable Municipal Bond & Investment Grade Debt Trust Common Shares of Beneficial Interest,US,,USALL
GBCI,"Glacier Bancorp, Inc. Common Stock",US,,USALL
GBDC,"Golub Capital BDC, Inc. - Closed End Fund",US,,USALL
GBFH,GBank Financial Holdings Inc. - Common Stock,US,,USALL
GBLI,"Global Indemnity Group, LLC - Class A Common Shares",US,,USALL
GBR,"New Concept Energy, Inc Common Stock",US,,USALL
GBTG,"Global Business Travel Group, Inc. Class A Common Stock",US,,USALL
GBX,"Greenbrier Companies, Inc. (The) Common Stock",US,,USALL
GCBC,"Greene County Bancorp, Inc. - Common Stock",US,,USALL
GCDT,Green Circle Decarbonize Technology Limited Class A Ordinary Shares,US,,USALL
GCGR,General Catalyst Global Resilience Merger Corp. - Class A Ordinary Shares,US,,USALL
GCMG,GCM Grosvenor Inc. - Class A Common Stock,US,,USALL
GCO,Genesco Inc. Common Stock,US,,USALL
GCT,GigaCloud Technology Inc - Class A Ordinary Shares,US,,USALL
GCTS,"GCT Semiconductor Holding, Inc. Common Stock",US,,USALL
GCV,"Gabelli Convertible and Income Securities Fund, Inc. (The) Common Stock",US,,USALL
GD,General Dynamics Corporation Common Stock,US,,USALL
GDC,GD Culture Group Limited - Common Stock,US,,USALL
GDDY,GoDaddy Inc. Class A Common Stock,US,,USALL
GDEV,GDEV Inc. - Ordinary Shares,US,,USALL
GDHG,Golden Heaven Group Holdings Ltd.  - Class A Ordinary Shares,US,,USALL
GDL,"GDL Fund, The Common Shares of Beneficial Interest",US,,USALL
GDO,Western Asset Global Corporate Opportunity Fund Inc. Common Stock,US,,USALL
GDOT,"Green Dot Corporation Class A Common Stock, $0.001 par value",US,,USALL
GDRX,"GoodRx Holdings, Inc. - Class A Common Stock",US,,USALL
GDTC,CytoMed Therapeutics Limited - Ordinary Shares,US,,USALL
GDV,Gabelli Dividend & Income Trust Common Shares of Beneficial Interest,US,,USALL
GDYN,"Grid Dynamics Holdings, Inc. - Class A Common Stock",US,,USALL
GE,GE Aerospace Common Stock,US,,USALL
GECC,Great Elm Capital Corp. - Closed End Fund,US,,USALL
GEF,Greif Inc. Class A Common Stock,US,,USALL
GEF-B,"Greif, Inc. Corporation Class B Common Stock",US,,USALL
GEG,"Great Elm Group, Inc.  - Common Stock",US,,USALL
GEHC,GE HealthCare Technologies Inc. - Common Stock,US,,USALL
GEMI,"Gemini Space Station, Inc. - Class A Common Stock",US,,USALL
GEN,Gen Digital Inc. - Common Stock,US,,USALL
GENB,"Generate Biomedicines, Inc. - Common Stock",US,,USALL
GENC,"Gencor Industries, Inc. Common Stock",US,,USALL
GENI,Genius Sports Limited Ordinary Shares,US,,USALL
GENK,"GEN Restaurant Group, Inc. - Class A Common Stock",US,,USALL
GEO,Geo Group Inc (The) REIT,US,,USALL
GEOS,Geospace Technologies Corporation - Common Stock,US,,USALL
GERN,Geron Corporation - Common Stock,US,,USALL
GETY,"Getty Images Holdings, Inc. Class A Common Stock",US,,USALL
GEV,GE Vernova Inc. Common Stock,US,,USALL
GEVO,"Gevo, Inc. - Common Stock",US,,USALL
GF,"New Germany Fund, Inc. (The) Common Stock",US,,USALL
GFF,Griffon Corporation Common Stock,US,,USALL
GFL,"GFL Environmental Inc. Subordinate voting shares, no par value",US,,USALL
GFR,Greenfire Resources Ltd. Common Shares,US,,USALL
GFS,GlobalFoundries Inc. - Ordinary Share,US,,USALL
GFUZ,General Fusion Group Ltd. - Common Shares,US,,USALL
GGB,Gerdau S.A. Common Stock,US,,USALL
GGG,Graco Inc. Common Stock,US,,USALL
GGN,"GAMCO Global Gold, Natural Resources & Income Trust",US,,USALL
GGR,Gogoro Inc. - Ordinary Shares,US,,USALL
GGT,"Gabelli Multi-Media Trust, Inc. (The) Common Stock",US,,USALL
GGZ,Gabelli Global Small and Mid Cap Value Trust (The) Common Shares of Beneficial Interest,US,,USALL
GH,"Guardant Health, Inc. - Common Stock",US,,USALL
GHC,Graham Holdings Company Common Stock,US,,USALL
GHM,Graham Corporation Common Stock,US,,USALL
GHRS,GH Research PLC - Ordinary Shares,US,,USALL
GHXI,"Gores Holdings XI, Inc. - Class A Ordinary Shares",US,,USALL
GHY,"PGIM Global High Yield Fund, Inc.",US,,USALL
GIB,CGI Inc. Common Stock,US,,USALL
GIBO,GIBO Holdings Limited - Class A Ordinary Shares,US,,USALL
GIC,Global Industrial Company Common Stock,US,,USALL
GIGM,GigaMedia Limited - Ordinary Shares,US,,USALL
GIII,"G-III Apparel Group, LTD. - Common Stock",US,,USALL
GIL,"Gildan Activewear, Inc. Class A Sub. Vot. Common Stock",US,,USALL
GILD,"Gilead Sciences, Inc. - Common Stock",US,,USALL
GILT,Gilat Satellite Networks Ltd. - Ordinary Shares,US,,USALL
GIS,"General Mills, Inc. Common Stock",US,,USALL
GIW,GigCapital8 Corp. - Class A Ordinary Shares,US,,USALL
GIX,GigCapital9 Corp. - Class A Ordinary Share,US,,USALL
GJH,Synthetic Fixed-Income Securities Inc 6.375% (STRATS) Cl A-1,US,,USALL
GJO,"Synthetic Fixed-Income Securities, Inc. on behalf of STRATS(SM) Trust for Wal-Mart Stores, Inc. Securities, Series 2004-5",US,,USALL
GJP,"Synthetic Fixed-Income Securities, Inc. on behalf of STRATS (SM) Trust for Dominion Resources, Inc. Securities, Series 2005-6, Floating Rate Structured Repackaged Asset-Backed Trust Securities (STRATS) Certificates",US,,USALL
GJR,"Synthetic Fixed-Income Securities, Inc. STRATS Trust for Procter&Gamble Securities, Series 2006-1",US,,USALL
GJS,"Goldman Sachs Group Securities STRATS Trust for Goldman Sachs Group Securities, Series 2006-2",US,,USALL
GJT,"Synthetic Fixed-Income Securities, Inc. Floating Rate Structured Repackaged Asset-Backed Trust Securities Certificates, Series 2006-3",US,,USALL
GKOS,Glaukos Corporation Common Stock,US,,USALL
GL,Globe Life Inc. Common Stock,US,,USALL
GLAD,Gladstone Capital Corporation - Closed End Fund,US,,USALL
GLAS,Glass House Brands Inc. Subordinate Voting Shares,US,,USALL
GLBE,Global-E Online Ltd. - ordinary shares,US,,USALL
GLBS,Globus Maritime Limited - Common Stock,US,,USALL
GLDG,GoldMining Inc. Common Shares,US,,USALL
GLED,GalaxyEdge Acquisition Corporation Ordinary Shares,US,,USALL
GLIBA,Liberty Capital Corporation - Series A GCI Group Common Stock,US,,USALL
GLIBK,Liberty Capital Corporation - Series C GCI Group Common Stock,US,,USALL
GLND,Greenland Energy Company - Common Stock,US,,USALL
GLNG,Golar LNG Limited - Common Shares,US,,USALL
GLO,Clough Global Opportunities Fund Common Stock,US,,USALL
GLOB,Globant S.A. Common Shares,US,,USALL
GLOO,"Gloo Holdings, Inc. - Common Stock",US,,USALL
GLPI,"Gaming and Leisure Properties, Inc. - Common Stock",US,,USALL
GLQ,Clough Global Equity Fund Clough Global Equity Fund Common Shares of Beneficial Interest,US,,USALL
GLRE,"Greenlight Reinsurance, Ltd. - Class A Ordinary Shares",US,,USALL
GLSI,"Greenwich LifeSciences, Inc. - Common stock",US,,USALL
GLU,Gabelli Global Utility Common Shares of Beneficial Ownership,US,,USALL
GLUE,"Monte Rosa Therapeutics, Inc. - Common Stock",US,,USALL
GLV,Clough Global Dividend and Income Fund Common Shares of beneficial interest,US,,USALL
GLW,Corning Incorporated Common Stock,US,,USALL
GLXG,Galaxy Payroll Group Limited - Class A Ordinary Shares,US,,USALL
GLXY,Galaxy Digital Inc. - Class A common stock,US,,USALL
GM,General Motors Company Common Stock,US,,USALL
GME,GameStop Corporation Common Stock,US,,USALL
GMED,"Globus Medical, Inc. Class A Common Stock",US,,USALL
GMEX,GMEX ROBOTICS CORPORATION - Class A Ordinary Shares,US,,USALL
GMM,Global Mofy AI Limited  - Class A Ordinary Shares,US,,USALL
GMRS,GMR Solutions Inc. Class A Common Stock,US,,USALL
GMTL,Guardian Metal Resources PLC ADS,US,,USALL
GNE,Genie Energy Ltd. Class B Common Stock Stock,US,,USALL
GNK,Genco Shipping & Trading Limited Ordinary Shares New (Marshall Islands),US,,USALL
GNL,"Global Net Lease, Inc. Common Stock",US,,USALL
GNLN,"Greenlane Holdings, Inc. - Class A Common Stock",US,,USALL
GNLX,Genelux Corporation - Common Stock,US,,USALL
GNPX,"Genprex, Inc. - Common Stock",US,,USALL
GNRC,Generac Holdlings Inc. Common Stock,US,,USALL
GNS,Genius Group Limited Ordinary Shares,US,,USALL
GNSS,Genasys Inc. - Common Stock,US,,USALL
GNT,"GAMCO Natural Resources, Gold & Income Trust",US,,USALL
GNTX,Gentex Corporation - Common Stock,US,,USALL
GNW,Genworth Financial Inc Common Stock,US,,USALL
GO,Grocery Outlet Holding Corp. - Common Stock,US,,USALL
GOAI,Eva Live Inc. - Common Stock,US,,USALL
GOF,Guggenheim Strategic Opportunities Fund Common Shares of Beneficial Interest,US,,USALL
GOGO,Gogo Inc. - Common Stock,US,,USALL
GOLD,"Gold.com, Inc. Common Stock",US,,USALL
GOLF,Acushnet Holdings Corp. Common Stock,US,,USALL
GOOD,Gladstone Commercial Corporation - Real Estate Investment Trust,US,,USALL
GOOG,Alphabet Inc. - Class C Capital Stock,US,,USALL
GOOGL,Alphabet Inc. - Class A Common Stock,US,,USALL
GOOS,Canada Goose Holdings Inc. Subordinate Voting Shares,US,,USALL
GORO,Goldgroup Mining Inc. Common Shares,US,,USALL
GP,GreenPower Motor Company Inc. - Common Shares,US,,USALL
GPAC,General Purpose Acquisition Corp. - Class A Ordinary Shares,US,,USALL
GPAT,GP-Act III Acquisition Corp. - Class A Ordinary Share,US,,USALL
GPC,Genuine Parts Company Common Stock,US,,USALL
GPGI,"GPGI, Inc. Class A Common Stock",US,,USALL
GPI,"Group 1 Automotive, Inc. Common Stock",US,,USALL
GPK,Graphic Packaging Holding Company,US,,USALL
GPMT,Granite Point Mortgage Trust Inc. Common Stock,US,,USALL
GPN,Global Payments Inc. Common Stock,US,,USALL
GPOR,Gulfport Energy Corporation Common Shares,US,,USALL
GPRE,"Green Plains, Inc. - Common Stock",US,,USALL
GPRK,Geopark Ltd Common Shares,US,,USALL
GPUS,"Hyperscale Data, Inc. Common Stock",US,,USALL
GRAB,Grab Holdings Limited - Class A Ordinary Shares,US,,USALL
GRAL,"GRAIL, Inc. - Common Stock",US,,USALL
GRAN,Grande Group Limited - Class A Ordinary Shares,US,,USALL
GRBK,"Green Brick Partners, Inc. Common Stock",US,,USALL
GRC,Gorman-Rupp Company (The) Common Stock,US,,USALL
GRCE,"Grace Therapeutics, Inc. - Common Stock",US,,USALL
GRDN,"Guardian Pharmacy Services, Inc. Class A Common Stock",US,,USALL
GRDX,GridAI Technologies Corp.  - Common Stock,US,,USALL
GRF,"Eagle Capital Growth Fund, Inc. Common Stock",US,,USALL
GRI,"GRI Bio, Inc. - Common Stock",US,,USALL
GRMN,Garmin Ltd. Common Stock (Switzerland),US,,USALL
GRN,iPath Series B Carbon Exchange-Traded Notes,US,,USALL
GRND,Grindr Inc. Common Stock,US,,USALL
GRNQ,Greenpro Capital Corp. - Common Stock,US,,USALL
GRNT,"Granite Ridge Resources, Inc. Common Stock",US,,USALL
GRO,Brazil Potash Corp. Common Shares,US,,USALL
GROV,"Grove Collaborative Holdings, Inc. Class A Common Stock",US,,USALL
GROW,"U.S. Global Investors, Inc. - Class A Common Stock",US,,USALL
GROY,Gold Royalty Corp. Common Shares,US,,USALL
GRPN,"Groupon, Inc. - Common Stock",US,,USALL
GRRR,Gorilla Technology Group Inc. - Ordinary shares,US,,USALL
GRSD,Grandstand Limited - Ordinary Shares,US,,USALL
GRWG,GrowGeneration Corp. - Common Stock,US,,USALL
GRX,The Gabelli Healthcare & Wellness Trust Common Shares of Beneficial Interest,US,,USALL
GS,"Goldman Sachs Group, Inc. (The) Common Stock",US,,USALL
GSAT,"Globalstar, Inc. - Common Stock",US,,USALL
GSBC,"Great Southern Bancorp, Inc. - Common Stock",US,,USALL
GSBD,"Goldman Sachs BDC, Inc. Common Stock",US,,USALL
GSHD,"Goosehead Insurance, Inc. - Class A Common Stock",US,,USALL
GSHR,Gesher Acquisition Corp. II - Class A Ordinary Shares,US,,USALL
GSIT,"GSI Technology, Inc. - Common Stock",US,,USALL
GSIW,Garden Stage Limited - Class A Ordinary Shares,US,,USALL
GSL,Global Ship Lease Inc New Class A Common Shares,US,,USALL
GSM,Ferroglobe PLC - Ordinary Shares,US,,USALL
GSRF,GSR IV Acquisition Corp. - Class A ordinary share,US,,USALL
GSRV,GSR V Acquisition Corp. - Class A ordinary shares,US,,USALL
GT,The Goodyear Tire & Rubber Company - Common Stock,US,,USALL
GTE,Gran Tierra Energy Inc. Common Stock,US,,USALL
GTEN,"Gores Holdings X, Inc. - Class A ordinary shares",US,,USALL
GTERA,Globa Terra Acquisition Corporation - Class A Ordinary Shares,US,,USALL
GTES,Gates Industrial Corporation Ltd. Common Shares,US,,USALL
GTIM,Good Times Restaurants Inc. - Common Stock,US,,USALL
GTLB,GitLab Inc. - Class A Common Stock,US,,USALL
GTM,ZoomInfo Technologies Inc. - Common Stock,US,,USALL
GTN,"Gray Media, Inc. Common Stock",US,,USALL
GTN-A,"Gray Media, Inc. Class A Common Stock",US,,USALL
GTX,Garrett Motion Inc. - Common Stock,US,,USALL
GTY,Getty Realty Corporation Common Stock,US,,USALL
GUAC,Berto Acquisition Corp. II - Ordinary Shares,US,,USALL
GUG,Guggenheim Active Allocation Fund Common Shares of Beneficial Interest,US,,USALL
GUT,Gabelli Utility Trust (The) Common Stock,US,,USALL
GVA,Granite Construction Incorporated Common Stock,US,,USALL
GVH,Globavend Holdings Limited - Ord Shares,US,,USALL
GWAV,"Greenwave Technology Solutions, Inc. - Common Stock",US,,USALL
GWH,"ESS Tech, Inc. Common Stock",US,,USALL
GWRE,"Guidewire Software, Inc. Common Stock",US,,USALL
GWRS,"Global Water Resources, Inc. - common stock",US,,USALL
GWW,"W.W. Grainger, Inc. Common Stock",US,,USALL
GXAI,Gaxos.ai Inc. - Common Stock,US,,USALL
GXO,"GXO Logistics, Inc. Common Stock",US,,USALL
GYGY,"Game Your Game, Inc. - Common Stock",US,,USALL
GYRE,"Gyre Therapeutics, Inc. - Common Stock",US,,USALL
GYRO,"Gyrodyne , LLC - Common Stock",US,,USALL
H,Hyatt Hotels Corporation Class A Common Stock,US,,USALL
HACQ,HCM IV Acquisition Corp. - Class A Ordinary Share,US,,USALL
HAE,Haemonetics Corporation Common Stock,US,,USALL
HAFC,Hanmi Financial Corporation - Common Stock,US,,USALL
HAFN,Hafnia Limited Common Shares,US,,USALL
HAL,Halliburton Company Common Stock,US,,USALL
HALO,"Halozyme Therapeutics, Inc. - Common Stock",US,,USALL
HAO,Haoxi Health Technology Limited - Class A Ord Share,US,,USALL
HAPN,"Happen, Inc. - Common Stock",US,,USALL
HAS,"Hasbro, Inc. - Common Stock",US,,USALL
HASI,"HA Sustainable Infrastructure Capital, Inc. Common Stock",US,,USALL
HAVA,Harvard Ave Acquisition Corporation - Class A Ordinary Share,US,,USALL
HAWK,"HawkEye 360, Inc. Common Stock",US,,USALL
HAYW,"Hayward Holdings, Inc. Common Stock",US,,USALL
HBAN,Huntington Bancshares Incorporated - Common Stock,US,,USALL
HBB,Hamilton Beach Brands Holding Company Class A Common Stock,US,,USALL
HBCP,"Home Bancorp, Inc. - Common Stock",US,,USALL
HBIO,"Harvard Bioscience, Inc. - Common Stock",US,,USALL
HBM,Hudbay Minerals Inc. Ordinary Shares (Canada),US,,USALL
HBNB,Hotel101 Global Holdings Corp. - Class A Ordinary Shares,US,,USALL
HBNC,"Horizon Bancorp, Inc. - Common Stock",US,,USALL
HBT,"HBT Financial, Inc. - Common Stock",US,,USALL
HCA,"HCA Healthcare, Inc. Common Stock",US,,USALL
HCAC,Hall Chadwick Acquisition Corp. - Class A Ordinary Shares,US,,USALL
HCAI,"Huachen AI Parking Management Technology Holding Co., Ltd. - Class A Ordinary Shares",US,,USALL
HCAT,"Health Catalyst, Inc - Common stock",US,,USALL
HCC,"Warrior Met Coal, Inc. Common Stock",US,,USALL
HCHL,Happy City Holdings Limited - Class A Ordinary shares,US,,USALL
HCI,"HCI Group, Inc. Common Stock",US,,USALL
HCIC,Hennessy Capital Investment Corp. VIII - Class A Ordinary Shares,US,,USALL
HCKT,"The Hackett Group, Inc. - Common Stock",US,,USALL
HCMA,HCM III Acquisition Corp. - Class A Ordinary Share,US,,USALL
HCSG,"Healthcare Services Group, Inc. - Common Stock",US,,USALL
HCTI,"Healthcare Triangle, Inc. - Common Stock",US,,USALL
HCWB,HCW Biologics Inc. - Common Stock,US,,USALL
HCWC,Healthy Choice Wellness Corp. Class A Common Stock,US,,USALL
HD,"Home Depot, Inc. (The) Common Stock",US,,USALL
HDB,HDFC Bank Limited Common Stock,US,,USALL
HDRN,"Hadron Energy, Inc. - Common Stock",US,,USALL
HDSN,"Hudson Technologies, Inc. - Common Stock",US,,USALL
HE,"Hawaiian Electric Industries, Inc. Common Stock",US,,USALL
HEI,Heico Corporation Common Stock,US,,USALL
HEI-A,Heico Corporation Common Stock,US,,USALL
HELE,Helen of Troy Limited - Common Stock,US,,USALL
HELP,Cybin Inc. - Common Stock,US,,USALL
HEQ,John Hancock Diversified Income Fund Common Shares of Beneficial Interest,US,,USALL
HERZ,"Herzfeld Credit Income Fund, Inc.  - Closed End Fund",US,,USALL
HESM,Hess Midstream LP Class A Representing Limited Partner Interests,US,,USALL
HFBL,"Home Federal Bancorp, Inc. of Louisiana - Common Stock",US,,USALL
HFFG,HF Foods Group Inc. - Common Stock,US,,USALL
HFRO,Highland Opportunities and Income Fund Common Shares of Beneficial Interest,US,,USALL
HFWA,Heritage Financial Corporation - Common Stock,US,,USALL
HG,"Hamilton Insurance Group, Ltd. Class B Common Shares",US,,USALL
HGBL,Heritage Global Inc. - Common Stock,US,,USALL
HGLB,Highland Global Allocation Fund Common Stock,US,,USALL
HGTY,"Hagerty, Inc. Class A Common Stock",US,,USALL
HGV,Hilton Grand Vacations Inc. Common Stock,US,,USALL
HHH,Howard Hughes Holdings Inc. Common Stock,US,,USALL
HHS,"Harte Hanks, Inc. - Common Stock",US,,USALL
HIFS,Hingham Institution for Savings - Common Stock,US,,USALL
HIG,"The Hartford Insurance Group, Inc. Common Stock",US,,USALL
HII,"Huntington Ingalls Industries, Inc. Common Stock",US,,USALL
HIMS,"Hims & Hers Health, Inc. Class A Common Stock",US,,USALL
HIND,"Vyome Holdings, Inc. - Common Stock",US,,USALL
HIO,"Western Asset High Income Opportunity Fund, Inc. Common Stock",US,,USALL
HIPO,Hippo Holdings Inc. Common Stock,US,,USALL
HIT,"Health In Tech, Inc. - Class A Common Stock",US,,USALL
HITI,High Tide Inc. - Common Shares,US,,USALL
HIVE,HIVE Digital Technologies Ltd - Common Shares,US,,USALL
HIW,"Highwoods Properties, Inc. Common Stock",US,,USALL
HIX,Western Asset High Income Fund II Inc. Common Stock,US,,USALL
HKIT,Hitek Global Inc. - Class A Ordinary Share,US,,USALL
HL,Hecla Mining Company Common Stock,US,,USALL
HLF,Herbalife Ltd. Common Shares,US,,USALL
HLI,"Houlihan Lokey, Inc. Class A Common Stock",US,,USALL
HLIO,"Helios Technologies, Inc. Common Stock",US,,USALL
HLIT,Harmonic Inc. - Common Stock,US,,USALL
HLLY,Holley Inc. Common Stock,US,,USALL
HLMN,Hillman Solutions Corp. - Common Stock,US,,USALL
HLNE,Hamilton Lane Incorporated - Class A Common Stock,US,,USALL
HLP,Hongli Group Inc. - Class A Ordinary Shares,US,,USALL
HLT,Hilton Worldwide Holdings Inc. Common Stock,US,,USALL
HLX,"Helix Energy Solutions Group, Inc. Common Stock",US,,USALL
HMC,"Honda Motor Company, Ltd. Common Stock",US,,USALL
HMH,HMH Holding Inc. - Common Stock,US,,USALL
HMN,Horace Mann Educators Corporation Common Stock,US,,USALL
HMR,Heidmar Maritime Holdings Corp. - Common Stock,US,,USALL
HMY,Harmony Gold Mining Company Limited,US,,USALL
HNGE,"Hinge Health, Inc. Class A Common Stock",US,,USALL
HNI,HNI Corporation Common Stock,US,,USALL
HNNA,"Hennessy Advisors, Inc. - Common Stock",US,,USALL
HNRG,Hallador Energy Company - Common Stock,US,,USALL
HNST,"The Honest Company, Inc. - Common Stock",US,,USALL
HNVR,"Hanover Bancorp, Inc. - Common Stock",US,,USALL
HODO,House of Doge Inc. - Common Stock,US,,USALL
HOFT,Hooker Furnishings Corporation - Common Stock,US,,USALL
HOG,"Harley-Davidson, Inc. Common Stock",US,,USALL
HOLO,MicroCloud Hologram Inc. - Ordinary Shares,US,,USALL
HOMB,"Home BancShares, Inc. Common Stock",US,,USALL
HON,Honeywell International Inc. - Common Stock,US,,USALL
HONA,Honeywell Aerospace Inc. - Common Stock,US,,USALL
HOOD,"Robinhood Markets, Inc. - Class A Common Stock",US,,USALL
HOPE,"Hope Bancorp, Inc. - Common Stock",US,,USALL
HOUR,"Hour Loop, Inc. - common stock",US,,USALL
HOV,"Hovnanian Enterprises, Inc. Class A Common Stock",US,,USALL
HOVR,New Horizon Aircraft Ltd. - Class A Ordinary Shares,US,,USALL
HP,"Helmerich & Payne, Inc. Common Stock",US,,USALL
HPE,Hewlett Packard Enterprise Company Common Stock,US,,USALL
HPK,"HighPeak Energy, Inc. - Common Stock",US,,USALL
HPP,"Hudson Pacific Properties, Inc. Common Stock",US,,USALL
HPQ,HP Inc. Common Stock,US,,USALL
HQ,Horizon Quantum Holdings Ltd. - Class A Ordinary Shares,US,,USALL
HQH,abrdn Healthcare Investors Shares of Beneficial Interest,US,,USALL
HQI,"HireQuest, Inc. - Common Stock",US,,USALL
HQL,abrdn Life Sciences Investors Shares of Beneficial Interest,US,,USALL
HQY,"HealthEquity, Inc. - Common Stock",US,,USALL
HR,Healthcare Realty Trust Incorporated Common Stock,US,,USALL
HRB,"H&R Block, Inc. Common Stock",US,,USALL
HRI,Herc Holdings Inc. Common Stock,US,,USALL
HRL,Hormel Foods Corporation Common Stock,US,,USALL
HRMY,"Harmony Biosciences Holdings, Inc. - Common Stock",US,,USALL
HROW,"Harrow, Inc. - Common Stock",US,,USALL
HRTG,"Heritage Insurance Holdings, Inc. Common Stock",US,,USALL
HRZN,Horizon Technology Finance Corporation - Common Stock,US,,USALL
HSBC,"HSBC Holdings, plc. Common Stock",US,,USALL
HSDT,Solana Company - Class A Common Stock,US,,USALL
HSHP,Himalaya Shipping Ltd. Common Shares,US,,USALL
HSIC,"Henry Schein, Inc. - Common Stock",US,,USALL
HSLV,Highlander Silver Corp. Common Shares,US,,USALL
HST,"Host Hotels & Resorts, Inc. - Common Stock",US,,USALL
HSTM,"HealthStream, Inc. - Common Stock",US,,USALL
HSY,The Hershey Company Common Stock,US,,USALL
HTB,"HomeTrust Bancshares, Inc. Common Stock",US,,USALL
HTCO,High-Trend International Group - Class A Ordinary Shares,US,,USALL
HTCR,"Heartcore Enterprises, Inc. - Common Stock",US,,USALL
HTD,John Hancock Tax Advantaged Dividend Income Fund Common Shares of Beneficial Interest,US,,USALL
HTFL,"Heartflow, Inc. - Common Stock",US,,USALL
HTGC,"Hercules Capital, Inc. Common Stock",US,,USALL
HTH,Hilltop Holdings Inc.,US,,USALL
HTLD,"Heartland Express, Inc. - Common Stock",US,,USALL
HTLM,HomesToLife Ltd - Ordinary Shares,US,,USALL
HTO,H2O America  - Common Stock,US,,USALL
HTOO,Fusion Fuel Green PLC - Ordinary Shares,US,,USALL
HTZ,"Hertz Global Holdings, Inc - Common Stock",US,,USALL
HUBB,Hubbell Inc Common Stock,US,,USALL
HUBC,Hub Cyber Security Ltd. - Ordinary Shares,US,,USALL
HUBS,"HubSpot, Inc. Common Stock",US,,USALL
HUHU,HUHUTECH International Group Inc. - Ordinary Shares,US,,USALL
HUM,Humana Inc. Common Stock,US,,USALL
HUN,Huntsman Corporation Common Stock,US,,USALL
HURA,"TuHURA Biosciences, Inc. - Common Stock",US,,USALL
HURC,"Hurco Companies, Inc. - Common Stock",US,,USALL
HURN,Huron Consulting Group Inc. - Common Stock,US,,USALL
HUT,Hut 8 Corp. - Common Stock,US,,USALL
HVII,Hennessy Capital Investment Corp. VII - Ordinary Shares,US,,USALL
HVMC,Highview Merger Corp. - Class A Ordinary Share,US,,USALL
HVT,"Haverty Furniture Companies, Inc. Common Stock",US,,USALL
HVT-A,"Haverty Furniture Companies, Inc. Common Stock",US,,USALL
HWBK,"Hawthorn Bancshares, Inc. - Common Stock",US,,USALL
HWC,Hancock Whitney Corporation - Common Stock,US,,USALL
HWKN,"Hawkins, Inc. - Common Stock",US,,USALL
HWM,Howmet Aerospace Inc. Common Stock,US,,USALL
HXL,Hexcel Corporation Common Stock,US,,USALL
HY,"Hyster-Yale, Inc. Class A common stock",US,,USALL
HYFT,MindWalk Holdings Corp. - Common Stock,US,,USALL
HYI,Western Asset High Yield Opportunity Fund Inc. Common Stock,US,,USALL
HYLN,Hyliion Holdings Corp. Class A Common Stock,US,,USALL
HYMC,Hycroft Mining Holding Corporation - Class A Common Stock,US,,USALL
HYNE,"Hoyne Bancorp, Inc. - Common Stock",US,,USALL
HYPD,"Hyperion DeFi, Inc. - Common Stock",US,,USALL
HYPR,"Hyperfine, Inc.  - Class A Common Stock",US,,USALL
HYT,"Blackrock Corporate High Yield Fund, Inc. Common Stock",US,,USALL
HZO,"MarineMax, Inc.  (FL) Common Stock",US,,USALL
IA,"Innovative Solutions and Support, Inc. - Common Stock",US,,USALL
IACO,Idea Acquisition Corp. - Class A Ordinary Shares,US,,USALL
IACQ,Irenic Acquisition Corp. - Class A Ordinary Shares,US,,USALL
IAE,Voya Asia Pacific High Dividend Equity Income Fund ING Asia Pacific High Dividend Equity Income Fund Common Shares of Beneficial Interest,US,,USALL
IAF,"abrdn Australia Equity Fund, Inc. Common Stock",US,,USALL
IAG,Iamgold Corporation Ordinary Shares,US,,USALL
IART,Integra LifeSciences Holdings Corporation - Common Stock,US,,USALL
IAUX,i-80 Gold Corp. Common Shares,US,,USALL
IBAC,IB Acquisition Corp. - Common Stock,US,,USALL
IBCP,Independent Bank Corporation - Common Stock,US,,USALL
IBEX,IBEX Limited - Common Share,US,,USALL
IBIO,"iBio, Inc. - Common Stock",US,,USALL
IBKR,"Interactive Brokers Group, Inc. - Class A Common Stock",US,,USALL
IBM,International Business Machines Corporation Common Stock,US,,USALL
IBN,ICICI Bank Limited Common Stock,US,,USALL
IBO,"Impact BioMedical, Inc. Common Stock",US,,USALL
IBOC,International Bancshares Corporation - Common Stock,US,,USALL
IBP,"Installed Building Products, Inc. Common Stock",US,,USALL
IBRX,"ImmunityBio, Inc. - Common Stock",US,,USALL
IBTA,"Ibotta, Inc. Class A Common Stock",US,,USALL
ICCC,ImmuCell Corporation - Common Stock,US,,USALL
ICCM,IceCure Medical Ltd. - Ordinary Shares,US,,USALL
ICE,Intercontinental Exchange Inc. Common Stock,US,,USALL
ICFI,"ICF International, Inc. - Common Stock",US,,USALL
ICHR,Ichor Holdings - Ordinary Shares,US,,USALL
ICL,ICL Group Ltd. Ordinary Shares,US,,USALL
ICLR,ICON plc - Ordinary Shares,US,,USALL
ICON,Icon Energy Corp. - Common stock,US,,USALL
ICU,SeaStar Medical Holding Corporation - Common Stock,US,,USALL
ICUI,"ICU Medical, Inc. - Common Stock",US,,USALL
IDA,"IDACORP, Inc. Common Stock",US,,USALL
IDAC,Iron Dome Acquisition I Corp. - Class A Ordinary Shares,US,,USALL
IDAI,T Stamp Inc. - Class A Common Stock,US,,USALL
IDCC,"InterDigital, Inc. - Common Stock",US,,USALL
IDE,"Voya Infrastructure, Industrials and Materials Fund Common Shares of Beneficial Interest",US,,USALL
IDN,"Intellicheck, Inc. - Common Stock",US,,USALL
IDR,"Idaho Strategic Resources, Inc. Common Stock",US,,USALL
IDT,IDT Corporation Class B Common Stock,US,,USALL
IDXX,"IDEXX Laboratories, Inc. - Common Stock",US,,USALL
IDYA,"IDEAYA Biosciences, Inc. - Common Stock",US,,USALL
IE,Ivanhoe Electric Inc. Common Stock,US,,USALL
IEAG,Infinite Eagle Acquisition Corp. - Class A Ordinary Shares,US,,USALL
IESC,"IES Holdings, Inc. - Common Stock",US,,USALL
IEX,IDEX Corporation Common Stock,US,,USALL
IFBD,"Infobird Co., Ltd - Ordinary Shares",US,,USALL
IFF,"International Flavors & Fragrances, Inc. Common Stock",US,,USALL
IFN,"Aberdeen India Fund, Inc. Common Stock",US,,USALL
IFRX,InflaRx N.V. - Common Stock,US,,USALL
IFS,Intercorp Financial Services Inc. Common Shares,US,,USALL
IGA,Voya Global Advantage and Premium Opportunity Fund Common Shares of Beneficial Interest,US,,USALL
IGAC,Invest Green Acquisition Corporation - Class A Ordinary Shares,US,,USALL
IGC,"IGC Pharma, Inc. Common Stock",US,,USALL
IGD,Voya Global Equity Dividend and Premium Opportunity Fund,US,,USALL
IGI,Western Asset Investment Grade Opportunity Trust Inc. Common Stock,US,,USALL
IGIC,International General Insurance Holdings Ltd. - Ordinary Shares,US,,USALL
IGR,CBRE Global Real Estate Income Fund Common Shares of Beneficial Interest,US,,USALL
IHD,Voya Emerging Markets High Income Dividend Equity Fund Common Shares,US,,USALL
IHRT,"iHeartMedia, Inc. - Class A Common Stock",US,,USALL
IHS,IHS Holding Limited Ordinary Shares,US,,USALL
IHT,InnSuites Hospitality Trust Shares of Beneficial Interest,US,,USALL
IIF,"Morgan Stanley India Investment Fund, Inc. Common Stock",US,,USALL
III,"Information Services Group, Inc. - Common Stock",US,,USALL
IIIN,"Insteel Industries, Inc. Common Stock",US,,USALL
IIIV,"i3 Verticals, Inc. - Common Stock",US,,USALL
IIM,Invesco Value Municipal Income Trust Common Stock,US,,USALL
IIPR,"Innovative Industrial Properties, Inc. Common Stock",US,,USALL
IKT,"Inhibikase Therapeutics, Inc. - Common Stock",US,,USALL
ILAG,Intelligent Living Application Group Inc. - Ordinary Shares,US,,USALL
ILLR,Triller Group Inc. - Common Stock,US,,USALL
ILLU,Illumination Acquisition Corp I - Class A Ordinary Shares,US,,USALL
ILMN,"Illumina, Inc. - Common Stock",US,,USALL
ILPT,Industrial Logistics Properties Trust - Common Shares of Beneficial Interest,US,,USALL
IMA,"ImageneBio, Inc. - Common Stock",US,,USALL
IMAX,Imax Corporation Common Stock,US,,USALL
IMC,IMC Rare Earths Ltd Ordinary Shares,US,,USALL
IMDX,Insight Molecular Diagnostics Inc. - Common Stock,US,,USALL
IMKTA,"Ingles Markets, Incorporated - Class A Common Stock",US,,USALL
IMMR,Immersion Corporation - Common Stock,US,,USALL
IMMX,"Immix Biopharma, Inc. - Common Stock",US,,USALL
IMNM,"Immunome, Inc. - Common Stock",US,,USALL
IMNN,"Imunon, Inc. - Common Stock",US,,USALL
IMO,Imperial Oil Limited Common Stock,US,,USALL
IMPP,Imperial Petroleum Inc. - Common Shares,US,,USALL
IMRX,Immuneering Corporation - Class A Common Stock,US,,USALL
IMSR,Terrestrial Energy Inc. - Common Stock,US,,USALL
IMTX,Immatics N.V. - Ordinary Shares,US,,USALL
IMUX,"Immunic, Inc.  - Common Stock",US,,USALL
IMVT,"Immunovant, Inc.  - Common Stock",US,,USALL
IMXI,"International Money Express, Inc. - Common Stock",US,,USALL
INAB,"IN8bio, Inc. - Common Stock",US,,USALL
INAC,Indigo Acquisition Corp. - Ordinary Shares,US,,USALL
INBK,First Internet Bancorp - Common Stock,US,,USALL
INBS,Intelligent Bio Solutions Inc.  - Common Stock,US,,USALL
INBX,"Inhibrx Biosciences, Inc. - Common Stock",US,,USALL
INCY,Incyte Corporation - Common Stock,US,,USALL
INDB,Independent Bank Corp. - Common Stock,US,,USALL
INDI,"indie Semiconductor, Inc. - Class A Common Stock",US,,USALL
INDO,Indonesia Energy Corporation Limited Ordinary Shares,US,,USALL
INDP,"Indaptus Therapeutics, Inc. - Common Stock",US,,USALL
INDV,"Indivior Pharmaceuticals, Inc.  - Common Stock",US,,USALL
INFQ,"Infleqtion, Inc. Common Stock",US,,USALL
INFU,"InfuSystems Holdings, Inc. Common Stock",US,,USALL
ING,"ING Group, N.V. Common Stock",US,,USALL
INGM,Ingram Micro Holding Corporation Common Stock,US,,USALL
INGN,"Inogen, Inc - Common Stock",US,,USALL
INGR,Ingredion Incorporated Common Stock,US,,USALL
INHD,Inno Holdings Inc. - Common Stock,US,,USALL
INIO,INNIO N.V. - Ordinary Shares,US,,USALL
INKT,"MiNK Therapeutics, Inc. - Common Stock",US,,USALL
INLF,INLIF LIMITED - Class A Ordinary shares,US,,USALL
INLX,"Intellinetics, Inc. Common Stock",US,,USALL
INM,InMed Pharmaceuticals Inc. - Common Shares,US,,USALL
INMB,INmune Bio Inc. - Common stock,US,,USALL
INMD,InMode Ltd.  - Ordinary Shares,US,,USALL
INN,"Summit Hotel Properties, Inc. Common Stock",US,,USALL
INNV,InnovAge Holding Corp. - Common Stock,US,,USALL
INO,"Inovio Pharmaceuticals, Inc. - Common Stock",US,,USALL
INOD,Innodata Inc. - Common Stock,US,,USALL
INR,"Infinity Natural Resources, Inc. Class A Common Stock",US,,USALL
INSE,"Inspired Entertainment, Inc. - Common Stock",US,,USALL
INSG,Inseego Corp. - Common Stock,US,,USALL
INSM,Insmed Incorporated - Common Stock,US,,USALL
INSP,"Inspire Medical Systems, Inc. Common Stock",US,,USALL
INSW,"International Seaways, Inc. Common Stock",US,,USALL
INTA,"Intapp, Inc. - Common Stock",US,,USALL
INTC,Intel Corporation - Common Stock,US,,USALL
INTG,The Intergroup Corporation - Common Stock,US,,USALL
INTJ,Intelligent Group Limited - Class A Ordinary Shares,US,,USALL
INTR,Inter & Co. Inc. - Class A Common Shares,US,,USALL
INTS,"Intensity Therapeutics, Inc. - Common Stock",US,,USALL
INTT,inTest Corporation Common Stock,US,,USALL
INTU,Intuit Inc. - Common Stock,US,,USALL
INUV,"Inuvo, Inc.",US,,USALL
INV,"Innventure, Inc. - Common Stock",US,,USALL
INVA,"Innoviva, Inc. - Common Stock",US,,USALL
INVE,"Identiv, Inc. - Common Stock",US,,USALL
INVH,Invitation Homes Inc. Common Stock,US,,USALL
INVX,"Innovex International, Inc. Common Stock",US,,USALL
IOND,Ionic Digital Inc. - Class A Common Stock,US,,USALL
IONQ,"IonQ, Inc. Common Stock",US,,USALL
IONS,"Ionis Pharmaceuticals, Inc. - Common Stock",US,,USALL
IOR,"Income Opportunity Realty Investors, Inc. Common Stock",US,,USALL
IOSP,Innospec Inc. - Common Stock,US,,USALL
IOT,Samsara Inc. Class A Common Stock,US,,USALL
IOTR,iOThree Limited - Ordinary Shares,US,,USALL
IOVA,"Iovance Biotherapeutics, Inc. - Common Stock",US,,USALL
IP,International Paper Company Common Stock,US,,USALL
IPAR,"Interparfums, Inc. - Common Stock",US,,USALL
IPEX,Inflection Point Acquisition Corp. - Class A Ordinary Shares,US,,USALL
IPFX,Inflection Point Acquisition Corp. VI - Class A Ordinary Shares,US,,USALL
IPGP,IPG Photonics Corporation - Common Stock,US,,USALL
IPI,"Intrepid Potash, Inc Common Stock",US,,USALL
IPM,Intelligent Protection Management Corp.  - Common Stock,US,,USALL
IPSC,"Century Therapeutics, Inc. - Common Stock",US,,USALL
IPST,"IP Strategy Holdings, Inc. - Common Stock",US,,USALL
IPVV,"InterPrivate Investment Partners V, Inc. - Class A Ordinary Shares",US,,USALL
IPW,iPower Inc. - Common Stock,US,,USALL
IPWR,Ideal Power Inc. - Common Stock,US,,USALL
IPXG,Inection Point Acquisition Corp. VII  - Class A Ordinary Shares,US,,USALL
IQI,Invesco Quality Municipal Income Trust Common Stock,US,,USALL
IQST,iQSTEL Inc. - Common Stock,US,,USALL
IQV,"IQVIA Holdings, Inc. Common Stock",US,,USALL
IR,Ingersoll Rand Inc. Common Stock,US,,USALL
IRAB,Iris Acquisition Corp II Class A Ordinary Shares,US,,USALL
IRD,"Opus Genetics, Inc. - Common Stock",US,,USALL
IRDM,Iridium Communications Inc - Common Stock,US,,USALL
IREN,IREN Limited - Ordinary Shares,US,,USALL
IRHO,Iron Horse Acquisitions II Corp. - Common Stock,US,,USALL
IRIX,IRIDEX Corporation - Common Stock,US,,USALL
IRM,Iron Mountain Incorporated (Delaware)Common Stock REIT,US,,USALL
IRMD,iRadimed Corporation - Common Stock,US,,USALL
IRON,"Disc Medicine, Inc. - Common Stock",US,,USALL
IRT,"Independence Realty Trust, Inc. Common Stock",US,,USALL
IRTC,"iRhythm Holdings, Inc.  - Common Stock",US,,USALL
IRWD,"Ironwood Pharmaceuticals, Inc. - Class A Common Stock",US,,USALL
ISBA,Isabella Bank Corporation - Common stock,US,,USALL
ISD,"PGIM High Yield Bond Fund, Inc.",US,,USALL
ISNR,Snow Rothschild Acquisition Corp. - Class A Ordinary Shares,US,,USALL
ISOU,IsoEnergy Ltd. Common Shares,US,,USALL
ISPR,Ispire Technology Inc. - Common Stock,US,,USALL
ISRG,"Intuitive Surgical, Inc. - Common Stock",US,,USALL
ISTR,Investar Holding Corporation - Common Stock,US,,USALL
IT,"Gartner, Inc. Common Stock",US,,USALL
ITG,"ITG, Inc. - Class A Common Stock",US,,USALL
ITGR,Integer Holdings Corporation Common Stock,US,,USALL
ITHA,ITHAX Acquisition Corp III - Class A Ordinary Shares,US,,USALL
ITIC,Investors Title Company - Common Stock,US,,USALL
ITP,"IT Tech Packaging, Inc. Common Stock",US,,USALL
ITRG,Integra Resources Corp. Common Shares,US,,USALL
ITRI,"Itron, Inc. - Common Stock",US,,USALL
ITRN,Ituran Location and Control Ltd. - Ordinary Shares,US,,USALL
ITT,ITT Inc. Common Stock,US,,USALL
ITW,Illinois Tool Works Inc. Common Stock,US,,USALL
IVF,"INVO Fertility, Inc. - Common Stock",US,,USALL
IVR,INVESCO MORTGAGE CAPITAL INC Common Stock,US,,USALL
IVT,InvenTrust Properties Corp. Common Stock,US,,USALL
IVZ,Invesco Ltd Common Stock,US,,USALL
IXHL,Incannex Healthcare Inc. - Common Stock,US,,USALL
IZEA,"IZEA Worldwide, Inc. - Common Stock",US,,USALL
IZM,ICZOOM Group Inc. - Class A Ordinary Shares,US,,USALL
J,Jacobs Solutions Inc. Common Stock,US,,USALL
JAB,JAB Acquisition Corp I - Class A Ordinary Shares,US,,USALL
JACK,Jack In The Box Inc. - Common Stock,US,,USALL
JACS,Jackson Acquisition Company II Class A Ordinary Shares,US,,USALL
JAGU,Jaguar Uranium Corp. Class A Common Shares,US,,USALL
JAGX,"Jaguar Health, Inc. - Common Stock",US,,USALL
JAKK,"JAKKS Pacific, Inc. - Common Stock",US,,USALL
JAN,"Janus Living, Inc. Class A-1 Common Stock",US,,USALL
JANX,"Janux Therapeutics, Inc. - Common Stock",US,,USALL
JATT,JATT II Acquisition Corp - Ordinary Shares,US,,USALL
JAZZ,Jazz Pharmaceuticals plc - Ordinary Shares,US,,USALL
JBDI,JBDI Holdings Limited - Ordinary Shares,US,,USALL
JBGS,JBG SMITH Properties Common Shares,US,,USALL
JBHT,"J.B. Hunt Transport Services, Inc. - Common Stock",US,,USALL
JBI,"Janus International Group, Inc. Common Stock",US,,USALL
JBIO,"Jade Biosciences, Inc. - Common Stock",US,,USALL
JBK,Lehman ABS 3.50 3.50% Adjustable Corp Backed Tr Certs GS Cap I,US,,USALL
JBL,Jabil Inc. Common Stock,US,,USALL
JBLU,JetBlue Airways Corporation - Common Stock,US,,USALL
JBS,JBS N.V. Class A Common Shares,US,,USALL
JBSS,"John B. Sanfilippo & Son, Inc. - Common Stock",US,,USALL
JBTM,JBT Marel Corporation Common Stock,US,,USALL
JCAP,"Jefferson Capital, Inc. - Common Stock",US,,USALL
JCE,Nuveen Core Equity Alpha Fund Common Shares of Beneficial Interest,US,,USALL
JCI,Johnson Controls International plc Ordinary Share,US,,USALL
JCSE,JE Cleantech Holdings Limited - Ordinary Shares,US,,USALL
JCTC,Jewett-Cameron Trading Company - Common Shares,US,,USALL
JDZG,JIADE LIMITED - Class A Ordinary Shares,US,,USALL
JEF,Jefferies Financial Group Inc. Common Stock,US,,USALL
JELD,"JELD-WEN Holding, Inc. Common Stock",US,,USALL
JEM,707 Cayman Holdings Limited - Ordinary Shares,US,,USALL
JENA,Jena Acquisition Corporation II Class A Ordinary Shares,US,,USALL
JFB,JFB Construction Holdings - Class A Common Stock,US,,USALL
JFR,Nuveen Floating Rate Income Fund Common Stock,US,,USALL
JGH,Nuveen Global High Income Fund Common Shares of Beneficial Interest,US,,USALL
JHI,John Hancock Investors Trust Common Stock,US,,USALL
JHS,John Hancock Income Securities Trust Common Stock,US,,USALL
JHX,James Hardie Industries plc. Ordinary Shares,US,,USALL
JILL,"J. Jill, Inc. Common Stock",US,,USALL
JJSF,J & J Snack Foods Corp. - Common Stock,US,,USALL
JKHY,"Jack Henry & Associates, Inc. - Common Stock",US,,USALL
JL,J-Long Group Limited - Class A Ordinary Shares,US,,USALL
JLHL,Julong Holding Limited - Class A Ordinary Shares,US,,USALL
JLL,Jones Lang LaSalle Incorporated Common Stock,US,,USALL
JLS,Nuveen Mortgage and Income Fund,US,,USALL
JMKE,Jersey Mike's Subs Inc. Class A Common Stock,US,,USALL
JMM,Nuveen Multi-Market Income Fund (MA),US,,USALL
JMSB,"John Marshall Bancorp, Inc. - Common Stock",US,,USALL
JNJ,Johnson & Johnson Common Stock,US,,USALL
JOB,GEE Group Inc. Common Stock,US,,USALL
JOBY,"Joby Aviation, Inc. Common Stock",US,,USALL
JOE,St. Joe Company (The) Common Stock,US,,USALL
JOF,Japan Smaller Capitalization Fund Inc Common Stock,US,,USALL
JOUT,Johnson Outdoors Inc. - Class A Common Stock,US,,USALL
JPM,JP Morgan Chase & Co. Common Stock,US,,USALL
JQC,Nuveen Credit Strategies Income Fund Shares of Beneficial Interest,US,,USALL
JRI,Nuveen Real Asset Income and Growth Fund Common Shares of Beneficial Interest,US,,USALL
JRS,Nuveen Real Estate Income Fund Common Shares of Beneficial Interest,US,,USALL
JRSH,"Jerash Holdings (US), Inc. - Common Stock",US,,USALL
JRVR,"James River Group Holdings, Inc. - Common Stock",US,,USALL
JTAI,Jet.AI Inc. - Common Stock,US,,USALL
JTTT,JATT III Acquisition Corp - Ordinary Shares,US,,USALL
JVA,"Coffee Holding Co., Inc. - Common Stock",US,,USALL
JWEL,Jowell Global Ltd. - Ordinary Shares,US,,USALL
JXG,JX Luxventure Group Inc. - Common Stock,US,,USALL
JXN,Jackson Financial Inc. Class A Common Stock,US,,USALL
JYD,Jayud Global Logistics Limited - Class A Ordinary Shares,US,,USALL
JYNT,The Joint Corp. - Common Stock,US,,USALL
JZXN,"Jiuzi Holdings, Inc. - Ordinary Shares",US,,USALL
KAI,Kadant Inc Common Stock,US,,USALL
KALA,"KALA BIO, Inc. - Common Stock",US,,USALL
KALU,Kaiser Aluminum Corporation - Common Stock,US,,USALL
KAPA,"Kairos Pharma, Ltd. Common Stock",US,,USALL
KARD,"Kardigan, Inc. - Common Stock",US,,USALL
KARO,Karooooo Ltd. - Ordinary shares,US,,USALL
KAZR,Skyline Builders Group Holding Limited - Class A Ordinary Shares,US,,USALL
KB,KB Financial Group Inc,US,,USALL
KBDC,"Kayne Anderson BDC, Inc. Common Stock",US,,USALL
KBH,KB Home Common Stock,US,,USALL
KBON,Karbon Capital Partners Corp. - Class A Ordinary Shares,US,,USALL
KBR,"KBR, Inc. Common Stock",US,,USALL
KBSX,FST Corp. - Ordinary Shares,US,,USALL
KCHV,Kochav Defense Acquisition Corp. - Class A Ordinary Shares,US,,USALL
KD,"Kyndryl Holdings, Inc. Common Stock",US,,USALL
KDK,"Kodiak AI, Inc. - Common Stock",US,,USALL
KDP,Keurig Dr Pepper Inc. - Common Stock,US,,USALL
KE,"Kimball Electronics, Inc. - Common Stock",US,,USALL
KEEL,Keel Infrastructure Corp. - Common Stock,US,,USALL
KELYA,"Kelly Services, Inc. - Class A Common Stock",US,,USALL
KELYB,"Kelly Services, Inc. - Class B Common Stock",US,,USALL
KEN,Kenon Holdings Ltd. Ordinary Shares,US,,USALL
KEP,Korea Electric Power Corporation Common Stock,US,,USALL
KEQU,Kewaunee Scientific Corporation - Common Stock,US,,USALL
KEX,Kirby Corporation Common Stock,US,,USALL
KEY,KeyCorp Common Stock,US,,USALL
KEYS,Keysight Technologies Inc. Common Stock,US,,USALL
KEYY,Keystone Acquisition Corp. - Class A Ordinary Shares,US,,USALL
KF,"Korea Fund, Inc. (The) New Common Stock",US,,USALL
KFFB,Kentucky First Federal Bancorp - Common Stock,US,,USALL
KFRC,"Kforce, Inc. Common Stock",US,,USALL
KFY,Korn Ferry Common Stock,US,,USALL
KG,"Kestrel Group, Ltd. - Common Stock",US,,USALL
KGC,Kinross Gold Corporation Common Stock,US,,USALL
KGEI,Kolibri Global Energy Inc. - Common stock,US,,USALL
KGS,"Kodiak Gas Services, Inc. Common Stock",US,,USALL
KHC,The Kraft Heinz Company - Common Stock,US,,USALL
KIDS,OrthoPediatrics Corp. - Common Stock,US,,USALL
KIDZ,KIDZ AI Inc. - Class B Common Stock,US,,USALL
KIM,Kimco Realty Corporation (HC) Common Stock,US,,USALL
KINS,"Kingstone Companies, Inc - Common Stock",US,,USALL
KIO,KKR Income Opportunities Fund Common Shares,US,,USALL
KKR,KKR & Co. Inc. Common Stock,US,,USALL
KLAC,KLA Corporation  - Common Stock,US,,USALL
KLAR,Klarna Group plc Ordinary Shares,US,,USALL
KLC,"KinderCare Learning Companies, Inc. Common Stock",US,,USALL
KLIC,"Kulicke and Soffa Industries, Inc. - Common Stock",US,,USALL
KLRA,"Kailera Therapeutics, Inc. - Common stock",US,,USALL
KLRS,"Kalaris Therapeutics, Inc.  - Common Stock",US,,USALL
KLTR,"Kaltura, Inc. - Common Stock",US,,USALL
KLXE,"KLX Energy Services Holdings, Inc.  - Common Stock",US,,USALL
KMB,Kimberly-Clark Corporation - Common Stock,US,,USALL
KMDA,Kamada Ltd. - Ordinary Shares,US,,USALL
KMI,"Kinder Morgan, Inc. Common Stock",US,,USALL
KMPR,Kemper Corporation,US,,USALL
KMRK,K-Tech Solutions Company Limited - Class A Ordinary Shares,US,,USALL
KMT,Kennametal Inc. Common Stock,US,,USALL
KMTS,"Kestra Medical Technologies, Ltd. - Common Stock",US,,USALL
KMX,CarMax Inc,US,,USALL
KN,Knowles Corporation Common Stock,US,,USALL
KNF,Knife Riv Holding Co. Common Stock,US,,USALL
KNRX,KNOREX LTD. Class A Ordinary Shares,US,,USALL
KNSA,"Kiniksa Pharmaceuticals International, plc - Class A Ordinary Shares",US,,USALL
KNSL,"Kinsale Capital Group, Inc. Common Stock",US,,USALL
KNTK,Kinetik Holdings Inc. Class A Common Stock,US,,USALL
KNX,Knight-Swift Transportation Holdings Inc.,US,,USALL
KO,Coca-Cola Company (The) Common Stock,US,,USALL
KOD,Kodiak Sciences Inc - Common Stock,US,,USALL
KODK,Eastman Kodak Company Common New,US,,USALL
KOP,Koppers Holdings Inc. Common Stock,US,,USALL
KOPN,Kopin Corporation - Common Stock,US,,USALL
KOS,Kosmos Energy Ltd. Common Shares (DE),US,,USALL
KOSS,Koss Corporation - Common Stock,US,,USALL
KOYN,CSLM Digital Asset Acquisition Corp III - Class A Ordinary Shares,US,,USALL
KPET,KPET Ultra Paceline Corporation Class A Ordinary Shares,US,,USALL
KPLT,"Katapult Holdings, Inc. - Common Stock",US,,USALL
KPRX,"Kiora Pharmaceuticals, Inc.  - Common Stock",US,,USALL
KPTI,Karyopharm Therapeutics Inc. - Common Stock,US,,USALL
KR,Kroger Company (The) Common Stock,US,,USALL
KRAQ,KRAKacquisition Corp - Class A Ordinary Shares,US,,USALL
KRC,Kilroy Realty Corporation Common Stock,US,,USALL
KREF,KKR Real Estate Finance Trust Inc. Common Stock,US,,USALL
KRG,Kite Realty Group Trust Common Stock,US,,USALL
KRMD,"KORU Medical Systems, Inc. - Common Stock",US,,USALL
KRMN,Karman Holdings Inc. Common Stock,US,,USALL
KRNT,Kornit Digital Ltd. - Ordinary Shares,US,,USALL
KRNY,Kearny Financial - Common Stock,US,,USALL
KRO,Kronos Worldwide Inc Common Stock,US,,USALL
KROS,"Keros Therapeutics, Inc. - common stock",US,,USALL
KRRO,"Korro Bio, Inc. - Common Stock",US,,USALL
KRSP,Rice Acquisition Corporation 3 Class A Ordinary Shares,US,,USALL
KRT,Karat Packaging Inc. - Common Stock,US,,USALL
KRUS,"Kura Sushi USA, Inc. - Class A Common Stock",US,,USALL
KRYS,"Krystal Biotech, Inc. - Common Stock",US,,USALL
KSCP,"Knightscope, Inc. - Class A Common Stock",US,,USALL
KSS,Kohl's Corporation Common Stock,US,,USALL
KT,KT Corporation Common Stock,US,,USALL
KTB,"Kontoor Brands, Inc. Common Stock",US,,USALL
KTCC,Key Tronic Corporation - Common Stock,US,,USALL
KTF,DWS Municipal Income Trust,US,,USALL
KTN,Structured Products Corp 8.205% CorTS 8.205% Corporate Backed Trust Securities (CorTS),US,,USALL
KTOS,"Kratos Defense & Security Solutions, Inc. - Common Stock",US,,USALL
KTWO,K2 Capital Acquisition Corporation - Class A Ordinary Share,US,,USALL
KULR,"KULR Technology Group, Inc. Common Stock",US,,USALL
KURA,"Kura Oncology, Inc. - Common Stock",US,,USALL
KUST,"Kustom Entertainment, Inc. - Common Stock",US,,USALL
KVHI,"KVH Industries, Inc. - Common Stock",US,,USALL
KVUE,Kenvue Inc. Common Stock,US,,USALL
KVYO,"Klaviyo, Inc. Series A Common Stock",US,,USALL
KWM,"K Wave Media, Ltd. - Ordinary Shares",US,,USALL
KWR,Quaker Houghton Common Stock,US,,USALL
KWY,Kingsway Corporation Common Stock,US,,USALL
KXIN,Kaixin Holdings - Ordinary Shares,US,,USALL
KYIV,Kyivstar Group Ltd. - Common Shares,US,,USALL
KYMR,"Kymera Therapeutics, Inc. - Common Stock",US,,USALL
KYN,"Kayne Anderson Energy Infrastructure Fund, Inc.",US,,USALL
KYTX,"Kyverna Therapeutics, Inc. - Common Stock",US,,USALL
L,Loews Corporation Common Stock,US,,USALL
LABT,Lakewood-Amedex Biotherapeutics Inc. - Common Stock,US,,USALL
LAC,Lithium Americas Corp. Common Shares,US,,USALL
LAD,"Lithia Motors, Inc. Common Stock",US,,USALL
LADR,Ladder Capital Corp Class A Common Stock,US,,USALL
LAES,SEALSQ Corp - Ordinary Shares,US,,USALL
LAFA,LaFayette Acquisition Corp. - Ordinary Share,US,,USALL
LAKE,"Lakeland Industries, Inc. - Common Stock",US,,USALL
LAMR,Lamar Advertising Company - Class A Common Stock,US,,USALL
LAND,Gladstone Land Corporation - Common Stock,US,,USALL
LANV,Lanvin Group Holdings Limited Ordinary Shares,US,,USALL
LAR,Lithium Argentina AG Common Shares,US,,USALL
LARK,Landmark Bancorp Inc. - Common Stock,US,,USALL
LASE,Laser Photonics Corporation - Common Stock,US,,USALL
LASR,"nLIGHT, Inc. - Common Stock",US,,USALL
LATA,Galata Acquisition Corp. II - Class A Ordinary Shares,US,,USALL
LAUR,"Laureate Education, Inc. - Common Stock",US,,USALL
LAW,"CS Disco, Inc. Common Stock",US,,USALL
LAWR,"Robot Consulting Co., Ltd. - ADS",US,,USALL
LAZ,"Lazard, Inc. Common Stock",US,,USALL
LB,LandBridge Company LLC Class A Shares Representing Limited Liability Company Interests,US,,USALL
LBGJ,Li Bang International Corporation Inc. - Class A Ordinary Shares,US,,USALL
LBRT,Liberty Energy Inc. Class A common stock,US,,USALL
LBRX,LB Pharmaceuticals Inc - Common Stock,US,,USALL
LBTYA,Liberty Global Ltd. - Class A Common Shares,US,,USALL
LBTYB,Liberty Global Ltd. - Class B Common Shares,US,,USALL
LBTYK,Liberty Global Ltd. - Class C Common Shares,US,,USALL
LCCC,Lakeshore Acquisition III Corp. - Ordinary Shares,US,,USALL
LCFY,Locafy Limited - Ordinary Share,US,,USALL
LCID,"Lucid Group, Inc. - Common Stock",US,,USALL
LCII,LCI Industries,US,,USALL
LCLN,"Lincoln International, Inc. Class A Common Stock",US,,USALL
LCNB,LCNB Corporation - Common Stock,US,,USALL
LCTX,"Lineage Cell Therapeutics, Inc. Common Stock",US,,USALL
LCUT,"Lifetime Brands, Inc. - Common Stock",US,,USALL
LDI,"loanDepot, Inc. Class A Common Stock",US,,USALL
LDOS,"Leidos Holdings, Inc. Common Stock",US,,USALL
LE,"Lands' End, Inc. - Common Stock",US,,USALL
LEA,Lear Corporation Common Stock,US,,USALL
LECO,"Lincoln Electric Holdings, Inc. - Common Shares",US,,USALL
LEDS,SemiLEDS Corporation - Common Stock,US,,USALL
LEE,"Lee Enterprises, Incorporated - Common Stock",US,,USALL
LEGH,Legacy Housing Corporation - Common Stock,US,,USALL
LEGO,Legato Merger Corp. IV Ordinary Shares,US,,USALL
LEN,Lennar Corporation Class A Common Stock,US,,USALL
LEN-B,Lennar Corporation Class B,US,,USALL
LENZ,"LENZ Therapeutics, Inc. - Common Stock",US,,USALL
LEO,"BNY Mellon Strategic Municipals, Inc. Common Stock",US,,USALL
LESL,"Leslie's, Inc. - Common Stock",US,,USALL
LEU,Centrus Energy Corp. Class A Common Stock,US,,USALL
LEVI,Levi Strauss & Co Class A Common Stock,US,,USALL
LEXX,Lexaria Bioscience Corp. - Common Stock,US,,USALL
LFAC,Leapfrog Acquisition Corporation - Class A Ordinary Shares,US,,USALL
LFCR,"Lifecore Biomedical, Inc. - Common Stock",US,,USALL
LFMD,"LifeMD, Inc. - Common Stock",US,,USALL
LFST,"LifeStance Health Group, Inc. - Common Stock",US,,USALL
LFT,"Lument Finance Trust, Inc. Common Stock",US,,USALL
LFTO,"Liftoff Mobile, Inc. - Common Stock",US,,USALL
LFUS,"Littelfuse, Inc. - Common Stock",US,,USALL
LFVN,Lifevantage Corporation - Common Stock,US,,USALL
LFWD,Lifeward Ltd. - Ordinary Shares,US,,USALL
LGCL,Lucas GC Limited - Class A Ordinary Shares,US,,USALL
LGCY,Legacy Education Inc. Common Stock,US,,USALL
LGI,Lazard Global Total Return and Income Fund Common Stock,US,,USALL
LGIH,"LGI Homes, Inc. - Common Stock",US,,USALL
LGL,"LGL Group, Inc. (The) Common Stock",US,,USALL
LGN,Legence Corp. - Class A Common stock,US,,USALL
LGND,Ligand Pharmaceuticals Incorporated - Common Stock,US,,USALL
LGPS,LogProstyle Inc. Common Shares,US,,USALL
LH,Labcorp Holdings Inc. Common Stock,US,,USALL
LHSW,Lianhe Sowell International Group Ltd - Class A Ordinary Shares,US,,USALL
LHX,"L3Harris Technologies, Inc. Common Stock",US,,USALL
LICN,Lichen International Limited - Class A Ordinary Shares,US,,USALL
LIDR,"AEye, Inc. - Class A Common Stock",US,,USALL
LIEN,"Chicago Atlantic BDC, Inc. - Common Stock",US,,USALL
LIF,"Life360, Inc. - Common Stock",US,,USALL
LIFE,Ethos Technologies Inc. - Class A Common Stock,US,,USALL
LII,"Lennox International, Inc. Common Stock",US,,USALL
LILA,Liberty Latin America Ltd. - Class A Common Stock,US,,USALL
LILAK,Liberty Latin America Ltd. - Class C Common Stock,US,,USALL
LIME,"Neutron Holdings, Inc. - Common Stock",US,,USALL
LIN,Linde plc - Ordinary Shares,US,,USALL
LINC,Lincoln Educational Services Corporation - Common Stock,US,,USALL
LIND,Lindblad Expeditions Holdings Inc.  - Common Stock,US,,USALL
LINE,"Lineage, Inc. - Common Stock",US,,USALL
LINK,"Interlink Electronics, Inc. - Common Stock",US,,USALL
LION,Lionsgate Studios Corp Common Shares,US,,USALL
LITE,Lumentum Holdings Inc. - Common Stock,US,,USALL
LITS,"Lite Strategy, Inc. - Common Stock",US,,USALL
LIVE,Live Ventures Incorporated - Common Stock,US,,USALL
LIVN,LivaNova PLC - Ordinary Shares,US,,USALL
LKFN,Lakeland Financial Corporation - Common Stock,US,,USALL
LKQ,LKQ Corporation - Common Stock,US,,USALL
LKSP,Lake Superior Acquisition Corp. - Class A Ordinary Shares,US,,USALL
LLY,Eli Lilly and Company Common Stock,US,,USALL
LLYVA,"Liberty Live Holdings, Inc. - Series A Liberty Live Group Common Stock",US,,USALL
LLYVK,"Liberty Live Holdings, Inc. - Series C Liberty Live Group Common Stock",US,,USALL
LMAT,"LeMaitre Vascular, Inc. - Common Stock",US,,USALL
LMB,"Limbach Holdings, Inc. - Common Stock",US,,USALL
LMND,"Lemonade, Inc. Common Stock",US,,USALL
LMNR,Limoneira Co - Common Stock,US,,USALL
LMRI,"Lumexa Imaging Holdings, Inc. - Common Stock",US,,USALL
LMT,Lockheed Martin Corporation Common Stock,US,,USALL
LNAI,Lunai Bioworks Inc. - Common Stock,US,,USALL
LNC,Lincoln National Corporation Common Stock,US,,USALL
LND,Brasilagro Brazilian Agric Real Estate Co Sponsored ADR (Brazil),US,,USALL
LNG,"Cheniere Energy, Inc. Common Stock",US,,USALL
LNKS,Linkers Industries Limited - Class A Ordinary Shares,US,,USALL
LNN,Lindsay Corporation Common Stock,US,,USALL
LNSR,"LENSAR, Inc. - Common Stock",US,,USALL
LNT,Alliant Energy Corporation - Common Stock,US,,USALL
LNTH,"Lantheus Holdings, Inc. - Common Stock",US,,USALL
LNZA,"LanzaTech Global, Inc. - Common Stock",US,,USALL
LOAN,"Manhattan Bridge Capital, Inc - Common Stock",US,,USALL
LOAR,Loar Holdings Inc. Common Stock,US,,USALL
LOB,"Live Oak Bancshares, Inc. Common Stock",US,,USALL
LOCL,Local Bounti Corporation Common Stock,US,,USALL
LOCO,"El Pollo Loco Holdings, Inc. - Common Stock",US,,USALL
LODE,Comstock Inc. Common Stock,US,,USALL
LOGI,Logitech International S.A. - Registered Shares,US,,USALL
LOMA,Loma Negra Compania Industrial Argentina Sociedad Anonima ADS,US,,USALL
LONA,"LeonaBio, Inc. - Common Stock",US,,USALL
LOPE,"Grand Canyon Education, Inc. - Common Stock",US,,USALL
LOVE,The Lovesac Company - Common Stock,US,,USALL
LOW,"Lowe's Companies, Inc. Common Stock",US,,USALL
LPA,Logistic Properties of the Americas Ordinary Shares,US,,USALL
LPAA,Launch One Acquisition Corp. - Class A Ordinary Shares,US,,USALL
LPBB,Launch Two Acquisition Corp. - Class A Ordinary Shares,US,,USALL
LPCN,Lipocine Inc. - Common Stock,US,,USALL
LPCV,Launchpad Cadenza Acquisition Corp I - Class A Ordinary Share,US,,USALL
LPG,Dorian LPG Ltd. Common Stock,US,,USALL
LPLA,LPL Financial Holdings Inc. - Common Stock,US,,USALL
LPSN,"LivePerson, Inc. - Common Stock",US,,USALL
LPTH,"LightPath Technologies, Inc. - Class A Common Stock",US,,USALL
LPX,Louisiana-Pacific Corporation Common Stock,US,,USALL
LQDA,Liquidia Corporation - Common Stock,US,,USALL
LQDT,"Liquidity Services, Inc. - Common Stock",US,,USALL
LRCX,Lam Research Corporation - Common Stock,US,,USALL
LRMR,"Larimar Therapeutics, Inc. - Common Stock",US,,USALL
LRN,"Stride, Inc. Common Stock",US,,USALL
LSAK,"Lesaka Technologies, Inc. - Common Stock",US,,USALL
LSBK,"Lake Shore Bancorp, Inc. - Common Stock",US,,USALL
LSCC,Lattice Semiconductor Corporation - Common Stock,US,,USALL
LSE,"Leishen Energy Holding Co., Ltd. - Class A Ordinary Shares",US,,USALL
LSF,"Laird Superfood, Inc. Common Stock",US,,USALL
LSPD,Lightspeed Commerce Inc. Subordinate Voting Shares,US,,USALL
LSTA,"Lisata Therapeutics, Inc. - Common Stock",US,,USALL
LSTR,"Landstar System, Inc. - Common Stock",US,,USALL
LTBR,Lightbridge Corporation - Common Stock,US,,USALL
LTC,"LTC Properties, Inc. Common Stock",US,,USALL
LTGO,"Latigo Biotherapeutics, Inc. - Common Stock",US,,USALL
LTGR,Long Table Growth Corp. - Class A Ordinary Shares,US,,USALL
LTH,"Life Time Group Holdings, Inc. Common Stock",US,,USALL
LTRN,Lantern Pharma Inc. - Common Stock,US,,USALL
LTRX,"Lantronix, Inc. - Common Stock",US,,USALL
LUCD,Lucid Diagnostics Inc. - Common Stock,US,,USALL
LUCK,Lucky Strike Entertainment Corporation Class A Common Stock,US,,USALL
LUCY,"Innovative Eyewear, Inc. - Common Stock",US,,USALL
LUD,Luda Technology Group Limited Ordinary Shares,US,,USALL
LULU,lululemon athletica inc. - Common Stock,US,,USALL
LUMN,"Lumen Technologies, Inc. Common Stock",US,,USALL
LUNG,Pulmonx Corporation - Common Stock,US,,USALL
LUNR,"Intuitive Machines, Inc. - Class A Common Stock",US,,USALL
LUV,Southwest Airlines Company Common Stock,US,,USALL
LVLU,"Lulu's Fashion Lounge Holdings, Inc. - Common Stock",US,,USALL
LVO,"LiveOne, Inc. - Common Stock",US,,USALL
LVS,Las Vegas Sands Corp. Common Stock,US,,USALL
LVWR,"LiveWire Group, Inc. Common Stock",US,,USALL
LW,"Lamb Weston Holdings, Inc. Common Stock",US,,USALL
LWAC,LightWave Acquisition Corp. - Class A Ordinary Shares,US,,USALL
LWAY,"Lifeway Foods, Inc. - Common Stock",US,,USALL
LWLG,"Lightwave Logic, Inc. - Common Stock",US,,USALL
LXEO,"Lexeo Therapeutics, Inc. - Common Stock",US,,USALL
LXFR,Luxfer Holdings PLC Ordinary Shares,US,,USALL
LXP,LXP Industrial Trust Common Stock (Maryland REIT),US,,USALL
LXRX,"Lexicon Pharmaceuticals, Inc. - Common Stock",US,,USALL
LXU,"LSB Industries, Inc. Common Stock",US,,USALL
LYB,LyondellBasell Industries NV Ordinary Shares Class A (Netherlands),US,,USALL
LYEL,"Lyell Immunopharma, Inc. - Common Stock",US,,USALL
LYFT,"Lyft, Inc. - Class A Common Stock",US,,USALL
LYNX,Lyntris Inc. Common Stock,US,,USALL
LYTS,LSI Industries Inc. - Common Stock,US,,USALL
LYV,"Live Nation Entertainment, Inc. Common Stock",US,,USALL
LZ,"LegalZoom.com, Inc. - Common Stock",US,,USALL
LZB,La-Z-Boy Incorporated Common Stock,US,,USALL
LZM,Lifezone Metals Limited Ordinary Shares,US,,USALL
LZMH,LZ Technology Holdings Limited - Class B Ordinary Shares,US,,USALL
M,Macy's Inc Common Stock,US,,USALL
MA,Mastercard Incorporated Common Stock,US,,USALL
MAA,"Mid-America Apartment Communities, Inc. Common Stock",US,,USALL
MAAS,Maase Inc. - Class A Ordinary Shares,US,,USALL
MAC,Macerich Company (The) Common Stock,US,,USALL
MACI,Melar Acquisition Corp. I - Class A Ordinary Shares,US,,USALL
MAGN,Magnera Corporation Common Stock,US,,USALL
MAIA,"MAIA Biotechnology, Inc. Common Stock",US,,USALL
MAIN,Main Street Capital Corporation Common Stock,US,,USALL
MAIR,Madison Air Solutions Corporation Class A Common Stock,US,,USALL
MAKO,Mako Mining Corp - Common Stock,US,,USALL
MAMA,"Mama's Creations, Inc. - Common Stock",US,,USALL
MAMO,Massimo Group - Common Stock,US,,USALL
MAN,ManpowerGroup Common Stock,US,,USALL
MANE,"Veradermics, Incorporated Common Stock",US,,USALL
MANH,"Manhattan Associates, Inc. - Common Stock",US,,USALL
MAR,Marriott International - Class A Common Stock,US,,USALL
MARA,"MARA Holdings, Inc. - Common Stock",US,,USALL
MAS,Masco Corporation Common Stock,US,,USALL
MASK,3 E Network Technology Group Ltd - Class A Ordinary Shares,US,,USALL
MASS,908 Devices Inc. - Common Stock,US,,USALL
MAT,"Mattel, Inc. - Common Stock",US,,USALL
MATH,Metalpha Technology Holding Limited - Ordinary Shares,US,,USALL
MATV,"Mativ Holdings, Inc. Common Stock",US,,USALL
MATW,Matthews International Corporation - Class A Common Stock,US,,USALL
MATX,"Matson, Inc. Common Stock",US,,USALL
MAX,"MediaAlpha, Inc. Class A Common Stock",US,,USALL
MAYS,"J. W. Mays, Inc. - Common Stock",US,,USALL
MAZE,"Maze Therapeutics, Inc. - Common Stock",US,,USALL
MB,MasterBeef Group - Ordinary Shares,US,,USALL
MBAI,Check-Cap Ltd. - Ordinary Share,US,,USALL
MBBC,"Marathon Bancorp, Inc. - Common Stock",US,,USALL
MBC,"MasterBrand, Inc. Common Stock",US,,USALL
MBGL,Mobility Global Inc. Common Stock,US,,USALL
MBI,MBIA Inc. Common Stock,US,,USALL
MBIN,Merchants Bancorp - Common Stock,US,,USALL
MBLY,Mobileye Global Inc. - Class A Common Stock,US,,USALL
MBOT,Microbot Medical Inc.  - Common Stock,US,,USALL
MBRX,"Moleculin Biotech, Inc. - Common Stock",US,,USALL
MBUU,"Malibu Boats, Inc. - Common Stock",US,,USALL
MBVI,M3-Brigade Acquisition VI Corp. - Class A Ordinary Shares,US,,USALL
MBWM,Mercantile Bank Corporation - Common Stock,US,,USALL
MBX,"MBX Biosciences, Inc. - Common Stock",US,,USALL
MC,Moelis & Company Class A Common Stock,US,,USALL
MCAH,Mountain Crest Acquisition 6 Corp. - Ordinary Shares,US,,USALL
MCB,Metropolitan Bank Holding Corp. Common Stock,US,,USALL
MCBS,"MetroCity Bankshares, Inc. - Common Stock",US,,USALL
MCD,McDonald's Corporation Common Stock,US,,USALL
MCFT,"MasterCraft Boat Holdings, Inc. - Common Stock",US,,USALL
MCGA,Yorkville Acquisition Corp. - Class A Ordinary Share,US,,USALL
MCHB,Mechanics Bancorp - Class A Common Stock,US,,USALL
MCHP,Microchip Technology Incorporated - Common Stock,US,,USALL
MCHX,"Marchex, Inc. - Class B Common Stock",US,,USALL
MCI,Barings Corporate Investors Common Stock,US,,USALL
MCK,McKesson Corporation Common Stock,US,,USALL
MCN,XAI Madison Equity Premium Income Fund Common Shares,US,,USALL
MCO,Moody's Corporation Common Stock,US,,USALL
MCRB,"Seres Therapeutics, Inc. - Common Stock",US,,USALL
MCRI,"Monarch Casino & Resort, Inc. - Common Stock",US,,USALL
MCRP,Micropolis AI Robotics Ordinary Shares,US,,USALL
MCS,Marcus Corporation (The) Common Stock,US,,USALL
MCTA,Charming Medical Limited - Class A Ordinary Shares,US,,USALL
MCY,Mercury General Corporation Common Stock,US,,USALL
MD,"Pediatrix Medical Group, Inc. Common Stock",US,,USALL
MDA,MDA Space Ltd. Common Shares,US,,USALL
MDAI,"Spectral AI, Inc. - Class A Common Stock",US,,USALL
MDB,"MongoDB, Inc. - Class A Common Stock",US,,USALL
MDBH,"MDB Capital Holdings, LLC - Class A common",US,,USALL
MDGL,"Madrigal Pharmaceuticals, Inc. - Common Stock",US,,USALL
MDLN,Medline Inc. - Class A common stock,US,,USALL
MDLZ,"Mondelez International, Inc. - Class A Common Stock",US,,USALL
MDRR,"Medalist Diversified, Inc. - Common Stock",US,,USALL
MDT,Medtronic plc. Ordinary Shares,US,,USALL
MDU,"MDU Resources Group, Inc. Common Stock (Holding Company)",US,,USALL
MDWD,MediWound Ltd. - Ordinary Shares,US,,USALL
MDXG,"MiMedx Group, Inc - Common Stock",US,,USALL
MEC,"Mayville Engineering Company, Inc. Common Stock",US,,USALL
MED,MEDIFAST INC Common Stock,US,,USALL
MEDP,"Medpace Holdings, Inc. - Common Stock",US,,USALL
MEGI,NYLIM CBRE Global Infrastructure Megatrends Term Fund Common Shares,US,,USALL
MEGL,Magic Empire Global Limited - Class A Ordinary Shares,US,,USALL
MEI,"Methode Electronics, Inc. Common Stock",US,,USALL
MELI,"MercadoLibre, Inc. - Common Stock",US,,USALL
MENS,Jyong Biotech Ltd. - Ordinary shares,US,,USALL
MEOH,Methanex Corporation - Common Stock,US,,USALL
MER-K,"Bank of America Corporation Income Capital Obligation Notes initially due December 15, 2066",US,,USALL
MESH,Meshflow Acquisition Corp. - Class A Ordinary Shares,US,,USALL
MET,"MetLife, Inc. Common Stock",US,,USALL
META,"Meta Platforms, Inc. - Class A Common Stock",US,,USALL
METC,"Ramaco Resources, Inc. - Class A Common Stock",US,,USALL
METCB,"Ramaco Resources, Inc. - Class B Common Stock",US,,USALL
MEVO,M Evo Global Acquisition Corp II - Class A Ordinary Shares,US,,USALL
MF,MindForge Inc. - Class A Ordinary Shares,US,,USALL
MFA,"MFA Financial, Inc.",US,,USALL
MFC,Manulife Financial Corporation Common Stock,US,,USALL
MFG,"Mizuho Financial Group, Inc. Sponosred ADR (Japan)",US,,USALL
MFI,mF International Limited - Class A Ordinary Shares,US,,USALL
MFIC,MidCap Financial Investment Corporation - Closed End Fund,US,,USALL
MFIN,Medallion Financial Corp. - Common Stock,US,,USALL
MFM,Aberdeen Municipal Income Fund Common Shares of Beneficial Interest,US,,USALL
MFP,"Midera Food Processing, Inc. - Common Stock",US,,USALL
MG,Mistras Group Inc Common Stock,US,,USALL
MGA,"Magna International, Inc. Common Stock",US,,USALL
MGEE,MGE Energy Inc. - Common Stock,US,,USALL
MGF,Aberdeen Government Markets Income Fund Common Shares of Beneficial Interest,US,,USALL
MGIH,Millennium Group International Holdings Limited - Ordinary Shares,US,,USALL
MGLD,"The Marygold Companies, Inc. Common Stock",US,,USALL
MGM,MGM Resorts International Common Stock,US,,USALL
MGNI,"Magnite, Inc. - Common Stock",US,,USALL
MGNX,"MacroGenics, Inc. - Common Stock",US,,USALL
MGPI,"MGP Ingredients, Inc. - Common Stock",US,,USALL
MGRC,McGrath RentCorp - Common Stock,US,,USALL
MGRT,Mega Fortune Company Limited - Ordinary Shares,US,,USALL
MGTX,MeiraGTx Holdings plc - Ordinary Shares,US,,USALL
MGX,"Metagenomi Therapeutics, Inc. - Common Stock",US,,USALL
MGY,Magnolia Oil & Gas Corporation Class A Common Stock,US,,USALL
MGYR,"Magyar Bancorp, Inc. - Common Stock",US,,USALL
MH,"McGraw Hill, Inc. Common Stock",US,,USALL
MHD,"Blackrock MuniHoldings Fund, Inc. Common Stock",US,,USALL
MHF,"Western Asset Municipal High Income Fund, Inc. Common Stock",US,,USALL
MHH,"Mastech Digital, Inc Common Stock",US,,USALL
MHK,"Mohawk Industries, Inc. Common Stock",US,,USALL
MHO,"M/I Homes, Inc. Common Stock",US,,USALL
MI,NFT Limited Class A Ordinary Share,US,,USALL
MIAC,Meridian3 Industrials Acquisition Corp - Class A Ordinary Shares,US,,USALL
MIAX,"Miami International Holdings, Inc. Common Stock",US,,USALL
MICC,The Magnum Ice Cream Company N.V. Ordinary Shares,US,,USALL
MIDD,The Middleby Corporation - Common Stock,US,,USALL
MIMI,Mint Incorporation Limited - Class A Ordinary Shares,US,,USALL
MIN,Aberdeen Intermediate Income Fund Common Shares of Beneficial Interest,US,,USALL
MIND,"MIND Technology, Inc. - Common Stock",US,,USALL
MINE,Mayfair Gold Corp. Common Shares,US,,USALL
MIR,"Mirion Technologies, Inc. Class A Common Stock",US,,USALL
MIRM,"Mirum Pharmaceuticals, Inc. - common stock",US,,USALL
MIST,Milestone Pharmaceuticals Inc. - Common Shares,US,,USALL
MITK,"Mitek Systems, Inc. - Common Stock",US,,USALL
MITQ,"Moving iMage Technologies, Inc. Common Stock",US,,USALL
MITT,"TPG Mortgage Investment Trust, Inc. Common Stock",US,,USALL
MIY,"Blackrock MuniYield Michigan Quality Fund, Inc. Common Stock",US,,USALL
MKC,"McCormick & Company, Incorporated Common Stock",US,,USALL
MKC-V,"McCormick & Company, Incorporated Common Stock",US,,USALL
MKDW,MKDWELL Tech Inc. - Ordinary Shares,US,,USALL
MKL,Markel Group Inc. Common Stock,US,,USALL
MKLY,McKinley Acquisition Corporation - Class A Ordinary Shares,US,,USALL
MKSI,MKS Inc. - Common Stock,US,,USALL
MKTW,"MarketWise, Inc. - Class A Common Stock",US,,USALL
MKTX,"MarketAxess Holdings, Inc. - Common Stock",US,,USALL
MKZR,"MacKenzie Realty Capital, Inc. - Common Stock",US,,USALL
MLAA,Mountain Lake Acquisition Corp. II - Class A Ordinary Shares,US,,USALL
MLAB,"Mesa Laboratories, Inc. - Common Stock",US,,USALL
MLCI,Mount Logan Capital Inc. - Common Stock,US,,USALL
MLEC,Moolec Science SA - Ordinary Shares,US,,USALL
MLGO,"MicroAlgo, Inc. - Ordinary Shares",US,,USALL
MLI,"Mueller Industries, Inc. Common Stock",US,,USALL
MLKN,"MillerKnoll, Inc. - Common Stock",US,,USALL
MLM,"Martin Marietta Materials, Inc. Common Stock",US,,USALL
MLP,"Maui Land & Pineapple Company, Inc. Common Stock",US,,USALL
MLPB,"ETRACS Alerian MLP Infrastructure Index ETN Series B due April 2, 2040",US,,USALL
MLR,"Miller Industries, Inc. Common Stock",US,,USALL
MLSS,"Milestone Scientific, Inc. Common Stock",US,,USALL
MLTX,MoonLake Immunotherapeutics - Class A Ordinary Shares,US,,USALL
MLYS,"Mineralys Therapeutics, Inc. - Common Stock",US,,USALL
MMA,Mixed Martial Arts Group Limited Ordinary Shares,US,,USALL
MMD,NYLIM MacKay DefinedTerm Muni Opportunities Fund Common Shares,US,,USALL
MMED,"MiniMed Group, Inc. - Common Stock",US,,USALL
MMI,"Marcus & Millichap, Inc. Common Stock",US,,USALL
MMM,3M Company Common Stock,US,,USALL
MMS,"Maximus, Inc. Common Stock",US,,USALL
MMSI,"Merit Medical Systems, Inc. - Common Stock",US,,USALL
MMT,Aberdeen Multi-Market Income Fund Common Shares of Beneficial Interest,US,,USALL
MMTX,Miluna Acquisition Corp - Class A Ordinary Shares,US,,USALL
MMU,"Western Asset Managed Municipals Fund, Inc. Common Stock",US,,USALL
MMYT,MakeMyTrip Limited - Ordinary Shares,US,,USALL
MNDR,Mobile-health Network Solutions - Class A Ordinary Shares,US,,USALL
MNDY,monday.com Ltd. - Ordinary Shares,US,,USALL
MNKD,MannKind Corporation - Common Stock,US,,USALL
MNOV,"MediciNova, Inc. - Common Stock",US,,USALL
MNPR,Monopar Therapeutics Inc. - Common Stock,US,,USALL
MNRO,"Monro, Inc.  - Common Stock",US,,USALL
MNSB,"MainStreet Bancshares, Inc. - Common Stock",US,,USALL
MNST,Monster Beverage Corporation - Common Stock,US,,USALL
MNTK,"Montauk Renewables, Inc. - Common Stock",US,,USALL
MNTN,"MNTN, Inc. Class A Common Stock",US,,USALL
MNTS,Momentus Inc. - Class A Common Stock,US,,USALL
MO,"Altria Group, Inc.",US,,USALL
MOB,Mobilicom Limited - Ordinary Shares,US,,USALL
MOBI,"Mobia Medical, Inc. - Common Stock",US,,USALL
MOBX,"Mobix Labs, Inc. - Class A Common Stock",US,,USALL
MOD,Modine Manufacturing Company Common Stock,US,,USALL
MODD,"Modular Medical, Inc. - common stock",US,,USALL
MOG-A,Moog Inc. Class A Common Stock,US,,USALL
MOG-B,Moog Inc. Class B Common Stock,US,,USALL
MOH,Molina Healthcare Inc Common Stock,US,,USALL
MORN,"Morningstar, Inc. - Common Stock",US,,USALL
MOS,Mosaic Company (The) Common Stock,US,,USALL
MOV,Movado Group Inc. Common Stock,US,,USALL
MOVE,"Corvex, Inc. - Common Stock",US,,USALL
MP,MP Materials Corp. Common Stock,US,,USALL
MPA,Blackrock MuniYield Pennsylvania Quality Fund Common Stock,US,,USALL
MPAA,"Motorcar Parts of America, Inc. - Common Stock",US,,USALL
MPB,Mid Penn Bancorp - Common Stock,US,,USALL
MPC,Marathon Petroleum Corporation Common Stock,US,,USALL
MPLT,"MapLight Therapeutics, Inc. - Common Stock",US,,USALL
MPT,"Medical Properties Trust, Inc. common stock",US,,USALL
MPTI,"M-tron Industries, Inc. Common Stock",US,,USALL
MPU,Mega Matrix Inc. Class A Ordinary Shares,US,,USALL
MPV,Barings Participation Investors Common Stock,US,,USALL
MPWR,"Monolithic Power Systems, Inc. - Common Stock",US,,USALL
MQ,"Marqeta, Inc. - Class A Common Stock",US,,USALL
MQY,"Blackrock MuniYield Quality Fund, Inc. Common Stock",US,,USALL
MRAM,"Everspin Technologies, Inc. - Common Stock",US,,USALL
MRBK,Meridian Corporation - Common Stock,US,,USALL
MRCO,Mercator Acquisition Corp. - Class A Ordinary Shares,US,,USALL
MRCY,Mercury Systems Inc - Common Stock,US,,USALL
MRDN,Meridian Holdings Inc. - Common Stock,US,,USALL
MRK,"Merck & Company, Inc. Common Stock (new)",US,,USALL
MRKR,"Marker Therapeutics, Inc. - Common Stock",US,,USALL
MRLN,"Merlin, Inc. - Common Stock",US,,USALL
MRNA,"Moderna, Inc. - Common Stock",US,,USALL
MRP,"Millrose Properties, Inc. Class A Common Stock",US,,USALL
MRSH,Marsh Common Stock,US,,USALL
MRT,"Marti Technologies, Inc. Class A Ordinary Shares",US,,USALL
MRTN,"Marten Transport, Ltd. - Common Stock",US,,USALL
MRVI,"Maravai LifeSciences Holdings, Inc. - Class A common stock",US,,USALL
MRVL,"Marvell Technology, Inc. - Common Stock",US,,USALL
MRX,Marex Group Limited - Ordinary Shares,US,,USALL
MS,Morgan Stanley Common Stock,US,,USALL
MS-F,Morgan Stanley Dep Shs Rpstg 1/1000th Int Prd Ser F Fxd to Flag,US,,USALL
MSA,MSA Safety Incorporated Common Stock,US,,USALL
MSAI,"MultiSensor AI Holdings, Inc. - Common Stock",US,,USALL
MSB,Mesabi Trust Common Stock,US,,USALL
MSBI,"Midland States Bancorp, Inc. - Common Stock",US,,USALL
MSCI,MSCI Inc. Common Stock,US,,USALL
MSD,"Morgan Stanley Emerging Markets Debt Fund, Inc. Common Stock",US,,USALL
MSDL,Morgan Stanley Direct Lending Fund Common Stock,US,,USALL
MSEX,Middlesex Water Company - Common Stock,US,,USALL
MSFT,Microsoft Corporation - Common Stock,US,,USALL
MSGE,Madison Square Garden Entertainment Corp. Class A Common Stock,US,,USALL
MSGM,Motorsport Games Inc. - Class A Common Stock,US,,USALL
MSGS,Madison Square Garden Sports Corp. Class A Common Stock (New),US,,USALL
MSGY,Masonglory Limited - Class A Ordinary Shares,US,,USALL
MSI,"Motorola Solutions, Inc. Common Stock",US,,USALL
MSIF,"MSC Income Fund, Inc. Common Stock",US,,USALL
MSLE,Satellos Bioscience Inc. - Common Stock,US,,USALL
MSM,"MSC Industrial Direct Company, Inc. Common Stock",US,,USALL
MSN,Emerson Radio Corporation Common Stock,US,,USALL
MSTR,Strategy Inc - Class A Common Stock,US,,USALL
MT,Arcelor Mittal NY Registry Shares NEW,US,,USALL
MTA,Metalla Royalty & Streaming Ltd. Common Shares,US,,USALL
MTAL,Metals Acquisition Corp. II Class A Ordinary Shares,US,,USALL
MTB,M&T Bank Corporation Common Stock,US,,USALL
MTC,"MMTec, Inc. - Common Shares",US,,USALL
MTCH,"Match Group, Inc. - Common Stock",US,,USALL
MTD,"Mettler-Toledo International, Inc. Common Stock",US,,USALL
MTDR,Matador Resources Company Common Stock,US,,USALL
MTEK,Maris-Tech Ltd. - ordinary shares,US,,USALL
MTEN,Mingteng International Corporation Inc. - Class A Ordinary Shares,US,,USALL
MTG,MGIC Investment Corporation Common Stock,US,,USALL
MTH,Meritage Homes Corporation Common Stock,US,,USALL
MTN,"Vail Resorts, Inc. Common Stock",US,,USALL
MTNB,"Matinas Biopharma Holdings, Inc. Common Stock",US,,USALL
MTNE,CH4 Natural Solutions Corporation Class A Ordinary Shares,US,,USALL
MTR,Mesa Royalty Trust Common Stock,US,,USALL
MTRN,Materion Corporation,US,,USALL
MTRX,Matrix Service Company - Common Stock,US,,USALL
MTSI,"MACOM Technology Solutions Holdings, Inc. - Common Stock",US,,USALL
MTUS,Metallus Inc. Common Shares,US,,USALL
MTVA,MetaVia Inc.  - Common Stock,US,,USALL
MTW,"Manitowoc Company, Inc. (The) Common Stock",US,,USALL
MTX,Minerals Technologies Inc. Common Stock,US,,USALL
MTZ,"MasTec, Inc. Common Stock",US,,USALL
MU,"Micron Technology, Inc. - Common Stock",US,,USALL
MUA,"Blackrock MuniAssets Fund, Inc Common Stock",US,,USALL
MUC,"Blackrock MuniHoldings California Quality Fund, Inc.  Common Stock",US,,USALL
MUFG,"Mitsubishi UFJ Financial Group, Inc. Common Stock",US,,USALL
MUJ,"Blackrock MuniHoldings New Jersey Quality Fund, Inc. Common Stock",US,,USALL
MUR,Murphy Oil Corporation Common Stock,US,,USALL
MUSA,Murphy USA Inc. Common Stock,US,,USALL
MUX,McEwen Inc. Common Stock,US,,USALL
MUZE,Muzero Acquisition Corp - Class A Ordinary Shares,US,,USALL
MVBF,MVB Financial Corp. - Common Stock,US,,USALL
MVIS,"MicroVision, Inc. - Common Stock",US,,USALL
MVST,"Microvast Holdings, Inc. - Common Stock",US,,USALL
MWA,MUELLER WATER PRODUCTS Common Stock,US,,USALL
MWG,Multi Ways Holdings Limited Class A Ordinary Shares,US,,USALL
MWH,"SOLV Energy, Inc. - Class A common stock",US,,USALL
MWYN,"Marwynn Holdings, Inc. - Common stock",US,,USALL
MX,Magnachip Semiconductor Corporation Common Stock,US,,USALL
MXC,Mexco Energy Corporation Common Stock,US,,USALL
MXCT,"MaxCyte, Inc. - Common Stock",US,,USALL
MXE,"Mexico Equity and Income Fund, Inc. (The) Common Stock",US,,USALL
MXF,"Mexico Fund, Inc. (The) Common Stock",US,,USALL
MXL,"MaxLinear, Inc - Common Stock",US,,USALL
MYE,"Myers Industries, Inc. Common Stock",US,,USALL
MYFW,"First Western Financial, Inc. - Common Stock",US,,USALL
MYGN,"Myriad Genetics, Inc. - Common Stock",US,,USALL
MYI,"Blackrock MuniYield Quality Fund III, Inc Common Stock",US,,USALL
MYN,"Blackrock MuniYield New York Quality Fund, Inc.Common Stock",US,,USALL
MYO,Myomo Inc. Common Stock,US,,USALL
MYRG,"MYR Group, Inc. - Common Stock",US,,USALL
MYSE,"Myseum.AI, Inc. - Common Stock",US,,USALL
MYSZ,"My Size, Inc. - Common Stock",US,,USALL
MYX,Maywood Acquisition Corp. 2 - Class A Ordinary Share,US,,USALL
MZTI,The Marzetti Company - Common Stock,US,,USALL
MZYX,MOZAYYX Acquisition Corp. Class A Ordinary Shares,US,,USALL
NA,Nano Labs Ltd - Class A Ordinary Shares,US,,USALL
NABL,"N-able, Inc. Common Stock",US,,USALL
NAC,Nuveen California Quality Municipal Income Fund,US,,USALL
NAD,Nuveen Quality Municipal Income Fund Common Stock,US,,USALL
NAGE,"Niagen Bioscience, Inc. - Common Stock",US,,USALL
NAII,"Natural Alternatives International, Inc. - Common Stock",US,,USALL
NAK,"Northern Dynasty Minerals, Ltd. Common Stock",US,,USALL
NAKA,Nakamoto Inc. - Common Stock,US,,USALL
NAMM,Namib Minerals - Ordinary Shares,US,,USALL
NAMS,NewAmsterdam Pharma Company N.V. - Ordinary Shares,US,,USALL
NAN,Nuveen New York Quality Municipal Income Fund Common Stock,US,,USALL
NAT,Nordic American Tankers Limited Common Stock,US,,USALL
NATH,"Nathan's Famous, Inc. - Common Stock",US,,USALL
NATL,NCR Atleos Corporation Common Stock,US,,USALL
NATR,"Nature's Sunshine Products, Inc. - Common Stock",US,,USALL
NAUT,"Nautilus Biotechnology, Inc. - Common Stock",US,,USALL
NAVI,Navient Corporation - Common Stock,US,,USALL
NAVN,"Navan, Inc. - Class A Common Stock",US,,USALL
NAZ,Nuveen Arizona Quality Municipal Income Fund Common Stock,US,,USALL
NB,NioCorp Developments Ltd. - Common Stock,US,,USALL
NBB,Nuveen Taxable Municipal Income Fund Common Shares of Beneficial Interest,US,,USALL
NBBK,"NB Bancorp, Inc. - Common Stock",US,,USALL
NBH,Neuberger Municipal Fund Inc. Common Stock,US,,USALL
NBHC,National Bank Holdings Corporation Common Stock,US,,USALL
NBIS,Nebius Group N.V. - Class A Ordinary Shares,US,,USALL
NBIX,"Neurocrine Biosciences, Inc. - Common Stock",US,,USALL
NBN,Northeast Bank - Common Stock,US,,USALL
NBR,Nabors Industries Ltd.,US,,USALL
NBRG,Newbridge Acquisition Limited - Class A Ordinary Share,US,,USALL
NBTB,NBT Bancorp Inc. - Common Stock,US,,USALL
NBTX,Nanobiotix S.A. - ADSs,US,,USALL
NBXG,Neuberger Next Generation Connectivity Fund Inc. Common Stock,US,,USALL
NC,"NACCO Industries, Inc. Common Stock",US,,USALL
NCA,Nuveen California Municipal Value Fund,US,,USALL
NCDL,Nuveen Churchill Direct Lending Corp. Common Stock,US,,USALL
NCEL,NewcelX Ltd. - Ordinary Shares,US,,USALL
NCEW,New Century Logistics (BVI) Limited - Ordinary Shares,US,,USALL
NCI,Neo-Concept International Group Holdings Limited - Class A Ordinary Shares,US,,USALL
NCLH,Norwegian Cruise Line Holdings Ltd. Ordinary Shares,US,,USALL
NCMI,"National CineMedia, Inc. - Common Stock",US,,USALL
NCNO,"nCino, Inc. - Common Stock",US,,USALL
NCO,Southern Cross Acquisition I Corp. - Ordinary Shares,US,,USALL
NCRA,"Nocera, Inc. - common stock",US,,USALL
NCSM,"NCS Multistage Holdings, Inc. - Common Stock",US,,USALL
NCT,Intercont (Cayman) Limited - Class A Ordinary shares,US,,USALL
NCV,Virtus Convertible & Income Fund Common Shares of Beneficial Interest,US,,USALL
NCZ,Virtus Convertible & Income Fund II Common Shares of Beneficial Interest,US,,USALL
NDAQ,"Nasdaq, Inc. - Common Stock",US,,USALL
NDLS,Noodles & Company - Class A Common Stock,US,,USALL
NDMO,Nuveen Dynamic Municipal Opportunities Fund Common Shares of Beneficial Interest,US,,USALL
NDRA,ENDRA Life Sciences Inc. - Common Stock,US,,USALL
NDSN,Nordson Corporation - Common Stock,US,,USALL
NE,Noble Corporation plc A Ordinary Shares,US,,USALL
NEA,Nuveen AMT-Free Quality Municipal Income Fund Common Shares of Beneficial Interest Par Value $.01,US,,USALL
NECB,"NorthEast Community Bancorp, Inc. - Common Stock",US,,USALL
NEE,"NextEra Energy, Inc. Common Stock",US,,USALL
NEGG,"Newegg Commerce, Inc. - Common Shares",US,,USALL
NEM,Newmont Corporation,US,,USALL
NEO,"NeoGenomics, Inc. - Common Stock",US,,USALL
NEOG,Neogen Corporation - Common Stock,US,,USALL
NEOV,NeoVolta Inc. - Common Stock,US,,USALL
NEPH,"Nephros, Inc. - Common Stock",US,,USALL
NERV,"Minerva Neurosciences, Inc - Common Stock",US,,USALL
NESR,National Energy Services Reunited Corp - Ordinary Shares,US,,USALL
NET,"Cloudflare, Inc. Class A Common Stock",US,,USALL
NEU,NewMarket Corp Common Stock,US,,USALL
NEUP,Neuphoria Therapeutics Inc. - Common Stock,US,,USALL
NEWP,New Pacific Metals Corp. Common Shares,US,,USALL
NEWT,"NewtekOne, Inc. - Common Stock",US,,USALL
NEXA,Nexa Resources S.A. Common Shares,US,,USALL
NEXM,NexMetals Mining Corp. - Common Stock,US,,USALL
NEXN,Nexxen International Ltd. - Ordinary Shares,US,,USALL
NEXR,Nexera Technologies Ltd - Ordinary Shares,US,,USALL
NEXT,NextDecade Corporation - Common Stock,US,,USALL
NFG,National Fuel Gas Company Common Stock,US,,USALL
NFGC,New Found Gold Corp Common Shares,US,,USALL
NFJ,"Virtus Dividend, Interest & Premium Strategy Fund Common Shares of Beneficial Interest",US,,USALL
NFLX,"Netflix, Inc. - Common Stock",US,,USALL
NG,Novagold Resources Inc.,US,,USALL
NGEN,NervGen Pharma Corp. - Common stock,US,,USALL
NGNE,Neurogene Inc. - Common Stock,US,,USALL
NGS,"Natural Gas Services Group, Inc. Common Stock",US,,USALL
NGVC,"Natural Grocers by Vitamin Cottage, Inc. Common Stock",US,,USALL
NGVT,Ingevity Corporation Common Stock,US,,USALL
NHC,National HealthCare Corporation Common Stock,US,,USALL
NHI,"National Health Investors, Inc. Common Stock",US,,USALL
NHIC,NewHold Investment Corp III - Class A Ordinary shares,US,,USALL
NHIV,NewHold Investment Corp IV - Class A Ordinary Shares,US,,USALL
NHP,"National Healthcare Properties, Inc. - Class A Common Stock",US,,USALL
NHS,Neuberger High Yield Strategies Fund Inc. Common Stock,US,,USALL
NHTC,Natural Health Trends Corp. - Common Stock,US,,USALL
NI,NiSource Inc Common Stock,US,,USALL
NIC,Nicolet Bankshares Inc. Common Stock,US,,USALL
NIE,Virtus Equity & Convertible Income Fund Common Shares of Beneficial Interest,US,,USALL
NIKI,"Niki BioSolutions, Inc. - Common Stock",US,,USALL
NIM,Nuveen Select Maturities Municipal Fund Common Stock,US,,USALL
NINE,"Nine Energy Service, Inc. Common Stock",US,,USALL
NIQ,NIQ Global Intelligence plc Ordinary Shares,US,,USALL
NIVF,NewGenIvf Group Limited - Class A Ordinary Shares,US,,USALL
NIXX,"Nixxy, Inc. - Common Stock",US,,USALL
NJR,NewJersey Resources Corporation Common Stock,US,,USALL
NKE,"Nike, Inc. Common Stock",US,,USALL
NKLR,Terra Innovatum Global N.V. - Ordinary shares,US,,USALL
NKSH,"National Bankshares, Inc. - Common Stock",US,,USALL
NKTR,Nektar Therapeutics - Common Stock,US,,USALL
NKTX,"Nkarta, Inc. - Common Stock",US,,USALL
NKX,Nuveen California AMT-Free Quality Municipal Income Fund,US,,USALL
NL,"NLI Holdings, Inc. Common Stock",US,,USALL
NLOP,Net Lease Office Properties Common Shares of Beneficial Interest,US,,USALL
NLY,Annaly Capital Management Inc. Common Stock,US,,USALL
NLY-F,Annaly Capital Management Inc 6.95% Series F,US,,USALL
NMAD,"Nomad Power Solutions, Inc. - Common Stock",US,,USALL
NMAI,Nuveen Multi-Asset Income Fund Common Shares of Beneficial Interest,US,,USALL
NMAX,"Newsmax, Inc. Class B Common Stock",US,,USALL
NMCO,Nuveen Municipal Credit Opportunities Fund Common Shares,US,,USALL
NMFC,New Mountain Finance Corporation - Common Stock,US,,USALL
NMG,Nouveau Monde Graphite Inc. Common Shares,US,,USALL
NMI,"Nuveen Municipal Income Fund, Inc. Common Stock",US,,USALL
NMIH,NMI Holdings Inc - Common Stock,US,,USALL
NML,Neuberger Energy Infrastructure and Income Fund Inc. Common Stock,US,,USALL
NMP,NMP Acquisition Corp. - Class A Ordinary Shares,US,,USALL
NMRA,"Neumora Therapeutics, Inc. - Common Stock",US,,USALL
NMRK,"Newmark Group, Inc. - Class A Common Stock",US,,USALL
NMS,Nuveen Minnesota Quality Municipal Income Fund,US,,USALL
NMT,Nuveen Massachusetts Quality Municipal Income Fund Common Stock,US,,USALL
NMTC,NeuroOne Medical Technologies Corporation - Common Stock,US,,USALL
NMZ,"Nuveen Municipal High Income Opportunity Fund Common Stock, $0.01 par value, per share",US,,USALL
NN,NextNav Inc. - Common stock,US,,USALL
NNBR,"NN, Inc. - Common Stock",US,,USALL
NNE,Nano Nuclear Energy Inc. - common stock,US,,USALL
NNI,"Nelnet, Inc. Common Stock",US,,USALL
NNN,"NNN REIT, Inc. Common Stock",US,,USALL
NNNN,Anbio Biotechnology - Class A Ordinary Shares,US,,USALL
NNOX,NANO-X IMAGING LTD - Ordinary Shares,US,,USALL
NNVC,"NanoViricides, Inc. Common Stock",US,,USALL
NNY,Nuveen New York Municipal Value Fund Common Stock,US,,USALL
NOA,North American Construction Group Ltd. Common Shares (no par),US,,USALL
NOC,Northrop Grumman Corporation Common Stock,US,,USALL
NODK,"NI Holdings, Inc. - Common Stock",US,,USALL
NOEM,CO2 Energy Transition Corp. - Common Stock,US,,USALL
NOG,"Northern Oil and Gas, Inc. Common Stock",US,,USALL
NOMA,NOMADAR Corp. - Class A Common Stock,US,,USALL
NOMD,Nomad Foods Limited Ordinary Shares,US,,USALL
NOV,NOV Inc. Common Stock,US,,USALL
NOVT,Novanta Inc. - Common Shares,US,,USALL
NOW,"ServiceNow, Inc. Common Stock",US,,USALL
NP,Neptune Insurance Holdings Inc. Class A Common Stock,US,,USALL
NPAC,New Providence Acquisition Corp. III - Ordinary Shares,US,,USALL
NPB,"Northpointe Bancshares, Inc. Common Stock",US,,USALL
NPCE,"Neuropace, Inc. - Common Stock",US,,USALL
NPCT,Nuveen Core Plus Impact Fund Common Shares of Beneficial Interest,US,,USALL
NPK,"National Presto Industries, Inc. Common Stock",US,,USALL
NPKI,NPK International Inc. Common Stock,US,,USALL
NPO,Enpro Inc. Common Stock,US,,USALL
NPT,Texxon Holding Limited - Ordinary shares,US,,USALL
NPV,Nuveen Virginia Quality Municipal Income Fund Common Stock,US,,USALL
NPWR,NET Power Inc. Class A Common Stock,US,,USALL
NRC,NRC Health - Common Stock,US,,USALL
NRDS,"NerdWallet, Inc. - Class A Common Stock",US,,USALL
NRDY,Nerdy Inc. Class A Common Stock,US,,USALL
NREF,"NexPoint Real Estate Finance, Inc. Common Stock",US,,USALL
NRG,"NRG Energy, Inc. Common Stock",US,,USALL
NRGV,"Energy Vault Holdings, Inc. Common Stock",US,,USALL
NRIM,Northrim BanCorp Inc - Common Stock,US,,USALL
NRIX,"Nurix Therapeutics, Inc. - Common stock",US,,USALL
NRK,Nuveen New York AMT-Free Quality Municipal Income Fund,US,,USALL
NRO,Neuberger Real Estate Securities Income Fund Inc. Common Stock,US,,USALL
NRP,Natural Resource Partners LP Limited Partnership,US,,USALL
NRT,North European Oil Royality Trust Common Stock,US,,USALL
NRXP,"NRX Pharmaceuticals, Inc. - Common Stock",US,,USALL
NRXS,"Neuraxis, Inc. Common Stock",US,,USALL
NSC,Norfolk Southern Corporation Common Stock,US,,USALL
NSIT,"Insight Enterprises, Inc. - Common Stock",US,,USALL
NSLR,Neostellar Capital Corp. - Closed End Fund,US,,USALL
NSP,"Insperity, Inc. Common Stock",US,,USALL
NSRX,Nasus Pharma Ltd. Ordinary Shares,US,,USALL
NSSC,"NAPCO Security Technologies, Inc. - Common Stock",US,,USALL
NSTS,"NSTS Bancorp, Inc. - Common Stock",US,,USALL
NSYS,Nortech Systems Incorporated - Common Stock,US,,USALL
NTAP,"NetApp, Inc. - Common Stock",US,,USALL
NTB,Bank of N.T. Butterfield & Son Limited (The) Voting Ordinary Shares,US,,USALL
NTCL,NETCLASS TECHNOLOGY INC - Class A Ordinary Shares,US,,USALL
NTCT,"NetScout Systems, Inc. - Common Stock",US,,USALL
NTGR,"NETGEAR, Inc. - Common Stock",US,,USALL
NTHI,"NeOnc Technologies Holdings, Inc. - Common Stock",US,,USALL
NTIC,Northern Technologies International Corporation - Common Stock,US,,USALL
NTIP,"Network-1 Technologies, Inc. Common Stock",US,,USALL
NTLA,"Intellia Therapeutics, Inc. - Common Stock",US,,USALL
NTNX,"Nutanix, Inc. - Class A Common Stock",US,,USALL
NTR,Nutrien Ltd. Common Shares,US,,USALL
NTRA,"Natera, Inc. - Common Stock",US,,USALL
NTRB,Nutriband Inc. - Common Stock,US,,USALL
NTRP,"NextTrip, Inc. - Common Stock",US,,USALL
NTRS,Northern Trust Corporation - Common Stock,US,,USALL
NTSK,"Netskope, Inc. - Class A Common Stock",US,,USALL
NTST,NetSTREIT Corp. Common Stock,US,,USALL
NTWK,NETSOL Technologies Inc. - Common Stock,US,,USALL
NTWO,Newbury Street II Acquisition Corp - Class A Ordinary Shares,US,,USALL
NU,Nu Holdings Ltd. Class A Ordinary Shares,US,,USALL
NUAI,"New Era Energy & Digital, Inc. - Common Stock",US,,USALL
NUCL,Eagle Nuclear Energy Corp. - Common stock,US,,USALL
NUE,Nucor Corporation Common Stock,US,,USALL
NUR,Nuran Wireless Inc. - Common Shares,US,,USALL
NUS,"Nu Skin Enterprises, Inc. Common Stock",US,,USALL
NUTX,Nutex Health Inc. - Common Stock,US,,USALL
NUV,"Nuveen Municipal Value Fund, Inc. Common Stock",US,,USALL
NUVB,Nuvation Bio Inc. Class A Common Stock,US,,USALL
NUW,Nuveen AMT-Free Municipal Value Fund,US,,USALL
NUWE,"Nuwellis, Inc. - Common Stock",US,,USALL
NVA,Nova Minerals Corp Common Stock,US,,USALL
NVAX,"Novavax, Inc. - Common Stock",US,,USALL
NVCR,NovoCure Limited - Ordinary Shares,US,,USALL
NVCT,"Nuvectis Pharma, Inc. - Common Stock",US,,USALL
NVDA,NVIDIA Corporation - Common Stock,US,,USALL
NVEC,NVE Corporation - Common Stock,US,,USALL
NVG,Nuveen AMT-Free Municipal Credit Income Fund,US,,USALL
NVGS,Navigator Holdings Ltd. Ordinary Shares (Marshall Islands),US,,USALL
NVMI,Nova Ltd. - Ordinary Shares,US,,USALL
NVNO,enVVeno Medical Corporation - Common Stock,US,,USALL
NVO,Novo Nordisk A/S Common Stock,US,,USALL
NVR,"NVR, Inc. Common Stock",US,,USALL
NVRI,Enviri Corporation Common Stock,US,,USALL
NVS,Novartis AG Common Stock,US,,USALL
NVST,Envista Holdings Corporation Common Stock,US,,USALL
NVT,nVent Electric plc Ordinary Shares,US,,USALL
NVTS,Navitas Semiconductor Corporation - Common Stock,US,,USALL
NWAX,New America Acquisition I Corp. Class A Common Stock,US,,USALL
NWBI,"Northwest Bancshares, Inc. - Common Stock",US,,USALL
NWE,"NorthWestern Energy Group, Inc.  - Common Stock",US,,USALL
NWFL,Norwood Financial Corp. - Common Stock,US,,USALL
NWL,Newell Brands Inc. - Common Stock,US,,USALL
NWN,Northwest Natural Holding Company Common Stock,US,,USALL
NWPX,"NWPX Infrastructure, Inc. - Common Stock",US,,USALL
NWS,News Corporation - Class B Common Stock,US,,USALL
NWSA,News Corporation - Class A Common Stock,US,,USALL
NX,Quanex Building Products Corporation Common Stock,US,,USALL
NXB,NextBoat Inc. Common Stcok,US,,USALL
NXDR,"Nextdoor Holdings, Inc. Class A Common Stock",US,,USALL
NXDT,NexPoint Diversified Real Estate Trust Common Stock,US,,USALL
NXE,Nexgen Energy Ltd. Common Shares,US,,USALL
NXG,NXG NextGen Infrastructure Income Fund Common Shares of Beneficial Interest,US,,USALL
NXH,"Neighborhood Intelligence, Inc.  - Common Stock",US,,USALL
NXP,Nuveen Select Tax Free Income Portfolio Common Stock,US,,USALL
NXPI,NXP Semiconductors N.V. - Common Stock,US,,USALL
NXPL,NextPlat Corp - Common Stock,US,,USALL
NXRT,"NexPoint Residential Trust, Inc. Common Stock",US,,USALL
NXST,"Nexstar Media Group, Inc. - Common Stock",US,,USALL
NXT,Nextpower Inc. - Common Stock,US,,USALL
NXTC,"NextCure, Inc. - Common Stock",US,,USALL
NXTS,Nexentis Technologies Inc. - Common Stock,US,,USALL
NXTT,Next Technology Holding Inc. - Ordinary Shares,US,,USALL
NYAX,Nayax Ltd. - Ordinary Shares,US,,USALL
NYC,American Strategic Investment Co. Class A Common Stock,US,,USALL
NYT,New York Times Company (The) Common Stock,US,,USALL
NYXH,Nyxoah SA - Ordinary Shares,US,,USALL
NZF,Nuveen Municipal Credit Income Fund,US,,USALL
O,Realty Income Corporation Common Stock,US,,USALL
OABI,"OmniAb, Inc. - Common Stock",US,,USALL
OACC,Oaktree Acquisition Corp. III Life Sciences - Class A Ordinary Share,US,,USALL
OBA,Oxley Bridge Acquisition Limited - Class A Ordinary Shares,US,,USALL
OBDC,Blue Owl Capital Corporation Common Stock,US,,USALL
OBE,Obsidian Energy Ltd. Common Shares,US,,USALL
OBIO,"Orchestra BioMed Holdings, Inc. - Ordinary Shares",US,,USALL
OBK,"Origin Bancorp, Inc. Common Stock",US,,USALL
OBT,"Orange County Bancorp, Inc. - Common Stock",US,,USALL
OBX,"Obsidian Therapeutics, Inc. - Common Stock",US,,USALL
OC,Owens Corning Inc Common Stock New,US,,USALL
OCAC,Ocean Capital Acquisition Corporation Ordinary Shares,US,,USALL
OCC,Optical Cable Corporation - Common Stock,US,,USALL
OCCI,"OFS Credit Company, Inc. - Closed End Fund",US,,USALL
OCFC,OceanFirst Financial Corp. - Common Stock,US,,USALL
OCG,Oriental Culture Holding LTD - Ordinary Shares,US,,USALL
OCGN,"Ocugen, Inc. - Common Stock",US,,USALL
OCS,Oculis Holding AG - Ordinary shares,US,,USALL
OCSL,Oaktree Specialty Lending Corporation - Closed End Fund,US,,USALL
OCTV,Octave Intelligence plc - Class B Ordinary Shares,US,,USALL
OCUL,"Ocular Therapeutix, Inc. - Common Stock",US,,USALL
ODC,Oil-Dri Corporation Of America Common Stock,US,,USALL
ODD,ODDITY Tech Ltd. - Class A Ordinary Shares,US,,USALL
ODFL,"Old Dominion Freight Line, Inc. - Common Stock",US,,USALL
ODTX,"Odyssey Therapeutics, Inc. - Common Stock",US,,USALL
ODYS,Odysight.ai Inc. - Common Stock,US,,USALL
OEC,Orion S.A. Common Shares,US,,USALL
OESX,"Orion Energy Systems, Inc. - Common Stock",US,,USALL
OFG,OFG Bancorp Common Stock,US,,USALL
OFIX,Orthofix Medical Inc.  - Common Stock,US,,USALL
OFLX,"Omega Flex, Inc. - Common Stock",US,,USALL
OFRM,"Once Upon a Farm, PBC Common Stock",US,,USALL
OFS,OFS Capital Corporation - Closed End Fund,US,,USALL
OGC,OceanaGold Corporation Common Shares,US,,USALL
OGE,OGE Energy Corp Common Stock,US,,USALL
OGEN,Oragenics Inc. Common Stock,US,,USALL
OGG,Osisko Gold Group Inc. Common Shares,US,,USALL
OGI,Organigram Global Inc. - Common Shares,US,,USALL
OGN,Organon & Co. Common Stock,US,,USALL
OGS,"ONE Gas, Inc. Common Stock",US,,USALL
OHAC,Oceanhawk Acquisition Corp. - Class A Ordinary Shares,US,,USALL
OHI,"Omega Healthcare Investors, Inc. Common Stock",US,,USALL
OI,"O-I Glass, Inc. Common Stock",US,,USALL
OIA,Invesco Municipal Income Opportunities Trust Common Stock,US,,USALL
OII,"Oceaneering International, Inc. Common Stock",US,,USALL
OIM,OneIM Acquisition Corp. - Class A Ordinary Shares,US,,USALL
OIO,OIO Group - Ordinary Shares,US,,USALL
OIS,"Oil States International, Inc. Common Stock",US,,USALL
OKE,"ONEOK, Inc. Common Stock",US,,USALL
OKLO,Oklo Inc. Class A common stock,US,,USALL
OKTA,"Okta, Inc. - Class A Common Stock",US,,USALL
OKUR,"OnKure Therapeutics, Inc. - Class A Common Stock",US,,USALL
OKYO,OKYO Pharma Limited - Ordinary Shares,US,,USALL
OLED,Universal Display Corporation - Common Stock,US,,USALL
OLLI,"Ollie's Bargain Outlet Holdings, Inc. - Common Stock",US,,USALL
OLMA,"Olema Pharmaceuticals, Inc. - Common Stock",US,,USALL
OLN,Olin Corporation Common Stock,US,,USALL
OLOX,Olenox Industries Inc. - Common Stock,US,,USALL
OLP,"One Liberty Properties, Inc. Common Stock",US,,USALL
OM,"Outset Medical, Inc. - Common Stock",US,,USALL
OMC,Omnicom Group Inc. Common Stock,US,,USALL
OMCL,"Omnicell, Inc. - Common Stock",US,,USALL
OMDA,"Omada Health, Inc. - Common Stock",US,,USALL
OMER,Omeros Corporation - Common Stock,US,,USALL
OMF,"OneMain Holdings, Inc. Common Stock",US,,USALL
OMSE,OMS Energy Technologies Inc. - Ordinary Shares,US,,USALL
ON,ON Semiconductor Corporation - Common Stock,US,,USALL
ONB,Old National Bancorp - Common Stock,US,,USALL
ONCH,1RT Acquisition Corp. - Class A Ordinary Share,US,,USALL
ONCO,"Onconetix, Inc.  - Common Stock",US,,USALL
ONDS,Ondas Inc - Common Stock,US,,USALL
ONEG,OneConstruction Group Limited - Ordinary Shares,US,,USALL
ONEW,OneWater Marine Inc. - Class A Common Stock,US,,USALL
ONIT,Onity Group Inc. Common Stock,US,,USALL
ONL,Orion Properties Inc. Common Stock,US,,USALL
ONON,On Holding AG Class A Ordinary Shares,US,,USALL
ONT,"Onterris, Inc. Common Stock",US,,USALL
ONTO,Onto Innovation Inc. Common Stock,US,,USALL
OOMA,"Ooma, Inc. Common Stock",US,,USALL
OPAD,Offerpad Solutions Inc. Class A Common Stock,US,,USALL
OPAL,OPAL Fuels Inc. - Class A Common Stock,US,,USALL
OPBK,OP Bancorp - Common Stock,US,,USALL
OPCH,"Option Care Health, Inc. - Common Stock",US,,USALL
OPEN,Opendoor Technologies Inc  - Common Stock,US,,USALL
OPFI,OppFi Inc. Class A Common Stock,US,,USALL
OPHC,"OptimumBank Holdings, Inc. Common Stock",US,,USALL
OPI,Office Properties Income Trust - Common shares of beneficial interest,US,,USALL
OPK,"Opko Health, Inc. - Common Stock",US,,USALL
OPLN,"OPENLANE, Inc. Common Stock",US,,USALL
OPP,"RiverNorth/DoubleLine Strategic Opportunity Fund, Inc. Common Stock",US,,USALL
OPRT,Oportun Financial Corporation - common stock,US,,USALL
OPRX,OptimizeRx Corporation - Common Stock,US,,USALL
OPTH,Optimi Health Corp. - Common Shares,US,,USALL
OPTT,"Ocean Power Technologies, Inc. Common Stock",US,,USALL
OPTU,"Optimum Communications, Inc. Class A common stock",US,,USALL
OPTX,"Syntec Optics Holdings, Inc. - Class A Common Stock",US,,USALL
OPXS,"Optex Systems Holdings, Inc. - Common Stock",US,,USALL
OPY,"Oppenheimer Holdings, Inc. Class A Common Stock (DE)",US,,USALL
OR,OR Royalties Inc. Common Shares,US,,USALL
ORA,"Ormat Technologies, Inc. Common Stock",US,,USALL
ORC,"Orchid Island Capital, Inc. Common Stock",US,,USALL
ORCL,Oracle Corporation Common Stock,US,,USALL
ORGO,Organogenesis Holdings Inc.  - Class A,US,,USALL
ORI,Old Republic International Corporation Common Stock,US,,USALL
ORIC,"Oric Pharmaceuticals, Inc. - Common Stock",US,,USALL
ORIQ,Origin Investment Corp I - Ordinary Shares,US,,USALL
ORKA,"Oruka Therapeutics, Inc. - Common Stock",US,,USALL
ORKT,Orangekloud Technology Inc. - Class A Ordinary Shares,US,,USALL
ORLY,"O'Reilly Automotive, Inc. - Common Stock",US,,USALL
ORMP,Oramed Pharmaceuticals Inc. - Common Stock,US,,USALL
ORN,"Orion Group Holdings, Inc. Common",US,,USALL
ORRF,"Orrstown Financial Services, Inc. - Common Stock",US,,USALL
OSBC,"Old Second Bancorp, Inc. - Common Stock",US,,USALL
OSCR,"Oscar Health, Inc. Class A Common Stock",US,,USALL
OSG,"Octave Specialty Group, Inc. Common Stock",US,,USALL
OSIS,"OSI Systems, Inc. - Common Stock",US,,USALL
OSK,Oshkosh Corporation (Holding Company)Common Stock,US,,USALL
OSPN,OneSpan Inc. - Common Stock,US,,USALL
OSPR,Osprey Acquisition Corp. III - Class A Ordinary Shares,US,,USALL
OSS,"One Stop Systems, Inc. - Common Stock",US,,USALL
OST,"Ostin Technology Group Co., Ltd. - Class A Ordinary Shares",US,,USALL
OSTX,OS Therapies Incorporated Common Stock,US,,USALL
OSUR,"OraSure Technologies, Inc. - Common Stock",US,,USALL
OSW,OneSpaWorld Holdings Limited - Common Shares,US,,USALL
OTAI,Starlink AI Acquisition Corporation Ordinary Shares,US,,USALL
OTEX,Open Text Corporation - Common Shares,US,,USALL
OTF,Blue Owl Technology Finance Corp. Common Stock,US,,USALL
OTGA,OTG Acquisition Corp. I - Class A Ordinary Share,US,,USALL
OTIS,Otis Worldwide Corporation Common Stock,US,,USALL
OTLK,"Outlook Therapeutics, Inc. - Common Stock",US,,USALL
OTTR,Otter Tail Corporation - Common Stock,US,,USALL
OUST,"Ouster, Inc. - Common Stock",US,,USALL
OUT,OUTFRONT Media Inc. Common Stock,US,,USALL
OVBC,Ohio Valley Banc Corp. - Common Stock,US,,USALL
OVID,Ovid Therapeutics Inc. - Common Stock,US,,USALL
OVLY,Oak Valley Bancorp (CA) - Common Stock,US,,USALL
OVV,Ovintiv Inc. (DE),US,,USALL
OWL,Blue Owl Capital Inc. Class A Common Stock,US,,USALL
OWLS,OBOOK Holdings Inc. - Class A Common Shares,US,,USALL
OWLT,"Owlet, Inc. Class A Common Stock",US,,USALL
OXBR,Oxbridge Re Holdings Limited - Ordinary Shares,US,,USALL
OXLC,Oxford Lane Capital Corp. - Closed End Fund,US,,USALL
OXM,"Oxford Industries, Inc. Common Stock",US,,USALL
OXSQ,Oxford Square Capital Corp. - Closed End Fund,US,,USALL
OXY,Occidental Petroleum Corporation Common Stock,US,,USALL
OYSE,Oyster Enterprises II Acquisition Corp - Class A Ordinary Shares,US,,USALL
OZK,Bank OZK - Common Stock,US,,USALL
P,"Everpure, Inc. Class A common stock",US,,USALL
PAAC,Proem Acquisition Corp I - Ordinary Shares,US,,USALL
PAAS,Pan American Silver Corp. Common Stock,US,,USALL
PAC,"Grupo Aeroportuario Del Pacifico, S.A. B. de C.V. Grupo Aeroportuario Del Pacifico, S.A. de C.V. (each representing 10 Series B shares)",US,,USALL
PACB,"Pacific Biosciences of California, Inc. - Common Stock",US,,USALL
PACH,Pioneer Acquisition I Corp - Class A Ordinary Shares,US,,USALL
PACK,Ranpak Holdings Corp Class A Common Stock,US,,USALL
PACS,"PACS Group, Inc. Common Stock",US,,USALL
PAG,"Penske Automotive Group, Inc. Common Stock",US,,USALL
PAGP,"Plains GP Holdings, L.P. - Class A Shares representing limited partner interests",US,,USALL
PAGS,PagSeguro Digital Ltd. Class A Common Shares,US,,USALL
PAHC,Phibro Animal Health Corporation - Class A Common Stock,US,,USALL
PAI,Western Asset Investment Grade Income Fund Inc.,US,,USALL
PAII,Pyrophyte Acquisition Corp. II Class A Ordinary Shares,US,,USALL
PAL,"Proficient Auto Logistics, Inc. - Common Stock",US,,USALL
PALI,"Palisade Bio, Inc. - Common Stock",US,,USALL
PALO,Paloma Acquisition Corp I - Class A Ordinary Shares,US,,USALL
PAM,Pampa Energia S.A.,US,,USALL
PAMT,PAMT CORP - Common Stock,US,,USALL
PANL,Pangaea Logistics Solutions Ltd. - Common Stock,US,,USALL
PANW,"Palo Alto Networks, Inc. - Common Stock",US,,USALL
PAPL,Pineapple Financial Inc. Common Stock,US,,USALL
PAR,PAR Technology Corporation Common Stock,US,,USALL
PARA,"Banzai International, Inc. - Class A Common Stock",US,,USALL
PARK,"Park Dental Partners, Inc. - Common Stock",US,,USALL
PARR,"Par Pacific Holdings, Inc.  Common Stock",US,,USALL
PASG,"Passage Bio, Inc. - Common Stock",US,,USALL
PATH,"UiPath, Inc. Class A Common Stock",US,,USALL
PATK,"Patrick Industries, Inc. - Common Stock",US,,USALL
PAVM,PAVmed Inc. - Common Stock,US,,USALL
PAVS,Paranovus Entertainment Technology Ltd. - Class A Ordinary Shares,US,,USALL
PAX,Patria Investments Limited - Class A Common Shares,US,,USALL
PAXS,PIMCO Access Income Fund Common Shares of Beneficial Interest,US,,USALL
PAY,"Paymentus Holdings, Inc. Class A Common Stock",US,,USALL
PAYC,"Paycom Software, Inc. Common Stock",US,,USALL
PAYO,Payoneer Global Inc. - Common Stock,US,,USALL
PAYS,"Paysign, Inc. - Common Stock",US,,USALL
PAYX,"Paychex, Inc. - Common Stock",US,,USALL
PB,"Prosperity Bancshares, Inc. Common Stock",US,,USALL
PBA,Pembina Pipeline Corp. Ordinary Shares (Canada),US,,USALL
PBAM,"Private Bancorp of America, Inc. - Common Stock",US,,USALL
PBF,PBF Energy Inc. Class A Common Stock,US,,USALL
PBFS,"Pioneer Bancorp, Inc. - Common Stock",US,,USALL
PBH,Prestige Consumer Healthcare Inc. Common Stock,US,,USALL
PBHC,"Pathfinder Bancorp, Inc. - Common Stock",US,,USALL
PBI,Pitney Bowes Inc. Common Stock,US,,USALL
PBLS,"Parabilis Medicines, Inc. - Common Stock",US,,USALL
PBM,Psyence Biomedical Ltd. - Common Shares,US,,USALL
PBR,Petroleo Brasileiro S.A. Petrobras ADS,US,,USALL
PBT,Permian Basin Royalty Trust Common Stock,US,,USALL
PBYI,Puma Biotechnology Inc - Common Stock,US,,USALL
PC,Premium Catering (Holdings) Limited - Ordinary Shares,US,,USALL
PCAP,ProCap Acquisition Corp - Class A Ordinary Shares,US,,USALL
PCAR,PACCAR Inc. - Common Stock,US,,USALL
PCB,PCB Bancorp - Common Stock,US,,USALL
PCF,High Income Securities Fund Common Stock,US,,USALL
PCG,Pacific Gas & Electric Co. Common Stock,US,,USALL
PCM,"PCM Fund, Inc. Common Stock",US,,USALL
PCN,Pimco Corporate & Income Strategy Fund Common Stock,US,,USALL
PCOR,"Procore Technologies, Inc. Common Stock",US,,USALL
PCQ,PIMCO California Municipal Income Fund Common Stock,US,,USALL
PCRX,"Pacira BioSciences, Inc. - Common Stock",US,,USALL
PCSA,"Processa Pharmaceuticals, Inc. - Common Stock",US,,USALL
PCT,"PureCycle Technologies, Inc. - Common stock",US,,USALL
PCTY,Paylocity Holding Corporation - Common Stock,US,,USALL
PCVX,"Vaxcyte, Inc. - Common Stock",US,,USALL
PCYO,Pure Cycle Corporation - Common Stock,US,,USALL
PD,"PagerDuty, Inc. Common Stock",US,,USALL
PDCC,Pearl Diver Credit Company Inc. Common Stock,US,,USALL
PDEX,"Pro-Dex, Inc. - Common Stock",US,,USALL
PDFS,"PDF Solutions, Inc. - Common Stock",US,,USALL
PDI,PIMCO Dynamic Income Fund Common Stock,US,,USALL
PDLB,"Ponce Financial Group, Inc. - Common Stock",US,,USALL
PDM,"Piedmont Realty Trust, Inc. Class A Common Stock",US,,USALL
PDO,PIMCO Dynamic Income Opportunities Fund Common Shares of Beneficial Interest,US,,USALL
PDS,Precision Drilling Corporation Common Stock,US,,USALL
PDT,John Hancock Premium Dividend Fund,US,,USALL
PDX,PIMCO Dynamic Income Strategy Fund Common Shares of Beneficial Interest,US,,USALL
PDYN,Palladyne AI Corp. - Common stock,US,,USALL
PEB,Pebblebrook Hotel Trust Common Shares of Beneficial Interest,US,,USALL
PEBK,"Peoples Bancorp of North Carolina, Inc. - Common Stock",US,,USALL
PEBO,Peoples Bancorp Inc. - Common Stock,US,,USALL
PECE,Peace Acquisition Corp - Ordinary Shares,US,,USALL
PECO,"Phillips Edison & Company, Inc. - Common Stock",US,,USALL
PED,Pedevco Corp. Common Stock,US,,USALL
PEG,Public Service Enterprise Group Incorporated Common Stock,US,,USALL
PEGA,Pegasystems Inc. - Common Stock,US,,USALL
PEN,"Penumbra, Inc. Common Stock",US,,USALL
PENG,"Penguin Solutions, Inc. - Common Stock",US,,USALL
PENN,"PENN Entertainment, Inc. - Common Stock",US,,USALL
PEO,"Adams Natural Resources Fund, Inc. Common Stock",US,,USALL
PEP,"PepsiCo, Inc. - Common Stock",US,,USALL
PEPG,PepGen Inc. - Common Stock,US,,USALL
PERF,Perfect Corp. Class A Ordinary Share,US,,USALL
PERI,Perion Network Ltd - Ordinary Shares,US,,USALL
PESI,"Perma-Fix Environmental Services, Inc. - Common Stock",US,,USALL
PETS,"PetMed Express, Inc. - Common Stock",US,,USALL
PETZ,"TDH Holdings, Inc. - Common Shares",US,,USALL
PEW,GrabAGun Digital Holdings Inc. Common Stock,US,,USALL
PFAI,Pinnacle Food Group Limited - Class A Common Shares,US,,USALL
PFE,"Pfizer, Inc. Common Stock",US,,USALL
PFG,Principal Financial Group Inc - Common Stock,US,,USALL
PFGC,Performance Food Group Company Common Stock,US,,USALL
PFIS,Peoples Financial Services Corp.  - Common Stock,US,,USALL
PFL,PIMCO Income Strategy Fund Shares of Beneficial Interest,US,,USALL
PFLT,PennantPark Floating Rate Capital Ltd. Common Stock,US,,USALL
PFN,PIMCO Income Strategy Fund II,US,,USALL
PFS,"Provident Financial Services, Inc Common Stock",US,,USALL
PFSI,"PennyMac Financial Services, Inc. Common Stock",US,,USALL
PFX,PhenixFIN Corporation  - Common Stock,US,,USALL
PG,Procter & Gamble Company (The) Common Stock,US,,USALL
PGAC,Pantages Capital Acquisition Corporation - Class A Ordinary Shares,US,,USALL
PGC,Peapack-Gladstone Financial Corporation - Common Stock,US,,USALL
PGEN,"Precigen, Inc. - Common Stock",US,,USALL
PGNY,"Progyny, Inc. - Common Stock",US,,USALL
PGP,Pimco Global StocksPlus & Income Fund Common Shares of Beneficial Interest,US,,USALL
PGR,Progressive Corporation (The) Common Stock,US,,USALL
PGY,Pagaya Technologies Ltd. - Class A Ordinary Shares,US,,USALL
PGZ,Principal Real Estate Income Fund Common Shares of Beneficial Interest,US,,USALL
PH,Parker-Hannifin Corporation Common Stock,US,,USALL
PHAR,"Pharming Group N.V. - ADS, each representing 10 ordinary shares",US,,USALL
PHAT,"Phathom Pharmaceuticals, Inc. - Common Stock",US,,USALL
PHG,Koninklijke Philips N.V. NY Registry Shares,US,,USALL
PHGE,BiomX Inc. COmmon Stock,US,,USALL
PHI,PLDT Inc. Sponsored ADR,US,,USALL
PHIN,PHINIA Inc. Common Stock,US,,USALL
PHIO,Phio Pharmaceuticals Corp. - Common Stock,US,,USALL
PHK,Pimco High Income Fund,US,,USALL
PHM,"PulteGroup, Inc. Common Stock",US,,USALL
PHOE,Phoenix Asia Holdings Limited - Ordinary Shares,US,,USALL
PHR,"Phreesia, Inc. Common Stock",US,,USALL
PHUN,"Phunware, Inc. - Common Stock",US,,USALL
PHVS,Pharvaris N.V. - Ordinary Shares,US,,USALL
PI,"Impinj, Inc. - Common Stock",US,,USALL
PICS,PicS N.V. - Class A Common Shares,US,,USALL
PII,Polaris Inc. Common Stock,US,,USALL
PIII,P3 Health Partners Inc. - Class A Common Stock,US,,USALL
PIM,Franklin Master Intermediate Income Trust Shares of Beneficial Interest,US,,USALL
PINE,"Alpine Income Property Trust, Inc. Common Stock",US,,USALL
PINS,"Pinterest, Inc. Class A Common Stock",US,,USALL
PIPR,Piper Sandler Companies Common Stock,US,,USALL
PJT,PJT Partners Inc. Class A Common Stock,US,,USALL
PK,Park Hotels & Resorts Inc. Common Stock,US,,USALL
PKBK,"Parke Bancorp, Inc. - Common Stock",US,,USALL
PKE,Park Aerospace Corp. Common Stock,US,,USALL
PKG,Packaging Corporation of America Common Stock,US,,USALL
PKOH,Park-Ohio Holdings Corp. - Common Stock,US,,USALL
PL,Planet Labs PBC Class A Common Stock,US,,USALL
PLAB,"Photronics, Inc. - Common Stock",US,,USALL
PLAG,Planet Green Holdings Corp. Common Stock,US,,USALL
PLAY,"Dave & Buster's Entertainment, Inc. - Common Stock",US,,USALL
PLBC,Plumas Bancorp - Common Stock,US,,USALL
PLBL,Polibeli Group Ltd - Class A Ordinary Shares,US,,USALL
PLBY,"Playboy, Inc. - Common Stock",US,,USALL
PLCE,"Children's Place, Inc. (The) - Common Stock",US,,USALL
PLCI,Pelican Acquisition II Corporation - Ordinary Shares,US,,USALL
PLD,"Prologis, Inc. Common Stock",US,,USALL
PLG,Platinum Group Metals Ltd. Ordinary Shares (Canada),US,,USALL
PLGO,Pelagos Insurance Capital Limited Common Shares,US,,USALL
PLMK,Plum Acquisition Corp. IV - Class A Ordinary Shares,US,,USALL
PLMR,"Palomar Holdings, Inc. - Common stock",US,,USALL
PLNT,"Planet Fitness, Inc. Common Stock",US,,USALL
PLOW,"Douglas Dynamics, Inc. Common Stock",US,,USALL
PLPC,Preformed Line Products Company - Common Stock,US,,USALL
PLRX,"Pliant Therapeutics, Inc. - Common Stock",US,,USALL
PLRZ,Polyrizon Ltd. - Ordinary Shares,US,,USALL
PLSE,"Pulse Biosciences, Inc - Common Stock",US,,USALL
PLSM,Pulsenmore Ltd. - Ordinary Shares,US,,USALL
PLTK,Playtika Holding Corp. - Common Stock,US,,USALL
PLTR,Palantir Technologies Inc. - Class A Common Stock,US,,USALL
PLUG,"Plug Power, Inc. - Common Stock",US,,USALL
PLUN,Plutonian Acquisition Corp II Class A Ordinary Shares,US,,USALL
PLUS,ePlus inc. - Common Stock,US,,USALL
PLUT,Plutus Financial Group Limited - Ordinary Shares,US,,USALL
PLX,"Protalix BioTherapeutics, Inc. (DE) Common Stock",US,,USALL
PLXS,Plexus Corp. - Common Stock,US,,USALL
PLYX,"Polaryx Therapeutics, Inc. - Common Stock",US,,USALL
PM,Philip Morris International Inc Common Stock,US,,USALL
PMAX,Powell Max Limited - Class A Ordinary Shares,US,,USALL
PMI,"Picard Medical, Inc. Common Stock",US,,USALL
PML,Pimco Municipal Income Fund II Common Shares of Beneficial Interest,US,,USALL
PMM,Franklin Managed Municipal Income Trust Shares of Beneficial Interest,US,,USALL
PMN,ProMIS Neurosciences Inc. - Common Shares,US,,USALL
PMO,Franklin Municipal Opportunities Trust Shares of Beneficial Interest,US,,USALL
PMT,PennyMac Mortgage Investment Trust Common Shares of Beneficial Interest,US,,USALL
PMTR,Perimeter Acquisition Corp. I - Class A Ordinary Shares,US,,USALL
PMTS,CPI Card Group Inc. - Common Stock,US,,USALL
PMVP,"PMV Pharmaceuticals, Inc. - Common Stock",US,,USALL
PN,PN Smart Energy Limited - Class A Ordinary Shares,US,,USALL
PNBK,Patriot National Bancorp Inc. - Common Stock,US,,USALL
PNC,"PNC Financial Services Group, Inc. (The) Common Stock",US,,USALL
PNFP,"Pinnacle Financial Partners, Inc. Common stock",US,,USALL
PNI,Pimco New York Municipal Income Fund II Common Shares of Beneficial Interest,US,,USALL
PNNT,PennantPark Investment Corporation Common Stock,US,,USALL
PNR,Pentair plc. Ordinary Share,US,,USALL
PNRG,PrimeEnergy Resources Corporation - Common Stock,US,,USALL
PNTG,"The Pennant Group, Inc. - Common Stock",US,,USALL
PNW,Pinnacle West Capital Corporation Common Stock,US,,USALL
POAS,Phaos Technology Holdings (Cayman) Limited Class A Ordinary Shares,US,,USALL
POCI,"Precision Optics Corporation, Inc. - Common stock",US,,USALL
PODC,"PodcastOne, Inc. - Common Stock",US,,USALL
PODD,Insulet Corporation - Common Stock,US,,USALL
POET,POET Technologies Inc. - Common Shares,US,,USALL
POLE,Andretti Acquisition Corp. II - Class A Ordinary Shares,US,,USALL
PONO,"Pono Capital Four, Inc. - Class A Ordinary Shares",US,,USALL
POOL,Pool Corporation - Common Stock,US,,USALL
POR,Portland General Electric Co Common Stock,US,,USALL
POST,"Post Holdings, Inc. Common Stock",US,,USALL
POWI,"Power Integrations, Inc. - Common Stock",US,,USALL
POWL,"Powell Industries, Inc. - Common Stock",US,,USALL
POWW,Outdoor Holding Company - Common Stock,US,,USALL
PPC,Pilgrim's Pride Corporation - Common Stock,US,,USALL
PPCB,"Propanc Biopharma, Inc. - Common Stock",US,,USALL
PPG,"PPG Industries, Inc. Common Stock",US,,USALL
PPHC,"Public Policy Holding Company, Inc. - Common Stock",US,,USALL
PPIH,"Perma-Pipe International Holdings, Inc. - Common Stock",US,,USALL
PPL,PPL Corporation Common Stock,US,,USALL
PPLI,People Incorporated - Common Stock,US,,USALL
PPSI,"Pioneer Power Solutions, Inc. - Common Stock",US,,USALL
PPT,Franklin Premier Income Trust Shares of Beneficial Interest,US,,USALL
PPTA,Perpetua Resources Corp. - Common Shares,US,,USALL
PR,Permian Resources Corporation Class A Common Stock,US,,USALL
PRAA,"PRA Group, Inc. - Common Stock",US,,USALL
PRAX,"Praxis Precision Medicines, Inc. - Common Stock",US,,USALL
PRCH,"Porch Group, Inc. - Common Stock",US,,USALL
PRCT,PROCEPT BioRobotics Corporation - Common Stock,US,,USALL
PRDO,Perdoceo Education Corporation - Common Stock,US,,USALL
PRE,Prenetics Global Limited - Class A Ordinary Share,US,,USALL
PRFX,PRF Technologies Ltd. - Ordinary Shares,US,,USALL
PRG,"PROG Holdings, Inc. Common Stock",US,,USALL
PRGO,Perrigo Company plc Ordinary Shares,US,,USALL
PRGS,Progress Software Corporation - Common Stock,US,,USALL
PRHI,"Presurance Holdings, Inc. - Common Stock",US,,USALL
PRI,"Primerica, Inc. Common Stock",US,,USALL
PRIM,Primoris Services Corporation Common Stock,US,,USALL
PRK,Park National Corporation Common Stock,US,,USALL
PRLB,"Proto Labs, Inc. Common stock",US,,USALL
PRLD,Prelude Therapeutics Incorporated - Common Stock,US,,USALL
PRM,"Perimeter Solutions, SA Common Stock",US,,USALL
PRMB,Primo Brands Corporation Class A Common Stock,US,,USALL
PRME,"Prime Medicine, Inc. - Common Stock",US,,USALL
PROF,Profound Medical Corp. - common stock,US,,USALL
PROK,ProKidney Corp. - Class A Ordinary Shares,US,,USALL
PROV,"Provident Financial Holdings, Inc. - Common Stock",US,,USALL
PRPL,"Purple Innovation, Inc. - Common Stock",US,,USALL
PRPO,"Precipio, Inc. - Common Stock",US,,USALL
PRQR,ProQR Therapeutics N.V. - Ordinary Shares,US,,USALL
PRSU,"Pursuit Attractions and Hospitality, Inc. Common Stock",US,,USALL
PRTA,Prothena Corporation plc - Ordinary Shares,US,,USALL
PRTH,"Priority Technology Holdings, Inc. - Common Stock",US,,USALL
PRTS,"CarParts.com, Inc. - Common Stock",US,,USALL
PRU,"Prudential Financial, Inc. Common Stock",US,,USALL
PRVA,"Privia Health Group, Inc. - Common Stock",US,,USALL
PS,Pershing Square Inc. Common Stock,US,,USALL
PSA,Public Storage Common Stock,US,,USALL
PSBD,Palmer Square Capital BDC Inc. Common Stock,US,,USALL
PSEC,Prospect Capital Corporation - Closed End Fund,US,,USALL
PSFE,Paysafe Limited Common Shares,US,,USALL
PSHG,Performance Shipping Inc. - Common Shares,US,,USALL
PSIX,"Power Solutions International, Inc. - Common Stock",US,,USALL
PSKY,Paramount Skydance Corporation - Class B Common Stock,US,,USALL
PSMT,"PriceSmart, Inc. - Common Stock",US,,USALL
PSN,Parsons Corporation Common Stock,US,,USALL
PSNL,"Personalis, Inc. - Common Stock",US,,USALL
PSNY,Polestar Automotive Holding UK Limited - Class A ADS,US,,USALL
PSNYW,Polestar Automotive Holding UK Limited - Class C-1 ADS (ADW),US,,USALL
PSO,"Pearson, Plc Common Stock",US,,USALL
PSQH,"PSQ Holdings, Inc. Class A Common Stock",US,,USALL
PSTL,"Postal Realty Trust, Inc. Class A Common Stock",US,,USALL
PSUS,"Pershing Square USA, Ltd. Common Shares",US,,USALL
PSX,Phillips 66 Common Stock,US,,USALL
PTAC,Patriot Acquisition Corp. - Class A Ordinary Shares,US,,USALL
PTC,PTC Inc. - Common Stock,US,,USALL
PTCT,"PTC Therapeutics, Inc. - Common Stock",US,,USALL
PTEN,"Patterson-UTI Energy, Inc. - Common Stock",US,,USALL
PTGX,"Protagonist Therapeutics, Inc. - Common Stock",US,,USALL
PTHS,Pelthos Therapeutics Inc. Common Stock,US,,USALL
PTLE,PTL LTD - Class A Ordinary Shares,US,,USALL
PTLO,Portillo's Inc. - Class A Common Stock,US,,USALL
PTN,"Palatin Technologies, Inc. - Common Stock",US,,USALL
PTON,"Peloton Interactive, Inc. - Common Stock",US,,USALL
PTOR,Praetorian Acquisition Corp. - Class A Ordinary Shares,US,,USALL
PTRN,Pattern Group Inc. - Series A Common Stock,US,,USALL
PTY,Pimco Corporate & Income Opportunity Fund,US,,USALL
PUBM,"PubMatic, Inc. - Class A Common Stock",US,,USALL
PUK,Prudential Public Limited Company Common Stock,US,,USALL
PULM,"Pulmatrix, Inc. - Common Stock",US,,USALL
PUMP,ProPetro Holding Corp. Common Stock,US,,USALL
PURR,Hyperliquid Strategies Inc - Common Stock,US,,USALL
PUSA,Aureus Greenway Holdings Inc. - Common Stock,US,,USALL
PVH,PVH Corp. Common Stock,US,,USALL
PVLA,"Palvella Therapeutics, Inc. - Common Stock",US,,USALL
PW,Power REIT (MD) Common Stock,US,,USALL
PWCM,"PowerCompute, Inc. - Common Stock",US,,USALL
PWP,Perella Weinberg Partners - Class A Common Stock,US,,USALL
PWR,"Quanta Services, Inc. Common Stock",US,,USALL
PWRL,Powerlaw Corp. - Common Stock,US,,USALL
PXED,"Phoenix Education Partners, Inc. Common Stock",US,,USALL
PXLW,"Pixelworks, Inc. - Common Stock",US,,USALL
PXS,Pyxis Tankers Inc. - Common Stock,US,,USALL
PYPD,PolyPid Ltd. - Ordinary Shares,US,,USALL
PYPL,"PayPal Holdings, Inc. - Common Stock",US,,USALL
PYT,PPlus Tr GSC-2 Tr Ctf Fltg Rate,US,,USALL
PYXS,"Pyxis Oncology, Inc. - Common Stock",US,,USALL
PZG,Paramount Gold Nevada Corp. Common Stock,US,,USALL
PZZA,"Papa John's International, Inc. - Common Stock",US,,USALL
Q,"Qnity Electronics, Inc. Common Stock",US,,USALL
QADR,QDRO Acquisition Corp. - Class A Ordinary Shares,US,,USALL
QBTS,D-Wave Quantum Inc. - Common Stock,US,,USALL
QCLS,"Q/C Technologies, Inc. - Common Stock",US,,USALL
QCOM,QUALCOMM Incorporated - Common Stock,US,,USALL
QCRH,"QCR Holdings, Inc. - Common Stock",US,,USALL
QDEL,QuidelOrtho Corporation - Common Stock,US,,USALL
QGEN,Qiagen N.V. Common Shares,US,,USALL
QH,Quhuo Limited - Class A Ordinary Shares,US,,USALL
QLEP,Quantum Leap Acquisition Corp Class A Ordinary Shares,US,,USALL
QLYS,"Qualys, Inc. - Common Stock",US,,USALL
QMCO,Quantum Corporation - Common Stock,US,,USALL
QMLS,"QumulusAI, Inc. - Common Stock",US,,USALL
QNBC,QNB Corp. - Common Stock,US,,USALL
QNC,Quantum eMotion Corp. Common Shares,US,,USALL
QNCX,"Quince Therapeutics, Inc. - Common Stock",US,,USALL
QNST,"QuinStreet, Inc. - Common Stock",US,,USALL
QNT,Quantinuum Inc. - Class A Common Stock,US,,USALL
QNTM,Quantum Biopharma Ltd. - Class B Subordinate Voting Shares,US,,USALL
QQQX,Nuveen NASDAQ 100 Dynamic Overwrite Fund - Closed End Fund,US,,USALL
QRED,QuasarEdge Acquisition Corporation Ordinary Shares,US,,USALL
QRHC,Quest Resource Holding Corporation - Common Stock,US,,USALL
QRVO,"Qorvo, Inc. - Common Stock",US,,USALL
QS,QuantumScape Corporation - Common Stock,US,,USALL
QSEA,Quartzsea Acquisition Corporation - Ordinary Shares,US,,USALL
QSR,Restaurant Brands International Inc. Common Shares,US,,USALL
QTEX,QTREX Quantum Ltd. - Ordinary Shares,US,,USALL
QTI,"QT Imaging Holdings, Inc. - Common Stock",US,,USALL
QTRX,Quanterix Corporation - Common Stock,US,,USALL
QTTB,Q32 Bio Inc. - Common Stock,US,,USALL
QTWO,"Q2 Holdings, Inc. Common Stock",US,,USALL
QUAD,"Quad Graphics, Inc Class A Common Stock",US,,USALL
QUBT,Quantum Computing Inc. - Common Stock,US,,USALL
QUCY,Quantum Cyber N.V. - Ordinary Shares,US,,USALL
QUIK,QuickLogic Corporation - Common Stock,US,,USALL
QUMS,Quantumsphere Acquisition Corp. - Ordinary Shares,US,,USALL
QURE,uniQure N.V. - Ordinary Shares,US,,USALL
QVCG,"QVC Group, Inc. - Common Stock",US,,USALL
QXL,Quantum X Labs Inc. - Common Stock,US,,USALL
QXO,"QXO, Inc. Common Stock",US,,USALL
R,"Ryder System, Inc. Common Stock",US,,USALL
RA,Brookfield Real Assets Income Fund Inc. Common Stock,US,,USALL
RAC,Rithm Acquisition Corp. Class A Ordinary Shares,US,,USALL
RACC,Research Alliance Corporation III - Class A Ordinary Shares,US,,USALL
RACD,Research Alliance Corporation IV - Class A Ordinary Shares,US,,USALL
RACE,Ferrari N.V. Common Shares,US,,USALL
RAIL,"Freightcar America, Inc. - Common Stock",US,,USALL
RAL,Ralliant Corporation Common Stock,US,,USALL
RAMP,"LiveRamp Holdings, Inc. Common Stock",US,,USALL
RAND,Rand Capital Corporation - Closed End Fund,US,,USALL
RANG,Range Capital Acquisition Corp. - Ordinary Shares,US,,USALL
RAPP,"Rapport Therapeutics, Inc. - Common Stock",US,,USALL
RARE,Ultragenyx Pharmaceutical Inc. - Common Stock,US,,USALL
RAVE,"Rave Restaurant Group, Inc. - Common Stock",US,,USALL
RAY,Raytech Holding Limited - Ordinary Shares,US,,USALL
RAYA,Erayak Power Solution Group Inc. - Class A Ordinary Shares,US,,USALL
RBA,"RB Global, Inc. Common Stock",US,,USALL
RBB,RBB Bancorp - Common Stock,US,,USALL
RBBN,Ribbon Communications Inc.  - Common Stock,US,,USALL
RBC,RBC Bearings Incorporated Common Stock,US,,USALL
RBCAA,"Republic Bancorp, Inc. - Class A Common Stock",US,,USALL
RBKB,"Rhinebeck Bancorp, Inc. - Common Stock",US,,USALL
RBLX,Roblox Corporation Class A Common Stock,US,,USALL
RBNE,Robin Energy Ltd. - Common Stock,US,,USALL
RBRK,"Rubrik, Inc. Class A Common Stock",US,,USALL
RC,Ready Capital Corporation Common Stock,US,,USALL
RCAT,"Red Cat Holdings, Inc. - Common Stock",US,,USALL
RCBC,River City Bank - Common stock,US,,USALL
RCEL,"Avita Medical, Inc. - Common Stock",US,,USALL
RCG,"RENN Fund, Inc Common Stock",US,,USALL
RCI,"Rogers Communication, Inc. Common Stock",US,,USALL
RCKT,"Rocket Pharmaceuticals, Inc. - Common Stock",US,,USALL
RCKY,"Rocky Brands, Inc. - Common Stock",US,,USALL
RCL,Royal Caribbean Cruises Ltd. Common Stock,US,,USALL
RCMT,"RCM Technologies, Inc. - Common Stock",US,,USALL
RCS,"PIMCO Strategic Income Fund, Inc.",US,,USALL
RCUS,"Arcus Biosciences, Inc. Common Stock",US,,USALL
RDAG,Republic Digital Acquisition Company - Class A Ordinary Shares,US,,USALL
RDCM,Radcom Ltd. - Ordinary Shares,US,,USALL
RDDT,"Reddit, Inc. Class A Common Stock",US,,USALL
RDGT,"Ridgetech, Inc. - Ordinary Shares",US,,USALL
RDI,Reading International Inc - Class A Non-voting Common Stock,US,,USALL
RDIB,Reading International Inc - Class B Voting Common Stock,US,,USALL
RDN,Radian Group Inc. Common Stock,US,,USALL
RDNT,"RadNet, Inc. - Common Stock",US,,USALL
RDNW,"RideNow Group, Inc. - Class B Common Stock",US,,USALL
RDVT,"Red Violet, Inc. - Common Stock",US,,USALL
RDW,Redwire Corporation Common Stock,US,,USALL
RDWR,Radware Ltd. - Ordinary Shares,US,,USALL
RDY,Dr. Reddy's Laboratories Ltd Common Stock,US,,USALL
RDZN,"Roadzen, Inc. - Ordinary Shares",US,,USALL
REA,"Rare Earths Americas, Inc. Common Stock",US,,USALL
REAL,"The RealReal, Inc. - Common Stock",US,,USALL
REAX,Real REMAX Group Inc. - Common Stock,US,,USALL
REBN,"Reborn Coffee, Inc. - Common Stock",US,,USALL
RECT,Rectitude Holdings Ltd - Ordinary Shares,US,,USALL
REED,"Reed's, Inc. Common Stock",US,,USALL
REF,Reformation Inc. Common Stock,US,,USALL
REFI,"Chicago Atlantic Real Estate Finance, Inc. - Common Stock",US,,USALL
REG,Regency Centers Corporation - Common Stock,US,,USALL
REGN,"Regeneron Pharmaceuticals, Inc. - Common Stock",US,,USALL
REI,"Ring Energy, Inc. Common Stock",US,,USALL
RELL,"Richardson Electronics, Ltd. - Common Stock",US,,USALL
RELY,"Remitly Global, Inc. - Common stock",US,,USALL
RENT,"Rent the Runway, Inc. - Class A Common Stock",US,,USALL
RENX,RenX Enterprises Corp. - Common Stock,US,,USALL
REPL,"Replimune Group, Inc. - Common Stock",US,,USALL
REPX,"Riley Exploration Permian, Inc. Common Stock",US,,USALL
RES,"RPC, Inc. Common Stock",US,,USALL
RETO,"ReTo Eco-Solutions, Inc. - Class A Shares",US,,USALL
REVB,"Revelation Biosciences, Inc. - Common Stock",US,,USALL
REX,REX American Resources Corporation,US,,USALL
REXR,"Rexford Industrial Realty, Inc. Common Stock",US,,USALL
REYN,Reynolds Consumer Products Inc. - Common Stock,US,,USALL
REZI,"Resideo Technologies, Inc. Common Stock",US,,USALL
RF,Regions Financial Corporation Common Stock,US,,USALL
RFAI,RF Acquisition Corp II - Ordinary Shares,US,,USALL
RFAM,RF Acquisition Corp III - Ordinary Shares,US,,USALL
RFI,"Cohen & Steers Total Return Realty Fund, Inc. Common Stock",US,,USALL
RFIL,"RF Industries, Ltd. - Common Stock",US,,USALL
RFL,"Rafael Holdings, Inc. Class B Common Stock",US,,USALL
RFM,"RiverNorth Flexible Municipal Income Fund, Inc. Common Stock",US,,USALL
RFMZ,"RiverNorth Flexible Municipal Income Fund II, Inc. Common Stock",US,,USALL
RGA,"Reinsurance Group of America, Incorporated Common Stock",US,,USALL
RGC,Regencell Bioscience Holdings Limited - Ordinary Shares,US,,USALL
RGCO,RGC Resources Inc. - Common Stock,US,,USALL
RGEN,Repligen Corporation - Common Stock,US,,USALL
RGLD,"Royal Gold, Inc. - Common Stock",US,,USALL
RGNT,Regentis Biomaterials Ltd. Ordinary Shares,US,,USALL
RGNX,REGENXBIO Inc. - Common Stock,US,,USALL
RGP,"Resources Connection, Inc. - Common Stock",US,,USALL
RGR,"Sturm, Ruger & Company, Inc. Common Stock",US,,USALL
RGS,Regis Corporation - Common Stock,US,,USALL
RGT,"Royce Global Trust, Inc. Common Stock",US,,USALL
RGTI,"Rigetti Computing, Inc.  - Common stock",US,,USALL
RH,RH Common Stock,US,,USALL
RHI,Robert Half Inc. Common Stock,US,,USALL
RHLD,Resolute Holdings Management Common Stock,US,,USALL
RHP,"Ryman Hospitality Properties, Inc. (REIT)",US,,USALL
RIBB,Ribbon Acquisition Corp - Class A Ordinary Shares,US,,USALL
RICK,"RCI Hospitality Holdings, Inc. - Common Stock",US,,USALL
RIG,Transocean Ltd (Switzerland) Common Stock,US,,USALL
RIGL,"Rigel Pharmaceuticals, Inc. - Common Stock",US,,USALL
RILY,"BRC Group Holdings, Inc. - Common Stock",US,,USALL
RIO,Rio Tinto Plc Common Stock,US,,USALL
RIOT,"Riot Platforms, Inc. - Common Stock",US,,USALL
RITM,Rithm Capital Corp. Common Stock,US,,USALL
RIV,"RiverNorth Opportunities Fund, Inc. Common Stock",US,,USALL
RIVN,"Rivian Automotive, Inc. - Class A Common Stock",US,,USALL
RJET,Republic Airways Holdings Inc. - Common Stock,US,,USALL
RJF,"Raymond James Financial, Inc. Common Stock",US,,USALL
RKLB,Rocket Lab Corporation - Common Stock,US,,USALL
RKT,"Rocket Companies, Inc. Class A Common Stock",US,,USALL
RL,Ralph Lauren Corporation Common Stock,US,,USALL
RLAY,"Relay Therapeutics, Inc. - Common Stock",US,,USALL
RLGT,"Radiant Logistics, Inc. Common Stock",US,,USALL
RLI,RLI Corp. Common Stock (DE),US,,USALL
RLJ,RLJ Lodging Trust Common Shares of Beneficial Interest $0.01 par value,US,,USALL
RLMD,"Relmada Therapeutics, Inc. - Common Stock",US,,USALL
RLTY,Cohen & Steers Real Estate Opportunities and Income Fund Common Shares of Beneficial Interest,US,,USALL
RLYB,Rallybio Corporation - Common Stock,US,,USALL
RM,Regional Management Corp. Common Stock,US,,USALL
RMBI,"Richmond Mutual Bancorporation, Inc. - Common Stock",US,,USALL
RMBS,"Rambus, Inc. - Common Stock",US,,USALL
RMCF,"Rocky Mountain Chocolate Factory, Inc. - Common Stock",US,,USALL
RMCO,Royalty Management Holding Corporation - Class A Common Stock,US,,USALL
RMD,ResMed Inc. Common Stock,US,,USALL
RMI,"RiverNorth Opportunistic Municipal Income Fund, Inc. Common Stock",US,,USALL
RMIX,"Suncrete, Inc. - Class A Common Stock",US,,USALL
RMM,"RiverNorth Managed Duration Municipal Income Fund, Inc. Common Stock",US,,USALL
RMMZ,"RiverNorth Managed Duration Municipal Income Fund II, Inc. Common Stock",US,,USALL
RMNI,"Rimini Street, Inc. - Common Stock",US,,USALL
RMR,The RMR Group Inc. - Class A Common Stock,US,,USALL
RMT,"Royce Micro-Cap Trust, Inc. Common Stock",US,,USALL
RMTI,"Rockwell Medical, Inc. - Common Stock",US,,USALL
RNA,"Atrium Therapeutics, Inc. - Common Stock",US,,USALL
RNAC,"Cartesian Therapeutics, Inc. - Common Stock",US,,USALL
RNAZ,"TransCode Therapeutics, Inc. - Common Stock",US,,USALL
RNG,"RingCentral, Inc. Class A Common Stock",US,,USALL
RNGR,"Ranger Energy Services, Inc. Class A Common Stock",US,,USALL
RNGT,Range Capital Acquisition Corp II - Class A Ordinary Shares,US,,USALL
RNR,RenaissanceRe Holdings Ltd. Common Stock,US,,USALL
RNST,Renasant Corporation Common Stock,US,,USALL
RNTX,"Rein Therapeutics, Inc. - Common Stock",US,,USALL
RNW,ReNew Energy Global plc - Class A Shares,US,,USALL
RNXT,"RenovoRx, Inc. - Common Stock",US,,USALL
ROC,Rank One Computing Corporation - Common stock,US,,USALL
ROCK,"Gibraltar Industries, Inc. - Common Stock",US,,USALL
ROG,Rogers Corporation Common Stock,US,,USALL
ROIV,Roivant Sciences Ltd. - Common Shares,US,,USALL
ROK,"Rockwell Automation, Inc. Common Stock",US,,USALL
ROKU,"Roku, Inc. - Class A Common Stock",US,,USALL
ROL,"Rollins, Inc. Common Stock",US,,USALL
ROLR,"High Roller Technologies, Inc. Common Stock",US,,USALL
ROMA,Roma Green Finance Limited - Class A Ordinary Shares,US,,USALL
ROOT,"Root, Inc. - Common Stock",US,,USALL
ROP,"Roper Technologies, Inc. - Common Stock",US,,USALL
ROST,"Ross Stores, Inc. - Common Stock",US,,USALL
RPAY,Repay Holdings Corporation - Class A Common Stock,US,,USALL
RPC,"Ridgepost Capital, Inc. Class A Common Stock",US,,USALL
RPD,"Rapid7, Inc. - Common Stock",US,,USALL
RPGL,Republic Power Group Limited - Class A Ordinary Shares,US,,USALL
RPID,"Rapid Micro Biosystems, Inc. - Class A Common Stock",US,,USALL
RPM,RPM International Inc. Common Stock,US,,USALL
RPRX,Royalty Pharma plc - Class A Ordinary Shares,US,,USALL
RPT,Rithm Property Trust Inc. Common stock,US,,USALL
RQI,Cohen & Steers Quality Income Realty Fund Inc Common Shares,US,,USALL
RR,Richtech Robotics Inc. - Class B Common Stock,US,,USALL
RRBI,"Red River Bancshares, Inc. - Common Stock",US,,USALL
RRC,Range Resources Corporation Common Stock,US,,USALL
RREV,RRE Ventures Acquisition Corp. - Class A Ordinary Shares,US,,USALL
RRGB,"Red Robin Gourmet Burgers, Inc. - Common Stock",US,,USALL
RRR,"Red Rock Resorts, Inc. - Class A Common Stock",US,,USALL
RRX,Regal Rexnord Corporation Common Stock,US,,USALL
RS,"Reliance, Inc. Common Stock",US,,USALL
RSF,RiverNorth Capital and Income Fund Common Stock,US,,USALL
RSG,"Republic Services, Inc. Common Stock",US,,USALL
RSI,"Rush Street Interactive, Inc. Class A Common Stock",US,,USALL
RSKD,Riskified Ltd. Class A Ordinary Shares,US,,USALL
RSSS,"Research Solutions, Inc - Common Stock",US,,USALL
RSVR,"Reservoir Media, Inc.. - Common Stock",US,,USALL
RTB,"RTB Digital, Inc. - Common Stock",US,,USALL
RTX,RTX Corporation Common Stock,US,,USALL
RUBI,Rubico Inc. - Common Stock,US,,USALL
RUM,RUM Group Inc. - Class A Common Stock,US,,USALL
RUN,Sunrun Inc. - Common Stock,US,,USALL
RUSHA,"Rush Enterprises, Inc. - Class A Common Stock",US,,USALL
RUSHB,"Rush Enterprises, Inc. - Class B Common Stock",US,,USALL
RVI,Robinhood Ventures Fund I Common Shares of Beneficial Interest,US,,USALL
RVII,Robinhood Ventures Fund II Common Shares of Beneficial Interest,US,,USALL
RVLV,"Revolve Group, Inc. Class A Common Stock",US,,USALL
RVMD,"Revolution Medicines, Inc. - Common Stock",US,,USALL
RVP,"Retractable Technologies, Inc. Common Stock",US,,USALL
RVSB,Riverview Bancorp Inc - Common Stock,US,,USALL
RVSN,Rail Vision Ltd. - Ordinary Shares,US,,USALL
RVT,"Royce Small-Cap Trust, Inc. Common Stock",US,,USALL
RVTY,"Revvity, Inc. Common Stock",US,,USALL
RWAY,Runway Growth Finance Corp. - Common Stock,US,,USALL
RWT,"Redwood Trust, Inc. Common Stock",US,,USALL
RXO,"RXO, Inc. Common Stock",US,,USALL
RXRX,"Recursion Pharmaceuticals, Inc. - Class A Common Stock",US,,USALL
RXST,"RxSight, Inc. - Common Stock",US,,USALL
RXT,"Rackspace Technology, Inc. - Common Stock",US,,USALL
RY,Royal Bank Of Canada Common Stock,US,,USALL
RYAM,Rayonier Advanced Materials Inc. Common Stock,US,,USALL
RYAN,"Ryan Specialty Holdings, Inc. Class A Common Stock",US,,USALL
RYDE,Ryde Group Ltd. Class A Ordinary Shares,US,,USALL
RYET,Ruanyun Edai Technology Inc. - Ordinary shares,US,,USALL
RYM,"RYTHM, Inc. - Common Stock",US,,USALL
RYN,Rayonier Inc. REIT Common Stock,US,,USALL
RYOJ,"rYojbaba Co., Ltd. - Common Shares",US,,USALL
RYTM,"Rhythm Pharmaceuticals, Inc. - Common Stock",US,,USALL
RYZ,Ryerson Holding Corporation Common Stock,US,,USALL
RZLT,"Rezolute, Inc. - Common Stock (NV)",US,,USALL
RZLV,Rezolve AI PLC - Ordinary Shares,US,,USALL
S,"SentinelOne, Inc. Class A Common Stock",US,,USALL
SA,"Seabridge Gold, Inc. Common Shares New",US,,USALL
SAAQ,Space Asset Acquisition Corp. - Class A Ordinary Shares,US,,USALL
SABA,Saba Capital Income & Opportunities Fund II Shares of Beneficial Interest,US,,USALL
SABR,Sabre Corporation - Common Stock,US,,USALL
SABS,"SAB Biotherapeutics, Inc. - Common Stock",US,,USALL
SAC,Safeguard Acquisition Corp. Class A Ordinary Shares,US,,USALL
SACH,Sachem Capital Corp. Common Shares,US,,USALL
SAFE,Safehold Inc. New Common Stock,US,,USALL
SAFT,"Safety Insurance Group, Inc. - Common Stock",US,,USALL
SAGU,Shreya Acquisition Group Class A Ordinary Shares,US,,USALL
SAH,"Sonic Automotive, Inc. Common Stock",US,,USALL
SAIA,"Saia, Inc. - Common Stock",US,,USALL
SAIC,Science Applications International Corporation - Common Stock,US,,USALL
SAIH,SAIHEAT Limited - Class A Ordinary Shares,US,,USALL
SAIL,"SailPoint, Inc. - Common Stock",US,,USALL
SAM,"Boston Beer Company, Inc. (The) Common Stock",US,,USALL
SAMG,Silvercrest Asset Management Group Inc. - Common Stock,US,,USALL
SAN,"Banco Santander, S.A. Sponsored ADR (Spain)",US,,USALL
SANA,"Sana Biotechnology, Inc. - Common Stock",US,,USALL
SANG,Sangoma Technologies Corporation - Common Shares,US,,USALL
SANM,Sanmina Corporation - Common Stock,US,,USALL
SAP,SAP  SE ADS,US,,USALL
SAR,Saratoga Investment Corp New,US,,USALL
SARO,"StandardAero, Inc. Common Stock",US,,USALL
SATL,Satellogic Inc. - Class A Common Stock,US,,USALL
SB,"Safe Bulkers, Inc Common Stock ($0.001 par value)",US,,USALL
SBAC,SBA Communications Corporation - Class A Common Stock,US,,USALL
SBCF,Seacoast Banking Corporation of Florida - Common Stock,US,,USALL
SBET,"Sharplink, Inc. - Common Stock",US,,USALL
SBFG,"SB Financial Group, Inc. - Common Stock",US,,USALL
SBFM,Sunshine Biopharma Inc. - Common stock,US,,USALL
SBGI,"Sinclair, Inc. - Class A Common Stock",US,,USALL
SBH,"Sally Beauty Holdings, Inc. (Name to be changed from Sally Holdings, Inc.) Common Stock",US,,USALL
SBI,Western Asset Intermediate Muni Fund Inc Common Stock,US,,USALL
SBLK,Star Bulk Carriers Corp. - Common Shares,US,,USALL
SBMT,Silver Bow Mining Corp. Common Shares,US,,USALL
SBR,Sabine Royalty Trust Common Stock,US,,USALL
SBRA,"Sabra Health Care REIT, Inc. - Common Stock",US,,USALL
SBSI,"Southside Bancshares, Inc. Common Stock",US,,USALL
SBSW,D/B/A Sibanye-Stillwater Limited ADS,US,,USALL
SBUX,Starbucks Corporation - Common Stock,US,,USALL
SBXD,SilverBox Corp IV Class A Ordinary Shares,US,,USALL
SBXE,SilverBox Corp V Class A Ordinary Shares,US,,USALL
SCCO,Southern Copper Corporation Common Stock,US,,USALL
SCD,LMP Capital and Income Fund Inc. Common Stock,US,,USALL
SCE-L,SCE TRUST VI,US,,USALL
SCHL,Scholastic Corporation - Common Stock,US,,USALL
SCHW,Charles Schwab Corporation (The) Common Stock,US,,USALL
SCI,Service Corporation International Common Stock,US,,USALL
SCII,SC II Acquisition Corp. - Class A ordinary share,US,,USALL
SCL,Stepan Company Common Stock,US,,USALL
SCLX,Scilex Holding Company - Common Stock,US,,USALL
SCM,Stellus Capital Investment Corporation Common Stock,US,,USALL
SCOR,"comScore, Inc. - Common Stock",US,,USALL
SCPQ,Social Commerce Partners Corporation - Class A Ordinary Shares,US,,USALL
SCSC,"ScanSource, Inc. - Common Stock",US,,USALL
SCTX,Scribe Therapeutics Inc. - Common Stock,US,,USALL
SCWO,374Water Inc. - common stock,US,,USALL
SCYX,"SCYNEXIS, Inc. - Common Stock",US,,USALL
SCZM,Santacruz Silver Mining Ltd. - Common Shares,US,,USALL
SD,"SandRidge Energy, Inc. Common Stock",US,,USALL
SDEV,Stablecoin Development Corporation Common Stock,US,,USALL
SDGR,"Schrodinger, Inc. - Common Stock",US,,USALL
SDHC,Smith Douglas Homes Corp. Class A Common Stock,US,,USALL
SDHI,Siddhi Acquisition Corp - Class A Common stock,US,,USALL
SDHY,PGIM Short Duration High Yield Opportunities Fund Common Shares,US,,USALL
SDOT,Sadot Group Inc. - Common Stock,US,,USALL
SDRL,Seadrill Limited Common Shares,US,,USALL
SEAT,Vivid Seats Inc. - Class A common stock,US,,USALL
SEB,Seaboard Corporation Common Stock,US,,USALL
SECZ,Securitize Corp. Common Stock,US,,USALL
SEDG,"SolarEdge Technologies, Inc. - Common Stock",US,,USALL
SEED,Origin Agritech Limited - Ordinary Shares,US,,USALL
SEER,"Seer, Inc. - Class A Common Stock",US,,USALL
SEG,Seaport Entertainment Group Inc. Common Stock,US,,USALL
SEI,"Solaris Energy Infrastructure, Inc. Class A Common Stock",US,,USALL
SEIC,SEI Investments Company - Common Stock,US,,USALL
SELF,"Global Self Storage, Inc. - Common Stock",US,,USALL
SENEA,Seneca Foods Corp. - Class A Common Stock,US,,USALL
SENEB,Seneca Foods Corp. - Class B Common Stock,US,,USALL
SENS,"Senseonics Holdings, Inc. - Common Stock",US,,USALL
SEPN,"Septerna, Inc. - Common Stock",US,,USALL
SER,"Serina Therapeutics, Inc. Common Stock",US,,USALL
SERA,"Sera Prognostics, Inc. - Class A Common Stock",US,,USALL
SERV,Serve Robotics Inc. - Common Stock,US,,USALL
SES,SES AI Corporation Class A Common Stock,US,,USALL
SEV,Aptera Motors Corp. - Class B Common Stock,US,,USALL
SEVN,Seven Hills Realty Trust  - Common Stock,US,,USALL
SEZL,Sezzle Inc. - Common Stock,US,,USALL
SF,Stifel Financial Corporation Common Stock,US,,USALL
SFBC,"Sound Financial Bancorp, Inc. - Common Stock",US,,USALL
SFBS,"ServisFirst Bancshares, Inc. Common Stock",US,,USALL
SFD,"Smithfield Foods, Inc. - Common Stock",US,,USALL
SFHG,Samfine Creation Holdings Group Limited - Class A Ordinary Share,US,,USALL
SFIX,"Stitch Fix, Inc. - Class A Common Stock",US,,USALL
SFL,SFL Corporation Ltd,US,,USALL
SFM,"Sprouts Farmers Market, Inc. - Common Stock",US,,USALL
SFNC,Simmons First National Corporation - Common Stock,US,,USALL
SFST,"Southern First Bancshares, Inc. - Common Stock",US,,USALL
SFWL,Shengfeng Development Limited - Class A Ordinary Shares,US,,USALL
SG,"Sweetgreen, Inc. Class A Common Stock",US,,USALL
SGA,"Saga Communications, Inc. - Class A Common Stock",US,,USALL
SGC,"Superior Group of Companies, Inc. - Common Stock",US,,USALL
SGHC,Super Group (SGHC) Limited Ordinary Shares,US,,USALL
SGHT,"Sight Sciences, Inc. - Common Stock",US,,USALL
SGI,Somnigroup International Inc. Common Stock,US,,USALL
SGLY,Singularity Future Technology Ltd. - Common Stock,US,,USALL
SGML,Sigma Lithium Corporation - common shares,US,,USALL
SGMT,Sagimet Biosciences Inc. - Series A Common Stock,US,,USALL
SGP,"SpyGlass Pharma, Inc. - Common Stock",US,,USALL
SGRY,"Surgery Partners, Inc. - Common Stock",US,,USALL
SGU,Star Group L.P. Common Stock,US,,USALL
SHAK,"Shake Shack, Inc. Class A Common Stock",US,,USALL
SHAZ,"SharonAI Holdings, Inc. - Class A Common Stock",US,,USALL
SHBI,"Shore Bancshares, Inc. - Common Stock",US,,USALL
SHC,Sotera Health Company - Common Stock,US,,USALL
SHEN,Shenandoah Telecommunications Co - Common Stock,US,,USALL
SHIM,Shimmick Corporation - Common Stock,US,,USALL
SHIP,Seanergy Maritime Holdings Corp. - Common Stock,US,,USALL
SHLS,"Shoals Technologies Group, Inc. - Class A Common Stock",US,,USALL
SHMD,SCHMID Group N.V. - Class A Ordinary Shares,US,,USALL
SHO,"Sunstone Hotel Investors, Inc. Sunstone Hotel Investors, Inc. Common Shares",US,,USALL
SHOE,"Shoe Station Group, Inc. - Common Stock",US,,USALL
SHOO,"Steven Madden, Ltd. - Common Stock",US,,USALL
SHOP,Shopify Inc. - Class A Subordinate Voting Shares,US,,USALL
SHOT,RMG ML Sports Holdings - Class A Ordinary Shares,US,,USALL
SHPH,"Shuttle Pharmaceuticals Holdings, Inc. - common stock",US,,USALL
SHW,Sherwin-Williams Company (The) Common Stock,US,,USALL
SI,"Shoulder Innovations, Inc. Common Stock",US,,USALL
SIBN,"SI-BONE, Inc. - Common Stock",US,,USALL
SID,Companhia Siderurgica Nacional S.A. Common Stock,US,,USALL
SIDU,"Sidus Space, Inc. - Class A Common Stock",US,,USALL
SIEB,Siebert Financial Corp. - Common Stock,US,,USALL
SIF,"SIFCO Industries, Inc. Common Stock",US,,USALL
SIG,Signet Jewelers Limited Common Shares,US,,USALL
SIGA,SIGA Technologies Inc. - Common Stock,US,,USALL
SIGI,"Selective Insurance Group, Inc. - Common Stock",US,,USALL
SII,Sprott Inc. Common Shares,US,,USALL
SILC,Silicom Ltd - Ordinary Shares,US,,USALL
SILO,"Silo Pharma, Inc. - Common Stock",US,,USALL
SIMA,SIM Acquisition Corp. I - Class A Ordinary Shares,US,,USALL
SIND,Sinda Ltd. Common Stock,US,,USALL
SINT,"SiNtx Technologies, Inc. - Common Stock",US,,USALL
SION,"Sionna Therapeutics, Inc. - Common Stock",US,,USALL
SIRI,SiriusXM Holdings Inc. - Common Stock,US,,USALL
SITC,SITE Centers Corp. Common Stock,US,,USALL
SITE,"SiteOne Landscape Supply, Inc. Common Stock",US,,USALL
SITM,SiTime Corporation - Common Stock,US,,USALL
SJ,Scienjoy Holding Corporation - Class A Ordinary Shares,US,,USALL
SJM,The J.M. Smucker Company Common Stock,US,,USALL
SJT,San Juan Basin Royalty Trust Common Stock,US,,USALL
SKE,Skeena Resources Limited Common Shares,US,,USALL
SKIL,Skillsoft Corp. Class A Common Stock,US,,USALL
SKK,SKK Holdings Limited - Class A Ordinary Shares,US,,USALL
SKM,"SK Telecom Co., Ltd. Common Stock",US,,USALL
SKT,Tanger Inc. Common Stock,US,,USALL
SKWD,"Skyward Specialty Insurance Group, Inc. - Common Stock",US,,USALL
SKY,"Champion Homes, Inc. Common Stock",US,,USALL
SKYA,"SkyAI, Inc. - Common Stock",US,,USALL
SKYH,Sky Harbour Group Corporation Class A Common Stock,US,,USALL
SKYQ,Sky Quarry Inc. - Common Stock,US,,USALL
SKYW,"SkyWest, Inc. - Common Stock",US,,USALL
SKYX,SKYX Platforms Corp. - Common Stock,US,,USALL
SLAB,"Silicon Laboratories, Inc. - Common Stock",US,,USALL
SLB,SLB Limited Common Shares,US,,USALL
SLBT,SL Science Holding Limited - Ordinary Shares,US,,USALL
SLDB,Solid Biosciences Inc. - Common Stock,US,,USALL
SLDE,"Slide Insurance Holdings, Inc. - Common Stock",US,,USALL
SLDP,"Solid Power, Inc. - Class A Common Stock",US,,USALL
SLE,"Super League Enterprise, Inc. - Common Stock",US,,USALL
SLF,Sun Life Financial Inc. Common Stock,US,,USALL
SLG,SL Green Realty Corp Common Stock,US,,USALL
SLGL,Sol-Gel Technologies Ltd. - Ordinary Shares,US,,USALL
SLGN,Silgan Holdings Inc. Common Stock,US,,USALL
SLI,Standard Lithium Ltd. Common Shares,US,,USALL
SLM,SLM Corporation - Common Stock,US,,USALL
SLMT,Brera Holdings PLC - Class B Ordinary Shares,US,,USALL
SLND,"Southland Holdings, Inc. Common Stock",US,,USALL
SLNG,"Stabilis Solutions, Inc. - Common Stock",US,,USALL
SLNH,"Soluna Holdings, Inc. - Common Stock",US,,USALL
SLP,"Simulations Plus, Inc. - Common Stock",US,,USALL
SLQT,"SelectQuote, Inc. Common Stock",US,,USALL
SLRC,SLR Investment Corp. - Closed End Fund,US,,USALL
SLS,"SELLAS Life Sciences Group, Inc.  - Common Stock",US,,USALL
SLSN,"Solesence, Inc. - Common stock",US,,USALL
SLSR,Solaris Resources Inc. Common Shares,US,,USALL
SLVM,Sylvamo Corporation Common Stock,US,,USALL
SM,SM Energy Company Common Stock,US,,USALL
SMA,"SmartStop Self Storage REIT, Inc. Common Stock",US,,USALL
SMBC,"Southern Missouri Bancorp, Inc. - Common Stock",US,,USALL
SMBK,"SmartFinancial, Inc. Common Stock",US,,USALL
SMC,Summit Midstream Corporation Common Stock,US,,USALL
SMCI,"Super Micro Computer, Inc. - Common Stock",US,,USALL
SMG,Scotts Miracle-Gro Company (The) Common Stock,US,,USALL
SMHB,ETRACS Monthly Pay 2x Leveraged Small Cap High Dividend ETN Series B,US,,USALL
SMHI,SEACOR Marine Holdings Inc. Common Stock,US,,USALL
SMID,Smith-Midland Corporation - Common Stock,US,,USALL
SMJF,SMJ International Holdings Inc. Class A Ordinary Shares,US,,USALL
SMMT,Summit Therapeutics Inc.  - Common Stock,US,,USALL
SMP,"Standard Motor Products, Inc. Common Stock",US,,USALL
SMPL,The Simply Good Foods Company - Common Stock,US,,USALL
SMR,NuScale Power Corporation Class A Common Stock,US,,USALL
SMRT,"SmartRent, Inc. Class A Common Stock",US,,USALL
SMSI,"Smith Micro Software, Inc. - Common Stock",US,,USALL
SMTC,Semtech Corporation - Common Stock,US,,USALL
SMTI,Sanara MedTech Inc. - Common Stock,US,,USALL
SMWB,Similarweb Ltd. Ordinary Shares,US,,USALL
SMX,SMX (Security Matters) Public Limited Company - Ordinary Shares,US,,USALL
SMXT,Solarmax Technology Inc. - Common Stock,US,,USALL
SN,"SharkNinja, Inc. Ordinary Shares",US,,USALL
SNA,Snap-On Incorporated Common Stock,US,,USALL
SNAP,Snap Inc. Class A Common Stock,US,,USALL
SND,"Smart Sand, Inc. - Common Stock",US,,USALL
SNDA,"Sonida Senior Living, Inc. Common Stock",US,,USALL
SNDL,SNDL Inc. - Common Shares,US,,USALL
SNDR,"Schneider National, Inc. Common Stock",US,,USALL
SNDX,"Syndax Pharmaceuticals, Inc. - Common Stock",US,,USALL
SNES,"SenesTech, Inc. - Common Stock",US,,USALL
SNEX,StoneX Group Inc. - Common Stock,US,,USALL
SNFCA,Security National Financial Corporation - Class A Common Stock,US,,USALL
SNN,"Smith & Nephew SNATS, Inc. Common Stock",US,,USALL
SNOA,"Sonoma Pharmaceuticals, Inc. - Common Stock",US,,USALL
SNOW,Snowflake Inc. Common Stock,US,,USALL
SNPS,"Synopsys, Inc. - Common Stock",US,,USALL
SNSC,SunScout Holding Limited Class A Ordinary Shares,US,,USALL
SNT,Senstar Technologies Corporation - Common Shares,US,,USALL
SNTG,Sentage Holdings Inc. - Class A Ordinary Shares,US,,USALL
SNTI,"Senti Biosciences Holdings, Inc. - Common Stock",US,,USALL
SNWV,"SANUWAVE Health, Inc. - Common Stock",US,,USALL
SNX,TD SYNNEX Corporation Common Stock,US,,USALL
SNYR,Synergy CHC Corp. - Common Stock,US,,USALL
SO,Southern Company (The) Common Stock,US,,USALL
SOAR,"Volato Group, Inc. Class A Common Stock",US,,USALL
SOBO,South Bow Corporation Common Shares,US,,USALL
SOC,Sable Offshore Corp. Common Stock,US,,USALL
SOCA,Solarius Capital Acquisition Corp. - Class A Ordinary Share,US,,USALL
SOFI,"SoFi Technologies, Inc.  - Common Stock",US,,USALL
SOLS,Solstice Advanced Materials Inc. - Common Stock,US,,USALL
SOLV,Solventum Corporation Common Stock,US,,USALL
SON,Sonoco Products Company Common Stock,US,,USALL
SONO,"Sonos, Inc. - Common Stock",US,,USALL
SOPH,SOPHiA GENETICS SA - Ordinary Shares,US,,USALL
SOR,"Source Capital, Inc. Cmn Shs of BI",US,,USALL
SORA,AsiaStrategy - Ordinary Shares,US,,USALL
SORN,Soren Acquisition Corp. - Class A Ordinary Shares,US,,USALL
SOS,SOS Limited Class A Ordinary Shares,US,,USALL
SOTK,Sono-Tek Corporation - Common Stock,US,,USALL
SOUL,Soulpower Acquisition Corporation Class A Ordinary Shares,US,,USALL
SOUN,"SoundHound AI, Inc. - Class A Common Stock",US,,USALL
SOWG,Sow Good Inc. - Common Stock,US,,USALL
SPAI,Safe Pro Group Inc. - Common Stock,US,,USALL
SPB,"Spectrum Brands Holdings, Inc. Common Stock",US,,USALL
SPCB,"SuperCom, Ltd. - Ordinary Shares",US,,USALL
SPCE,"Virgin Galactic Holdings, Inc. Common Stock",US,,USALL
SPCX,Space Exploration Technologies Corp. - Class A Common Stock,US,,USALL
SPE,"Special Opportunities Fund, Inc Common Stock",US,,USALL
SPEG,Silver Pegasus Acquisition Corp - Class A Ordinary Shares,US,,USALL
SPFI,"South Plains Financial, Inc. - Common Stock",US,,USALL
SPG,"Simon Property Group, Inc. Common Stock",US,,USALL
SPGI,S&P Global Inc. Common Stock,US,,USALL
SPH,"Suburban Propane Partners, L.P. Common Stock",US,,USALL
SPHL,Springview Holdings Ltd - Ordinary shares,US,,USALL
SPHR,Sphere Entertainment Co. Class A Common Stock,US,,USALL
SPIR,"Spire Global, Inc. Class A Common Stock",US,,USALL
SPMC,"Sound Point Meridian Capital, Inc. Common Stock",US,,USALL
SPNT,SiriusPoint Ltd. Common Shares,US,,USALL
SPOK,"Spok Holdings, Inc. - Common Stock",US,,USALL
SPOT,Spotify Technology S.A. Ordinary Shares,US,,USALL
SPPL,SIMPPLE LTD. - Ordinary Shares,US,,USALL
SPRB,"Spruce Biosciences, Inc. - Common Stock",US,,USALL
SPRC,SciSparc Ltd. - Ordinary Shares,US,,USALL
SPRO,"Spero Therapeutics, Inc. - Common Stock",US,,USALL
SPRU,Spruce Power Holding Corporation Class A Common Stock,US,,USALL
SPRY,"ARS Pharmaceuticals, Inc. - Common Stock",US,,USALL
SPSC,"SPS Commerce, Inc. - Common Stock",US,,USALL
SPT,"Sprout Social, Inc - Class A Common Stock",US,,USALL
SPTX,"Seaport Therapeutics, Inc. - Common Stock",US,,USALL
SPWH,"Sportsman's Warehouse Holdings, Inc. - Common Stock",US,,USALL
SPXC,"SPX Technologies, Inc. Common Stock",US,,USALL
SPXX,Nuveen S&P 500 Dynamic Overwrite Fund,US,,USALL
SQFT,"Presidio Property Trust, Inc. - Class A Common Stock",US,,USALL
SQM,Sociedad Quimica y Minera S.A. Common Stock,US,,USALL
SR,Spire Inc. Common Stock,US,,USALL
SRAD,Sportradar Group AG - Class A Ordinary Shares,US,,USALL
SRBK,"SR Bancorp, Inc. - Common stock",US,,USALL
SRCE,1st Source Corporation - Common Stock,US,,USALL
SRE,DBA Sempra Common Stock,US,,USALL
SRFM,Surf Air Mobility Inc. Common Stock,US,,USALL
SRG,Seritage Growth Properties Class A Common Stock,US,,USALL
SRI,"Stoneridge, Inc. Common Stock",US,,USALL
SRL,Scully Royalty Ltd.,US,,USALL
SRPT,"Sarepta Therapeutics, Inc. - Common Stock",US,,USALL
SRRK,Scholar Rock Holding Corporation - Common Stock,US,,USALL
SRTA,"Strata Critical Medical, Inc. - Class A Common Stock",US,,USALL
SRTS,"Sensus Healthcare, Inc. - Common Stock",US,,USALL
SRV,NXG Cushing Midstream Energy Fund Common Shares of Beneficial Interest,US,,USALL
SRXH,SRX Global Inc. Common Stock,US,,USALL
SRZN,"Surrozen, Inc. - Common Stock",US,,USALL
SSAC,SPACSphere Acquisition Corp. - Class A Ordinary Shares,US,,USALL
SSB,SouthState Bank Corporation Common Stock,US,,USALL
SSBI,Summit State Bank - Common Stock,US,,USALL
SSD,"Simpson Manufacturing Company, Inc. Common Stock",US,,USALL
SSEA,Starry Sea Acquisition Corp - Ordinary Shares,US,,USALL
SSII,SS Innovations International Inc. - Common Stock,US,,USALL
SSM,Sono Group N.V. - Ordinary Shares,US,,USALL
SSMR,Sunshine Silver Mining & Refining Company Common Stock,US,,USALL
SSNC,"SS&C Technologies Holdings, Inc. - Common Stock",US,,USALL
SSP,E.W. Scripps Company (The) - Class A Common Stock,US,,USALL
SSRM,SSR Mining Inc. - Common Stock,US,,USALL
SST,"System1, Inc. Class A Common Stock",US,,USALL
SSTI,"SoundThinking, Inc. - Common Stock",US,,USALL
SSTK,"Shutterstock, Inc. Common Stock",US,,USALL
SSYS,"Stratasys, Ltd. - Common Stock",US,,USALL
ST,Sensata Technologies Holding plc Ordinary Shares,US,,USALL
STAA,STAAR Surgical Company - Common Stock,US,,USALL
STAG,"Stag Industrial, Inc. Common Stock",US,,USALL
STAK,STAK Inc. - Class A Ordinary Shares,US,,USALL
STBA,"S&T Bancorp, Inc. - Common Stock",US,,USALL
STC,Stewart Information Services Corporation Common Stock,US,,USALL
STDN,"Standard Nuclear, Inc. Class A Common Stock",US,,USALL
STE,STERIS plc (Ireland) Ordinary Shares,US,,USALL
STEM,"Stem, Inc. Class A Common Stock",US,,USALL
STEP,StepStone Group Inc. - Class A Common Stock,US,,USALL
STEW,"SRH Total Return Fund, Inc. Common Stock",US,,USALL
STEX,Streamex Corp. - Common Stock,US,,USALL
STFS,Star Fashion Culture Holdings Limited - Class A Ordinary Shares,US,,USALL
STGW,Stagwell Inc. - Class A Common Stock,US,,USALL
STHO,Star Holdings - Shares of Beneficial Interest,US,,USALL
STI,"Solidion Technology, Inc. - Common Stock",US,,USALL
STIM,"Neuronetics, Inc. - Common Stock",US,,USALL
STK,Columbia Seligman Premium Technology Growth Fund Inc,US,,USALL
STKE,Sol Strategies Inc. - Common Shares,US,,USALL
STKS,"The ONE Group Hospitality, Inc. - Common Stock",US,,USALL
STLA,Stellantis N.V. Common Shares,US,,USALL
STLD,"Steel Dynamics, Inc. - Common Stock",US,,USALL
STLN,"Starling Oncology, Inc. - Common Stock",US,,USALL
STM,STMicroelectronics N.V. Common Stock,US,,USALL
STN,Stantec Inc Common Stock,US,,USALL
STNE,StoneCo Ltd. - Class A Common Share,US,,USALL
STNG,Scorpio Tankers Inc. Common Shares,US,,USALL
STOK,"Stoke Therapeutics, Inc. - Common Stock",US,,USALL
STRA,"Strategic Education, Inc. - Common Stock",US,,USALL
STRL,"Sterling Infrastructure, Inc. - Common Stock",US,,USALL
STRO,"Sutro Biopharma, Inc. - Common Stock",US,,USALL
STRR,"Star Equity Holdings, Inc. - Common Stock",US,,USALL
STRT,STRATTEC SECURITY CORPORATION - Common Stock,US,,USALL
STRW,"Strawberry Fields REIT, Inc. Common Stock",US,,USALL
STRZ,Starz Entertainment Corp. - Common Shares,US,,USALL
STT,State Street Corporation Common Stock,US,,USALL
STTK,"Shattuck Labs, Inc. - Common Stock",US,,USALL
STUB,"StubHub Holdings, Inc. Class A Common Stock",US,,USALL
STVN,Stevanato Group S.p.A. Ordinary Shares,US,,USALL
STWD,"STARWOOD PROPERTY TRUST, INC. Starwood Property Trust Inc.",US,,USALL
STX,Seagate Technology Holdings PLC - Ordinary Shares (Ireland),US,,USALL
STXS,"Stereotaxis, Inc. Common Stock",US,,USALL
STZ,"Constellation Brands, Inc. Common Stock",US,,USALL
SU,Suncor Energy  Inc. Common Stock,US,,USALL
SUGP,SU Group Holdings Limited - Class A Ordinary Shares,US,,USALL
SUI,"Sun Communities, Inc. Common Stock",US,,USALL
SUIG,Sui Group Holdings Limited - Common Stock,US,,USALL
SUJA,"Suja Life, Inc. - Class A Common Stock",US,,USALL
SUMA,SUMA Acquisition Corporation - Class A Ordinary Shares,US,,USALL
SUNB,"Sunbelt Rentals Holdings, Inc. Common Stock",US,,USALL
SUNE,"SUNation Energy, Inc. - Common Stock",US,,USALL
SUNS,"Sunrise Realty Trust, Inc. - Common Stock",US,,USALL
SUPN,"Supernus Pharmaceuticals, Inc. - Common Stock",US,,USALL
SUPX,SuperX AI Technology Limited - Ordinary Shares,US,,USALL
SVA,"Sinovac Biotech, Ltd. - Ordinary Shares (Antigua/Barbudo)",US,,USALL
SVAQ,Silicon Valley Acquisition Corp. - Class A Ordinary Shares,US,,USALL
SVC,Service Properties Trust - Common Shares of Beneficial Interest,US,,USALL
SVCC,Stellar V Capital Corp. - Class A Ordinary Shares,US,,USALL
SVCO,"Silvaco Group, Inc. - Common Stock",US,,USALL
SVIV,Spring Valley Acquisition Corp. IV - Class A Ordinary Shares,US,,USALL
SVM,Silvercorp Metals Inc. Common Shares,US,,USALL
SVRA,"Savara, Inc. - Common Stock",US,,USALL
SVV,"Savers Value Village, Inc. Common Stock",US,,USALL
SW,Smurfit WestRock plc Ordinary Shares,US,,USALL
SWAG,"Stran & Company, Inc. - Common Stock",US,,USALL
SWBI,"Smith & Wesson Brands, Inc. - Common Stock",US,,USALL
SWIM,"Latham Group, Inc. - Common Stock",US,,USALL
SWK,"Stanley Black & Decker, Inc. Common Stock",US,,USALL
SWKS,"Skyworks Solutions, Inc. - Common Stock",US,,USALL
SWMR,"Swarmer, Inc - common stock",US,,USALL
SWVL,Swvl Holdings Corp - Ordinary Shares,US,,USALL
SWX,"Southwest Gas Holdings, Inc. Common Stock (DE)",US,,USALL
SWZ,Total Return Securities Fund Common Stock,US,,USALL
SXC,"SunCoke Energy, Inc. Common Stock",US,,USALL
SXI,Standex International Corporation Common Stock,US,,USALL
SXT,Sensient Technologies Corporation Common Stock,US,,USALL
SXTC,"China SXT Pharmaceuticals, Inc. - Class A Ordinary Shares",US,,USALL
SXTP,"60 Degrees Pharmaceuticals, Inc. - Common Stock",US,,USALL
SYBT,"Stock Yards Bancorp, Inc. - Common Stock",US,,USALL
SYF,Synchrony Financial Common Stock,US,,USALL
SYK,Stryker Corporation Common Stock,US,,USALL
SYM,Symbotic Inc. - Class A Common Stock,US,,USALL
SYNA,Synaptics Incorporated - Common Stock,US,,USALL
SYNX,Silynxcom Ltd. Ordinary Shares,US,,USALL
SYPR,"Sypris Solutions, Inc. - Common Stock",US,,USALL
SYRE,"Spyre Therapeutics, Inc. - Common Stock",US,,USALL
SYY,Sysco Corporation Common Stock,US,,USALL
SZZL,Sizzle Acquisition Corp. II - Class A ordinary shares,US,,USALL
T,AT&T Inc.,US,,USALL
TAC,TransAlta Corporation Ordinary Shares,US,,USALL
TACH,Titan Acquisition Corp. - Class A Ordinary Shares,US,,USALL
TACO,Berto Acquisition Corp. - Ordinary Shares,US,,USALL
TACT,TransAct Technologies Incorporated - Common Stock,US,,USALL
TALO,"Talos Energy, Inc. Common Stock",US,,USALL
TAOP,Taoping Inc. - Ordinary Shares,US,,USALL
TAOX,Tao Synergies Inc. - Common Stock,US,,USALL
TAP,Molson Coors Beverage Company Class B Common Stock,US,,USALL
TAP-A,Molson Coors Beverage Company Class A Common Stock,US,,USALL
TARA,"Protara Therapeutics, Inc.  - Common Stock",US,,USALL
TARS,"Tarsus Pharmaceuticals, Inc. - Common Stock",US,,USALL
TASK,"TaskUs, Inc. - Class A Common Stock",US,,USALL
TATT,TAT Technologies Ltd. - Ordinary Shares,US,,USALL
TAVI,Tavia Acquisition Corp. - Ordinary Shares,US,,USALL
TAYD,"Taylor Devices, Inc. - Common Stock",US,,USALL
TBBB,BBB Foods Inc. Class A Common Shares,US,,USALL
TBBK,"The Bancorp, Inc. - Common Stock",US,,USALL
TBCH,Turtle Beach Corporation - Common Stock,US,,USALL
TBI,"TrueBlue, Inc. Common Stock",US,,USALL
TBLA,Taboola.com Ltd. - Ordinary Shares,US,,USALL
TBLD,Thornburg Income Builder Opportunities Trust - Closed End Fund,US,,USALL
TBN,Tamboran Resources Corporation Common stock,US,,USALL
TBPH,"Theravance Biopharma, Inc. - Ordinary Shares",US,,USALL
TCBI,"Texas Capital Bancshares, Inc. - Common Stock",US,,USALL
TCBK,TriCo Bancshares - Common Stock,US,,USALL
TCBS,"Texas Community Bancshares, Inc. - Common Stock",US,,USALL
TCBX,"Third Coast Bancshares, Inc. Common Stock",US,,USALL
TCGX,TCGX Acquisition Corp. - Class A Ordinary Shares,US,,USALL
TCI,"Transcontinental Realty Investors, Inc. Common Stock",US,,USALL
TCMD,"Tactile Systems Technology, Inc. - Common Stock",US,,USALL
TCPC,BlackRock TCP Capital Corp. - Closed End Fund,US,,USALL
TCRX,"TScan Therapeutics, Inc. - Common Stock",US,,USALL
TCX,Tucows Inc. - Common Stock,US,,USALL
TD,Toronto Dominion Bank (The) Common Stock,US,,USALL
TDAC,Translational Development Acquisition Corp. - Ordinary Shares,US,,USALL
TDAY,"USA TODAY Co., Inc. Common Stock",US,,USALL
TDC,Teradata Corporation Common Stock,US,,USALL
TDF,"Templeton Dragon Fund, Inc. Common Stock",US,,USALL
TDG,Transdigm Group Incorporated Common Stock,US,,USALL
TDIC,Dreamland Limited - Class A Ordinary Shares,US,,USALL
TDOC,"Teladoc Health, Inc. Common Stock",US,,USALL
TDS,"Telephone and Data Systems, Inc. Common Shares",US,,USALL
TDUP,ThredUp Inc. - Class A Common Stock,US,,USALL
TDW,Tidewater Inc. Common Stock,US,,USALL
TDWD,Tailwind 2.0 Acquisition Corp. - Class A Ordinary Shares,US,,USALL
TDY,Teledyne Technologies Incorporated Common Stock,US,,USALL
TE,T1 Energy Inc. Common Stock,US,,USALL
TEAM,Atlassian Corporation  - Class A Common Stock,US,,USALL
TECH,Bio-Techne Corp - Common Stock,US,,USALL
TECK,Teck Resources Ltd Ordinary Shares,US,,USALL
TECX,"Tectonic Therapeutic, Inc. - Common Stock",US,,USALL
TEI,"Templeton Emerging Markets Income Fund, Inc. Common Stock",US,,USALL
TEL,TE Connectivity plc Ordinary Shares,US,,USALL
TELO,"Telomir Pharmaceuticals, Inc. - Common Stock",US,,USALL
TEM,"Tempus AI, Inc. - Class A Common Stock",US,,USALL
TEN,Tsakos Energy Navigation Ltd Common Shares,US,,USALL
TENB,"Tenable Holdings, Inc. - Common Stock",US,,USALL
TENX,"Tenax Therapeutics, Inc. - Common Stock",US,,USALL
TEO,Telecom Argentina SA,US,,USALL
TER,"Teradyne, Inc. - Common Stock",US,,USALL
TEX,Terex Corporation Common Stock,US,,USALL
TFC,Truist Financial Corporation Common Stock,US,,USALL
TFII,TFI International Inc. Common Shares,US,,USALL
TFIN,"Triumph Financial, Inc. Common Stock",US,,USALL
TFPM,Triple Flag Precious Metals Corp. Common Shares,US,,USALL
TFSL,TFS Financial Corporation - Common Stock,US,,USALL
TFX,Teleflex Incorporated Common Stock,US,,USALL
TG,Tredegar Corporation Common Stock,US,,USALL
TGB,Trekor Metals Limited Common Shares,US,,USALL
TGE,The Generation Essentials Group Class A Ordinary Shares,US,,USALL
TGEN,Tecogen Inc. Common Stock,US,,USALL
TGL,Treasure Global Inc. - Common Stock,US,,USALL
TGLS,Tecnoglass Holdings Inc. Common Stock,US,,USALL
TGS,Transportadora de Gas del Sur SA TGS Common Stock,US,,USALL
TGT,Target Corporation Common Stock,US,,USALL
TGTX,"TG Therapeutics, Inc. - Common Stock",US,,USALL
TH,Target Hospitality Corp. - Common Stock,US,,USALL
THC,Tenet Healthcare Corporation Common Stock,US,,USALL
THCH,TH International Limited - Ordinary shares,US,,USALL
THEO,BOA Acquisition Corp. II - Class A Ordinary Shares,US,,USALL
THFF,First Financial Corporation  - Common Stock,US,,USALL
THG,Hanover Insurance Group Inc,US,,USALL
THM,"International Tower Hill Mines, Ltd. Ordinary Shares (Canada)",US,,USALL
THO,"Thor Industries, Inc. Common Stock",US,,USALL
THQ,abrdn Healthcare Opportunities Fund Shares of Beneficial Interest,US,,USALL
THRM,Gentherm Inc - Common Stock,US,,USALL
THRY,"Thryv Holdings, Inc. - Common Stock",US,,USALL
THW,abrdn World Healthcare Fund Shares of Beneficial Interest,US,,USALL
TIC,"TIC Solutions, Inc. Common Stock",US,,USALL
TIGO,Millicom International Cellular S.A. - Common Stock,US,,USALL
TII,Titan Mining Corporation Common Shares,US,,USALL
TIL,"Instil Bio, Inc. - Common Stock",US,,USALL
TILE,"Interface, Inc. - Common Stock",US,,USALL
TIPT,Tiptree Inc. - Common Stock,US,,USALL
TISI,"Team, Inc. Common Stock",US,,USALL
TITN,Titan Machinery Inc. - Common Stock,US,,USALL
TJGC,TJGC Group Limited - Class A Ordinary Shares,US,,USALL
TJX,"TJX Companies, Inc. (The) Common Stock",US,,USALL
TK,Teekay Corporation Ltd. Common Stock,US,,USALL
TKC,Turkcell Iletisim Hizmetleri AS Common Stock,US,,USALL
TKNO,"Alpha Teknova, Inc. - Common Stock",US,,USALL
TKO,"TKO Group Holdings, Inc. Class A Common Stock",US,,USALL
TKR,Timken Company (The) Common Stock,US,,USALL
TLF,"Tandy Leather Factory, Inc. - common stock",US,,USALL
TLIH,Ten-League International Holdings Limited - Ordinary Shares,US,,USALL
TLK,"PT Telekomunikasi Indonesia, Tbk",US,,USALL
TLN,Talen Energy Corporation - Common Stock,US,,USALL
TLNC,Talon Capital Corp. - Class A Ordinary Shares,US,,USALL
TLPH,"Talphera, Inc. - Common Stock",US,,USALL
TLRY,"Tilray Brands, Inc. - Common Stock",US,,USALL
TLS,Telos Corporation - Common Stock,US,,USALL
TLSA,Tiziana Life Sciences Ltd - Common Shares,US,,USALL
TLSI,"TriSalus Life Sciences, Inc. - Common Stock",US,,USALL
TLYS,"Tilly's, Inc. Common Stock",US,,USALL
TM,Toyota Motor Corporation Common Stock,US,,USALL
TMC,TMC the metals company Inc. - Common Stock,US,,USALL
TMCI,"Treace Medical Concepts, Inc. - Common Stock",US,,USALL
TMCR,The Metals Royalty Company Inc. - Common Stock,US,,USALL
TMDE,TMD Energy Limited Ordinary Shares,US,,USALL
TMDX,"TransMedics Group, Inc. - Common Stock",US,,USALL
TMO,Thermo Fisher Scientific Inc Common Stock,US,,USALL
TMP,Tompkins Financial Corporation Common Stock,US,,USALL
TMQ,Trilogy Metals Inc. Common Stock,US,,USALL
TMS,Teamshares Inc. - Common Stock,US,,USALL
TMTS,Spartacus Acquisition Corp. II - Class A Ordinary Shares,US,,USALL
TMUS,"T-Mobile US, Inc. - Common Stock",US,,USALL
TNC,Tennant Company Common Stock,US,,USALL
TNDM,"Tandem Diabetes Care, Inc. - Common Stock",US,,USALL
TNET,"TriNet Group, Inc. Common Stock",US,,USALL
TNGX,"Tango Therapeutics, Inc. - Common Stock",US,,USALL
TNK,Teekay Tankers Ltd.,US,,USALL
TNL,Travel   Leisure Co. Common  Stock,US,,USALL
TNON,"Tenon Medical, Inc. - Common Stock",US,,USALL
TNXP,Tonix Pharmaceuticals Holding Corp. - Common Stock,US,,USALL
TOL,"Toll Brothers, Inc. Common Stock",US,,USALL
TONT,Graf Global Corp. Class A ordinary shares,US,,USALL
TONX,TON Strategy Company - Common Stock,US,,USALL
TOON,"Kartoon Studios, Inc. Common Stock",US,,USALL
TOP,TOP Financial Group Limited - Class A Ordinary Shares,US,,USALL
TOPP,Toppoint Holdings Inc. Common Stock,US,,USALL
TOPS,"TOP Ships, Inc. Common Stock",US,,USALL
TORO,Toro Corp. - Common stock,US,,USALL
TOST,"Toast, Inc. Class A Common Stock",US,,USALL
TOVX,"Theriva Biologics, Inc. Common Stock",US,,USALL
TOWN,Towne Bank - Common Stock,US,,USALL
TOYO,"TOYO Co., Ltd - Ordinary Shares",US,,USALL
TP,Ticketplus Ltd. Ordinary Shares,US,,USALL
TPB,"Turning Point Brands, Inc. Common Stock",US,,USALL
TPC,Tutor Perini Corporation Common Stock,US,,USALL
TPCS,TechPrecision Corporation - Common stock,US,,USALL
TPET,Trio Petroleum Corp. Common Stock,US,,USALL
TPG,TPG Inc. - Class A Common Stock,US,,USALL
TPL,Texas Pacific Land Corporation Common Stock,US,,USALL
TPR,"Tapestry, Inc. Common Stock",US,,USALL
TPVG,TriplePoint Venture Growth BDC Corp. Common Stock,US,,USALL
TR,"Tootsie Roll Industries, Inc. Common Stock",US,,USALL
TRAD,APEX Tech Acquisition Inc. Ordinary Shares,US,,USALL
TRAK,"ReposiTrak, Inc. Common Stock",US,,USALL
TRAX,"First Tracks Biotherapeutics, Inc. - Ordinary Shares",US,,USALL
TRC,Tejon Ranch Co Common Stock,US,,USALL
TRDA,"Entrada Therapeutics, Inc. - Common Stock",US,,USALL
TREE,"LendingTree, Inc. - Common Stock",US,,USALL
TREO,Tactical Resources Corp. - Common Shares,US,,USALL
TREX,"Trex Company, Inc. Common Stock",US,,USALL
TRGP,"Targa Resources, Inc. Common Stock",US,,USALL
TRGS,TRG Latin America Acquisitions Corp. - Class A Ordinary Shares,US,,USALL
TRI,Thomson Reuters Corp - Common Shares,US,,USALL
TRIN,Trinity Capital Inc. Common Stock,US,,USALL
TRIP,"TripAdvisor, Inc. - Common Stock",US,,USALL
TRLV,Trulieve Cannabis Corp. Subordinate Voting Shares,US,,USALL
TRMB,Trimble Inc. - Common Stock,US,,USALL
TRMD,TORM plc - Class A Common Stock,US,,USALL
TRMK,Trustmark Corporation - Common Stock,US,,USALL
TRN,"Trinity Industries, Inc. Common Stock",US,,USALL
TRNO,Terreno Realty Corporation Common Stock,US,,USALL
TRNR,Interactive Strength Inc. - Common Stock,US,,USALL
TRNS,"Transcat, Inc. - Common Stock",US,,USALL
TRON,Tron Inc. - Common Stock,US,,USALL
TROO,"TROOPS, Inc.  - Ordinary Shares",US,,USALL
TROW,"T. Rowe Price Group, Inc. - Common Stock",US,,USALL
TROX,Tronox Holdings plc Ordinary Shares (UK),US,,USALL
TRP,TC Energy Corporation Common Stock,US,,USALL
TRS,TriMas Corporation - Common Stock,US,,USALL
TRSG,Tungray Technologies Inc - Class A Ordinary Shares,US,,USALL
TRST,TrustCo Bank Corp NY - Common Stock,US,,USALL
TRT,Trio-Tech International Common Stock,US,,USALL
TRTX,"TPG RE Finance Trust, Inc. Common Stock",US,,USALL
TRU,TransUnion Common Stock,US,,USALL
TRUP,"Trupanion, Inc. - Common Stock",US,,USALL
TRV,"The Travelers Companies, Inc. Common Stock",US,,USALL
TRVI,"Trevi Therapeutics, Inc. - Common Stock",US,,USALL
TRX,TRX Gold Corporation Common Stock,US,,USALL
TSAT,Telesat Corporation - Class A Common Shares and Class B Variable Voting Shares,US,,USALL
TSBK,"Timberland Bancorp, Inc. - Common Stock",US,,USALL
TSCO,Tractor Supply Company - Common Stock,US,,USALL
TSEM,Tower Semiconductor Ltd. - Ordinary Shares,US,,USALL
TSHA,"Taysha Gene Therapies, Inc. - Common Stock",US,,USALL
TSI,"TCW Strategic Income Fund, Inc. Common Stock",US,,USALL
TSLA,"Tesla, Inc.  - Common Stock",US,,USALL
TSLX,"Sixth Street Specialty Lending, Inc. Common Stock",US,,USALL
TSM,Taiwan Semiconductor Manufacturing Company Ltd.,US,,USALL
TSN,"Tyson Foods, Inc. Common Stock",US,,USALL
TSQ,"Townsquare Media, Inc. Class A Common Stock",US,,USALL
TSSI,"TSS, Inc. - Common Stock",US,,USALL
TT,Trane Technologies plc,US,,USALL
TTAM,Titan America SA Common Shares,US,,USALL
TTAN,"ServiceTitan, Inc. - Class A Common Stock",US,,USALL
TTC,Toro Company (The) Common Stock,US,,USALL
TTD,"The Trade Desk, Inc. - Class A Common Stock",US,,USALL
TTE,TotalEnergies SE Ordinary Shares,US,,USALL
TTEC,"TTEC Holdings, Inc. - Common Stock",US,,USALL
TTEK,"Tetra Tech, Inc. - Common Stock",US,,USALL
TTGT,"TechTarget, Inc. - Common Stock",US,,USALL
TTI,"Tetra Technologies, Inc. Common Stock",US,,USALL
TTMI,"TTM Technologies, Inc. - Common Stock",US,,USALL
TTRX,Turn Therapeutics Inc. - Common Stock,US,,USALL
TTWO,"Take-Two Interactive Software, Inc. - Common Stock",US,,USALL
TU,Telus Corporation Ordinary Shares,US,,USALL
TULP,"Bloomia Holdings, Inc. - Common Stock",US,,USALL
TUSK,"Mammoth Energy Services, Inc. - Common Stock",US,,USALL
TV,Grupo Televisa S.A.B. Common Stock,US,,USALL
TVA,Texas Ventures Acquisition III Corp - Class A Ordinary Share,US,,USALL
TVAI,Thayer Ventures Acquisition Corporation II - Class A Ordinary Shares,US,,USALL
TVC,Tennessee Valley Authority Common Stock,US,,USALL
TVE,Tennessee Valley Authority,US,,USALL
TVIV,Texas Ventures Acquisition IV Corp - Class A Ordinary Shares,US,,USALL
TVRD,"Tvardi Therapeutics, Inc. - Common Stock",US,,USALL
TVTX,"Travere Therapeutics, Inc. - Common Stock",US,,USALL
TW,Tradeweb Markets Inc. - Class A Common Stock,US,,USALL
TWAV,"TaoWeave, Inc. - Common Stock",US,,USALL
TWFG,"TWFG, Inc. - Common Stock",US,,USALL
TWG,Top Wealth Group Holding Limited - Class A Ordinary Shares,US,,USALL
TWI,"Titan International, Inc. (DE) Common Stock",US,,USALL
TWIN,"Twin Disc, Incorporated - Common Stock",US,,USALL
TWLO,Twilio Inc. Class A Common Stock,US,,USALL
TWLV,Twelve Seas Investment Company III - Class A Ordinary Shares,US,,USALL
TWN,"Taiwan Fund, Inc. (The) Common Stock",US,,USALL
TWST,Twist Bioscience Corporation - Common Stock,US,,USALL
TXG,"10x Genomics, Inc. - Common Stock",US,,USALL
TXMD,"TherapeuticsMD, Inc. - Common Stock",US,,USALL
TXN,Texas Instruments Incorporated - Common Stock,US,,USALL
TXNM,"TXNM Energy, Inc. Common Stock",US,,USALL
TXRH,"Texas Roadhouse, Inc. - Common Stock",US,,USALL
TXT,Textron Inc. Common Stock,US,,USALL
TY,Tri Continental Corporation Common Stock,US,,USALL
TYG,Tortoise Energy Infrastructure Corporation Common Stock,US,,USALL
TYGO,"Tigo Energy, Inc. - Common Stock",US,,USALL
TYL,"Tyler Technologies, Inc. Common Stock",US,,USALL
TYRA,"Tyra Biosciences, Inc. - Common Stock",US,,USALL
TZOO,Travelzoo - Common Stock,US,,USALL
UA,"Under Armour, Inc. Class C Common Stock",US,,USALL
UAA,"Under Armour, Inc. Class A Common Stock",US,,USALL
UAVS,"AgEagle Aerial Systems, Inc. Common Stock",US,,USALL
UBER,"Uber Technologies, Inc. Common Stock",US,,USALL
UBS,UBS Group AG Registered Ordinary Shares,US,,USALL
UCAR,U Power Limited - Class A Ordinary Shares,US,,USALL
UCIB,"ETRACS UBS Bloomberg Constant Maturity Commodity Index (CMCI) Total Return ETN Series B due April 5, 2038",US,,USALL
UCTT,"Ultra Clean Holdings, Inc. - Common Stock",US,,USALL
UDR,"UDR, Inc. Common Stock",US,,USALL
UE,Urban Edge Properties Common Shares of Beneficial Interest,US,,USALL
UEC,Uranium Energy Corp. Common Stock,US,,USALL
UEIC,Universal Electronics Inc. - Common Stock,US,,USALL
UFI,"Unifi, Inc. New Common Stock",US,,USALL
UFPI,"UFP Industries, Inc. - Common Stock",US,,USALL
UFPT,"UFP Technologies, Inc. - Common Stock",US,,USALL
UGI,UGI Corporation Common Stock,US,,USALL
UHAL,U-Haul Holding Company Common Stock,US,,USALL
UHAL-B,U-Haul Holding Company Series N Non-Voting Common Stock,US,,USALL
UHS,"Universal Health Services, Inc. Common Stock",US,,USALL
UHT,Universal Health Realty Income Trust Common Stock,US,,USALL
UI,Ubiquiti Inc. Common Stock,US,,USALL
UIS,Unisys Corporation New Common Stock,US,,USALL
UK,Ucommune International Ltd  - Class A Ordinary Shares,US,,USALL
ULBI,Ultralife Corporation - Common Stock,US,,USALL
ULCC,"Frontier Group Holdings, Inc. - Common Stock",US,,USALL
ULH,"Universal Logistics Holdings, Inc. - Common Stock",US,,USALL
ULS,UL Solutions Inc. Class A Common Stock,US,,USALL
ULTA,"Ulta Beauty, Inc. - Common Stock",US,,USALL
UMAC,"Unusual Machines, Inc. Common Stock",US,,USALL
UMBF,UMB Financial Corporation - Common Stock,US,,USALL
UMH,"UMH Properties, Inc. Common Stock",US,,USALL
UNB,"Union Bankshares, Inc. - Common Stock",US,,USALL
UNCY,"Unicycive Therapeutics, Inc. - Common Stock",US,,USALL
UNF,Unifirst Corporation Common Stock,US,,USALL
UNM,Unum Group Common Stock,US,,USALL
UNP,Union Pacific Corporation Common Stock,US,,USALL
UONE,"Urban One, Inc.  - Class A Common Stock",US,,USALL
UONEK,"Urban One, Inc.  - Class D Common Stock",US,,USALL
UP,Wheels Up Experience Inc. Class A Common Stock,US,,USALL
UPB,"Upstream Bio, Inc. - Common Stock",US,,USALL
UPBD,"Upbound Group, Inc. - Common Stock",US,,USALL
UPC,Universe Pharmaceuticals Inc - Class A Ordinary Shares,US,,USALL
UPST,"Upstart Holdings, Inc. - Common stock",US,,USALL
UPWK,Upwork Inc. - Common Stock,US,,USALL
URBN,"Urban Outfitters, Inc. - Common Stock",US,,USALL
URG,Ur Energy Inc Common Shares (Canada),US,,USALL
URGN,UroGen Pharma Ltd. - Ordinary Shares,US,,USALL
UROY,Uranium Royalty Corp. - Common Stock,US,,USALL
USA,Liberty All-Star Equity Fund Common Stock,US,,USALL
USAR,"USA Rare Earth, Inc. - Common Stock",US,,USALL
USAS,"Americas Gold and Silver Corporation Common Shares, no par value",US,,USALL
USAU,U.S. Gold Corp. - Common Stock,US,,USALL
USB,U.S. Bancorp Common Stock,US,,USALL
USBC,"USBC, Inc. Common Stock",US,,USALL
USCB,"USCB Financial Holdings, Inc.  - Class A Common Stock",US,,USALL
USDE,StablecoinX Inc. - Class A Common Stock,US,,USALL
USFD,US Foods Holding Corp. Common Stock,US,,USALL
USGO,U.S. GoldMining Inc. - Common stock,US,,USALL
USIO,"Usio, Inc. - Common Stock",US,,USALL
USNA,"USANA Health Sciences, Inc. Common Stock",US,,USALL
USPH,"U.S. Physical Therapy, Inc. Common Stock",US,,USALL
UTF,"Cohen & Steers Infrastructure Fund, Inc Common Stock",US,,USALL
UTG,Reaves Utility Income Fund Common Shares of Beneficial Interest,US,,USALL
UTI,Universal Technical Institute Inc Common Stock,US,,USALL
UTMD,"Utah Medical Products, Inc. - Common Stock",US,,USALL
UTSI,UTStarcom Holdings Corp - Ordinary Shares,US,,USALL
UTZ,Utz Brands Inc Class A Common Stock,US,,USALL
UUU,"Universal Safety Products, Inc. Common Stock",US,,USALL
UUUU,Energy Fuels Inc Ordinary Shares (Canada),US,,USALL
UVE,UNIVERSAL INSURANCE HOLDINGS INC Common Stock,US,,USALL
UVSP,Univest Financial Corporation - Common Stock,US,,USALL
UVV,Universal Corporation Common Stock,US,,USALL
UWMC,UWM Holdings Corporation Class A Common Stock,US,,USALL
UYSC,UY Scuti Acquisition Corp. - Ordinary Shares,US,,USALL
V,Visa Inc.,US,,USALL
VABK,Virginia National Bankshares Corporation - Common Stock,US,,USALL
VAC,Marriott Vacations Worldwide Corporation Common Stock,US,,USALL
VACI,Viking Acquisition Corp. I Class A Ordinary Shares,US,,USALL
VAI,Valor Energy Incorporated - Common Stock,US,,USALL
VAL,Valaris Limited Common Shares,US,,USALL
VALU,"Value Line, Inc. - Common Stock",US,,USALL
VANI,"Vivani Medical, Inc.  - Common Stock",US,,USALL
VATE,INNOVATE Corp. Common Stock,US,,USALL
VBF,Invesco Bond Fund Common Stock,US,,USALL
VBNK,VersaBank - Common Shares,US,,USALL
VC,Visteon Corporation - Common Stock,US,,USALL
VCEL,Vericel Corporation - Common Stock,US,,USALL
VCIG,VCI Global Limited - Ordinary Share,US,,USALL
VCTR,"Victory Capital Holdings, Inc. - Common Stock",US,,USALL
VCV,Invesco California Value Municipal Income Trust Common Stock,US,,USALL
VCX,"Fundrise Innovation Fund, LLC Common Shares of Limited Liability Company Interests",US,,USALL
VCYT,"Veracyte, Inc. - Common Stock",US,,USALL
VECA,Vernal Capital Acquisition Corp. Ordinary Shares,US,,USALL
VECO,Veeco Instruments Inc. - Common Stock,US,,USALL
VEEE,Twin Vee PowerCats Co. - Common Stock,US,,USALL
VEEV,Veeva Systems Inc. Class A Common Stock,US,,USALL
VEL,"Velocity Financial, Inc. Common Stock",US,,USALL
VELO,"Velo3D, Inc. - Common stock",US,,USALL
VENU,Venu Holding Corporation Common Stock,US,,USALL
VERA,"Vera Therapeutics, Inc. - Class A Common Stock",US,,USALL
VERI,"Veritone, Inc. - Common Stock",US,,USALL
VERU,Veru Inc. - Common Stock,US,,USALL
VERX,"Vertex, Inc. - Class A Common Stock",US,,USALL
VET,Vermilion Energy Inc. Common (Canada),US,,USALL
VFC,V.F. Corporation Common Stock,US,,USALL
VFF,"Village Farms International, Inc. - Common Shares",US,,USALL
VFS,VinFast Auto Ltd. - Ordinary Shares,US,,USALL
VG,"Venture Global, Inc. Class A common stock",US,,USALL
VGAS,"Verde Clean Fuels, Inc. - Class A Common Stock",US,,USALL
VGI,Virtus Global Multi-Sector Income Fund Common Shares of Beneficial Interest,US,,USALL
VGM,Invesco Trust for Investment Grade Municipals Common Stock (DE),US,,USALL
VGNT,Versigent PLC Ordinary Shares,US,,USALL
VGZ,Vista Gold Corp Common Stock,US,,USALL
VHC,VirnetX Holding Corp - Common Stock,US,,USALL
VHCP,Vine Hill Capital Investment Corp. II - Class A Ordinary Shares,US,,USALL
VHI,"Valhi, Inc. Common Stock",US,,USALL
VHUB,"VenHub Global, Inc. - Common Stock",US,,USALL
VIA,"Via Transportation, Inc. Class A Common Stock",US,,USALL
VIAV,Viavi Solutions Inc. - Common Stock,US,,USALL
VICI,VICI Properties Inc. Common Stock,US,,USALL
VICR,Vicor Corporation - Common Stock,US,,USALL
VIDA,VIDA Global Inc. Class A Common Stock,US,,USALL
VII,Viking Acquisition Corp. II Class A Ordinary Shares,US,,USALL
VIK,Viking Holdings Ltd Ordinary Shares,US,,USALL
VINP,Vinci Compass Investments Ltd. - Class A Common Shares,US,,USALL
VIR,"Vir Biotechnology, Inc. - Common Stock",US,,USALL
VIRC,Virco Manufacturing Corporation - Common Stock,US,,USALL
VIRT,"Virtu Financial, Inc. Class A Common Stock",US,,USALL
VISN,"Vistance Networks, Inc.  - Common Stock",US,,USALL
VITL,"Vital Farms, Inc. - Common Stock",US,,USALL
VIVK,"Vivakor, Inc. - Common Stock",US,,USALL
VIVO,VivoPower PLC - Class A Ordinary Shares,US,,USALL
VKI,Invesco Advantage Municipal Income Trust II Common Shares of Beneficial Interest (DE),US,,USALL
VKQ,Invesco Municipal Trust Common Stock,US,,USALL
VKTX,"Viking Therapeutics, Inc. - Common Stock",US,,USALL
VLGEA,"Village Super Market, Inc. - Class A Common Stock",US,,USALL
VLN,Valens Semiconductor Ltd. Ordinary Shares,US,,USALL
VLO,Valero Energy Corporation Common Stock,US,,USALL
VLOS,Velos Acquisition I Corp. - Class A Ordinary shares,US,,USALL
VLT,Invesco High Income Trust II,US,,USALL
VLTO,Veralto Corp Common Stock,US,,USALL
VLY,Valley National Bancorp - Common Stock,US,,USALL
VMAR,Vision Marine Technologies Inc. - Common Shares,US,,USALL
VMC,Vulcan Materials Company (Holding Company) Common Stock,US,,USALL
VMD,"Viemed Healthcare, Inc. - Common Shares",US,,USALL
VMET,Versamet Royalties Corporation - Common Stock,US,,USALL
VMI,"Valmont Industries, Inc. Common Stock",US,,USALL
VMO,Invesco Municipal Opportunity Trust Common Stock,US,,USALL
VMRK,Vivmark Residential Common Shares of Beneficial Interest,US,,USALL
VNCE,Vince Holding Corp. - Common Stock,US,,USALL
VNDA,Vanda Pharmaceuticals Inc. - Common Stock,US,,USALL
VNME,Vendome Acquisition Corporation I - Class A Ordinary Shares,US,,USALL
VNO,Vornado Realty Trust Common Stock,US,,USALL
VNOM,"Viper Energy, Inc.  - Class A Common Stock",US,,USALL
VNRX,VolitionRX Limited Common Stock,US,,USALL
VNT,Vontier Corporation Common Stock,US,,USALL
VNTG,Vantage Corp Class A Ordinary Shares,US,,USALL
VOGX,Vogenx Inc - Common Stock,US,,USALL
VOR,Vor Biopharma Inc. - Common Stock,US,,USALL
VOXR,Vox Royalty Corp. - common stock,US,,USALL
VOYA,"Voya Financial, Inc. Common Stock",US,,USALL
VOYG,"Voyager Technologies, Inc. Class A Common Stock",US,,USALL
VPG,"Vishay Precision Group, Inc. Common Stock",US,,USALL
VPV,Invesco Pennsylvania Value Municipal Income Trust Common Stock (DE),US,,USALL
VRA,"Vera Bradley, Inc. - Common Stock",US,,USALL
VRAX,Virax Biolabs Group Limited - Ordinary Shares,US,,USALL
VRCA,Verrica Pharmaceuticals Inc. - Common Stock,US,,USALL
VRDN,"Viridian Therapeutics, Inc.  - Common Stock",US,,USALL
VREX,Varex Imaging Corporation - Common Stock,US,,USALL
VRM,"Vroom, Inc. - Common Stock",US,,USALL
VRNS,"Varonis Systems, Inc. - Common Stock",US,,USALL
VRRM,Verra Mobility Corporation - Class A Common Stock,US,,USALL
VRSK,"Verisk Analytics, Inc. - Common Stock",US,,USALL
VRSN,"VeriSign, Inc. - Common Stock",US,,USALL
VRT,"Vertiv Holdings, LLC Class A Common Stock",US,,USALL
VRTS,"Virtus Investment Partners, Inc. Common Stock",US,,USALL
VRTX,Vertex Pharmaceuticals Incorporated - Common Stock,US,,USALL
VRXA,Veraxa Biotech AG - Ordinary Shares,US,,USALL
VS,Versus Systems Inc. - Common Stock,US,,USALL
VSAT,"ViaSat, Inc. - Common Stock",US,,USALL
VSEC,VSE Corporation - Common Stock,US,,USALL
VSH,"Vishay Intertechnology, Inc. Common Stock",US,,USALL
VSME,VS Media Holdings Limited - Class A Ordinary Shares,US,,USALL
VSNT,"Versant Media Group, Inc. - Class A Common Stock",US,,USALL
VST,Vistra Corp. Common Stock,US,,USALL
VSTM,"Verastem, Inc. - Common Stock",US,,USALL
VSTS,Vestis Corporation Common Stock,US,,USALL
VSXY,Victorias Secret & Co. Common Stock,US,,USALL
VTAK,"Catheter Precision, Inc. Common Stock",US,,USALL
VTEX,VTEX Class A Common Shares,US,,USALL
VTIX,Virtuix Holdings Inc. - Class A Common Stock,US,,USALL
VTN,Invesco Trust for Investment Grade New York Municipals Common Stock,US,,USALL
VTOL,"Bristow Group, Inc. Common Stock",US,,USALL
VTR,"Ventas, Inc. Common Stock",US,,USALL
VTRS,Viatris Inc. - Common Stock,US,,USALL
VTS,"Vitesse Energy, Inc. Common Stock",US,,USALL
VTSI,"VirTra, Inc. - Common Stock",US,,USALL
VTVT,vTv Therapeutics Inc. - Class A Common Stock,US,,USALL
VUZI,Vuzix Corporation  - Common Stock,US,,USALL
VVR,Invesco Senior Income Trust Common Stock (DE),US,,USALL
VVV,Valvoline Inc. Common Stock,US,,USALL
VVX,"V2X, Inc. Common Stock",US,,USALL
VWAV,"VisionWave Holdings, Inc. - Common Stock",US,,USALL
VXX,iPath Series B S&P 500 VIX Short-Term Futures ETN,US,,USALL
VXZ,iPath Series B S&P 500 VIX Mid-Term Futures ETN,US,,USALL
VYGR,"Voyager Therapeutics, Inc. - Common Stock",US,,USALL
VYX,NCR Voyix Corporation Common Stock,US,,USALL
VZ,Verizon Communications Inc. Common Stock,US,,USALL
VZLA,Vizsla Silver Corp. Common Shares,US,,USALL
W,Wayfair Inc. Class A Common Stock,US,,USALL
WAB,Westinghouse Air Brake Technologies Corporation Common Stock,US,,USALL
WABC,Westamerica Bancorporation - Common Stock,US,,USALL
WAFD,"WaFd, Inc. - Common Stock",US,,USALL
WAFU,Wah Fu Education Group Limited - Ordinary Shares,US,,USALL
WAL,Western Alliance Bancorporation Common Stock (DE),US,,USALL
WALD,Waldencast plc - Class A Ordinary Share,US,,USALL
WASH,"Washington Trust Bancorp, Inc. - Common Stock",US,,USALL
WAT,Waters Corporation Common Stock,US,,USALL
WATR,Air Water Ventures Limited - Ordinary Shares,US,,USALL
WATT,Energous Corporation - Common Stock,US,,USALL
WAY,Waystar Holding Corp. - Common Stock,US,,USALL
WBD,"Warner Bros. Discovery, Inc. - Series A Common Stock",US,,USALL
WBI,WaterBridge Infrastructure LLC Class A Shares Representing Limited Liability Company Interests,US,,USALL
WBTN,WEBTOON Entertainment Inc. - Common stock,US,,USALL
WBUY,WEBUY GLOBAL LTD. - Class A Ordinary Shares,US,,USALL
WBX,Wallbox N.V. Class A Ordinary Shares,US,,USALL
WCC,"WESCO International, Inc. Common Stock",US,,USALL
WCN,"Waste Connections, Inc. Common Shares",US,,USALL
WCT,Wellchange Holdings Company Limited - Class A Ordinary shares,US,,USALL
WD,"Walker & Dunlop, Inc Common Stock",US,,USALL
WDAY,"Workday, Inc. - Class A Common Stock",US,,USALL
WDC,Western Digital Corporation - Common Stock,US,,USALL
WDFC,WD-40 Company - Common Stock,US,,USALL
WDI,Western Asset Diversified Income Fund Common Shares of Beneficial Interest,US,,USALL
WEA,Western Asset Bond Fund Share of Beneficial Interest,US,,USALL
WEAV,"Weave Communications, Inc. Common Stock",US,,USALL
WEC,"WEC Energy Group, Inc. Common Stock",US,,USALL
WELL,Welltower Inc. Common Stock,US,,USALL
WEN,Wendy's Company (The) - Common Stock,US,,USALL
WENC,West Enclave Merger Corp. Ordinary Shares,US,,USALL
WENN,Wen Acquisition Corp - Class A Ordinary Shares,US,,USALL
WERN,"Werner Enterprises, Inc. - Common Stock",US,,USALL
WEST,Westrock Coffee Company - Common Stock,US,,USALL
WETH,Wetouch Technology Inc. - Common Stock,US,,USALL
WETO,Wetour Robotics Limited - Ordinary Shares,US,,USALL
WEX,WEX Inc. common stock,US,,USALL
WEYS,"Weyco Group, Inc. - Common Stock",US,,USALL
WFC,Wells Fargo & Company Common Stock,US,,USALL
WFCF,"Where Food Comes From, Inc. - Common Stock",US,,USALL
WFF,WF Holding Limited - Ordinary Shares,US,,USALL
WFG,West Fraser Timber Co. Ltd Common stock,US,,USALL
WFRD,Weatherford International plc - Ordinary shares,US,,USALL
WGO,"Winnebago Industries, Inc. Common Stock",US,,USALL
WGS,GeneDx Holdings Corp. - Class A Common Stock,US,,USALL
WH,"Wyndham Hotels & Resorts, Inc. Common Stock",US,,USALL
WHD,"Cactus, Inc. Class A Common Stock",US,,USALL
WHF,"WhiteHorse Finance, Inc. - Closed End Fund",US,,USALL
WHG,Westwood Holdings Group Inc Common Stock,US,,USALL
WHK,WhiteHawk Minerals Corp Class A Common Stock,US,,USALL
WHLR,"Wheeler Real Estate Investment Trust, Inc. - Common Stock",US,,USALL
WHR,Whirlpool Corporation Common Stock,US,,USALL
WHWK,"Whitehawk Therapeutics, Inc. - Common Stock",US,,USALL
WIA,Western Asset Inflation-Linked Income Fund,US,,USALL
WIMI,WiMi Hologram Cloud Inc. - Class B Ordinary Shares,US,,USALL
WINA,Winmark Corporation - Common Stock,US,,USALL
WING,Wingstop Inc. - Common Stock,US,,USALL
WIT,Wipro Limited Common Stock,US,,USALL
WIW,Western Asset Inflation-Linked Opportunities & Income Fund,US,,USALL
WIX,Wix.com Ltd. - Ordinary Shares,US,,USALL
WK,Workiva Inc. Class A Common Stock,US,,USALL
WKC,World Kinect Corporation Common Stock,US,,USALL
WKHS,"Workhorse Group, Inc. - Common Stock",US,,USALL
WLCO,Wilco 63 Corporation - Class A Ordinary Shares,US,,USALL
WLDN,"Willdan Group, Inc. - Common Stock",US,,USALL
WLDS,Wearable Devices Ltd. - Ordinary Share,US,,USALL
WLFC,Willis Lease Finance Corporation - Common Stock,US,,USALL
WLII,Willow Lane Acquisition Corp. II - Class A Ordinary Shares,US,,USALL
WLK,Westlake Corporation Common Stock,US,,USALL
WLTH,Wealthfront Corporation - Common Stock,US,,USALL
WLY,"John Wiley & Sons, Inc. Common Stock",US,,USALL
WLYB,"John Wiley & Sons, Inc. Common Stock",US,,USALL
WM,"Waste Management, Inc. Common Stock",US,,USALL
WMB,"Williams Companies, Inc. (The) Common Stock",US,,USALL
WMG,Warner Music Group Corp. - Class A Common Stock,US,,USALL
WMK,"Weis Markets, Inc. Common Stock",US,,USALL
WMS,"Advanced Drainage Systems, Inc. Common Stock",US,,USALL
WMT,Walmart Inc. - Common Stock,US,,USALL
WNC,Wabash National Corporation Common Stock,US,,USALL
WNEB,"Western New England Bancorp, Inc. - Common Stock",US,,USALL
WNW,Meiwu Technology Company Limited - Ordinary Shares,US,,USALL
WOK,WORK Medical Technology Group LTD - Class A Ordinary Shares,US,,USALL
WOLF,"Wolfspeed, Inc. Common Stock New",US,,USALL
WOOF,"Petco Health and Wellness Company, Inc. - Class A Common Stock",US,,USALL
WOR,"Worthington Enterprises, Inc. Common Shares",US,,USALL
WPAC,White Pearl Acquisition Corp. Class A Ordinary Shares,US,,USALL
WPC,W. P. Carey Inc. REIT,US,,USALL
WPM,Wheaton Precious Metals Corp Common Shares (Canada),US,,USALL
WPRT,Westport Fuel Systems Inc - Common Shares,US,,USALL
WRAP,"Wrap Technologies, Inc. - Common Stock",US,,USALL
WRB,W.R. Berkley Corporation Common Stock,US,,USALL
WRBY,Warby Parker Inc. Class A Common Stock,US,,USALL
WRLD,World Acceptance Corporation - Common Stock,US,,USALL
WRN,Western Copper and Gold Corporation Common Stock,US,,USALL
WS,"Worthington Steel, Inc. Common Shares",US,,USALL
WSBC,"WesBanco, Inc. - Common Stock",US,,USALL
WSBF,"Waterstone Financial, Inc. - Common Stock",US,,USALL
WSBK,"Winchester Bancorp, Inc. - Common Stock",US,,USALL
WSC,WillScot Holdings Corporation - Class A Common Stock,US,,USALL
WSE,Wise Group plc - Class A Ordinary Shares,US,,USALL
WSFS,WSFS Financial Corporation - Common Stock,US,,USALL
WSHP,WeShop Holdings Limited - Class A Ordinary Shares,US,,USALL
WSM,"Williams-Sonoma, Inc. Common Stock (DE)",US,,USALL
WSO,"Watsco, Inc. Common Stock",US,,USALL
WSO-B,"Watsco, Inc. Class B Common Stock",US,,USALL
WST,"West Pharmaceutical Services, Inc. Common Stock",US,,USALL
WSTN,Westin Acquisition Corp - Class A Ordinary Share,US,,USALL
WT,"WisdomTree, Inc. Common Stock",US,,USALL
WTBA,West Bancorporation - Common Stock,US,,USALL
WTF,Waton Financial Limited - Ordinary Shares,US,,USALL
WTFC,Wintrust Financial Corporation - Common Stock,US,,USALL
WTG,Wintergreen Acquisition Corp. - Ordinary Shares,US,,USALL
WTI,"W&T Offshore, Inc. Common Stock",US,,USALL
WTM,"White Mountains Insurance Group, Ltd. Common Stock",US,,USALL
WTRG,"Essential Utilities, Inc. Common Stock",US,,USALL
WTS,"Watts Water Technologies, Inc. Class A Common Stock",US,,USALL
WTTR,"Select Water Solutions, Inc. Class A common stock",US,,USALL
WTW,Willis Towers Watson Public Limited Company - Ordinary Shares,US,,USALL
WU,Western Union Company (The) Common Stock,US,,USALL
WULF,TeraWulf Inc. - Common Stock,US,,USALL
WVE,"Wave Life Sciences, Inc. - Common Stock",US,,USALL
WVVI,"Willamette Valley Vineyards, Inc. - Common Stock",US,,USALL
WW,"WW International, Inc.  - Common Stock",US,,USALL
WWD,"Woodward, Inc. - Common Stock",US,,USALL
WWR,"Westwater Resources, Inc. Common Stock",US,,USALL
WWW,"Wolverine World Wide, Inc. Common Stock",US,,USALL
WXM,WF International Limited - Ordinary Shares,US,,USALL
WY,Weyerhaeuser Company Common Stock,US,,USALL
WYFI,"WhiteFiber, Inc. - Ordinary Shares",US,,USALL
WYNN,"Wynn Resorts, Limited - Common Stock",US,,USALL
WYY,WidePoint Corporation Common Stock,US,,USALL
XAIR,"Beyond Air, Inc. - Common Stock",US,,USALL
XBIO,"Xenetic Biosciences, Inc. - Common Stock",US,,USALL
XBIT,XBiotech Inc. - Common Stock,US,,USALL
XBP,"XBP Global Holdings, Inc. - Common Stock",US,,USALL
XCBE,X3 Acquisition Corp. Ltd. - Class A Ordinary Shares,US,,USALL
XE,"X-Energy, Inc. - Class A Common Stock",US,,USALL
XEL,Xcel Energy Inc. - Common Stock,US,,USALL
XELB,"Xcel Brands, Inc - Common Stock",US,,USALL
XENE,Xenon Pharmaceuticals Inc. - Common Shares,US,,USALL
XERS,"Xeris Biopharma Holdings, Inc. - Common Stock",US,,USALL
XFLH,XFLH Capital Corporation Ordinary Shares,US,,USALL
XFLT,XAI Floating Rate & Alternative Income Trust Common Shares of Beneficial Interest,US,,USALL
XFOR,"X4 Pharmaceuticals, Inc. - Common Stock",US,,USALL
XGN,Exagen Inc. - Common Stock,US,,USALL
XHLD,"TEN Holdings, Inc. - Common Stock",US,,USALL
XHR,"Xenia Hotels & Resorts, Inc. Common Stock",US,,USALL
XLO,"Xilio Therapeutics, Inc. - Common Stock",US,,USALL
XMAX,"XMAX, Inc. - Common Stock",US,,USALL
XMTR,"Xometry, Inc. - Class A Common Stock",US,,USALL
XNCR,"Xencor, Inc. - Common Stock",US,,USALL
XNDU,Xanadu Quantum Technologies Limited - Class B Subordinate Voting Shares,US,,USALL
XOM,ExxonMobil Holdings Corporation Common Stock,US,,USALL
XOS,"Xos, Inc. - Common Stock",US,,USALL
XP,XP Inc. - Class A Common Stock,US,,USALL
XPEL,"XPEL, Inc. - Common Stock",US,,USALL
XPER,Xperi Inc. Common Stock,US,,USALL
XPL,Solitario Resources Corp. Common Stock,US,,USALL
XPO,"XPO, Inc. Common Stock",US,,USALL
XPOF,"Xponential Fitness, Inc. Class A Common Stock",US,,USALL
XPON,"Expion Energy, Inc. - Common Stock",US,,USALL
XPRO,Expro Ltd Ordinary Shares,US,,USALL
XRAY,DENTSPLY SIRONA Inc. - Common Stock,US,,USALL
XRN,Chiron Real Estate Inc. Common Stock,US,,USALL
XRPN,Armada Acquisition Corp. II - Class A Ordinary Shares,US,,USALL
XRTX,XORTX Therapeutics Inc. - Common Shares,US,,USALL
XRX,Xerox Holdings Corporation - Common Stock,US,,USALL
XSLL,Xsolla SPAC 1 - Class A Ordinary Shares,US,,USALL
XTER,Karman Line Acquisition Corp. - Class A Ordinary Shares,US,,USALL
XTIA,"XTI Aerospace, Inc. Common Stock  - Common Stock",US,,USALL
XTNT,"Xtant Medical Holdings, Inc. Common Stock",US,,USALL
XWEL,"XWELL, Inc. - Common Stock",US,,USALL
XXI,"Twenty One Capital, Inc. Class A Common Stock",US,,USALL
XXII,"22nd Century Group, Inc - Common Stock",US,,USALL
XYL,Xylem Inc. Common Stock New,US,,USALL
XYZ,"Block, Inc. Class A Common Stock,",US,,USALL
XZO,"Exzeo Group, Inc. Common Stock",US,,USALL
YAAS,Youxin Technology Ltd - Class A Ordinary shares,US,,USALL
YARW,"Yarrow Bioscience, Inc. - Common Stock",US,,USALL
YCBD,"cbdMD, Inc. Common Stock",US,,USALL
YCY,AA Mission Acquisition Corp. II Class A Ordinary Shares,US,,USALL
YDDL,One and One Green Technologies. INC - Class A Ordinary Shares,US,,USALL
YDES,YD Bio Limited - Ordinary Shares,US,,USALL
YDKG,Yueda Digital Holding - Class A Ordinary Share,US,,USALL
YELP,Yelp Inc. Common Stock,US,,USALL
YETI,"YETI Holdings, Inc. Common Stock",US,,USALL
YEXT,"Yext, Inc. Common Stock",US,,USALL
YHC,LQR House Inc. - Common Stock,US,,USALL
YHGJ,Yunhong Green CTI Ltd. - Common Stock,US,,USALL
YIBO,Planet Image International Limited - Class A Ordinary Shares,US,,USALL
YICC,Yorkville International Capital Corp. - Class A Ordinary Shares,US,,USALL
YMAT,"J-Star Holding Co., Ltd. - Class A Ordinary Shares",US,,USALL
YORW,The York Water Company - Common Stock,US,,USALL
YOU,"Clear Secure, Inc. Class A Common Stock",US,,USALL
YSS,York Space Systems Inc. Common Stock,US,,USALL
YSWY,"Yesway, Inc. - Class A Common Stock",US,,USALL
YSXT,"YSX Tech. Co., Ltd  - Class A Ordinary Shares",US,,USALL
YUM,"Yum! Brands, Inc.",US,,USALL
YUMC,"Yum China Holdings, Inc. Common Stock",US,,USALL
YYAI,AiRWA Inc. - Common Stock,US,,USALL
YYGH,YY Group Holding Limited - Class A Ordinary Shares,US,,USALL
Z,"Zillow Group, Inc. - Class C Capital Stock",US,,USALL
ZBH,"Zimmer Biomet Holdings, Inc. Common Stock",US,,USALL
ZBIO,"Zenas BioPharma, Inc. - Common Stock",US,,USALL
ZBRA,Zebra Technologies Corporation - Class A Common Stock,US,,USALL
ZCMD,Zhongchao Inc. - Class A Ordinary Shares,US,,USALL
ZD,"Ziff Davis, Inc. - Common Stock",US,,USALL
ZDAI,"DirectBooking Technology Co., Ltd. - Class A Ordinary Shares",US,,USALL
ZDGE,"Zedge, Inc. Class B Common Stock",US,,USALL
ZENA,"ZenaTech, Inc. - Common Stock",US,,USALL
ZETA,Zeta Global Holdings Corp. Class A Common Stock,US,,USALL
ZG,"Zillow Group, Inc. - Class A Common Stock",US,,USALL
ZGN,Ermenegildo Zegna N.V. Ordinary Shares,US,,USALL
ZIM,ZIM Integrated Shipping Services Ltd. Ordinary Shares,US,,USALL
ZION,Zions Bancorporation N.A. - Common Stock,US,,USALL
ZIP,"ZipRecruiter, Inc. Class A Common Stock",US,,USALL
ZJK,"ZJK Industrial Co., Ltd. - Class A Ordinary Shares",US,,USALL
ZJYL,JIN MEDICAL INTERNATIONAL LTD. - Class A Ordinary Shares,US,,USALL
ZKIN,"ZK International Group Co., Ltd - Ordinary Share",US,,USALL
ZKP,Lafayette Digital Acquisition Corp. I - Class A Ordinary Shares,US,,USALL
ZM,"Zoom Communications, Inc. - Class A Common Stock",US,,USALL
ZNB,Zeta Network Group - Class A Ordinary Shares,US,,USALL
ZNTL,"Zentalis Pharmaceuticals, Inc. - common stock",US,,USALL
ZONE,CleanCore Solutions Inc. Class B Common Stock,US,,USALL
ZOOZ,ZOOZ Strategy Ltd. - Ordinary Shares,US,,USALL
ZS,"Zscaler, Inc. - Common Stock",US,,USALL
ZSQR,Z Squared Inc. - Common Stock,US,,USALL
ZSTK,ZeroStack Corp. - Common Stock,US,,USALL
ZTG,Zenta Group Company Limited - Class A Ordinary Shares,US,,USALL
ZTR,Virtus Total Return Fund Inc.,US,,USALL
ZTS,Zoetis Inc. Class A Common Stock,US,,USALL
ZUMZ,Zumiez Inc. - Common Stock,US,,USALL
ZURA,Zura Bio Limited - Class A Ordinary shares,US,,USALL
ZVIA,Zevia PBC Class A Common Stock,US,,USALL
ZVRA,"Zevra Therapeutics, Inc.  - Common Stock",US,,USALL
ZWS,Zurn Elkay Water Solutions Corporation Common Stock,US,,USALL
ZYBT,Zhengye Biotechnology Holding Limited - Class A Ordinary Shares,US,,USALL
ZYME,Zymeworks Inc. - Common Stock,US,,USALL
