ticker,type,price,why
QNBC,BUY STOP,46.1806,"breakout trigger, above the base pivot"
QNBC,BUY LIMIT,45.94,"pullback entry, old resistance acting as support"
QNBC,STOP LOSS,42.1389,"initial stop, below base support and the 30 week average"
QNBC,BREAKEVEN,49.2119,move the stop to entry here
QNBC,TARGET 1,56.2139,"measured move, sell part of the position (2.48R)"
QNBC,TARGET 2,64.4331,second measured move (4.52R)
QNBC,BUY LIMIT,43.4436,buy the 30 week average on a pullback in an established Stage 2
QNBC,STOP LOSS,42.1389,"initial stop, below base support and the 30 week average"
QNBC,BREAKEVEN,44.4222,move the stop to entry here
QNBC,TARGET 1,46.6,"measured move, sell part of the position (2.42R)"
QNBC,TARGET 2,49.1251,second measured move (4.35R)
RGR,BUY STOP,45.0545,"breakout trigger, above the base pivot"
RGR,BUY LIMIT,44.48,"pullback entry, old resistance acting as support"
RGR,STOP LOSS,39.648,"initial stop, below base support and the 30 week average"
RGR,BREAKEVEN,49.1094,move the stop to entry here
RGR,TARGET 1,58.8542,"measured move, sell part of the position (2.55R)"
RGR,TARGET 2,70.3536,second measured move (4.68R)
RGR,BUY LIMIT,39.7889,buy the 30 week average on a pullback in an established Stage 2
RGR,STOP LOSS,36.0955,"initial stop, below base support and the 30 week average"
RGR,BREAKEVEN,42.559,move the stop to entry here
RGR,TARGET 1,45.3291,"measured move, sell part of the position (1.5R)"
RGR,TARGET 2,49.7613,second measured move (2.7R)
LSBK,BUY STOP,19.2695,"breakout trigger, above the base pivot"
LSBK,BUY LIMIT,19.09,"pullback entry, old resistance acting as support"
LSBK,STOP LOSS,16.9571,"initial stop, below base support and the 30 week average"
LSBK,BREAKEVEN,21.0037,move the stop to entry here
LSBK,TARGET 1,23.8076,"measured move, sell part of the position (1.96R)"
LSBK,TARGET 2,27.5816,second measured move (3.59R)
LSBK,BUY LIMIT,16.6892,buy the 30 week average on a pullback in an established Stage 2
LSBK,STOP LOSS,15.7559,"initial stop, below base support and the 30 week average"
LSBK,BREAKEVEN,17.3891,move the stop to entry here
LSBK,TARGET 1,19.09,"measured move, sell part of the position (2.57R)"
LSBK,TARGET 2,21.0107,second measured move (4.63R)
FNWD,BUY STOP,46.3202,"breakout trigger, above the base pivot"
FNWD,BUY LIMIT,45.7713,"pullback entry, old resistance acting as support"
FNWD,STOP LOSS,40.7618,"initial stop, below base support and the 30 week average"
FNWD,BREAKEVEN,50.489,move the stop to entry here
FNWD,TARGET 1,61.6834,"measured move, sell part of the position (2.76R)"
FNWD,TARGET 2,74.4131,second measured move (5.05R)
FNWD,BUY LIMIT,38.0568,buy the 30 week average on a pullback in an established Stage 2
FNWD,STOP LOSS,35.2025,"initial stop, below base support and the 30 week average"
FNWD,BREAKEVEN,40.1976,move the stop to entry here
FNWD,TARGET 1,45.7713,"measured move, sell part of the position (2.7R)"
FNWD,TARGET 2,51.9428,second measured move (4.86R)
BRBS,BUY STOP,4.2428,"breakout trigger, above the base pivot"
BRBS,BUY LIMIT,4.195,"pullback entry, old resistance acting as support"
BRBS,STOP LOSS,3.7336,"initial stop, below base support and the 30 week average"
BRBS,BREAKEVEN,4.6246,move the stop to entry here
BRBS,TARGET 1,5.174,"measured move, sell part of the position (1.83R)"
BRBS,TARGET 2,5.9572,second measured move (3.37R)
BRBS,BUY LIMIT,3.6058,buy the 30 week average on a pullback in an established Stage 2
BRBS,STOP LOSS,3.3573,"initial stop, below base support and the 30 week average"
BRBS,BREAKEVEN,3.7921,move the stop to entry here
BRBS,TARGET 1,4.195,"measured move, sell part of the position (2.37R)"
BRBS,TARGET 2,4.6664,second measured move (4.27R)
ETD,BUY STOP,25.4698,"breakout trigger, above the base pivot"
ETD,BUY LIMIT,25.13,"pullback entry, old resistance acting as support"
ETD,STOP LOSS,22.4135,"initial stop, below base support and the 30 week average"
ETD,BREAKEVEN,27.7621,move the stop to entry here
ETD,TARGET 1,34.6336,"measured move, sell part of the position (3.0R)"
ETD,TARGET 2,42.2365,second measured move (5.49R)
ETD,BUY LIMIT,19.3339,buy the 30 week average on a pullback in an established Stage 2
ETD,STOP LOSS,17.5668,"initial stop, below base support and the 30 week average"
ETD,BREAKEVEN,20.6593,move the stop to entry here
ETD,TARGET 1,25.13,"measured move, sell part of the position (3.28R)"
ETD,TARGET 2,29.7669,second measured move (5.9R)
CNH,BUY STOP,14.7654,"breakout trigger, above the base pivot"
CNH,BUY LIMIT,14.46,"pullback entry, old resistance acting as support"
CNH,STOP LOSS,12.9936,"initial stop, below base support and the 30 week average"
CNH,BREAKEVEN,16.0942,move the stop to entry here
CNH,TARGET 1,19.2038,"measured move, sell part of the position (2.5R)"
CNH,TARGET 2,22.9988,second measured move (4.65R)
CNH,BUY LIMIT,11.2997,buy the 30 week average on a pullback in an established Stage 2
CNH,STOP LOSS,9.9437,"initial stop, below base support and the 30 week average"
CNH,BREAKEVEN,12.3167,move the stop to entry here
CNH,TARGET 1,14.46,"measured move, sell part of the position (2.33R)"
CNH,TARGET 2,16.9882,second measured move (4.2R)
NBBK,BUY STOP,23.7463,"breakout trigger, above the base pivot"
NBBK,BUY LIMIT,23.47,"pullback entry, old resistance acting as support"
NBBK,STOP LOSS,21.0527,"initial stop, below base support and the 30 week average"
NBBK,BREAKEVEN,25.7665,move the stop to entry here
NBBK,TARGET 1,28.5497,"measured move, sell part of the position (1.78R)"
NBBK,TARGET 2,32.6134,second measured move (3.29R)
NBBK,BUY LIMIT,21.4885,buy the 30 week average on a pullback in an established Stage 2
NBBK,STOP LOSS,20.0518,"initial stop, below base support and the 30 week average"
NBBK,BREAKEVEN,22.5659,move the stop to entry here
NBBK,TARGET 1,23.6434,"measured move, sell part of the position (1.5R)"
NBBK,TARGET 2,25.3674,second measured move (2.7R)
FUSB,BUY STOP,17.1468,"breakout trigger, above the base pivot"
FUSB,BUY LIMIT,16.99,"pullback entry, old resistance acting as support"
FUSB,STOP LOSS,15.3132,"initial stop, below base support and the 30 week average"
FUSB,BREAKEVEN,18.5221,move the stop to entry here
FUSB,TARGET 1,19.3955,"measured move, sell part of the position (1.23R)"
FUSB,TARGET 2,21.3198,second measured move (2.28R)
FUSB,BUY LIMIT,16.1753,buy the 30 week average on a pullback in an established Stage 2
FUSB,STOP LOSS,15.3132,"initial stop, below base support and the 30 week average"
FUSB,BREAKEVEN,16.8219,move the stop to entry here
FUSB,TARGET 1,17.4685,"measured move, sell part of the position (1.5R)"
FUSB,TARGET 2,18.503,second measured move (2.7R)
CBNK,BUY STOP,41.1847,"breakout trigger, above the base pivot"
CBNK,BUY LIMIT,40.7,"pullback entry, old resistance acting as support"
CBNK,STOP LOSS,36.2426,"initial stop, below base support and the 30 week average"
CBNK,BREAKEVEN,44.8914,move the stop to entry here
CBNK,TARGET 1,53.5702,"measured move, sell part of the position (2.51R)"
CBNK,TARGET 2,63.8663,second measured move (4.59R)
CBNK,BUY LIMIT,34.3391,buy the 30 week average on a pullback in an established Stage 2
CBNK,STOP LOSS,31.8185,"initial stop, below base support and the 30 week average"
CBNK,BREAKEVEN,36.2296,move the stop to entry here
CBNK,TARGET 1,40.7,"measured move, sell part of the position (2.52R)"
CBNK,TARGET 2,45.7887,second measured move (4.54R)
ITIC,BUY STOP,313.0191,"breakout trigger, above the base pivot"
ITIC,BUY LIMIT,309.0663,"pullback entry, old resistance acting as support"
ITIC,STOP LOSS,275.4568,"initial stop, below base support and the 30 week average"
ITIC,BREAKEVEN,341.1909,move the stop to entry here
ITIC,TARGET 1,409.5477,"measured move, sell part of the position (2.57R)"
ITIC,TARGET 2,489.9328,second measured move (4.71R)
ITIC,BUY LIMIT,264.9495,buy the 30 week average on a pullback in an established Stage 2
ITIC,STOP LOSS,244.3949,"initial stop, below base support and the 30 week average"
ITIC,BREAKEVEN,280.3655,move the stop to entry here
ITIC,TARGET 1,309.0663,"measured move, sell part of the position (2.15R)"
ITIC,TARGET 2,344.3598,second measured move (3.86R)
RUSHB,BUY STOP,58.2417,"breakout trigger, above the base pivot"
RUSHB,BUY LIMIT,57.38,"pullback entry, old resistance acting as support"
RUSHB,STOP LOSS,51.2527,"initial stop, below base support and the 30 week average"
RUSHB,BREAKEVEN,63.4834,move the stop to entry here
RUSHB,TARGET 1,77.2578,"measured move, sell part of the position (2.72R)"
RUSHB,TARGET 2,93.16,second measured move (5.0R)
RUSHB,BUY LIMIT,49.4361,buy the 30 week average on a pullback in an established Stage 2
RUSHB,STOP LOSS,44.9555,"initial stop, below base support and the 30 week average"
RUSHB,BREAKEVEN,52.7965,move the stop to entry here
RUSHB,TARGET 1,57.43,"measured move, sell part of the position (1.78R)"
RUSHB,TARGET 2,63.8251,second measured move (3.21R)
SAFT,BUY STOP,104.6916,"breakout trigger, above the base pivot"
SAFT,BUY LIMIT,104.01,"pullback entry, old resistance acting as support"
SAFT,STOP LOSS,92.1286,"initial stop, below base support and the 30 week average"
SAFT,BREAKEVEN,114.1138,move the stop to entry here
SAFT,TARGET 1,140.6924,"measured move, sell part of the position (2.87R)"
SAFT,TARGET 2,170.0384,second measured move (5.2R)
SAFT,BUY LIMIT,84.7734,buy the 30 week average on a pullback in an established Stage 2
SAFT,STOP LOSS,81.2291,"initial stop, below base support and the 30 week average"
SAFT,BREAKEVEN,87.4316,move the stop to entry here
SAFT,TARGET 1,104.01,"measured move, sell part of the position (5.43R)"
SAFT,TARGET 2,119.3993,second measured move (9.77R)
WAB,BUY STOP,309.9718,"breakout trigger, above the base pivot"
WAB,BUY LIMIT,306.3238,"pullback entry, old resistance acting as support"
WAB,STOP LOSS,272.7752,"initial stop, below base support and the 30 week average"
WAB,BREAKEVEN,337.8693,move the stop to entry here
WAB,TARGET 1,380.3703,"measured move, sell part of the position (1.89R)"
WAB,TARGET 2,439.6074,second measured move (3.49R)
WAB,BUY LIMIT,273.7175,buy the 30 week average on a pullback in an established Stage 2
WAB,STOP LOSS,254.7479,"initial stop, below base support and the 30 week average"
WAB,BREAKEVEN,287.9446,move the stop to entry here
WAB,TARGET 1,304.36,"measured move, sell part of the position (1.62R)"
WAB,TARGET 2,328.874,second measured move (2.91R)
DGX,BUY STOP,250.8116,"breakout trigger, above the base pivot"
DGX,BUY LIMIT,247.9184,"pullback entry, old resistance acting as support"
DGX,STOP LOSS,220.7142,"initial stop, below base support and the 30 week average"
DGX,BREAKEVEN,273.3846,move the stop to entry here
DGX,TARGET 1,311.0479,"measured move, sell part of the position (2.0R)"
DGX,TARGET 2,361.5514,second measured move (3.68R)
DGX,BUY LIMIT,213.5673,buy the 30 week average on a pullback in an established Stage 2
DGX,STOP LOSS,198.5231,"initial stop, below base support and the 30 week average"
DGX,BREAKEVEN,224.8504,move the stop to entry here
DGX,TARGET 1,247.9184,"measured move, sell part of the position (2.28R)"
DGX,TARGET 2,275.3994,second measured move (4.11R)
HVT,BUY STOP,29.8872,"breakout trigger, above the base pivot"
HVT,BUY LIMIT,29.4731,"pullback entry, old resistance acting as support"
HVT,STOP LOSS,26.3007,"initial stop, below base support and the 30 week average"
HVT,BREAKEVEN,32.577,move the stop to entry here
HVT,TARGET 1,39.3693,"measured move, sell part of the position (2.64R)"
HVT,TARGET 2,47.2862,second measured move (4.85R)
HVT,BUY LIMIT,24.5716,buy the 30 week average on a pullback in an established Stage 2
HVT,STOP LOSS,22.4183,"initial stop, below base support and the 30 week average"
HVT,BREAKEVEN,26.1866,move the stop to entry here
HVT,TARGET 1,29.4731,"measured move, sell part of the position (2.28R)"
HVT,TARGET 2,33.3943,second measured move (4.1R)
IMMR,BUY STOP,8.1804,"breakout trigger, above the base pivot"
IMMR,BUY LIMIT,8.05,"pullback entry, old resistance acting as support"
IMMR,STOP LOSS,7.1988,"initial stop, below base support and the 30 week average"
IMMR,BREAKEVEN,8.9167,move the stop to entry here
IMMR,TARGET 1,10.9697,"measured move, sell part of the position (2.84R)"
IMMR,TARGET 2,13.3054,second measured move (5.22R)
IMMR,BUY LIMIT,6.7531,buy the 30 week average on a pullback in an established Stage 2
IMMR,STOP LOSS,6.075,"initial stop, below base support and the 30 week average"
IMMR,BREAKEVEN,7.2618,move the stop to entry here
IMMR,TARGET 1,7.9,"measured move, sell part of the position (1.69R)"
IMMR,TARGET 2,8.8175,second measured move (3.04R)
CRCT,BUY STOP,6.7711,"breakout trigger, above the base pivot"
CRCT,BUY LIMIT,6.66,"pullback entry, old resistance acting as support"
CRCT,STOP LOSS,5.9586,"initial stop, below base support and the 30 week average"
CRCT,BREAKEVEN,7.3805,move the stop to entry here
CRCT,TARGET 1,9.657,"measured move, sell part of the position (3.55R)"
CRCT,TARGET 2,12.0546,second measured move (6.5R)
CRCT,BUY LIMIT,4.8226,buy the 30 week average on a pullback in an established Stage 2
CRCT,STOP LOSS,4.2448,"initial stop, below base support and the 30 week average"
CRCT,BREAKEVEN,5.256,move the stop to entry here
CRCT,TARGET 1,6.66,"measured move, sell part of the position (3.18R)"
CRCT,TARGET 2,8.1299,second measured move (5.72R)
CRD-B,BUY STOP,13.8659,"breakout trigger, above the base pivot"
CRD-B,BUY LIMIT,13.59,"pullback entry, old resistance acting as support"
CRD-B,STOP LOSS,12.202,"initial stop, below base support and the 30 week average"
CRD-B,BREAKEVEN,15.1138,move the stop to entry here
CRD-B,TARGET 1,18.521,"measured move, sell part of the position (2.8R)"
CRD-B,TARGET 2,22.4659,second measured move (5.17R)
CRD-B,BUY LIMIT,10.8273,buy the 30 week average on a pullback in an established Stage 2
CRD-B,STOP LOSS,9.5281,"initial stop, below base support and the 30 week average"
CRD-B,BREAKEVEN,11.8018,move the stop to entry here
CRD-B,TARGET 1,13.59,"measured move, sell part of the position (2.13R)"
CRD-B,TARGET 2,15.8001,second measured move (3.83R)
HITI,BUY STOP,2.9041,"breakout trigger, above the base pivot"
HITI,BUY LIMIT,2.85,"pullback entry, old resistance acting as support"
HITI,STOP LOSS,2.5556,"initial stop, below base support and the 30 week average"
HITI,BREAKEVEN,3.1655,move the stop to entry here
HITI,TARGET 1,4.1325,"measured move, sell part of the position (3.52R)"
HITI,TARGET 2,5.1585,second measured move (6.47R)
HITI,BUY LIMIT,2.4128,buy the 30 week average on a pullback in an established Stage 2
HITI,STOP LOSS,2.1233,"initial stop, below base support and the 30 week average"
HITI,BREAKEVEN,2.63,move the stop to entry here
HITI,TARGET 1,2.85,"measured move, sell part of the position (1.51R)"
HITI,TARGET 2,3.1998,second measured move (2.72R)
AFRI,BUY STOP,12.1366,"breakout trigger, above the base pivot"
AFRI,BUY LIMIT,11.913,"pullback entry, old resistance acting as support"
AFRI,STOP LOSS,10.6802,"initial stop, below base support and the 30 week average"
AFRI,BREAKEVEN,13.2289,move the stop to entry here
AFRI,TARGET 1,15.116,"measured move, sell part of the position (2.05R)"
AFRI,TARGET 2,17.6784,second measured move (3.81R)
AFRI,BUY LIMIT,10.5471,buy the 30 week average on a pullback in an established Stage 2
AFRI,STOP LOSS,9.3844,"initial stop, below base support and the 30 week average"
AFRI,BREAKEVEN,11.4192,move the stop to entry here
AFRI,TARGET 1,13.185,"measured move, sell part of the position (2.27R)"
AFRI,TARGET 2,15.2953,second measured move (4.08R)
KARO,BUY STOP,69.868,"breakout trigger, above the base pivot"
KARO,BUY LIMIT,68.8,"pullback entry, old resistance acting as support"
KARO,STOP LOSS,61.4838,"initial stop, below base support and the 30 week average"
KARO,BREAKEVEN,76.1562,move the stop to entry here
KARO,TARGET 1,96.1809,"measured move, sell part of the position (3.14R)"
KARO,TARGET 2,118.0857,second measured move (5.75R)
KARO,BUY LIMIT,55.4591,buy the 30 week average on a pullback in an established Stage 2
KARO,STOP LOSS,49.9055,"initial stop, below base support and the 30 week average"
KARO,BREAKEVEN,59.6243,move the stop to entry here
KARO,TARGET 1,68.8,"measured move, sell part of the position (2.4R)"
KARO,TARGET 2,79.4727,second measured move (4.32R)
CHMI,BUY STOP,2.9053,"breakout trigger, above the base pivot"
CHMI,BUY LIMIT,2.87,"pullback entry, old resistance acting as support"
CHMI,STOP LOSS,2.5567,"initial stop, below base support and the 30 week average"
CHMI,BREAKEVEN,3.1667,move the stop to entry here
CHMI,TARGET 1,3.6353,"measured move, sell part of the position (2.09R)"
CHMI,TARGET 2,4.2475,second measured move (3.85R)
CHMI,BUY LIMIT,2.439,buy the 30 week average on a pullback in an established Stage 2
CHMI,STOP LOSS,2.1463,"initial stop, below base support and the 30 week average"
CHMI,BREAKEVEN,2.6585,move the stop to entry here
CHMI,TARGET 1,2.878,"measured move, sell part of the position (1.5R)"
CHMI,TARGET 2,3.2292,second measured move (2.7R)
LW,BUY STOP,56.641,"breakout trigger, above the base pivot"
LW,BUY LIMIT,55.7,"pullback entry, old resistance acting as support"
LW,STOP LOSS,49.8441,"initial stop, below base support and the 30 week average"
LW,BREAKEVEN,61.7387,move the stop to entry here
LW,TARGET 1,74.3845,"measured move, sell part of the position (2.61R)"
LW,TARGET 2,89.332,second measured move (4.81R)
LW,BUY LIMIT,46.1267,buy the 30 week average on a pullback in an established Stage 2
LW,STOP LOSS,40.5915,"initial stop, below base support and the 30 week average"
LW,BREAKEVEN,50.2781,move the stop to entry here
LW,TARGET 1,55.7,"measured move, sell part of the position (1.73R)"
LW,TARGET 2,63.3586,second measured move (3.11R)
GENC,BUY STOP,20.5019,"breakout trigger, above the base pivot"
GENC,BUY LIMIT,20.19,"pullback entry, old resistance acting as support"
GENC,STOP LOSS,18.0416,"initial stop, below base support and the 30 week average"
GENC,BREAKEVEN,22.347,move the stop to entry here
GENC,TARGET 1,26.55,"measured move, sell part of the position (2.46R)"
GENC,TARGET 2,31.638,second measured move (4.53R)
GENC,BUY LIMIT,15.9684,buy the 30 week average on a pullback in an established Stage 2
GENC,STOP LOSS,14.0522,"initial stop, below base support and the 30 week average"
GENC,BREAKEVEN,17.4056,move the stop to entry here
GENC,TARGET 1,20.19,"measured move, sell part of the position (2.2R)"
GENC,TARGET 2,23.5673,second measured move (3.97R)
PCVX,BUY STOP,65.7032,"breakout trigger, above the base pivot"
PCVX,BUY LIMIT,63.98,"pullback entry, old resistance acting as support"
PCVX,STOP LOSS,57.8188,"initial stop, below base support and the 30 week average"
PCVX,BREAKEVEN,71.6165,move the stop to entry here
PCVX,TARGET 1,86.2523,"measured move, sell part of the position (2.61R)"
PCVX,TARGET 2,104.0702,second measured move (4.87R)
PCVX,BUY LIMIT,57.2144,buy the 30 week average on a pullback in an established Stage 2
PCVX,STOP LOSS,50.3487,"initial stop, below base support and the 30 week average"
PCVX,BREAKEVEN,62.3637,move the stop to entry here
PCVX,TARGET 1,90.75,"measured move, sell part of the position (4.88R)"
PCVX,TARGET 2,117.5785,second measured move (8.79R)
PCRX,BUY STOP,28.3131,"breakout trigger, above the base pivot"
PCRX,BUY LIMIT,27.66,"pullback entry, old resistance acting as support"
PCRX,STOP LOSS,24.9155,"initial stop, below base support and the 30 week average"
PCRX,BREAKEVEN,30.8613,move the stop to entry here
PCRX,TARGET 1,36.91,"measured move, sell part of the position (2.53R)"
PCRX,TARGET 2,44.31,second measured move (4.71R)
PCRX,BUY LIMIT,24.9639,buy the 30 week average on a pullback in an established Stage 2
PCRX,STOP LOSS,21.9682,"initial stop, below base support and the 30 week average"
PCRX,BREAKEVEN,27.2107,move the stop to entry here
PCRX,TARGET 1,36.46,"measured move, sell part of the position (3.84R)"
PCRX,TARGET 2,45.6569,second measured move (6.91R)
NWE,BUY STOP,74.668,"breakout trigger, above the base pivot"
NWE,BUY LIMIT,73.7762,"pullback entry, old resistance acting as support"
NWE,STOP LOSS,65.7079,"initial stop, below base support and the 30 week average"
NWE,BREAKEVEN,81.3882,move the stop to entry here
NWE,TARGET 1,85.3068,"measured move, sell part of the position (1.19R)"
NWE,TARGET 2,94.5313,second measured move (2.22R)
NWE,BUY LIMIT,70.1057,buy the 30 week average on a pullback in an established Stage 2
NWE,STOP LOSS,64.9482,"initial stop, below base support and the 30 week average"
NWE,BREAKEVEN,73.9739,move the stop to entry here
NWE,TARGET 1,77.8421,"measured move, sell part of the position (1.5R)"
NWE,TARGET 2,84.0311,second measured move (2.7R)
PBR,BUY STOP,22.3764,"breakout trigger, above the base pivot"
PBR,BUY LIMIT,21.99,"pullback entry, old resistance acting as support"
PBR,STOP LOSS,19.6912,"initial stop, below base support and the 30 week average"
PBR,BREAKEVEN,24.3903,move the stop to entry here
PBR,TARGET 1,28.5719,"measured move, sell part of the position (2.31R)"
PBR,TARGET 2,33.8375,second measured move (4.27R)
PBR,BUY LIMIT,19.1808,buy the 30 week average on a pullback in an established Stage 2
PBR,STOP LOSS,16.8791,"initial stop, below base support and the 30 week average"
PBR,BREAKEVEN,20.9071,move the stop to entry here
PBR,TARGET 1,25.6,"measured move, sell part of the position (2.79R)"
PBR,TARGET 2,30.7353,second measured move (5.02R)
MA,BUY STOP,606.3199,"breakout trigger, above the base pivot"
MA,BUY LIMIT,600.3199,"pullback entry, old resistance acting as support"
MA,STOP LOSS,533.5615,"initial stop, below base support and the 30 week average"
MA,BREAKEVEN,660.8887,move the stop to entry here
MA,TARGET 1,737.5992,"measured move, sell part of the position (1.8R)"
MA,TARGET 2,847.4227,second measured move (3.31R)
MA,BUY LIMIT,531.0657,buy the 30 week average on a pullback in an established Stage 2
MA,STOP LOSS,499.866,"initial stop, below base support and the 30 week average"
MA,BREAKEVEN,554.4655,move the stop to entry here
MA,TARGET 1,600.3199,"measured move, sell part of the position (2.22R)"
MA,TARGET 2,655.7233,second measured move (4.0R)
MTD,BUY STOP,1578.2476,"breakout trigger, above the base pivot"
MTD,BUY LIMIT,1554.83,"pullback entry, old resistance acting as support"
MTD,STOP LOSS,1388.8579,"initial stop, below base support and the 30 week average"
MTD,BREAKEVEN,1720.2899,move the stop to entry here
MTD,TARGET 1,2086.6099,"measured move, sell part of the position (2.68R)"
MTD,TARGET 2,2512.0339,second measured move (4.93R)
MTD,BUY LIMIT,1306.8697,buy the 30 week average on a pullback in an established Stage 2
MTD,STOP LOSS,1185.0979,"initial stop, below base support and the 30 week average"
MTD,BREAKEVEN,1398.1986,move the stop to entry here
MTD,TARGET 1,1585.72,"measured move, sell part of the position (2.29R)"
MTD,TARGET 2,1808.8002,second measured move (4.12R)
BDX,BUY STOP,194.27,"breakout trigger, above the base pivot"
BDX,BUY LIMIT,191.9381,"pullback entry, old resistance acting as support"
BDX,STOP LOSS,170.9576,"initial stop, below base support and the 30 week average"
BDX,BREAKEVEN,211.7543,move the stop to entry here
BDX,TARGET 1,244.5876,"measured move, sell part of the position (2.16R)"
BDX,TARGET 2,286.7073,second measured move (3.97R)
BDX,BUY LIMIT,162.4725,buy the 30 week average on a pullback in an established Stage 2
BDX,STOP LOSS,150.3465,"initial stop, below base support and the 30 week average"
BDX,BREAKEVEN,171.567,move the stop to entry here
BDX,TARGET 1,191.9381,"measured move, sell part of the position (2.43R)"
BDX,TARGET 2,215.5106,second measured move (4.37R)
BGR,BUY STOP,18.1008,"breakout trigger, above the base pivot"
BGR,BUY LIMIT,17.92,"pullback entry, old resistance acting as support"
BGR,STOP LOSS,15.9287,"initial stop, below base support and the 30 week average"
BGR,BREAKEVEN,19.7299,move the stop to entry here
BGR,TARGET 1,21.6193,"measured move, sell part of the position (1.62R)"
BGR,TARGET 2,24.5787,second measured move (2.98R)
BGR,BUY LIMIT,16.1699,buy the 30 week average on a pullback in an established Stage 2
BGR,STOP LOSS,15.2295,"initial stop, below base support and the 30 week average"
BGR,BREAKEVEN,16.8752,move the stop to entry here
BGR,TARGET 1,17.92,"measured move, sell part of the position (1.86R)"
BGR,TARGET 2,19.3201,second measured move (3.35R)
CET,BUY STOP,57.7603,"breakout trigger, above the base pivot"
CET,BUY LIMIT,57.39,"pullback entry, old resistance acting as support"
CET,STOP LOSS,52.8468,"initial stop, below base support and the 30 week average"
CET,BREAKEVEN,61.4455,move the stop to entry here
CET,TARGET 1,66.6459,"measured move, sell part of the position (1.81R)"
CET,TARGET 2,74.0506,second measured move (3.32R)
CET,BUY LIMIT,53.3653,buy the 30 week average on a pullback in an established Stage 2
CET,STOP LOSS,51.4395,"initial stop, below base support and the 30 week average"
CET,BREAKEVEN,54.8096,move the stop to entry here
CET,TARGET 1,57.39,"measured move, sell part of the position (2.09R)"
CET,TARGET 2,60.6098,second measured move (3.76R)
HMC,BUY STOP,33.8364,"breakout trigger, above the base pivot"
HMC,BUY LIMIT,33.45,"pullback entry, old resistance acting as support"
HMC,STOP LOSS,29.776,"initial stop, below base support and the 30 week average"
HMC,BREAKEVEN,36.8817,move the stop to entry here
HMC,TARGET 1,43.65,"measured move, sell part of the position (2.42R)"
HMC,TARGET 2,51.81,second measured move (4.43R)
HMC,BUY LIMIT,28.3492,buy the 30 week average on a pullback in an established Stage 2
HMC,STOP LOSS,26.3401,"initial stop, below base support and the 30 week average"
HMC,BREAKEVEN,29.856,move the stop to entry here
HMC,TARGET 1,33.45,"measured move, sell part of the position (2.54R)"
HMC,TARGET 2,37.5306,second measured move (4.57R)
KEYS,BUY STOP,394.7406,"breakout trigger, above the base pivot"
KEYS,BUY LIMIT,387.93,"pullback entry, old resistance acting as support"
KEYS,STOP LOSS,347.3717,"initial stop, below base support and the 30 week average"
KEYS,BREAKEVEN,430.2672,move the stop to entry here
KEYS,TARGET 1,511.16,"measured move, sell part of the position (2.46R)"
KEYS,TARGET 2,609.744,second measured move (4.54R)
KEYS,BUY LIMIT,336.9772,buy the 30 week average on a pullback in an established Stage 2
KEYS,STOP LOSS,300.0414,"initial stop, below base support and the 30 week average"
KEYS,BREAKEVEN,364.6791,move the stop to entry here
KEYS,TARGET 1,392.3809,"measured move, sell part of the position (1.5R)"
KEYS,TARGET 2,436.7039,second measured move (2.7R)
DYNC,BUY STOP,11.0289,"breakout trigger, above the base pivot"
DYNC,BUY LIMIT,10.985,"pullback entry, old resistance acting as support"
DYNC,STOP LOSS,10.7587,"initial stop, below base support and the 30 week average"
DYNC,BREAKEVEN,11.2316,move the stop to entry here
DYNC,TARGET 1,11.56,"measured move, sell part of the position (1.97R)"
DYNC,TARGET 2,12.02,second measured move (3.67R)
DYNC,BUY LIMIT,10.7855,buy the 30 week average on a pullback in an established Stage 2
DYNC,STOP LOSS,10.686,"initial stop, below base support and the 30 week average"
DYNC,BREAKEVEN,10.8601,move the stop to entry here
DYNC,TARGET 1,10.985,"measured move, sell part of the position (2.01R)"
DYNC,TARGET 2,11.1446,second measured move (3.61R)
NKSH,BUY STOP,43.9127,"breakout trigger, above the base pivot"
NKSH,BUY LIMIT,43.31,"pullback entry, old resistance acting as support"
NKSH,STOP LOSS,38.6432,"initial stop, below base support and the 30 week average"
NKSH,BREAKEVEN,47.8648,move the stop to entry here
NKSH,TARGET 1,53.4,"measured move, sell part of the position (1.8R)"
NKSH,TARGET 2,61.472,second measured move (3.33R)
NKSH,BUY LIMIT,38.3111,buy the 30 week average on a pullback in an established Stage 2
NKSH,STOP LOSS,35.177,"initial stop, below base support and the 30 week average"
NKSH,BREAKEVEN,40.6617,move the stop to entry here
NKSH,TARGET 1,45.0,"measured move, sell part of the position (2.13R)"
NKSH,TARGET 2,50.3511,second measured move (3.84R)
EBF,BUY STOP,22.8899,"breakout trigger, above the base pivot"
EBF,BUY LIMIT,22.6748,"pullback entry, old resistance acting as support"
EBF,STOP LOSS,20.384,"initial stop, below base support and the 30 week average"
EBF,BREAKEVEN,24.7693,move the stop to entry here
EBF,TARGET 1,26.2534,"measured move, sell part of the position (1.34R)"
EBF,TARGET 2,29.1163,second measured move (2.48R)
EBF,BUY LIMIT,20.996,buy the 30 week average on a pullback in an established Stage 2
EBF,STOP LOSS,19.8774,"initial stop, below base support and the 30 week average"
EBF,BREAKEVEN,21.8349,move the stop to entry here
EBF,TARGET 1,22.8,"measured move, sell part of the position (1.61R)"
EBF,TARGET 2,24.2432,second measured move (2.9R)
TECH,BUY STOP,73.2716,"breakout trigger, above the base pivot"
TECH,BUY LIMIT,72.69,"pullback entry, old resistance acting as support"
TECH,STOP LOSS,64.479,"initial stop, below base support and the 30 week average"
TECH,BREAKEVEN,79.8661,move the stop to entry here
TECH,TARGET 1,102.3075,"measured move, sell part of the position (3.3R)"
TECH,TARGET 2,126.0015,second measured move (6.0R)
TECH,BUY LIMIT,63.0764,buy the 30 week average on a pullback in an established Stage 2
TECH,STOP LOSS,60.0519,"initial stop, below base support and the 30 week average"
TECH,BREAKEVEN,65.3448,move the stop to entry here
TECH,TARGET 1,72.69,"measured move, sell part of the position (3.18R)"
TECH,TARGET 2,80.3809,second measured move (5.72R)
BIO-B,BUY STOP,366.543,"breakout trigger, above the base pivot"
BIO-B,BUY LIMIT,365.08,"pullback entry, old resistance acting as support"
BIO-B,STOP LOSS,322.5579,"initial stop, below base support and the 30 week average"
BIO-B,BREAKEVEN,399.5319,move the stop to entry here
BIO-B,TARGET 1,485.62,"measured move, sell part of the position (2.71R)"
BIO-B,TARGET 2,582.052,second measured move (4.9R)
BIO-B,BUY LIMIT,313.3502,buy the 30 week average on a pullback in an established Stage 2
BIO-B,STOP LOSS,305.7424,"initial stop, below base support and the 30 week average"
BIO-B,BREAKEVEN,319.0561,move the stop to entry here
BIO-B,TARGET 1,365.08,"measured move, sell part of the position (6.8R)"
BIO-B,TARGET 2,406.4638,second measured move (12.24R)
JOF,BUY STOP,12.8641,"breakout trigger, above the base pivot"
JOF,BUY LIMIT,12.7507,"pullback entry, old resistance acting as support"
JOF,STOP LOSS,11.3204,"initial stop, below base support and the 30 week average"
JOF,BREAKEVEN,14.0218,move the stop to entry here
JOF,TARGET 1,15.5608,"measured move, sell part of the position (1.75R)"
JOF,TARGET 2,17.8088,second measured move (3.2R)
JOF,BUY LIMIT,11.5242,buy the 30 week average on a pullback in an established Stage 2
JOF,STOP LOSS,10.9346,"initial stop, below base support and the 30 week average"
JOF,BREAKEVEN,11.9664,move the stop to entry here
JOF,TARGET 1,12.79,"measured move, sell part of the position (2.15R)"
JOF,TARGET 2,13.8026,second measured move (3.86R)
JACS,BUY STOP,10.8733,"breakout trigger, above the base pivot"
JACS,BUY LIMIT,10.83,"pullback entry, old resistance acting as support"
JACS,STOP LOSS,10.6543,"initial stop, below base support and the 30 week average"
JACS,BREAKEVEN,11.0376,move the stop to entry here
JACS,TARGET 1,11.16,"measured move, sell part of the position (1.31R)"
JACS,TARGET 2,11.424,second measured move (2.51R)
PM,BUY STOP,208.8036,"breakout trigger, above the base pivot"
PM,BUY LIMIT,205.9935,"pullback entry, old resistance acting as support"
PM,STOP LOSS,183.7472,"initial stop, below base support and the 30 week average"
PM,BREAKEVEN,227.5959,move the stop to entry here
PM,TARGET 1,262.8824,"measured move, sell part of the position (2.16R)"
PM,TARGET 2,308.3936,second measured move (3.97R)
PM,BUY LIMIT,179.8579,buy the 30 week average on a pullback in an established Stage 2
PM,STOP LOSS,165.2453,"initial stop, below base support and the 30 week average"
PM,BREAKEVEN,190.8173,move the stop to entry here
PM,TARGET 1,202.7,"measured move, sell part of the position (1.56R)"
PM,TARGET 2,220.9737,second measured move (2.81R)
ATLO,BUY STOP,33.2056,"breakout trigger, above the base pivot"
ATLO,BUY LIMIT,32.86,"pullback entry, old resistance acting as support"
ATLO,STOP LOSS,29.2209,"initial stop, below base support and the 30 week average"
ATLO,BREAKEVEN,36.1941,move the stop to entry here
ATLO,TARGET 1,40.1828,"measured move, sell part of the position (1.75R)"
ATLO,TARGET 2,46.0411,second measured move (3.22R)
ATLO,BUY LIMIT,29.849,buy the 30 week average on a pullback in an established Stage 2
ATLO,STOP LOSS,28.0521,"initial stop, below base support and the 30 week average"
ATLO,BREAKEVEN,31.1967,move the stop to entry here
ATLO,TARGET 1,32.86,"measured move, sell part of the position (1.68R)"
ATLO,TARGET 2,35.2688,second measured move (3.02R)
RGA,BUY STOP,260.4601,"breakout trigger, above the base pivot"
RGA,BUY LIMIT,257.81,"pullback entry, old resistance acting as support"
RGA,STOP LOSS,229.2049,"initial stop, below base support and the 30 week average"
RGA,BREAKEVEN,283.9015,move the stop to entry here
RGA,TARGET 1,321.2941,"measured move, sell part of the position (1.95R)"
RGA,TARGET 2,372.0814,second measured move (3.57R)
RGA,BUY LIMIT,225.7775,buy the 30 week average on a pullback in an established Stage 2
RGA,STOP LOSS,211.9967,"initial stop, below base support and the 30 week average"
RGA,BREAKEVEN,236.1131,move the stop to entry here
RGA,TARGET 1,258.53,"measured move, sell part of the position (2.38R)"
RGA,TARGET 2,284.732,second measured move (4.28R)
BIIB,BUY STOP,233.7846,"breakout trigger, above the base pivot"
BIIB,BUY LIMIT,230.49,"pullback entry, old resistance acting as support"
BIIB,STOP LOSS,205.7305,"initial stop, below base support and the 30 week average"
BIIB,BREAKEVEN,254.8253,move the stop to entry here
BIIB,TARGET 1,292.34,"measured move, sell part of the position (2.09R)"
BIIB,TARGET 2,341.82,second measured move (3.85R)
BIIB,BUY LIMIT,203.1405,buy the 30 week average on a pullback in an established Stage 2
BIIB,STOP LOSS,186.0085,"initial stop, below base support and the 30 week average"
BIIB,BREAKEVEN,215.9895,move the stop to entry here
BIIB,TARGET 1,230.49,"measured move, sell part of the position (1.6R)"
BIIB,TARGET 2,252.3696,second measured move (2.87R)
EHC,BUY STOP,128.9001,"breakout trigger, above the base pivot"
EHC,BUY LIMIT,127.2796,"pullback entry, old resistance acting as support"
EHC,STOP LOSS,113.4321,"initial stop, below base support and the 30 week average"
EHC,BREAKEVEN,140.5011,move the stop to entry here
EHC,TARGET 1,159.9216,"measured move, sell part of the position (2.01R)"
EHC,TARGET 2,186.0352,second measured move (3.69R)
EHC,BUY LIMIT,110.9263,buy the 30 week average on a pullback in an established Stage 2
EHC,STOP LOSS,102.4997,"initial stop, below base support and the 30 week average"
EHC,BREAKEVEN,117.2463,move the stop to entry here
EHC,TARGET 1,127.2796,"measured move, sell part of the position (1.94R)"
EHC,TARGET 2,140.3622,second measured move (3.49R)
KE,BUY STOP,29.6085,"breakout trigger, above the base pivot"
KE,BUY LIMIT,28.992,"pullback entry, old resistance acting as support"
KE,STOP LOSS,26.0555,"initial stop, below base support and the 30 week average"
KE,BREAKEVEN,32.2733,move the stop to entry here
KE,TARGET 1,42.0384,"measured move, sell part of the position (3.5R)"
KE,TARGET 2,52.4755,second measured move (6.44R)
KE,BUY LIMIT,25.7136,buy the 30 week average on a pullback in an established Stage 2
KE,STOP LOSS,22.628,"initial stop, below base support and the 30 week average"
KE,BREAKEVEN,28.0278,move the stop to entry here
KE,TARGET 1,30.3421,"measured move, sell part of the position (1.5R)"
KE,TARGET 2,34.0448,second measured move (2.7R)
WAT,BUY STOP,454.6038,"breakout trigger, above the base pivot"
WAT,BUY LIMIT,448.21,"pullback entry, old resistance acting as support"
WAT,STOP LOSS,400.0513,"initial stop, below base support and the 30 week average"
WAT,BREAKEVEN,495.5181,move the stop to entry here
WAT,TARGET 1,613.65,"measured move, sell part of the position (2.92R)"
WAT,TARGET 2,746.002,second measured move (5.34R)
WAT,BUY LIMIT,371.5962,buy the 30 week average on a pullback in an established Stage 2
WAT,STOP LOSS,338.3486,"initial stop, below base support and the 30 week average"
WAT,BREAKEVEN,396.5319,move the stop to entry here
WAT,TARGET 1,454.54,"measured move, sell part of the position (2.49R)"
WAT,TARGET 2,520.8951,second measured move (4.49R)
FRHC,BUY STOP,181.6676,"breakout trigger, above the base pivot"
FRHC,BUY LIMIT,178.0,"pullback entry, old resistance acting as support"
FRHC,STOP LOSS,159.8675,"initial stop, below base support and the 30 week average"
FRHC,BREAKEVEN,198.0177,move the stop to entry here
FRHC,TARGET 1,229.9,"measured move, sell part of the position (2.21R)"
FRHC,TARGET 2,271.42,second measured move (4.12R)
FRHC,BUY LIMIT,154.3345,buy the 30 week average on a pullback in an established Stage 2
FRHC,STOP LOSS,135.8144,"initial stop, below base support and the 30 week average"
FRHC,BREAKEVEN,168.2246,move the stop to entry here
FRHC,TARGET 1,182.1147,"measured move, sell part of the position (1.5R)"
FRHC,TARGET 2,204.3389,second measured move (2.7R)
PEO,BUY STOP,30.0281,"breakout trigger, above the base pivot"
PEO,BUY LIMIT,29.75,"pullback entry, old resistance acting as support"
PEO,STOP LOSS,26.4247,"initial stop, below base support and the 30 week average"
PEO,BREAKEVEN,32.7306,move the stop to entry here
PEO,TARGET 1,36.0576,"measured move, sell part of the position (1.67R)"
PEO,TARGET 2,41.1037,second measured move (3.07R)
PEO,BUY LIMIT,26.5272,buy the 30 week average on a pullback in an established Stage 2
PEO,STOP LOSS,25.0811,"initial stop, below base support and the 30 week average"
PEO,BREAKEVEN,27.6117,move the stop to entry here
PEO,TARGET 1,29.75,"measured move, sell part of the position (2.23R)"
PEO,TARGET 2,32.3283,second measured move (4.01R)
TMO,BUY STOP,692.9708,"breakout trigger, above the base pivot"
TMO,BUY LIMIT,683.63,"pullback entry, old resistance acting as support"
TMO,STOP LOSS,609.8143,"initial stop, below base support and the 30 week average"
TMO,BREAKEVEN,755.3381,move the stop to entry here
TMO,TARGET 1,932.759,"measured move, sell part of the position (2.88R)"
TMO,TARGET 2,1132.0621,second measured move (5.28R)
TMO,BUY LIMIT,542.747,buy the 30 week average on a pullback in an established Stage 2
TMO,STOP LOSS,494.1751,"initial stop, below base support and the 30 week average"
TMO,BREAKEVEN,579.176,move the stop to entry here
TMO,TARGET 1,694.33,"measured move, sell part of the position (3.12R)"
TMO,TARGET 2,815.5964,second measured move (5.62R)
USA,BUY STOP,6.1575,"breakout trigger, above the base pivot"
USA,BUY LIMIT,6.12,"pullback entry, old resistance acting as support"
USA,STOP LOSS,5.6618,"initial stop, below base support and the 30 week average"
USA,BREAKEVEN,6.5293,move the stop to entry here
USA,TARGET 1,7.1264,"measured move, sell part of the position (1.95R)"
USA,TARGET 2,7.9316,second measured move (3.58R)
USA,BUY LIMIT,5.7143,buy the 30 week average on a pullback in an established Stage 2
USA,STOP LOSS,5.5193,"initial stop, below base support and the 30 week average"
USA,BREAKEVEN,5.8605,move the stop to entry here
USA,TARGET 1,6.12,"measured move, sell part of the position (2.08R)"
USA,TARGET 2,6.4446,second measured move (3.75R)
GNT,BUY STOP,9.4101,"breakout trigger, above the base pivot"
GNT,BUY LIMIT,9.3182,"pullback entry, old resistance acting as support"
GNT,STOP LOSS,8.2808,"initial stop, below base support and the 30 week average"
GNT,BREAKEVEN,10.257,move the stop to entry here
GNT,TARGET 1,11.5209,"measured move, sell part of the position (1.87R)"
GNT,TARGET 2,13.283,second measured move (3.43R)
GNT,BUY LIMIT,8.3707,buy the 30 week average on a pullback in an established Stage 2
GNT,STOP LOSS,7.8506,"initial stop, below base support and the 30 week average"
GNT,BREAKEVEN,8.7607,move the stop to entry here
GNT,TARGET 1,9.3182,"measured move, sell part of the position (1.82R)"
GNT,TARGET 2,10.0763,second measured move (3.28R)
PI,BUY STOP,197.4635,"breakout trigger, above the base pivot"
PI,BUY LIMIT,192.645,"pullback entry, old resistance acting as support"
PI,STOP LOSS,173.7679,"initial stop, below base support and the 30 week average"
PI,BREAKEVEN,215.2352,move the stop to entry here
PI,TARGET 1,279.3353,"measured move, sell part of the position (3.46R)"
PI,TARGET 2,348.6875,second measured move (6.38R)
PI,BUY LIMIT,147.6681,buy the 30 week average on a pullback in an established Stage 2
PI,STOP LOSS,129.9479,"initial stop, below base support and the 30 week average"
PI,BREAKEVEN,160.9582,move the stop to entry here
PI,TARGET 1,192.645,"measured move, sell part of the position (2.54R)"
PI,TARGET 2,228.6265,second measured move (4.57R)
EFSI,BUY STOP,48.7916,"breakout trigger, above the base pivot"
EFSI,BUY LIMIT,48.17,"pullback entry, old resistance acting as support"
EFSI,STOP LOSS,42.9366,"initial stop, below base support and the 30 week average"
EFSI,BREAKEVEN,53.1828,move the stop to entry here
EFSI,TARGET 1,65.3951,"measured move, sell part of the position (2.84R)"
EFSI,TARGET 2,79.1753,second measured move (5.19R)
EFSI,BUY LIMIT,40.6655,buy the 30 week average on a pullback in an established Stage 2
EFSI,STOP LOSS,37.4334,"initial stop, below base support and the 30 week average"
EFSI,BREAKEVEN,43.0896,move the stop to entry here
EFSI,TARGET 1,48.17,"measured move, sell part of the position (2.32R)"
EFSI,TARGET 2,54.1736,second measured move (4.18R)
DHR,BUY STOP,231.9173,"breakout trigger, above the base pivot"
DHR,BUY LIMIT,228.38,"pullback entry, old resistance acting as support"
DHR,STOP LOSS,204.0873,"initial stop, below base support and the 30 week average"
DHR,BREAKEVEN,252.7899,move the stop to entry here
DHR,TARGET 1,296.4473,"measured move, sell part of the position (2.32R)"
DHR,TARGET 2,350.9011,second measured move (4.28R)
DHR,BUY LIMIT,195.2971,buy the 30 week average on a pullback in an established Stage 2
DHR,STOP LOSS,176.903,"initial stop, below base support and the 30 week average"
DHR,BREAKEVEN,209.0927,move the stop to entry here
DHR,TARGET 1,228.38,"measured move, sell part of the position (1.8R)"
DHR,TARGET 2,254.8463,second measured move (3.24R)
KYN,BUY STOP,15.1807,"breakout trigger, above the base pivot"
KYN,BUY LIMIT,15.0378,"pullback entry, old resistance acting as support"
KYN,STOP LOSS,13.3591,"initial stop, below base support and the 30 week average"
KYN,BREAKEVEN,16.547,move the stop to entry here
KYN,TARGET 1,17.5337,"measured move, sell part of the position (1.29R)"
KYN,TARGET 2,19.5304,second measured move (2.39R)
KYN,BUY LIMIT,13.9562,buy the 30 week average on a pullback in an established Stage 2
KYN,STOP LOSS,13.213,"initial stop, below base support and the 30 week average"
KYN,BREAKEVEN,14.5136,move the stop to entry here
KYN,TARGET 1,15.0711,"measured move, sell part of the position (1.5R)"
KYN,TARGET 2,15.963,second measured move (2.7R)
URBN,BUY STOP,86.9584,"breakout trigger, above the base pivot"
URBN,BUY LIMIT,85.43,"pullback entry, old resistance acting as support"
URBN,STOP LOSS,76.5234,"initial stop, below base support and the 30 week average"
URBN,BREAKEVEN,94.7847,move the stop to entry here
URBN,TARGET 1,110.89,"measured move, sell part of the position (2.29R)"
URBN,TARGET 2,131.258,second measured move (4.25R)
URBN,BUY LIMIT,73.898,buy the 30 week average on a pullback in an established Stage 2
URBN,STOP LOSS,65.9503,"initial stop, below base support and the 30 week average"
URBN,BREAKEVEN,79.8588,move the stop to entry here
URBN,TARGET 1,85.8196,"measured move, sell part of the position (1.5R)"
URBN,TARGET 2,95.3568,second measured move (2.7R)
CHT,BUY STOP,46.7215,"breakout trigger, above the base pivot"
CHT,BUY LIMIT,46.41,"pullback entry, old resistance acting as support"
CHT,STOP LOSS,41.3885,"initial stop, below base support and the 30 week average"
CHT,BREAKEVEN,50.7212,move the stop to entry here
CHT,TARGET 1,55.0313,"measured move, sell part of the position (1.56R)"
CHT,TARGET 2,61.9283,second measured move (2.85R)
CHT,BUY LIMIT,42.9539,buy the 30 week average on a pullback in an established Stage 2
CHT,STOP LOSS,41.3341,"initial stop, below base support and the 30 week average"
CHT,BREAKEVEN,44.1687,move the stop to entry here
CHT,TARGET 1,46.46,"measured move, sell part of the position (2.16R)"
CHT,TARGET 2,49.2649,second measured move (3.9R)
CZNC,BUY STOP,26.684,"breakout trigger, above the base pivot"
CZNC,BUY LIMIT,26.37,"pullback entry, old resistance acting as support"
CZNC,STOP LOSS,23.4819,"initial stop, below base support and the 30 week average"
CZNC,BREAKEVEN,29.0856,move the stop to entry here
CZNC,TARGET 1,32.7628,"measured move, sell part of the position (1.9R)"
CZNC,TARGET 2,37.877,second measured move (3.5R)
CZNC,BUY LIMIT,23.5016,buy the 30 week average on a pullback in an established Stage 2
CZNC,STOP LOSS,21.8688,"initial stop, below base support and the 30 week average"
CZNC,BREAKEVEN,24.7263,move the stop to entry here
CZNC,TARGET 1,26.37,"measured move, sell part of the position (1.76R)"
CZNC,TARGET 2,28.6647,second measured move (3.16R)
NDSN,BUY STOP,341.7548,"breakout trigger, above the base pivot"
NDSN,BUY LIMIT,338.1046,"pullback entry, old resistance acting as support"
NDSN,STOP LOSS,300.7442,"initial stop, below base support and the 30 week average"
NDSN,BREAKEVEN,372.5128,move the stop to entry here
NDSN,TARGET 1,423.8344,"measured move, sell part of the position (2.0R)"
NDSN,TARGET 2,492.4182,second measured move (3.67R)
NDSN,BUY LIMIT,296.3884,buy the 30 week average on a pullback in an established Stage 2
NDSN,STOP LOSS,277.4072,"initial stop, below base support and the 30 week average"
NDSN,BREAKEVEN,310.6243,move the stop to entry here
NDSN,TARGET 1,338.18,"measured move, sell part of the position (2.2R)"
NDSN,TARGET 2,371.6133,second measured move (3.96R)
CVX,BUY STOP,220.2729,"breakout trigger, above the base pivot"
CVX,BUY LIMIT,217.78,"pullback entry, old resistance acting as support"
CVX,STOP LOSS,193.8401,"initial stop, below base support and the 30 week average"
CVX,BREAKEVEN,240.0974,move the stop to entry here
CVX,TARGET 1,272.2056,"measured move, sell part of the position (1.96R)"
CVX,TARGET 2,315.7461,second measured move (3.61R)
CVX,BUY LIMIT,192.6056,buy the 30 week average on a pullback in an established Stage 2
CVX,STOP LOSS,179.6426,"initial stop, below base support and the 30 week average"
CVX,BREAKEVEN,202.3279,move the stop to entry here
CVX,TARGET 1,217.78,"measured move, sell part of the position (1.94R)"
CVX,TARGET 2,237.9195,second measured move (3.5R)
FAST,BUY STOP,53.5228,"breakout trigger, above the base pivot"
FAST,BUY LIMIT,52.92,"pullback entry, old resistance acting as support"
FAST,STOP LOSS,47.1,"initial stop, below base support and the 30 week average"
FAST,BREAKEVEN,58.3398,move the stop to entry here
FAST,TARGET 1,63.1642,"measured move, sell part of the position (1.5R)"
FAST,TARGET 2,71.3595,second measured move (2.78R)
FAST,BUY LIMIT,47.3864,buy the 30 week average on a pullback in an established Stage 2
FAST,STOP LOSS,44.252,"initial stop, below base support and the 30 week average"
FAST,BREAKEVEN,49.7372,move the stop to entry here
FAST,TARGET 1,52.92,"measured move, sell part of the position (1.77R)"
FAST,TARGET 2,57.3469,second measured move (3.18R)
CNNE,BUY STOP,16.2733,"breakout trigger, above the base pivot"
CNNE,BUY LIMIT,16.0427,"pullback entry, old resistance acting as support"
CNNE,STOP LOSS,14.3205,"initial stop, below base support and the 30 week average"
CNNE,BREAKEVEN,17.7379,move the stop to entry here
CNNE,TARGET 1,21.8368,"measured move, sell part of the position (2.85R)"
CNNE,TARGET 2,26.4721,second measured move (5.22R)
CNNE,BUY LIMIT,14.1175,buy the 30 week average on a pullback in an established Stage 2
CNNE,STOP LOSS,12.9186,"initial stop, below base support and the 30 week average"
CNNE,BREAKEVEN,15.0167,move the stop to entry here
CNNE,TARGET 1,16.0427,"measured move, sell part of the position (1.61R)"
CNNE,TARGET 2,17.5829,second measured move (2.89R)
ETO,BUY STOP,32.42,"breakout trigger, above the base pivot"
ETO,BUY LIMIT,32.1675,"pullback entry, old resistance acting as support"
ETO,STOP LOSS,29.3846,"initial stop, below base support and the 30 week average"
ETO,BREAKEVEN,34.6964,move the stop to entry here
ETO,TARGET 1,39.5119,"measured move, sell part of the position (2.34R)"
ETO,TARGET 2,45.3874,second measured move (4.27R)
ETO,BUY LIMIT,29.7381,buy the 30 week average on a pullback in an established Stage 2
ETO,STOP LOSS,28.4252,"initial stop, below base support and the 30 week average"
ETO,BREAKEVEN,30.7228,move the stop to entry here
ETO,TARGET 1,32.1675,"measured move, sell part of the position (1.85R)"
ETO,TARGET 2,34.1109,second measured move (3.33R)
PFE,BUY STOP,29.517,"breakout trigger, above the base pivot"
PFE,BUY LIMIT,29.21,"pullback entry, old resistance acting as support"
PFE,STOP LOSS,25.9749,"initial stop, below base support and the 30 week average"
PFE,BREAKEVEN,32.1735,move the stop to entry here
PFE,TARGET 1,35.2061,"measured move, sell part of the position (1.61R)"
PFE,TARGET 2,40.003,second measured move (2.96R)
PFE,BUY LIMIT,26.2941,buy the 30 week average on a pullback in an established Stage 2
PFE,STOP LOSS,24.393,"initial stop, below base support and the 30 week average"
PFE,BREAKEVEN,27.7199,move the stop to entry here
PFE,TARGET 1,29.21,"measured move, sell part of the position (1.53R)"
PFE,TARGET 2,31.5427,second measured move (2.76R)
CFBK,BUY STOP,38.4586,"breakout trigger, above the base pivot"
CFBK,BUY LIMIT,38.0107,"pullback entry, old resistance acting as support"
CFBK,STOP LOSS,33.8436,"initial stop, below base support and the 30 week average"
CFBK,BREAKEVEN,41.9198,move the stop to entry here
CFBK,TARGET 1,49.7152,"measured move, sell part of the position (2.44R)"
CFBK,TARGET 2,59.0787,second measured move (4.47R)
CFBK,BUY LIMIT,31.6721,buy the 30 week average on a pullback in an established Stage 2
CFBK,STOP LOSS,29.3432,"initial stop, below base support and the 30 week average"
CFBK,BREAKEVEN,33.4188,move the stop to entry here
CFBK,TARGET 1,38.0107,"measured move, sell part of the position (2.72R)"
CFBK,TARGET 2,43.0816,second measured move (4.9R)
DSGR,BUY STOP,35.3214,"breakout trigger, above the base pivot"
DSGR,BUY LIMIT,35.06,"pullback entry, old resistance acting as support"
DSGR,STOP LOSS,31.0828,"initial stop, below base support and the 30 week average"
DSGR,BREAKEVEN,38.5003,move the stop to entry here
DSGR,TARGET 1,50.837,"measured move, sell part of the position (3.66R)"
DSGR,TARGET 2,63.4586,second measured move (6.64R)
DSGR,BUY LIMIT,30.6066,buy the 30 week average on a pullback in an established Stage 2
DSGR,STOP LOSS,29.2474,"initial stop, below base support and the 30 week average"
DSGR,BREAKEVEN,31.626,move the stop to entry here
DSGR,TARGET 1,35.3,"measured move, sell part of the position (3.45R)"
DSGR,TARGET 2,39.0548,second measured move (6.22R)
DDT,BUY STOP,26.9072,"breakout trigger, above the base pivot"
DDT,BUY LIMIT,26.8,"pullback entry, old resistance acting as support"
DDT,STOP LOSS,25.3249,"initial stop, below base support and the 30 week average"
DDT,BREAKEVEN,28.0939,move the stop to entry here
DDT,TARGET 1,29.0322,"measured move, sell part of the position (1.34R)"
DDT,TARGET 2,30.818,second measured move (2.47R)
DDT,BUY LIMIT,25.8734,buy the 30 week average on a pullback in an established Stage 2
DDT,STOP LOSS,25.3249,"initial stop, below base support and the 30 week average"
DDT,BREAKEVEN,26.2847,move the stop to entry here
DDT,TARGET 1,26.6961,"measured move, sell part of the position (1.5R)"
DDT,TARGET 2,27.3543,second measured move (2.7R)
SOLV,BUY STOP,95.397,"breakout trigger, above the base pivot"
SOLV,BUY LIMIT,94.16,"pullback entry, old resistance acting as support"
SOLV,STOP LOSS,83.9493,"initial stop, below base support and the 30 week average"
SOLV,BREAKEVEN,103.9827,move the stop to entry here
SOLV,TARGET 1,125.94,"measured move, sell part of the position (2.67R)"
SOLV,TARGET 2,151.364,second measured move (4.89R)
SOLV,BUY LIMIT,79.2415,buy the 30 week average on a pullback in an established Stage 2
SOLV,STOP LOSS,72.8092,"initial stop, below base support and the 30 week average"
SOLV,BREAKEVEN,84.0657,move the stop to entry here
SOLV,TARGET 1,94.16,"measured move, sell part of the position (2.32R)"
SOLV,TARGET 2,106.0948,second measured move (4.17R)
BATRA,BUY STOP,61.1697,"breakout trigger, above the base pivot"
BATRA,BUY LIMIT,60.48,"pullback entry, old resistance acting as support"
BATRA,STOP LOSS,53.8293,"initial stop, below base support and the 30 week average"
BATRA,BREAKEVEN,66.675,move the stop to entry here
BATRA,TARGET 1,75.13,"measured move, sell part of the position (1.9R)"
BATRA,TARGET 2,86.85,second measured move (3.5R)
BATRA,BUY LIMIT,54.5582,buy the 30 week average on a pullback in an established Stage 2
BATRA,STOP LOSS,50.2903,"initial stop, below base support and the 30 week average"
BATRA,BREAKEVEN,57.7591,move the stop to entry here
BATRA,TARGET 1,60.9601,"measured move, sell part of the position (1.5R)"
BATRA,TARGET 2,66.0816,second measured move (2.7R)
GGB,BUY STOP,5.2636,"breakout trigger, above the base pivot"
GGB,BUY LIMIT,5.17,"pullback entry, old resistance acting as support"
GGB,STOP LOSS,4.632,"initial stop, below base support and the 30 week average"
GGB,BREAKEVEN,5.7373,move the stop to entry here
GGB,TARGET 1,7.2564,"measured move, sell part of the position (3.15R)"
GGB,TARGET 2,8.9255,second measured move (5.8R)
GGB,BUY LIMIT,4.5246,buy the 30 week average on a pullback in an established Stage 2
GGB,STOP LOSS,4.0377,"initial stop, below base support and the 30 week average"
GGB,BREAKEVEN,4.8898,move the stop to entry here
GGB,TARGET 1,5.48,"measured move, sell part of the position (1.96R)"
GGB,TARGET 2,6.2443,second measured move (3.53R)
TRV,BUY STOP,401.2248,"breakout trigger, above the base pivot"
TRV,BUY LIMIT,397.3415,"pullback entry, old resistance acting as support"
TRV,STOP LOSS,353.0778,"initial stop, below base support and the 30 week average"
TRV,BREAKEVEN,437.335,move the stop to entry here
TRV,TARGET 1,512.174,"measured move, sell part of the position (2.3R)"
TRV,TARGET 2,604.04,second measured move (4.21R)
TRV,BUY LIMIT,334.5192,buy the 30 week average on a pullback in an established Stage 2
TRV,STOP LOSS,314.3261,"initial stop, below base support and the 30 week average"
TRV,BREAKEVEN,349.6641,move the stop to entry here
TRV,TARGET 1,385.2727,"measured move, sell part of the position (2.51R)"
TRV,TARGET 2,425.8756,second measured move (4.52R)
EQH,BUY STOP,55.8468,"breakout trigger, above the base pivot"
EQH,BUY LIMIT,55.06,"pullback entry, old resistance acting as support"
EQH,STOP LOSS,49.1452,"initial stop, below base support and the 30 week average"
EQH,BREAKEVEN,60.873,move the stop to entry here
EQH,TARGET 1,75.4003,"measured move, sell part of the position (2.92R)"
EQH,TARGET 2,91.6726,second measured move (5.35R)
EQH,BUY LIMIT,45.9207,buy the 30 week average on a pullback in an established Stage 2
EQH,STOP LOSS,41.8293,"initial stop, below base support and the 30 week average"
EQH,BREAKEVEN,48.9893,move the stop to entry here
EQH,TARGET 1,55.225,"measured move, sell part of the position (2.27R)"
EQH,TARGET 2,62.6684,second measured move (4.09R)
CLMB,BUY STOP,34.2997,"breakout trigger, above the base pivot"
CLMB,BUY LIMIT,33.62,"pullback entry, old resistance acting as support"
CLMB,STOP LOSS,30.1837,"initial stop, below base support and the 30 week average"
CLMB,BREAKEVEN,37.3867,move the stop to entry here
CLMB,TARGET 1,48.749,"measured move, sell part of the position (3.51R)"
CLMB,TARGET 2,60.8522,second measured move (6.45R)
CLMB,BUY LIMIT,24.9691,buy the 30 week average on a pullback in an established Stage 2
CLMB,STOP LOSS,21.9728,"initial stop, below base support and the 30 week average"
CLMB,BREAKEVEN,27.2163,move the stop to entry here
CLMB,TARGET 1,34.11,"measured move, sell part of the position (3.05R)"
CLMB,TARGET 2,41.4227,second measured move (5.49R)
PROV,BUY STOP,19.122,"breakout trigger, above the base pivot"
PROV,BUY LIMIT,18.99,"pullback entry, old resistance acting as support"
PROV,STOP LOSS,17.167,"initial stop, below base support and the 30 week average"
PROV,BREAKEVEN,20.5882,move the stop to entry here
PROV,TARGET 1,22.4811,"measured move, sell part of the position (1.72R)"
PROV,TARGET 2,25.2739,second measured move (3.15R)
PROV,BUY LIMIT,17.3517,buy the 30 week average on a pullback in an established Stage 2
PROV,STOP LOSS,16.6655,"initial stop, below base support and the 30 week average"
PROV,BREAKEVEN,17.8664,move the stop to entry here
PROV,TARGET 1,18.99,"measured move, sell part of the position (2.39R)"
PROV,TARGET 2,20.3006,second measured move (4.3R)
SLAB,BUY STOP,224.394,"breakout trigger, above the base pivot"
SLAB,BUY LIMIT,223.5,"pullback entry, old resistance acting as support"
SLAB,STOP LOSS,215.9923,"initial stop, below base support and the 30 week average"
SLAB,BREAKEVEN,230.6953,move the stop to entry here
SLAB,TARGET 1,245.98,"measured move, sell part of the position (2.57R)"
SLAB,TARGET 2,263.964,second measured move (4.71R)
SLAB,BUY LIMIT,217.5017,buy the 30 week average on a pullback in an established Stage 2
SLAB,STOP LOSS,212.8859,"initial stop, below base support and the 30 week average"
SLAB,BREAKEVEN,220.9636,move the stop to entry here
SLAB,TARGET 1,224.4255,"measured move, sell part of the position (1.5R)"
SLAB,TARGET 2,229.9645,second measured move (2.7R)
CRBG,BUY STOP,36.1427,"breakout trigger, above the base pivot"
CRBG,BUY LIMIT,35.64,"pullback entry, old resistance acting as support"
CRBG,STOP LOSS,31.8056,"initial stop, below base support and the 30 week average"
CRBG,BREAKEVEN,39.3956,move the stop to entry here
CRBG,TARGET 1,49.5396,"measured move, sell part of the position (3.09R)"
CRBG,TARGET 2,60.6592,second measured move (5.65R)
CRBG,BUY LIMIT,29.6533,buy the 30 week average on a pullback in an established Stage 2
CRBG,STOP LOSS,27.039,"initial stop, below base support and the 30 week average"
CRBG,BREAKEVEN,31.614,move the stop to entry here
CRBG,TARGET 1,35.64,"measured move, sell part of the position (2.29R)"
CRBG,TARGET 2,40.4294,second measured move (4.12R)
ECPG,BUY STOP,106.634,"breakout trigger, above the base pivot"
ECPG,BUY LIMIT,104.98,"pullback entry, old resistance acting as support"
ECPG,STOP LOSS,93.8379,"initial stop, below base support and the 30 week average"
ECPG,BREAKEVEN,116.2311,move the stop to entry here
ECPG,TARGET 1,144.95,"measured move, sell part of the position (2.99R)"
ECPG,TARGET 2,176.926,second measured move (5.49R)
ECPG,BUY LIMIT,88.8513,buy the 30 week average on a pullback in an established Stage 2
ECPG,STOP LOSS,80.2505,"initial stop, below base support and the 30 week average"
ECPG,BREAKEVEN,95.3019,move the stop to entry here
ECPG,TARGET 1,104.98,"measured move, sell part of the position (1.88R)"
ECPG,TARGET 2,117.883,second measured move (3.38R)
EWBC,BUY STOP,138.8967,"breakout trigger, above the base pivot"
EWBC,BUY LIMIT,137.47,"pullback entry, old resistance acting as support"
EWBC,STOP LOSS,122.2291,"initial stop, below base support and the 30 week average"
EWBC,BREAKEVEN,151.3974,move the stop to entry here
EWBC,TARGET 1,173.9408,"measured move, sell part of the position (2.1R)"
EWBC,TARGET 2,203.1175,second measured move (3.85R)
EWBC,BUY LIMIT,124.9803,buy the 30 week average on a pullback in an established Stage 2
EWBC,STOP LOSS,117.5614,"initial stop, below base support and the 30 week average"
EWBC,BREAKEVEN,130.5444,move the stop to entry here
EWBC,TARGET 1,137.47,"measured move, sell part of the position (1.68R)"
EWBC,TARGET 2,147.4618,second measured move (3.03R)
RNW,BUY STOP,6.9436,"breakout trigger, above the base pivot"
RNW,BUY LIMIT,6.88,"pullback entry, old resistance acting as support"
RNW,STOP LOSS,6.1104,"initial stop, below base support and the 30 week average"
RNW,BREAKEVEN,7.5685,move the stop to entry here
RNW,TARGET 1,9.375,"measured move, sell part of the position (2.92R)"
RNW,TARGET 2,11.371,second measured move (5.31R)
RNW,BUY LIMIT,6.0851,buy the 30 week average on a pullback in an established Stage 2
RNW,STOP LOSS,5.7544,"initial stop, below base support and the 30 week average"
RNW,BREAKEVEN,6.3331,move the stop to entry here
RNW,TARGET 1,6.9,"measured move, sell part of the position (2.46R)"
RNW,TARGET 2,7.5519,second measured move (4.44R)
BRK-B,BUY STOP,541.419,"breakout trigger, above the base pivot"
BRK-B,BUY LIMIT,537.74,"pullback entry, old resistance acting as support"
BRK-B,STOP LOSS,489.122,"initial stop, below base support and the 30 week average"
BRK-B,BREAKEVEN,580.6419,move the stop to entry here
BRK-B,TARGET 1,611.47,"measured move, sell part of the position (1.34R)"
BRK-B,TARGET 2,670.454,second measured move (2.47R)
BRK-B,BUY LIMIT,494.2726,buy the 30 week average on a pullback in an established Stage 2
BRK-B,STOP LOSS,475.1416,"initial stop, below base support and the 30 week average"
BRK-B,BREAKEVEN,508.6209,move the stop to entry here
BRK-B,TARGET 1,537.74,"measured move, sell part of the position (2.27R)"
BRK-B,TARGET 2,572.5139,second measured move (4.09R)
HWC,BUY STOP,80.4804,"breakout trigger, above the base pivot"
HWC,BUY LIMIT,79.6,"pullback entry, old resistance acting as support"
HWC,STOP LOSS,70.8227,"initial stop, below base support and the 30 week average"
HWC,BREAKEVEN,87.7236,move the stop to entry here
HWC,TARGET 1,100.0573,"measured move, sell part of the position (2.03R)"
HWC,TARGET 2,116.4231,second measured move (3.72R)
HWC,BUY LIMIT,71.3957,buy the 30 week average on a pullback in an established Stage 2
HWC,STOP LOSS,66.8179,"initial stop, below base support and the 30 week average"
HWC,BREAKEVEN,74.829,move the stop to entry here
HWC,TARGET 1,79.6,"measured move, sell part of the position (1.79R)"
HWC,TARGET 2,86.1635,second measured move (3.23R)
PLUS,BUY STOP,99.3261,"breakout trigger, above the base pivot"
PLUS,BUY LIMIT,97.8328,"pullback entry, old resistance acting as support"
PLUS,STOP LOSS,87.407,"initial stop, below base support and the 30 week average"
PLUS,BREAKEVEN,108.2654,move the stop to entry here
PLUS,TARGET 1,123.0431,"measured move, sell part of the position (1.99R)"
PLUS,TARGET 2,143.2114,second measured move (3.68R)
PLUS,BUY LIMIT,86.1724,buy the 30 week average on a pullback in an established Stage 2
PLUS,STOP LOSS,78.4073,"initial stop, below base support and the 30 week average"
PLUS,BREAKEVEN,91.9963,move the stop to entry here
PLUS,TARGET 1,97.8328,"measured move, sell part of the position (1.5R)"
PLUS,TARGET 2,107.1611,second measured move (2.7R)
AMGN,BUY STOP,452.9892,"breakout trigger, above the base pivot"
AMGN,BUY LIMIT,447.03,"pullback entry, old resistance acting as support"
AMGN,STOP LOSS,398.6305,"initial stop, below base support and the 30 week average"
AMGN,BREAKEVEN,493.7582,move the stop to entry here
AMGN,TARGET 1,577.7905,"measured move, sell part of the position (2.3R)"
AMGN,TARGET 2,682.399,second measured move (4.22R)
AMGN,BUY LIMIT,372.0351,buy the 30 week average on a pullback in an established Stage 2
AMGN,STOP LOSS,341.0472,"initial stop, below base support and the 30 week average"
AMGN,BREAKEVEN,395.276,move the stop to entry here
AMGN,TARGET 1,447.03,"measured move, sell part of the position (2.42R)"
AMGN,TARGET 2,507.026,second measured move (4.36R)
PYT,BUY STOP,25.0297,"breakout trigger, above the base pivot"
PYT,BUY LIMIT,24.93,"pullback entry, old resistance acting as support"
PYT,STOP LOSS,22.8875,"initial stop, below base support and the 30 week average"
PYT,BREAKEVEN,26.6364,move the stop to entry here
PYT,TARGET 1,27.4875,"measured move, sell part of the position (1.15R)"
PYT,TARGET 2,29.5336,second measured move (2.1R)
PYT,BUY LIMIT,23.2543,buy the 30 week average on a pullback in an established Stage 2
PYT,STOP LOSS,22.7731,"initial stop, below base support and the 30 week average"
PYT,BREAKEVEN,23.6152,move the stop to entry here
PYT,TARGET 1,24.93,"measured move, sell part of the position (3.48R)"
PYT,TARGET 2,26.2706,second measured move (6.27R)
FVCB,BUY STOP,19.3333,"breakout trigger, above the base pivot"
FVCB,BUY LIMIT,19.11,"pullback entry, old resistance acting as support"
FVCB,STOP LOSS,17.0133,"initial stop, below base support and the 30 week average"
FVCB,BREAKEVEN,21.0733,move the stop to entry here
FVCB,TARGET 1,24.0292,"measured move, sell part of the position (2.02R)"
FVCB,TARGET 2,27.9646,second measured move (3.72R)
FVCB,BUY LIMIT,16.9932,buy the 30 week average on a pullback in an established Stage 2
FVCB,STOP LOSS,15.8321,"initial stop, below base support and the 30 week average"
FVCB,BREAKEVEN,17.8641,move the stop to entry here
FVCB,TARGET 1,19.11,"measured move, sell part of the position (1.82R)"
FVCB,TARGET 2,20.8034,second measured move (3.28R)
GTLB,BUY STOP,56.7316,"breakout trigger, above the base pivot"
GTLB,BUY LIMIT,55.55,"pullback entry, old resistance acting as support"
GTLB,STOP LOSS,49.9238,"initial stop, below base support and the 30 week average"
GTLB,BREAKEVEN,61.8374,move the stop to entry here
GTLB,TARGET 1,80.5475,"measured move, sell part of the position (3.5R)"
GTLB,TARGET 2,100.5455,second measured move (6.44R)
GTLB,BUY LIMIT,33.8868,buy the 30 week average on a pullback in an established Stage 2
GTLB,STOP LOSS,29.8204,"initial stop, below base support and the 30 week average"
GTLB,BREAKEVEN,36.9366,move the stop to entry here
GTLB,TARGET 1,55.55,"measured move, sell part of the position (5.33R)"
GTLB,TARGET 2,72.8806,second measured move (9.59R)
BRK-A,BUY STOP,811446.0608,"breakout trigger, above the base pivot"
BRK-A,BUY LIMIT,806103.0,"pullback entry, old resistance acting as support"
BRK-A,STOP LOSS,733826.4392,"initial stop, below base support and the 30 week average"
BRK-A,BREAKEVEN,869660.777,move the stop to entry here
BRK-A,TARGET 1,914206.0,"measured move, sell part of the position (1.32R)"
BRK-A,TARGET 2,1000688.4,second measured move (2.44R)
BRK-A,BUY LIMIT,741306.7243,buy the 30 week average on a pullback in an established Stage 2
BRK-A,STOP LOSS,713522.8083,"initial stop, below base support and the 30 week average"
BRK-A,BREAKEVEN,762144.6613,move the stop to entry here
BRK-A,TARGET 1,806103.0,"measured move, sell part of the position (2.33R)"
BRK-A,TARGET 2,857940.0206,second measured move (4.2R)
CSWC,BUY STOP,25.6954,"breakout trigger, above the base pivot"
CSWC,BUY LIMIT,25.4802,"pullback entry, old resistance acting as support"
CSWC,STOP LOSS,22.612,"initial stop, below base support and the 30 week average"
CSWC,BREAKEVEN,28.0081,move the stop to entry here
CSWC,TARGET 1,30.8905,"measured move, sell part of the position (1.68R)"
CSWC,TARGET 2,35.2187,second measured move (3.09R)
CSWC,BUY LIMIT,23.0691,buy the 30 week average on a pullback in an established Stage 2
CSWC,STOP LOSS,21.95,"initial stop, below base support and the 30 week average"
CSWC,BREAKEVEN,23.9084,move the stop to entry here
CSWC,TARGET 1,25.4802,"measured move, sell part of the position (2.15R)"
CSWC,TARGET 2,27.4092,second measured move (3.88R)
CPAY,BUY STOP,432.8743,"breakout trigger, above the base pivot"
CPAY,BUY LIMIT,427.46,"pullback entry, old resistance acting as support"
CPAY,STOP LOSS,380.9294,"initial stop, below base support and the 30 week average"
CPAY,BREAKEVEN,471.833,move the stop to entry here
CPAY,TARGET 1,573.76,"measured move, sell part of the position (2.71R)"
CPAY,TARGET 2,690.8,second measured move (4.97R)
CPAY,BUY LIMIT,360.8217,buy the 30 week average on a pullback in an established Stage 2
CPAY,STOP LOSS,332.6674,"initial stop, below base support and the 30 week average"
CPAY,BREAKEVEN,381.9375,move the stop to entry here
CPAY,TARGET 1,427.46,"measured move, sell part of the position (2.37R)"
CPAY,TARGET 2,480.7706,second measured move (4.26R)
GAM,BUY STOP,69.0351,"breakout trigger, above the base pivot"
GAM,BUY LIMIT,68.57,"pullback entry, old resistance acting as support"
GAM,STOP LOSS,62.3449,"initial stop, below base support and the 30 week average"
GAM,BREAKEVEN,74.0527,move the stop to entry here
GAM,TARGET 1,80.29,"measured move, sell part of the position (1.68R)"
GAM,TARGET 2,89.666,second measured move (3.08R)
GAM,BUY LIMIT,64.1987,buy the 30 week average on a pullback in an established Stage 2
GAM,STOP LOSS,61.7803,"initial stop, below base support and the 30 week average"
GAM,BREAKEVEN,66.0125,move the stop to entry here
GAM,TARGET 1,68.57,"measured move, sell part of the position (1.81R)"
GAM,TARGET 2,72.067,second measured move (3.25R)
ARW,BUY STOP,251.608,"breakout trigger, above the base pivot"
ARW,BUY LIMIT,247.25,"pullback entry, old resistance acting as support"
ARW,STOP LOSS,221.415,"initial stop, below base support and the 30 week average"
ARW,BREAKEVEN,274.2527,move the stop to entry here
ARW,TARGET 1,358.5125,"measured move, sell part of the position (3.54R)"
ARW,TARGET 2,447.5225,second measured move (6.49R)
ARW,BUY LIMIT,204.8639,buy the 30 week average on a pullback in an established Stage 2
ARW,STOP LOSS,182.2025,"initial stop, below base support and the 30 week average"
ARW,BREAKEVEN,221.8599,move the stop to entry here
ARW,TARGET 1,249.43,"measured move, sell part of the position (1.97R)"
ARW,TARGET 2,285.0829,second measured move (3.54R)
AME,BUY STOP,263.6203,"breakout trigger, above the base pivot"
AME,BUY LIMIT,260.78,"pullback entry, old resistance acting as support"
AME,STOP LOSS,231.9858,"initial stop, below base support and the 30 week average"
AME,BREAKEVEN,287.3461,move the stop to entry here
AME,TARGET 1,314.8515,"measured move, sell part of the position (1.62R)"
AME,TARGET 2,358.1088,second measured move (2.99R)
AME,BUY LIMIT,235.7887,buy the 30 week average on a pullback in an established Stage 2
AME,STOP LOSS,221.0191,"initial stop, below base support and the 30 week average"
AME,BREAKEVEN,246.8659,move the stop to entry here
AME,TARGET 1,260.78,"measured move, sell part of the position (1.69R)"
AME,TARGET 2,280.773,second measured move (3.05R)
FRSH,BUY STOP,14.2806,"breakout trigger, above the base pivot"
FRSH,BUY LIMIT,13.99,"pullback entry, old resistance acting as support"
FRSH,STOP LOSS,12.5669,"initial stop, below base support and the 30 week average"
FRSH,BREAKEVEN,15.5658,move the stop to entry here
FRSH,TARGET 1,20.2855,"measured move, sell part of the position (3.5R)"
FRSH,TARGET 2,25.3219,second measured move (6.44R)
FRSH,BUY LIMIT,10.5286,buy the 30 week average on a pullback in an established Stage 2
FRSH,STOP LOSS,9.2651,"initial stop, below base support and the 30 week average"
FRSH,BREAKEVEN,11.4761,move the stop to entry here
FRSH,TARGET 1,14.37,"measured move, sell part of the position (3.04R)"
FRSH,TARGET 2,17.4432,second measured move (5.47R)
BFC,BUY STOP,160.3497,"breakout trigger, above the base pivot"
BFC,BUY LIMIT,158.4671,"pullback entry, old resistance acting as support"
BFC,STOP LOSS,143.4974,"initial stop, below base support and the 30 week average"
BFC,BREAKEVEN,172.989,move the stop to entry here
BFC,TARGET 1,188.4558,"measured move, sell part of the position (1.67R)"
BFC,TARGET 2,212.4467,second measured move (3.09R)
BFC,BUY LIMIT,146.4565,buy the 30 week average on a pullback in an established Stage 2
BFC,STOP LOSS,136.6668,"initial stop, below base support and the 30 week average"
BFC,BREAKEVEN,153.7988,move the stop to entry here
BFC,TARGET 1,161.141,"measured move, sell part of the position (1.5R)"
BFC,TARGET 2,172.8886,second measured move (2.7R)
JNJ,BUY STOP,284.2193,"breakout trigger, above the base pivot"
JNJ,BUY LIMIT,281.07,"pullback entry, old resistance acting as support"
JNJ,STOP LOSS,250.113,"initial stop, below base support and the 30 week average"
JNJ,BREAKEVEN,309.7991,move the stop to entry here
JNJ,TARGET 1,344.1055,"measured move, sell part of the position (1.76R)"
JNJ,TARGET 2,394.5338,second measured move (3.23R)
JNJ,BUY LIMIT,248.5947,buy the 30 week average on a pullback in an established Stage 2
JNJ,STOP LOSS,232.2182,"initial stop, below base support and the 30 week average"
JNJ,BREAKEVEN,260.8771,move the stop to entry here
JNJ,TARGET 1,281.07,"measured move, sell part of the position (1.98R)"
JNJ,TARGET 2,307.0502,second measured move (3.57R)
CNQ,BUY STOP,53.0349,"breakout trigger, above the base pivot"
CNQ,BUY LIMIT,52.31,"pullback entry, old resistance acting as support"
CNQ,STOP LOSS,46.6707,"initial stop, below base support and the 30 week average"
CNQ,BREAKEVEN,57.8081,move the stop to entry here
CNQ,TARGET 1,66.1355,"measured move, sell part of the position (2.06R)"
CNQ,TARGET 2,77.1959,second measured move (3.8R)
CNQ,BUY LIMIT,46.1976,buy the 30 week average on a pullback in an established Stage 2
CNQ,STOP LOSS,42.4279,"initial stop, below base support and the 30 week average"
CNQ,BREAKEVEN,49.0248,move the stop to entry here
CNQ,TARGET 1,52.31,"measured move, sell part of the position (1.62R)"
CNQ,TARGET 2,57.2,second measured move (2.92R)
HG,BUY STOP,37.7804,"breakout trigger, above the base pivot"
HG,BUY LIMIT,37.31,"pullback entry, old resistance acting as support"
HG,STOP LOSS,33.2467,"initial stop, below base support and the 30 week average"
HG,BREAKEVEN,41.1806,move the stop to entry here
HG,TARGET 1,46.86,"measured move, sell part of the position (2.0R)"
HG,TARGET 2,54.5,second measured move (3.69R)
HG,BUY LIMIT,33.2295,buy the 30 week average on a pullback in an established Stage 2
HG,STOP LOSS,30.7836,"initial stop, below base support and the 30 week average"
HG,BREAKEVEN,35.0639,move the stop to entry here
HG,TARGET 1,37.264,"measured move, sell part of the position (1.65R)"
HG,TARGET 2,40.4916,second measured move (2.97R)
ACHC,BUY STOP,36.6145,"breakout trigger, above the base pivot"
ACHC,BUY LIMIT,35.83,"pullback entry, old resistance acting as support"
ACHC,STOP LOSS,32.2208,"initial stop, below base support and the 30 week average"
ACHC,BREAKEVEN,39.9098,move the stop to entry here
ACHC,TARGET 1,50.06,"measured move, sell part of the position (3.06R)"
ACHC,TARGET 2,61.444,second measured move (5.65R)
ACHC,BUY LIMIT,27.8898,buy the 30 week average on a pullback in an established Stage 2
ACHC,STOP LOSS,24.543,"initial stop, below base support and the 30 week average"
ACHC,BREAKEVEN,30.3999,move the stop to entry here
ACHC,TARGET 1,32.95,"measured move, sell part of the position (1.51R)"
ACHC,TARGET 2,36.9982,second measured move (2.72R)
BYFC,BUY STOP,12.4927,"breakout trigger, above the base pivot"
BYFC,BUY LIMIT,12.35,"pullback entry, old resistance acting as support"
BYFC,STOP LOSS,10.9936,"initial stop, below base support and the 30 week average"
BYFC,BREAKEVEN,13.6171,move the stop to entry here
BYFC,TARGET 1,17.58,"measured move, sell part of the position (3.39R)"
BYFC,TARGET 2,21.764,second measured move (6.18R)
BYFC,BUY LIMIT,10.1074,buy the 30 week average on a pullback in an established Stage 2
BYFC,STOP LOSS,9.3652,"initial stop, below base support and the 30 week average"
BYFC,BREAKEVEN,10.6641,move the stop to entry here
BYFC,TARGET 1,12.35,"measured move, sell part of the position (3.02R)"
BYFC,TARGET 2,14.1441,second measured move (5.44R)
ABBV,BUY STOP,272.772,"breakout trigger, above the base pivot"
ABBV,BUY LIMIT,269.39,"pullback entry, old resistance acting as support"
ABBV,STOP LOSS,240.0393,"initial stop, below base support and the 30 week average"
ABBV,BREAKEVEN,297.3214,move the stop to entry here
ABBV,TARGET 1,349.3782,"measured move, sell part of the position (2.34R)"
ABBV,TARGET 2,413.3687,second measured move (4.3R)
ABBV,BUY LIMIT,236.454,buy the 30 week average on a pullback in an established Stage 2
ABBV,STOP LOSS,218.8678,"initial stop, below base support and the 30 week average"
ABBV,BREAKEVEN,249.6437,move the stop to entry here
ABBV,TARGET 1,277.6,"measured move, sell part of the position (2.34R)"
ABBV,TARGET 2,310.5168,second measured move (4.21R)
SONO,BUY STOP,18.732,"breakout trigger, above the base pivot"
SONO,BUY LIMIT,18.35,"pullback entry, old resistance acting as support"
SONO,STOP LOSS,16.4842,"initial stop, below base support and the 30 week average"
SONO,BREAKEVEN,20.4179,move the stop to entry here
SONO,TARGET 1,24.26,"measured move, sell part of the position (2.46R)"
SONO,TARGET 2,28.988,second measured move (4.56R)
SONO,BUY LIMIT,15.1865,buy the 30 week average on a pullback in an established Stage 2
SONO,STOP LOSS,13.3641,"initial stop, below base support and the 30 week average"
SONO,BREAKEVEN,16.5533,move the stop to entry here
SONO,TARGET 1,18.35,"measured move, sell part of the position (1.74R)"
SONO,TARGET 2,20.8808,second measured move (3.12R)
BSET,BUY STOP,22.401,"breakout trigger, above the base pivot"
BSET,BUY LIMIT,22.0332,"pullback entry, old resistance acting as support"
BSET,STOP LOSS,19.7129,"initial stop, below base support and the 30 week average"
BSET,BREAKEVEN,24.4171,move the stop to entry here
BSET,TARGET 1,31.2114,"measured move, sell part of the position (3.28R)"
BSET,TARGET 2,38.5539,second measured move (6.01R)
BSET,BUY LIMIT,17.1126,buy the 30 week average on a pullback in an established Stage 2
BSET,STOP LOSS,15.2002,"initial stop, below base support and the 30 week average"
BSET,BREAKEVEN,18.5469,move the stop to entry here
BSET,TARGET 1,21.76,"measured move, sell part of the position (2.43R)"
BSET,TARGET 2,25.4779,second measured move (4.37R)
BWB,BUY STOP,22.9176,"breakout trigger, above the base pivot"
BWB,BUY LIMIT,22.62,"pullback entry, old resistance acting as support"
BWB,STOP LOSS,20.1675,"initial stop, below base support and the 30 week average"
BWB,BREAKEVEN,24.9802,move the stop to entry here
BWB,TARGET 1,28.55,"measured move, sell part of the position (2.05R)"
BWB,TARGET 2,33.294,second measured move (3.77R)
BWB,BUY LIMIT,20.1167,buy the 30 week average on a pullback in an established Stage 2
BWB,STOP LOSS,18.5691,"initial stop, below base support and the 30 week average"
BWB,BREAKEVEN,21.2775,move the stop to entry here
BWB,TARGET 1,22.62,"measured move, sell part of the position (1.62R)"
BWB,TARGET 2,24.6226,second measured move (2.91R)
ADP,BUY STOP,289.5189,"breakout trigger, above the base pivot"
ADP,BUY LIMIT,286.1685,"pullback entry, old resistance acting as support"
ADP,STOP LOSS,254.7766,"initial stop, below base support and the 30 week average"
ADP,BREAKEVEN,315.5756,move the stop to entry here
ADP,TARGET 1,386.7814,"measured move, sell part of the position (2.8R)"
ADP,TARGET 2,467.2718,second measured move (5.12R)
ADP,BUY LIMIT,238.3617,buy the 30 week average on a pullback in an established Stage 2
ADP,STOP LOSS,220.9399,"initial stop, below base support and the 30 week average"
ADP,BREAKEVEN,251.428,move the stop to entry here
ADP,TARGET 1,286.1685,"measured move, sell part of the position (2.74R)"
ADP,TARGET 2,324.414,second measured move (4.94R)
PGNY,BUY STOP,33.6036,"breakout trigger, above the base pivot"
PGNY,BUY LIMIT,33.065,"pullback entry, old resistance acting as support"
PGNY,STOP LOSS,29.5712,"initial stop, below base support and the 30 week average"
PGNY,BREAKEVEN,36.6279,move the stop to entry here
PGNY,TARGET 1,47.9442,"measured move, sell part of the position (3.56R)"
PGNY,TARGET 2,59.8476,second measured move (6.51R)
PGNY,BUY LIMIT,25.1438,buy the 30 week average on a pullback in an established Stage 2
PGNY,STOP LOSS,22.3429,"initial stop, below base support and the 30 week average"
PGNY,BREAKEVEN,27.2445,move the stop to entry here
PGNY,TARGET 1,31.82,"measured move, sell part of the position (2.38R)"
PGNY,TARGET 2,37.161,second measured move (4.29R)
BLK,BUY STOP,1194.7827,"breakout trigger, above the base pivot"
BLK,BUY LIMIT,1181.1088,"pullback entry, old resistance acting as support"
BLK,STOP LOSS,1051.4088,"initial stop, below base support and the 30 week average"
BLK,BREAKEVEN,1302.3131,move the stop to entry here
BLK,TARGET 1,1454.6258,"measured move, sell part of the position (1.81R)"
BLK,TARGET 2,1673.4394,second measured move (3.34R)
BLK,BUY LIMIT,1056.4425,buy the 30 week average on a pullback in an established Stage 2
BLK,STOP LOSS,985.3381,"initial stop, below base support and the 30 week average"
BLK,BREAKEVEN,1109.7708,move the stop to entry here
BLK,TARGET 1,1181.1088,"measured move, sell part of the position (1.75R)"
BLK,TARGET 2,1280.8418,second measured move (3.16R)
JCI,BUY STOP,159.1704,"breakout trigger, above the base pivot"
JCI,BUY LIMIT,156.95,"pullback entry, old resistance acting as support"
JCI,STOP LOSS,140.07,"initial stop, below base support and the 30 week average"
JCI,BREAKEVEN,173.4957,move the stop to entry here
JCI,TARGET 1,188.688,"measured move, sell part of the position (1.55R)"
JCI,TARGET 2,214.0783,second measured move (2.87R)
JCI,BUY LIMIT,143.4284,buy the 30 week average on a pullback in an established Stage 2
JCI,STOP LOSS,131.8823,"initial stop, below base support and the 30 week average"
JCI,BREAKEVEN,152.088,move the stop to entry here
JCI,TARGET 1,160.7476,"measured move, sell part of the position (1.5R)"
JCI,TARGET 2,174.603,second measured move (2.7R)
EOG,BUY STOP,156.3215,"breakout trigger, above the base pivot"
EOG,BUY LIMIT,154.16,"pullback entry, old resistance acting as support"
EOG,STOP LOSS,137.5629,"initial stop, below base support and the 30 week average"
EOG,BREAKEVEN,170.3904,move the stop to entry here
EOG,TARGET 1,184.9258,"measured move, sell part of the position (1.52R)"
EOG,TARGET 2,209.5384,second measured move (2.84R)
EOG,BUY LIMIT,139.8117,buy the 30 week average on a pullback in an established Stage 2
EOG,STOP LOSS,128.572,"initial stop, below base support and the 30 week average"
EOG,BREAKEVEN,148.2415,move the stop to entry here
EOG,TARGET 1,156.6713,"measured move, sell part of the position (1.5R)"
EOG,TARGET 2,170.159,second measured move (2.7R)
EG,BUY STOP,402.7177,"breakout trigger, above the base pivot"
EG,BUY LIMIT,398.9011,"pullback entry, old resistance acting as support"
EG,STOP LOSS,354.3915,"initial stop, below base support and the 30 week average"
EG,BREAKEVEN,438.9622,move the stop to entry here
EG,TARGET 1,488.0894,"measured move, sell part of the position (1.77R)"
EG,TARGET 2,559.44,second measured move (3.24R)
EG,BUY LIMIT,355.6418,buy the 30 week average on a pullback in an established Stage 2
EG,STOP LOSS,335.7956,"initial stop, below base support and the 30 week average"
EG,BREAKEVEN,370.5265,move the stop to entry here
EG,TARGET 1,385.9316,"measured move, sell part of the position (1.53R)"
EG,TARGET 2,410.1634,second measured move (2.75R)
GNE,BUY STOP,17.0482,"breakout trigger, above the base pivot"
GNE,BUY LIMIT,16.83,"pullback entry, old resistance acting as support"
GNE,STOP LOSS,15.0025,"initial stop, below base support and the 30 week average"
GNE,BREAKEVEN,18.5826,move the stop to entry here
GNE,TARGET 1,21.1032,"measured move, sell part of the position (1.98R)"
GNE,TARGET 2,24.5218,second measured move (3.65R)
GNE,BUY LIMIT,14.5517,buy the 30 week average on a pullback in an established Stage 2
GNE,STOP LOSS,13.4018,"initial stop, below base support and the 30 week average"
GNE,BREAKEVEN,15.4142,move the stop to entry here
GNE,TARGET 1,16.87,"measured move, sell part of the position (2.02R)"
GNE,TARGET 2,18.7246,second measured move (3.63R)
VEEV,BUY STOP,301.5188,"breakout trigger, above the base pivot"
VEEV,BUY LIMIT,296.24,"pullback entry, old resistance acting as support"
VEEV,STOP LOSS,265.3365,"initial stop, below base support and the 30 week average"
VEEV,BREAKEVEN,328.6555,move the stop to entry here
VEEV,TARGET 1,429.548,"measured move, sell part of the position (3.54R)"
VEEV,TARGET 2,536.1944,second measured move (6.49R)
VEEV,BUY LIMIT,205.9175,buy the 30 week average on a pullback in an established Stage 2
VEEV,STOP LOSS,181.2074,"initial stop, below base support and the 30 week average"
VEEV,BREAKEVEN,224.4501,move the stop to entry here
VEEV,TARGET 1,297.45,"measured move, sell part of the position (3.7R)"
VEEV,TARGET 2,370.676,second measured move (6.67R)
OSPN,BUY STOP,18.6312,"breakout trigger, above the base pivot"
OSPN,BUY LIMIT,18.338,"pullback entry, old resistance acting as support"
OSPN,STOP LOSS,16.3954,"initial stop, below base support and the 30 week average"
OSPN,BREAKEVEN,20.308,move the stop to entry here
OSPN,TARGET 1,26.5901,"measured move, sell part of the position (3.56R)"
OSPN,TARGET 2,33.1918,second measured move (6.51R)
OSPN,BUY LIMIT,14.3722,buy the 30 week average on a pullback in an established Stage 2
OSPN,STOP LOSS,12.8476,"initial stop, below base support and the 30 week average"
OSPN,BREAKEVEN,15.5155,move the stop to entry here
OSPN,TARGET 1,18.83,"measured move, sell part of the position (2.92R)"
OSPN,TARGET 2,22.3963,second measured move (5.26R)
UNM,BUY STOP,97.9863,"breakout trigger, above the base pivot"
UNM,BUY LIMIT,96.77,"pullback entry, old resistance acting as support"
UNM,STOP LOSS,86.2279,"initial stop, below base support and the 30 week average"
UNM,BREAKEVEN,106.8051,move the stop to entry here
UNM,TARGET 1,123.738,"measured move, sell part of the position (2.19R)"
UNM,TARGET 2,145.3123,second measured move (4.02R)
UNM,BUY LIMIT,86.3844,buy the 30 week average on a pullback in an established Stage 2
UNM,STOP LOSS,80.0599,"initial stop, below base support and the 30 week average"
UNM,BREAKEVEN,91.1279,move the stop to entry here
UNM,TARGET 1,96.77,"measured move, sell part of the position (1.64R)"
UNM,TARGET 2,105.0785,second measured move (2.96R)
DXCM,BUY STOP,93.9618,"breakout trigger, above the base pivot"
DXCM,BUY LIMIT,92.59,"pullback entry, old resistance acting as support"
DXCM,STOP LOSS,82.6864,"initial stop, below base support and the 30 week average"
DXCM,BREAKEVEN,102.4183,move the stop to entry here
DXCM,TARGET 1,128.46,"measured move, sell part of the position (3.06R)"
DXCM,TARGET 2,157.156,second measured move (5.6R)
DXCM,BUY LIMIT,75.6534,buy the 30 week average on a pullback in an established Stage 2
DXCM,STOP LOSS,68.5201,"initial stop, below base support and the 30 week average"
DXCM,BREAKEVEN,81.0033,move the stop to entry here
DXCM,TARGET 1,92.59,"measured move, sell part of the position (2.37R)"
DXCM,TARGET 2,106.1393,second measured move (4.27R)
MBWM,BUY STOP,63.7023,"breakout trigger, above the base pivot"
MBWM,BUY LIMIT,62.95,"pullback entry, old resistance acting as support"
MBWM,STOP LOSS,56.058,"initial stop, below base support and the 30 week average"
MBWM,BREAKEVEN,69.4355,move the stop to entry here
MBWM,TARGET 1,78.2686,"measured move, sell part of the position (1.91R)"
MBWM,TARGET 2,90.5234,second measured move (3.51R)
MBWM,BUY LIMIT,55.8655,buy the 30 week average on a pullback in an established Stage 2
MBWM,STOP LOSS,51.9534,"initial stop, below base support and the 30 week average"
MBWM,BREAKEVEN,58.7995,move the stop to entry here
MBWM,TARGET 1,62.95,"measured move, sell part of the position (1.81R)"
MBWM,TARGET 2,68.6176,second measured move (3.26R)
SXT,BUY STOP,140.9181,"breakout trigger, above the base pivot"
SXT,BUY LIMIT,138.82,"pullback entry, old resistance acting as support"
SXT,STOP LOSS,124.008,"initial stop, below base support and the 30 week average"
SXT,BREAKEVEN,153.6008,move the stop to entry here
SXT,TARGET 1,195.3213,"measured move, sell part of the position (3.22R)"
SXT,TARGET 2,240.5224,second measured move (5.89R)
SXT,BUY LIMIT,118.3641,buy the 30 week average on a pullback in an established Stage 2
SXT,STOP LOSS,107.4538,"initial stop, below base support and the 30 week average"
SXT,BREAKEVEN,126.5468,move the stop to entry here
SXT,TARGET 1,138.82,"measured move, sell part of the position (1.87R)"
SXT,TARGET 2,155.1847,second measured move (3.37R)
MFIN,BUY STOP,12.418,"breakout trigger, above the base pivot"
MFIN,BUY LIMIT,12.26,"pullback entry, old resistance acting as support"
MFIN,STOP LOSS,10.9279,"initial stop, below base support and the 30 week average"
MFIN,BREAKEVEN,13.5357,move the stop to entry here
MFIN,TARGET 1,16.8781,"measured move, sell part of the position (2.99R)"
MFIN,TARGET 2,20.5726,second measured move (5.47R)
MFIN,BUY LIMIT,10.1707,buy the 30 week average on a pullback in an established Stage 2
MFIN,STOP LOSS,9.349,"initial stop, below base support and the 30 week average"
MFIN,BREAKEVEN,10.7871,move the stop to entry here
MFIN,TARGET 1,12.26,"measured move, sell part of the position (2.54R)"
MFIN,TARGET 2,13.9314,second measured move (4.58R)
HLP,BUY STOP,2.6938,"breakout trigger, above the base pivot"
HLP,BUY LIMIT,2.62,"pullback entry, old resistance acting as support"
HLP,STOP LOSS,2.3706,"initial stop, below base support and the 30 week average"
HLP,BREAKEVEN,2.9363,move the stop to entry here
HLP,TARGET 1,3.799,"measured move, sell part of the position (3.42R)"
HLP,TARGET 2,4.7422,second measured move (6.34R)
HLP,BUY LIMIT,1.1592,buy the 30 week average on a pullback in an established Stage 2
HLP,STOP LOSS,1.0201,"initial stop, below base support and the 30 week average"
HLP,BREAKEVEN,1.2635,move the stop to entry here
HLP,TARGET 1,2.63,"measured move, sell part of the position (10.57R)"
HLP,TARGET 2,3.8067,second measured move (19.03R)
LXP,BUY STOP,61.9423,"breakout trigger, above the base pivot"
LXP,BUY LIMIT,61.61,"pullback entry, old resistance acting as support"
LXP,STOP LOSS,54.7092,"initial stop, below base support and the 30 week average"
LXP,BREAKEVEN,67.367,move the stop to entry here
LXP,TARGET 1,79.2858,"measured move, sell part of the position (2.4R)"
LXP,TARGET 2,93.4264,second measured move (4.35R)
LXP,BUY LIMIT,55.1744,buy the 30 week average on a pullback in an established Stage 2
LXP,STOP LOSS,53.4466,"initial stop, below base support and the 30 week average"
LXP,BREAKEVEN,56.4702,move the stop to entry here
LXP,TARGET 1,61.19,"measured move, sell part of the position (3.48R)"
LXP,TARGET 2,66.0025,second measured move (6.27R)
ATG.L,BUY STOP,498.4206,"breakout trigger, above the base pivot"
ATG.L,BUY LIMIT,490.0,"pullback entry, old resistance acting as support"
ATG.L,STOP LOSS,438.6101,"initial stop, below base support and the 30 week average"
ATG.L,BREAKEVEN,543.2785,move the stop to entry here
ATG.L,TARGET 1,681.5,"measured move, sell part of the position (3.06R)"
ATG.L,TARGET 2,834.7,second measured move (5.62R)
ATG.L,BUY LIMIT,411.7816,buy the 30 week average on a pullback in an established Stage 2
ATG.L,STOP LOSS,367.9945,"initial stop, below base support and the 30 week average"
ATG.L,BREAKEVEN,444.6219,move the stop to entry here
ATG.L,TARGET 1,482.4,"measured move, sell part of the position (1.61R)"
ATG.L,TARGET 2,538.8947,second measured move (2.9R)
BWIN,BUY STOP,33.3044,"breakout trigger, above the base pivot"
BWIN,BUY LIMIT,32.705,"pullback entry, old resistance acting as support"
BWIN,STOP LOSS,29.3079,"initial stop, below base support and the 30 week average"
BWIN,BREAKEVEN,36.3018,move the stop to entry here
BWIN,TARGET 1,47.4223,"measured move, sell part of the position (3.53R)"
BWIN,TARGET 2,59.1961,second measured move (6.48R)
BWIN,BUY LIMIT,25.9188,buy the 30 week average on a pullback in an established Stage 2
BWIN,STOP LOSS,22.8085,"initial stop, below base support and the 30 week average"
BWIN,BREAKEVEN,28.2515,move the stop to entry here
BWIN,TARGET 1,32.705,"measured move, sell part of the position (2.18R)"
BWIN,TARGET 2,38.134,second measured move (3.93R)
WOR,BUY STOP,68.6627,"breakout trigger, above the base pivot"
WOR,BUY LIMIT,67.54,"pullback entry, old resistance acting as support"
WOR,STOP LOSS,60.4232,"initial stop, below base support and the 30 week average"
WOR,BREAKEVEN,74.8423,move the stop to entry here
WOR,TARGET 1,90.3757,"measured move, sell part of the position (2.64R)"
WOR,TARGET 2,108.6443,second measured move (4.85R)
WOR,BUY LIMIT,56.6659,buy the 30 week average on a pullback in an established Stage 2
WOR,STOP LOSS,50.8279,"initial stop, below base support and the 30 week average"
WOR,BREAKEVEN,61.0443,move the stop to entry here
WOR,TARGET 1,67.54,"measured move, sell part of the position (1.86R)"
WOR,TARGET 2,76.2393,second measured move (3.35R)
GSL,BUY STOP,47.1581,"breakout trigger, above the base pivot"
GSL,BUY LIMIT,46.57,"pullback entry, old resistance acting as support"
GSL,STOP LOSS,41.4991,"initial stop, below base support and the 30 week average"
GSL,BREAKEVEN,51.4023,move the stop to entry here
GSL,TARGET 1,58.4236,"measured move, sell part of the position (1.99R)"
GSL,TARGET 2,67.9064,second measured move (3.67R)
GSL,BUY LIMIT,40.7306,buy the 30 week average on a pullback in an established Stage 2
GSL,STOP LOSS,37.6726,"initial stop, below base support and the 30 week average"
GSL,BREAKEVEN,43.024,move the stop to entry here
GSL,TARGET 1,46.57,"measured move, sell part of the position (1.91R)"
GSL,TARGET 2,51.2416,second measured move (3.44R)
J,BUY STOP,155.3033,"breakout trigger, above the base pivot"
J,BUY LIMIT,153.3,"pullback entry, old resistance acting as support"
J,STOP LOSS,136.6669,"initial stop, below base support and the 30 week average"
J,BREAKEVEN,169.2806,move the stop to entry here
J,TARGET 1,201.51,"measured move, sell part of the position (2.48R)"
J,TARGET 2,240.0779,second measured move (4.55R)
J,BUY LIMIT,131.8966,buy the 30 week average on a pullback in an established Stage 2
J,STOP LOSS,121.4795,"initial stop, below base support and the 30 week average"
J,BREAKEVEN,139.7094,move the stop to entry here
J,TARGET 1,153.3,"measured move, sell part of the position (2.05R)"
J,TARGET 2,170.4227,second measured move (3.7R)
SLNG,BUY STOP,7.3017,"breakout trigger, above the base pivot"
SLNG,BUY LIMIT,7.07,"pullback entry, old resistance acting as support"
SLNG,STOP LOSS,6.4255,"initial stop, below base support and the 30 week average"
SLNG,BREAKEVEN,7.9588,move the stop to entry here
SLNG,TARGET 1,10.2515,"measured move, sell part of the position (3.37R)"
SLNG,TARGET 2,12.7967,second measured move (6.27R)
SLNG,BUY LIMIT,4.7383,buy the 30 week average on a pullback in an established Stage 2
SLNG,STOP LOSS,4.1697,"initial stop, below base support and the 30 week average"
SLNG,BREAKEVEN,5.1648,move the stop to entry here
SLNG,TARGET 1,7.07,"measured move, sell part of the position (4.1R)"
SLNG,TARGET 2,8.9353,second measured move (7.38R)
VALU,BUY STOP,41.9482,"breakout trigger, above the base pivot"
VALU,BUY LIMIT,41.18,"pullback entry, old resistance acting as support"
VALU,STOP LOSS,36.9144,"initial stop, below base support and the 30 week average"
VALU,BREAKEVEN,45.7236,move the stop to entry here
VALU,TARGET 1,50.6536,"measured move, sell part of the position (1.73R)"
VALU,TARGET 2,58.2324,second measured move (3.23R)
VALU,BUY LIMIT,36.8534,buy the 30 week average on a pullback in an established Stage 2
VALU,STOP LOSS,32.431,"initial stop, below base support and the 30 week average"
VALU,BREAKEVEN,40.1702,move the stop to entry here
VALU,TARGET 1,45.2,"measured move, sell part of the position (1.89R)"
VALU,TARGET 2,51.8773,second measured move (3.4R)
CTVA,BUY STOP,14.6982,"breakout trigger, above the base pivot"
CTVA,BUY LIMIT,14.44,"pullback entry, old resistance acting as support"
CTVA,STOP LOSS,12.9344,"initial stop, below base support and the 30 week average"
CTVA,BREAKEVEN,16.021,move the stop to entry here
CTVA,TARGET 1,17.738,"measured move, sell part of the position (1.72R)"
CTVA,TARGET 2,20.3763,second measured move (3.22R)
CTVA,BUY LIMIT,12.3234,buy the 30 week average on a pullback in an established Stage 2
CTVA,STOP LOSS,10.8973,"initial stop, below base support and the 30 week average"
CTVA,BREAKEVEN,13.3929,move the stop to entry here
CTVA,TARGET 1,14.62,"measured move, sell part of the position (1.61R)"
CTVA,TARGET 2,16.4573,second measured move (2.9R)
ATKR,BUY STOP,95.8563,"breakout trigger, above the base pivot"
ATKR,BUY LIMIT,94.88,"pullback entry, old resistance acting as support"
ATKR,STOP LOSS,84.3536,"initial stop, below base support and the 30 week average"
ATKR,BREAKEVEN,104.4834,move the stop to entry here
ATKR,TARGET 1,136.4365,"measured move, sell part of the position (3.53R)"
ATKR,TARGET 2,169.6817,second measured move (6.42R)
ATKR,BUY LIMIT,80.2434,buy the 30 week average on a pullback in an established Stage 2
ATKR,STOP LOSS,75.1665,"initial stop, below base support and the 30 week average"
ATKR,BREAKEVEN,84.051,move the stop to entry here
ATKR,TARGET 1,94.9,"measured move, sell part of the position (2.89R)"
ATKR,TARGET 2,106.6253,second measured move (5.2R)
EPC,BUY STOP,30.377,"breakout trigger, above the base pivot"
EPC,BUY LIMIT,29.7879,"pullback entry, old resistance acting as support"
EPC,STOP LOSS,26.7318,"initial stop, below base support and the 30 week average"
EPC,BREAKEVEN,33.1109,move the stop to entry here
EPC,TARGET 1,43.1924,"measured move, sell part of the position (3.52R)"
EPC,TARGET 2,53.9161,second measured move (6.46R)
EPC,BUY LIMIT,24.6303,buy the 30 week average on a pullback in an established Stage 2
EPC,STOP LOSS,21.6747,"initial stop, below base support and the 30 week average"
EPC,BREAKEVEN,26.847,move the stop to entry here
EPC,TARGET 1,29.7879,"measured move, sell part of the position (1.75R)"
EPC,TARGET 2,33.9139,second measured move (3.14R)
IBEX,BUY STOP,46.0528,"breakout trigger, above the base pivot"
IBEX,BUY LIMIT,45.28,"pullback entry, old resistance acting as support"
IBEX,STOP LOSS,40.5265,"initial stop, below base support and the 30 week average"
IBEX,BREAKEVEN,50.1975,move the stop to entry here
IBEX,TARGET 1,64.62,"measured move, sell part of the position (3.36R)"
IBEX,TARGET 2,80.092,second measured move (6.16R)
IBEX,BUY LIMIT,34.0611,buy the 30 week average on a pullback in an established Stage 2
IBEX,STOP LOSS,30.0426,"initial stop, below base support and the 30 week average"
IBEX,BREAKEVEN,37.075,move the stop to entry here
IBEX,TARGET 1,45.28,"measured move, sell part of the position (2.79R)"
IBEX,TARGET 2,54.2551,second measured move (5.03R)
CTKB,BUY STOP,6.1227,"breakout trigger, above the base pivot"
CTKB,BUY LIMIT,5.985,"pullback entry, old resistance acting as support"
CTKB,STOP LOSS,5.388,"initial stop, below base support and the 30 week average"
CTKB,BREAKEVEN,6.6738,move the stop to entry here
CTKB,TARGET 1,8.66,"measured move, sell part of the position (3.45R)"
CTKB,TARGET 2,10.8,second measured move (6.37R)
CTKB,BUY LIMIT,4.6036,buy the 30 week average on a pullback in an established Stage 2
CTKB,STOP LOSS,4.0512,"initial stop, below base support and the 30 week average"
CTKB,BREAKEVEN,5.0179,move the stop to entry here
CTKB,TARGET 1,6.21,"measured move, sell part of the position (2.91R)"
CTKB,TARGET 2,7.4951,second measured move (5.23R)
ITGR,BUY STOP,127.7904,"breakout trigger, above the base pivot"
ITGR,BUY LIMIT,126.8,"pullback entry, old resistance acting as support"
ITGR,STOP LOSS,112.4555,"initial stop, below base support and the 30 week average"
ITGR,BREAKEVEN,139.2915,move the stop to entry here
ITGR,TARGET 1,176.55,"measured move, sell part of the position (3.18R)"
ITGR,TARGET 2,216.35,second measured move (5.78R)
ITGR,BUY LIMIT,103.3195,buy the 30 week average on a pullback in an established Stage 2
ITGR,STOP LOSS,98.1696,"initial stop, below base support and the 30 week average"
ITGR,BREAKEVEN,107.1819,move the stop to entry here
ITGR,TARGET 1,126.8,"measured move, sell part of the position (4.56R)"
ITGR,TARGET 2,145.5844,second measured move (8.21R)
IOSP,BUY STOP,101.6272,"breakout trigger, above the base pivot"
IOSP,BUY LIMIT,100.48,"pullback entry, old resistance acting as support"
IOSP,STOP LOSS,89.4319,"initial stop, below base support and the 30 week average"
IOSP,BREAKEVEN,110.7737,move the stop to entry here
IOSP,TARGET 1,136.2124,"measured move, sell part of the position (2.84R)"
IOSP,TARGET 2,164.7984,second measured move (5.18R)
IOSP,BUY LIMIT,84.8191,buy the 30 week average on a pullback in an established Stage 2
IOSP,STOP LOSS,78.8537,"initial stop, below base support and the 30 week average"
IOSP,BREAKEVEN,89.2932,move the stop to entry here
IOSP,TARGET 1,100.48,"measured move, sell part of the position (2.63R)"
IOSP,TARGET 2,113.0087,second measured move (4.73R)
MACF.L,BUY STOP,86.3861,"breakout trigger, above the base pivot"
MACF.L,BUY LIMIT,85.0,"pullback entry, old resistance acting as support"
MACF.L,STOP LOSS,76.0197,"initial stop, below base support and the 30 week average"
MACF.L,BREAKEVEN,94.1608,move the stop to entry here
MACF.L,TARGET 1,110.2314,"measured move, sell part of the position (2.3R)"
MACF.L,TARGET 2,130.4164,second measured move (4.25R)
MACF.L,BUY LIMIT,70.8738,buy the 30 week average on a pullback in an established Stage 2
MACF.L,STOP LOSS,63.6663,"initial stop, below base support and the 30 week average"
MACF.L,BREAKEVEN,76.2795,move the stop to entry here
MACF.L,TARGET 1,85.0,"measured move, sell part of the position (1.96R)"
MACF.L,TARGET 2,96.3009,second measured move (3.53R)
CERT,BUY STOP,9.734,"breakout trigger, above the base pivot"
CERT,BUY LIMIT,9.505,"pullback entry, old resistance acting as support"
CERT,STOP LOSS,8.5659,"initial stop, below base support and the 30 week average"
CERT,BREAKEVEN,10.6101,move the stop to entry here
CERT,TARGET 1,13.7823,"measured move, sell part of the position (3.47R)"
CERT,TARGET 2,17.2041,second measured move (6.4R)
CERT,BUY LIMIT,6.9633,buy the 30 week average on a pullback in an established Stage 2
CERT,STOP LOSS,6.1277,"initial stop, below base support and the 30 week average"
CERT,BREAKEVEN,7.59,move the stop to entry here
CERT,TARGET 1,10.19,"measured move, sell part of the position (3.86R)"
CERT,TARGET 2,12.7714,second measured move (6.95R)
SMWB,BUY STOP,9.7476,"breakout trigger, above the base pivot"
SMWB,BUY LIMIT,9.5,"pullback entry, old resistance acting as support"
SMWB,STOP LOSS,8.5778,"initial stop, below base support and the 30 week average"
SMWB,BREAKEVEN,10.6248,move the stop to entry here
SMWB,TARGET 1,13.775,"measured move, sell part of the position (3.44R)"
SMWB,TARGET 2,17.195,second measured move (6.37R)
SMWB,BUY LIMIT,5.736,buy the 30 week average on a pullback in an established Stage 2
SMWB,STOP LOSS,5.0477,"initial stop, below base support and the 30 week average"
SMWB,BREAKEVEN,6.2523,move the stop to entry here
SMWB,TARGET 1,9.5,"measured move, sell part of the position (5.47R)"
SMWB,TARGET 2,12.5112,second measured move (9.84R)
UFPT,BUY STOP,344.6557,"breakout trigger, above the base pivot"
UFPT,BUY LIMIT,338.71,"pullback entry, old resistance acting as support"
UFPT,STOP LOSS,303.297,"initial stop, below base support and the 30 week average"
UFPT,BREAKEVEN,375.6747,move the stop to entry here
UFPT,TARGET 1,491.1295,"measured move, sell part of the position (3.54R)"
UFPT,TARGET 2,613.0651,second measured move (6.49R)
UFPT,BUY LIMIT,250.3343,buy the 30 week average on a pullback in an established Stage 2
UFPT,STOP LOSS,220.2942,"initial stop, below base support and the 30 week average"
UFPT,BREAKEVEN,272.8644,move the stop to entry here
UFPT,TARGET 1,338.71,"measured move, sell part of the position (2.94R)"
UFPT,TARGET 2,409.4106,second measured move (5.3R)
A,BUY STOP,179.381,"breakout trigger, above the base pivot"
A,BUY LIMIT,176.7864,"pullback entry, old resistance acting as support"
A,STOP LOSS,157.8553,"initial stop, below base support and the 30 week average"
A,BREAKEVEN,195.5253,move the stop to entry here
A,TARGET 1,245.5919,"measured move, sell part of the position (3.08R)"
A,TARGET 2,300.6362,second measured move (5.63R)
A,BUY LIMIT,135.9216,buy the 30 week average on a pullback in an established Stage 2
A,STOP LOSS,122.4297,"initial stop, below base support and the 30 week average"
A,BREAKEVEN,146.0406,move the stop to entry here
A,TARGET 1,176.7864,"measured move, sell part of the position (3.03R)"
A,TARGET 2,209.4783,second measured move (5.45R)
OVV,BUY STOP,68.463,"breakout trigger, above the base pivot"
OVV,BUY LIMIT,67.41,"pullback entry, old resistance acting as support"
OVV,STOP LOSS,60.2475,"initial stop, below base support and the 30 week average"
OVV,BREAKEVEN,74.6247,move the stop to entry here
OVV,TARGET 1,84.2895,"measured move, sell part of the position (1.93R)"
OVV,TARGET 2,97.7931,second measured move (3.57R)
OVV,BUY LIMIT,59.2871,buy the 30 week average on a pullback in an established Stage 2
OVV,STOP LOSS,53.8114,"initial stop, below base support and the 30 week average"
OVV,BREAKEVEN,63.3938,move the stop to entry here
OVV,TARGET 1,67.5006,"measured move, sell part of the position (1.5R)"
OVV,TARGET 2,74.0715,second measured move (2.7R)
NWS,BUY STOP,36.0894,"breakout trigger, above the base pivot"
NWS,BUY LIMIT,35.6527,"pullback entry, old resistance acting as support"
NWS,STOP LOSS,31.7586,"initial stop, below base support and the 30 week average"
NWS,BREAKEVEN,39.3374,move the stop to entry here
NWS,TARGET 1,44.8052,"measured move, sell part of the position (2.01R)"
NWS,TARGET 2,52.1272,second measured move (3.7R)
NWS,BUY LIMIT,30.9429,buy the 30 week average on a pullback in an established Stage 2
NWS,STOP LOSS,28.6724,"initial stop, below base support and the 30 week average"
NWS,BREAKEVEN,32.6457,move the stop to entry here
NWS,TARGET 1,35.6527,"measured move, sell part of the position (2.07R)"
NWS,TARGET 2,39.4206,second measured move (3.73R)
THRL.L,BUY STOP,118.5599,"breakout trigger, above the base pivot"
THRL.L,BUY LIMIT,117.0,"pullback entry, old resistance acting as support"
THRL.L,STOP LOSS,105.4401,"initial stop, below base support and the 30 week average"
THRL.L,BREAKEVEN,128.3996,move the stop to entry here
THRL.L,TARGET 1,138.0264,"measured move, sell part of the position (1.48R)"
THRL.L,TARGET 2,154.8475,second measured move (2.77R)
THRL.L,BUY LIMIT,109.1867,buy the 30 week average on a pullback in an established Stage 2
THRL.L,STOP LOSS,101.0753,"initial stop, below base support and the 30 week average"
THRL.L,BREAKEVEN,115.2702,move the stop to entry here
THRL.L,TARGET 1,121.3537,"measured move, sell part of the position (1.5R)"
THRL.L,TARGET 2,131.0873,second measured move (2.7R)
EQNR,BUY STOP,46.544,"breakout trigger, above the base pivot"
EQNR,BUY LIMIT,45.84,"pullback entry, old resistance acting as support"
EQNR,STOP LOSS,40.9587,"initial stop, below base support and the 30 week average"
EQNR,BREAKEVEN,50.733,move the stop to entry here
EQNR,TARGET 1,61.1466,"measured move, sell part of the position (2.61R)"
EQNR,TARGET 2,73.3919,second measured move (4.81R)
EQNR,BUY LIMIT,38.988,buy the 30 week average on a pullback in an established Stage 2
EQNR,STOP LOSS,35.3272,"initial stop, below base support and the 30 week average"
EQNR,BREAKEVEN,41.7336,move the stop to entry here
EQNR,TARGET 1,45.84,"measured move, sell part of the position (1.87R)"
EQNR,TARGET 2,51.3216,second measured move (3.37R)
AVTR,BUY STOP,16.3178,"breakout trigger, above the base pivot"
AVTR,BUY LIMIT,16.05,"pullback entry, old resistance acting as support"
AVTR,STOP LOSS,14.3596,"initial stop, below base support and the 30 week average"
AVTR,BREAKEVEN,17.7863,move the stop to entry here
AVTR,TARGET 1,23.2725,"measured move, sell part of the position (3.55R)"
AVTR,TARGET 2,29.0505,second measured move (6.5R)
AVTR,BUY LIMIT,11.1581,buy the 30 week average on a pullback in an established Stage 2
AVTR,STOP LOSS,9.8191,"initial stop, below base support and the 30 week average"
AVTR,BREAKEVEN,12.1623,move the stop to entry here
AVTR,TARGET 1,16.375,"measured move, sell part of the position (3.9R)"
AVTR,TARGET 2,20.5485,second measured move (7.01R)
SEIC,BUY STOP,113.3236,"breakout trigger, above the base pivot"
SEIC,BUY LIMIT,112.15,"pullback entry, old resistance acting as support"
SEIC,STOP LOSS,99.7248,"initial stop, below base support and the 30 week average"
SEIC,BREAKEVEN,123.5227,move the stop to entry here
SEIC,TARGET 1,149.6566,"measured move, sell part of the position (2.67R)"
SEIC,TARGET 2,179.6619,second measured move (4.88R)
SEIC,BUY LIMIT,94.8692,buy the 30 week average on a pullback in an established Stage 2
SEIC,STOP LOSS,88.7663,"initial stop, below base support and the 30 week average"
SEIC,BREAKEVEN,99.4464,move the stop to entry here
SEIC,TARGET 1,112.15,"measured move, sell part of the position (2.83R)"
SEIC,TARGET 2,125.9747,second measured move (5.1R)
GOOD,BUY STOP,13.298,"breakout trigger, above the base pivot"
GOOD,BUY LIMIT,13.1648,"pullback entry, old resistance acting as support"
GOOD,STOP LOSS,11.7881,"initial stop, below base support and the 30 week average"
GOOD,BREAKEVEN,14.4304,move the stop to entry here
GOOD,TARGET 1,15.874,"measured move, sell part of the position (1.71R)"
GOOD,TARGET 2,18.0414,second measured move (3.14R)
GOOD,BUY LIMIT,12.3134,buy the 30 week average on a pullback in an established Stage 2
GOOD,STOP LOSS,11.6207,"initial stop, below base support and the 30 week average"
GOOD,BREAKEVEN,12.833,move the stop to entry here
GOOD,TARGET 1,13.3526,"measured move, sell part of the position (1.5R)"
GOOD,TARGET 2,14.1839,second measured move (2.7R)
PRU,BUY STOP,127.6187,"breakout trigger, above the base pivot"
PRU,BUY LIMIT,126.2624,"pullback entry, old resistance acting as support"
PRU,STOP LOSS,112.3045,"initial stop, below base support and the 30 week average"
PRU,BREAKEVEN,139.1044,move the stop to entry here
PRU,TARGET 1,162.9049,"measured move, sell part of the position (2.3R)"
PRU,TARGET 2,192.2189,second measured move (4.22R)
PRU,BUY LIMIT,108.9106,buy the 30 week average on a pullback in an established Stage 2
PRU,STOP LOSS,101.8576,"initial stop, below base support and the 30 week average"
PRU,BREAKEVEN,114.2003,move the stop to entry here
PRU,TARGET 1,126.2624,"measured move, sell part of the position (2.46R)"
PRU,TARGET 2,140.1438,second measured move (4.43R)
NET,BUY STOP,375.7886,"breakout trigger, above the base pivot"
NET,BUY LIMIT,367.43,"pullback entry, old resistance acting as support"
NET,STOP LOSS,330.694,"initial stop, below base support and the 30 week average"
NET,BREAKEVEN,409.6096,move the stop to entry here
NET,TARGET 1,532.7735,"measured move, sell part of the position (3.48R)"
NET,TARGET 2,665.0483,second measured move (6.41R)
NET,BUY LIMIT,260.7084,buy the 30 week average on a pullback in an established Stage 2
NET,STOP LOSS,229.4234,"initial stop, below base support and the 30 week average"
NET,BREAKEVEN,284.1722,move the stop to entry here
NET,TARGET 1,370.35,"measured move, sell part of the position (3.5R)"
NET,TARGET 2,458.0633,second measured move (6.31R)
PRTH,BUY STOP,8.0055,"breakout trigger, above the base pivot"
PRTH,BUY LIMIT,7.84,"pullback entry, old resistance acting as support"
PRTH,STOP LOSS,7.0449,"initial stop, below base support and the 30 week average"
PRTH,BREAKEVEN,8.726,move the stop to entry here
PRTH,TARGET 1,11.11,"measured move, sell part of the position (3.23R)"
PRTH,TARGET 2,13.726,second measured move (5.95R)
PRTH,BUY LIMIT,6.1042,buy the 30 week average on a pullback in an established Stage 2
PRTH,STOP LOSS,5.3717,"initial stop, below base support and the 30 week average"
PRTH,BREAKEVEN,6.6536,move the stop to entry here
PRTH,TARGET 1,7.84,"measured move, sell part of the position (2.37R)"
PRTH,TARGET 2,9.2286,second measured move (4.27R)
ACCO,BUY STOP,4.5471,"breakout trigger, above the base pivot"
ACCO,BUY LIMIT,4.4791,"pullback entry, old resistance acting as support"
ACCO,STOP LOSS,4.0015,"initial stop, below base support and the 30 week average"
ACCO,BREAKEVEN,4.9564,move the stop to entry here
ACCO,TARGET 1,6.2519,"measured move, sell part of the position (3.12R)"
ACCO,TARGET 2,7.6701,second measured move (5.72R)
ACCO,BUY LIMIT,3.8739,buy the 30 week average on a pullback in an established Stage 2
ACCO,STOP LOSS,3.5205,"initial stop, below base support and the 30 week average"
ACCO,BREAKEVEN,4.139,move the stop to entry here
ACCO,TARGET 1,4.51,"measured move, sell part of the position (1.8R)"
ACCO,TARGET 2,5.0189,second measured move (3.24R)
FDS,BUY STOP,327.0555,"breakout trigger, above the base pivot"
FDS,BUY LIMIT,320.48,"pullback entry, old resistance acting as support"
FDS,STOP LOSS,287.8089,"initial stop, below base support and the 30 week average"
FDS,BREAKEVEN,356.4905,move the stop to entry here
FDS,TARGET 1,451.373,"measured move, sell part of the position (3.17R)"
FDS,TARGET 2,556.0874,second measured move (5.84R)
FDS,BUY LIMIT,252.122,buy the 30 week average on a pullback in an established Stage 2
FDS,STOP LOSS,221.8674,"initial stop, below base support and the 30 week average"
FDS,BREAKEVEN,274.813,move the stop to entry here
FDS,TARGET 1,320.48,"measured move, sell part of the position (2.26R)"
FDS,TARGET 2,375.1664,second measured move (4.07R)
ALRM,BUY STOP,58.938,"breakout trigger, above the base pivot"
ALRM,BUY LIMIT,58.145,"pullback entry, old resistance acting as support"
ALRM,STOP LOSS,51.8655,"initial stop, below base support and the 30 week average"
ALRM,BREAKEVEN,64.2425,move the stop to entry here
ALRM,TARGET 1,74.8,"measured move, sell part of the position (2.24R)"
ALRM,TARGET 2,88.124,second measured move (4.13R)
ALRM,BUY LIMIT,50.0449,buy the 30 week average on a pullback in an established Stage 2
ALRM,STOP LOSS,45.9212,"initial stop, below base support and the 30 week average"
ALRM,BREAKEVEN,53.1376,move the stop to entry here
ALRM,TARGET 1,58.145,"measured move, sell part of the position (1.96R)"
ALRM,TARGET 2,64.6251,second measured move (3.54R)
LTC,BUY STOP,44.0105,"breakout trigger, above the base pivot"
LTC,BUY LIMIT,43.55,"pullback entry, old resistance acting as support"
LTC,STOP LOSS,38.7292,"initial stop, below base support and the 30 week average"
LTC,BREAKEVEN,47.9714,move the stop to entry here
LTC,TARGET 1,53.2151,"measured move, sell part of the position (1.74R)"
LTC,TARGET 2,60.9473,second measured move (3.21R)
LTC,BUY LIMIT,39.1772,buy the 30 week average on a pullback in an established Stage 2
LTC,STOP LOSS,36.7829,"initial stop, below base support and the 30 week average"
LTC,BREAKEVEN,40.973,move the stop to entry here
LTC,TARGET 1,43.55,"measured move, sell part of the position (1.83R)"
LTC,TARGET 2,47.0482,second measured move (3.29R)
CRON,BUY STOP,3.6659,"breakout trigger, above the base pivot"
CRON,BUY LIMIT,3.608,"pullback entry, old resistance acting as support"
CRON,STOP LOSS,3.226,"initial stop, below base support and the 30 week average"
CRON,BREAKEVEN,3.9958,move the stop to entry here
CRON,TARGET 1,4.836,"measured move, sell part of the position (2.66R)"
CRON,TARGET 2,5.8184,second measured move (4.89R)
CRON,BUY LIMIT,2.897,buy the 30 week average on a pullback in an established Stage 2
CRON,STOP LOSS,2.5961,"initial stop, below base support and the 30 week average"
CRON,BREAKEVEN,3.1226,move the stop to entry here
CRON,TARGET 1,3.608,"measured move, sell part of the position (2.36R)"
CRON,TARGET 2,4.1768,second measured move (4.25R)
JXN,BUY STOP,142.3477,"breakout trigger, above the base pivot"
JXN,BUY LIMIT,140.325,"pullback entry, old resistance acting as support"
JXN,STOP LOSS,125.266,"initial stop, below base support and the 30 week average"
JXN,BREAKEVEN,155.159,move the stop to entry here
JXN,TARGET 1,181.5016,"measured move, sell part of the position (2.29R)"
JXN,TARGET 2,214.4429,second measured move (4.22R)
JXN,BUY LIMIT,117.5695,buy the 30 week average on a pullback in an established Stage 2
JXN,STOP LOSS,107.0515,"initial stop, below base support and the 30 week average"
JXN,BREAKEVEN,125.4579,move the stop to entry here
JXN,TARGET 1,140.325,"measured move, sell part of the position (2.16R)"
JXN,TARGET 2,158.5294,second measured move (3.89R)
COP,BUY STOP,143.5862,"breakout trigger, above the base pivot"
COP,BUY LIMIT,141.62,"pullback entry, old resistance acting as support"
COP,STOP LOSS,126.3558,"initial stop, below base support and the 30 week average"
COP,BREAKEVEN,156.5089,move the stop to entry here
COP,TARGET 1,181.2304,"measured move, sell part of the position (2.18R)"
COP,TARGET 2,212.9187,second measured move (4.02R)
COP,BUY LIMIT,122.0939,buy the 30 week average on a pullback in an established Stage 2
COP,STOP LOSS,111.8698,"initial stop, below base support and the 30 week average"
COP,BREAKEVEN,129.762,move the stop to entry here
COP,TARGET 1,141.62,"measured move, sell part of the position (1.91R)"
COP,TARGET 2,157.2409,second measured move (3.44R)
BIO,BUY STOP,402.3167,"breakout trigger, above the base pivot"
BIO,BUY LIMIT,396.23,"pullback entry, old resistance acting as support"
BIO,STOP LOSS,354.0387,"initial stop, below base support and the 30 week average"
BIO,BREAKEVEN,438.5252,move the stop to entry here
BIO,TARGET 1,555.73,"measured move, sell part of the position (3.18R)"
BIO,TARGET 2,683.33,second measured move (5.82R)
BIO,BUY LIMIT,317.767,buy the 30 week average on a pullback in an established Stage 2
BIO,STOP LOSS,286.1163,"initial stop, below base support and the 30 week average"
BIO,BREAKEVEN,341.5051,move the stop to entry here
BIO,TARGET 1,396.23,"measured move, sell part of the position (2.48R)"
BIO,TARGET 2,459.0004,second measured move (4.46R)
CYRX,BUY STOP,18.3977,"breakout trigger, above the base pivot"
CYRX,BUY LIMIT,18.06,"pullback entry, old resistance acting as support"
CYRX,STOP LOSS,16.19,"initial stop, below base support and the 30 week average"
CYRX,BREAKEVEN,20.0535,move the stop to entry here
CYRX,TARGET 1,26.187,"measured move, sell part of the position (3.53R)"
CYRX,TARGET 2,32.6886,second measured move (6.47R)
CYRX,BUY LIMIT,14.3398,buy the 30 week average on a pullback in an established Stage 2
CYRX,STOP LOSS,12.619,"initial stop, below base support and the 30 week average"
CYRX,BREAKEVEN,15.6303,move the stop to entry here
CYRX,TARGET 1,18.36,"measured move, sell part of the position (2.34R)"
CYRX,TARGET 2,21.5762,second measured move (4.21R)
GM,BUY STOP,92.9504,"breakout trigger, above the base pivot"
GM,BUY LIMIT,91.6604,"pullback entry, old resistance acting as support"
GM,STOP LOSS,81.7964,"initial stop, below base support and the 30 week average"
GM,BREAKEVEN,101.316,move the stop to entry here
GM,TARGET 1,113.1883,"measured move, sell part of the position (1.81R)"
GM,TARGET 2,130.4105,second measured move (3.36R)
GM,BUY LIMIT,80.8486,buy the 30 week average on a pullback in an established Stage 2
GM,STOP LOSS,74.1407,"initial stop, below base support and the 30 week average"
GM,BREAKEVEN,85.8796,move the stop to entry here
GM,TARGET 1,90.9105,"measured move, sell part of the position (1.5R)"
GM,TARGET 2,98.96,second measured move (2.7R)
DCBO,BUY STOP,27.5392,"breakout trigger, above the base pivot"
DCBO,BUY LIMIT,27.0,"pullback entry, old resistance acting as support"
DCBO,STOP LOSS,24.2345,"initial stop, below base support and the 30 week average"
DCBO,BREAKEVEN,30.0178,move the stop to entry here
DCBO,TARGET 1,39.15,"measured move, sell part of the position (3.51R)"
DCBO,TARGET 2,48.87,second measured move (6.45R)
DCBO,BUY LIMIT,20.3644,buy the 30 week average on a pullback in an established Stage 2
DCBO,STOP LOSS,17.9206,"initial stop, below base support and the 30 week average"
DCBO,BREAKEVEN,22.1972,move the stop to entry here
DCBO,TARGET 1,27.0,"measured move, sell part of the position (2.72R)"
DCBO,TARGET 2,32.3085,second measured move (4.89R)
HGTY,BUY STOP,14.3973,"breakout trigger, above the base pivot"
HGTY,BUY LIMIT,14.17,"pullback entry, old resistance acting as support"
HGTY,STOP LOSS,12.6697,"initial stop, below base support and the 30 week average"
HGTY,BREAKEVEN,15.6931,move the stop to entry here
HGTY,TARGET 1,18.98,"measured move, sell part of the position (2.65R)"
HGTY,TARGET 2,22.828,second measured move (4.88R)
HGTY,BUY LIMIT,11.9429,buy the 30 week average on a pullback in an established Stage 2
HGTY,STOP LOSS,10.7608,"initial stop, below base support and the 30 week average"
HGTY,BREAKEVEN,12.8295,move the stop to entry here
HGTY,TARGET 1,14.36,"measured move, sell part of the position (2.04R)"
HGTY,TARGET 2,16.2937,second measured move (3.68R)
DV,BUY STOP,13.808,"breakout trigger, above the base pivot"
DV,BUY LIMIT,13.65,"pullback entry, old resistance acting as support"
DV,STOP LOSS,12.151,"initial stop, below base support and the 30 week average"
DV,BREAKEVEN,15.0507,move the stop to entry here
DV,TARGET 1,18.7,"measured move, sell part of the position (2.95R)"
DV,TARGET 2,22.74,second measured move (5.39R)
DV,BUY LIMIT,11.5038,buy the 30 week average on a pullback in an established Stage 2
DV,STOP LOSS,10.6825,"initial stop, below base support and the 30 week average"
DV,BREAKEVEN,12.1199,move the stop to entry here
DV,TARGET 1,13.65,"measured move, sell part of the position (2.61R)"
DV,TARGET 2,15.3669,second measured move (4.7R)
NPK,BUY STOP,160.7677,"breakout trigger, above the base pivot"
NPK,BUY LIMIT,158.17,"pullback entry, old resistance acting as support"
NPK,STOP LOSS,141.4756,"initial stop, below base support and the 30 week average"
NPK,BREAKEVEN,175.2368,move the stop to entry here
NPK,TARGET 1,196.64,"measured move, sell part of the position (1.86R)"
NPK,TARGET 2,227.416,second measured move (3.45R)
NPK,BUY LIMIT,138.6971,buy the 30 week average on a pullback in an established Stage 2
NPK,STOP LOSS,122.0534,"initial stop, below base support and the 30 week average"
NPK,BREAKEVEN,151.1798,move the stop to entry here
NPK,TARGET 1,163.6626,"measured move, sell part of the position (1.5R)"
NPK,TARGET 2,183.635,second measured move (2.7R)
ASC,BUY STOP,19.7327,"breakout trigger, above the base pivot"
ASC,BUY LIMIT,19.37,"pullback entry, old resistance acting as support"
ASC,STOP LOSS,17.3648,"initial stop, below base support and the 30 week average"
ASC,BREAKEVEN,21.5086,move the stop to entry here
ASC,TARGET 1,26.2025,"measured move, sell part of the position (2.73R)"
ASC,TARGET 2,31.6685,second measured move (5.04R)
ASC,BUY LIMIT,16.5783,buy the 30 week average on a pullback in an established Stage 2
ASC,STOP LOSS,14.6922,"initial stop, below base support and the 30 week average"
ASC,BREAKEVEN,17.9929,move the stop to entry here
ASC,TARGET 1,19.9,"measured move, sell part of the position (1.76R)"
ASC,TARGET 2,22.5573,second measured move (3.17R)
SNOW,BUY STOP,391.9563,"breakout trigger, above the base pivot"
SNOW,BUY LIMIT,384.56,"pullback entry, old resistance acting as support"
SNOW,STOP LOSS,344.9216,"initial stop, below base support and the 30 week average"
SNOW,BREAKEVEN,427.2324,move the stop to entry here
SNOW,TARGET 1,557.612,"measured move, sell part of the position (3.52R)"
SNOW,TARGET 2,696.0536,second measured move (6.47R)
SNOW,BUY LIMIT,250.4765,buy the 30 week average on a pullback in an established Stage 2
SNOW,STOP LOSS,220.4194,"initial stop, below base support and the 30 week average"
SNOW,BREAKEVEN,273.0194,move the stop to entry here
SNOW,TARGET 1,384.56,"measured move, sell part of the position (4.46R)"
SNOW,TARGET 2,491.8268,second measured move (8.03R)
CVSA,BUY STOP,144.8208,"breakout trigger, above the base pivot"
CVSA,BUY LIMIT,142.13,"pullback entry, old resistance acting as support"
CVSA,STOP LOSS,127.4423,"initial stop, below base support and the 30 week average"
CVSA,BREAKEVEN,157.8547,move the stop to entry here
CVSA,TARGET 1,185.25,"measured move, sell part of the position (2.33R)"
CVSA,TARGET 2,219.746,second measured move (4.31R)
CVSA,BUY LIMIT,124.626,buy the 30 week average on a pullback in an established Stage 2
CVSA,STOP LOSS,110.6339,"initial stop, below base support and the 30 week average"
CVSA,BREAKEVEN,135.1201,move the stop to entry here
CVSA,TARGET 1,145.6142,"measured move, sell part of the position (1.5R)"
CVSA,TARGET 2,162.4047,second measured move (2.7R)
GDRX,BUY STOP,3.9658,"breakout trigger, above the base pivot"
GDRX,BUY LIMIT,3.89,"pullback entry, old resistance acting as support"
GDRX,STOP LOSS,3.4899,"initial stop, below base support and the 30 week average"
GDRX,BREAKEVEN,4.3227,move the stop to entry here
GDRX,TARGET 1,5.6405,"measured move, sell part of the position (3.52R)"
GDRX,TARGET 2,7.0409,second measured move (6.46R)
GDRX,BUY LIMIT,2.9267,buy the 30 week average on a pullback in an established Stage 2
GDRX,STOP LOSS,2.5755,"initial stop, below base support and the 30 week average"
GDRX,BREAKEVEN,3.19,move the stop to entry here
GDRX,TARGET 1,3.89,"measured move, sell part of the position (2.74R)"
GDRX,TARGET 2,4.6607,second measured move (4.94R)
OTTR,BUY STOP,96.1009,"breakout trigger, above the base pivot"
OTTR,BUY LIMIT,95.09,"pullback entry, old resistance acting as support"
OTTR,STOP LOSS,84.5688,"initial stop, below base support and the 30 week average"
OTTR,BREAKEVEN,104.75,move the stop to entry here
OTTR,TARGET 1,107.9549,"measured move, sell part of the position (1.03R)"
OTTR,TARGET 2,118.2469,second measured move (1.92R)
OTTR,BUY LIMIT,88.9867,buy the 30 week average on a pullback in an established Stage 2
OTTR,STOP LOSS,82.4663,"initial stop, below base support and the 30 week average"
OTTR,BREAKEVEN,93.877,move the stop to entry here
OTTR,TARGET 1,98.7673,"measured move, sell part of the position (1.5R)"
OTTR,TARGET 2,106.5918,second measured move (2.7R)
ZIM,BUY STOP,31.459,"breakout trigger, above the base pivot"
ZIM,BUY LIMIT,30.96,"pullback entry, old resistance acting as support"
ZIM,STOP LOSS,27.6839,"initial stop, below base support and the 30 week average"
ZIM,BREAKEVEN,34.2903,move the stop to entry here
ZIM,TARGET 1,38.99,"measured move, sell part of the position (1.99R)"
ZIM,TARGET 2,45.414,second measured move (3.7R)
ZIM,BUY LIMIT,26.7996,buy the 30 week average on a pullback in an established Stage 2
ZIM,STOP LOSS,24.001,"initial stop, below base support and the 30 week average"
ZIM,BREAKEVEN,28.8985,move the stop to entry here
ZIM,TARGET 1,30.9975,"measured move, sell part of the position (1.5R)"
ZIM,TARGET 2,34.3558,second measured move (2.7R)
BGS.L,BUY STOP,183.7275,"breakout trigger, above the base pivot"
BGS.L,BUY LIMIT,181.002,"pullback entry, old resistance acting as support"
BGS.L,STOP LOSS,161.6802,"initial stop, below base support and the 30 week average"
BGS.L,BREAKEVEN,200.263,move the stop to entry here
BGS.L,TARGET 1,231.8483,"measured move, sell part of the position (2.18R)"
BGS.L,TARGET 2,272.5253,second measured move (4.03R)
BGS.L,BUY LIMIT,161.8403,buy the 30 week average on a pullback in an established Stage 2
BGS.L,STOP LOSS,147.6678,"initial stop, below base support and the 30 week average"
BGS.L,BREAKEVEN,172.4697,move the stop to entry here
BGS.L,TARGET 1,183.0991,"measured move, sell part of the position (1.5R)"
BGS.L,TARGET 2,200.1062,second measured move (2.7R)
AUDC,BUY STOP,11.4841,"breakout trigger, above the base pivot"
AUDC,BUY LIMIT,11.28,"pullback entry, old resistance acting as support"
AUDC,STOP LOSS,10.106,"initial stop, below base support and the 30 week average"
AUDC,BREAKEVEN,12.5176,move the stop to entry here
AUDC,TARGET 1,14.9092,"measured move, sell part of the position (2.49R)"
AUDC,TARGET 2,17.8126,second measured move (4.59R)
AUDC,BUY LIMIT,9.531,buy the 30 week average on a pullback in an established Stage 2
AUDC,STOP LOSS,8.4698,"initial stop, below base support and the 30 week average"
AUDC,BREAKEVEN,10.3268,move the stop to entry here
AUDC,TARGET 1,11.56,"measured move, sell part of the position (1.91R)"
AUDC,TARGET 2,13.1832,second measured move (3.44R)
JRSH,BUY STOP,6.2901,"breakout trigger, above the base pivot"
JRSH,BUY LIMIT,6.18,"pullback entry, old resistance acting as support"
JRSH,STOP LOSS,5.5353,"initial stop, below base support and the 30 week average"
JRSH,BREAKEVEN,6.8562,move the stop to entry here
JRSH,TARGET 1,8.961,"measured move, sell part of the position (3.54R)"
JRSH,TARGET 2,11.1858,second measured move (6.49R)
JRSH,BUY LIMIT,4.327,buy the 30 week average on a pullback in an established Stage 2
JRSH,STOP LOSS,3.8078,"initial stop, below base support and the 30 week average"
JRSH,BREAKEVEN,4.7164,move the stop to entry here
JRSH,TARGET 1,6.19,"measured move, sell part of the position (3.59R)"
JRSH,TARGET 2,7.6804,second measured move (6.46R)
LB,BUY STOP,93.3896,"breakout trigger, above the base pivot"
LB,BUY LIMIT,91.5658,"pullback entry, old resistance acting as support"
LB,STOP LOSS,82.1829,"initial stop, below base support and the 30 week average"
LB,BREAKEVEN,101.7947,move the stop to entry here
LB,TARGET 1,123.6223,"measured move, sell part of the position (2.7R)"
LB,TARGET 2,149.2675,second measured move (4.99R)
LB,BUY LIMIT,75.861,buy the 30 week average on a pullback in an established Stage 2
LB,STOP LOSS,66.7577,"initial stop, below base support and the 30 week average"
LB,BREAKEVEN,82.6885,move the stop to entry here
LB,TARGET 1,91.5658,"measured move, sell part of the position (1.73R)"
LB,TARGET 2,104.1296,second measured move (3.11R)
ELF,BUY STOP,112.414,"breakout trigger, above the base pivot"
ELF,BUY LIMIT,110.04,"pullback entry, old resistance acting as support"
ELF,STOP LOSS,98.9243,"initial stop, below base support and the 30 week average"
ELF,BREAKEVEN,122.5312,move the stop to entry here
ELF,TARGET 1,159.558,"measured move, sell part of the position (3.49R)"
ELF,TARGET 2,199.1724,second measured move (6.43R)
ELF,BUY LIMIT,78.3326,buy the 30 week average on a pullback in an established Stage 2
ELF,STOP LOSS,68.9327,"initial stop, below base support and the 30 week average"
ELF,BREAKEVEN,85.3825,move the stop to entry here
ELF,TARGET 1,110.04,"measured move, sell part of the position (3.37R)"
ELF,TARGET 2,135.4059,second measured move (6.07R)
HRTG,BUY STOP,37.1072,"breakout trigger, above the base pivot"
HRTG,BUY LIMIT,36.5,"pullback entry, old resistance acting as support"
HRTG,STOP LOSS,32.6543,"initial stop, below base support and the 30 week average"
HRTG,BREAKEVEN,40.4468,move the stop to entry here
HRTG,TARGET 1,52.52,"measured move, sell part of the position (3.46R)"
HRTG,TARGET 2,65.336,second measured move (6.34R)
HRTG,BUY LIMIT,28.6432,buy the 30 week average on a pullback in an established Stage 2
HRTG,STOP LOSS,25.486,"initial stop, below base support and the 30 week average"
HRTG,BREAKEVEN,31.0111,move the stop to entry here
HRTG,TARGET 1,36.5,"measured move, sell part of the position (2.49R)"
HRTG,TARGET 2,42.7854,second measured move (4.48R)
STIM,BUY STOP,3.5494,"breakout trigger, above the base pivot"
STIM,BUY LIMIT,3.44,"pullback entry, old resistance acting as support"
STIM,STOP LOSS,3.1235,"initial stop, below base support and the 30 week average"
STIM,BREAKEVEN,3.8688,move the stop to entry here
STIM,TARGET 1,4.988,"measured move, sell part of the position (3.38R)"
STIM,TARGET 2,6.2264,second measured move (6.29R)
STIM,BUY LIMIT,1.9623,buy the 30 week average on a pullback in an established Stage 2
STIM,STOP LOSS,1.7268,"initial stop, below base support and the 30 week average"
STIM,BREAKEVEN,2.1389,move the stop to entry here
STIM,TARGET 1,3.44,"measured move, sell part of the position (6.28R)"
STIM,TARGET 2,4.6222,second measured move (11.3R)
GO,BUY STOP,12.9244,"breakout trigger, above the base pivot"
GO,BUY LIMIT,12.67,"pullback entry, old resistance acting as support"
GO,STOP LOSS,11.3735,"initial stop, below base support and the 30 week average"
GO,BREAKEVEN,14.0876,move the stop to entry here
GO,TARGET 1,18.3715,"measured move, sell part of the position (3.51R)"
GO,TARGET 2,22.9327,second measured move (6.45R)
GO,BUY LIMIT,9.5173,buy the 30 week average on a pullback in an established Stage 2
GO,STOP LOSS,8.3752,"initial stop, below base support and the 30 week average"
GO,BREAKEVEN,10.3738,move the stop to entry here
GO,TARGET 1,12.67,"measured move, sell part of the position (2.76R)"
GO,TARGET 2,15.1922,second measured move (4.97R)
SPFI,BUY STOP,47.3277,"breakout trigger, above the base pivot"
SPFI,BUY LIMIT,46.7507,"pullback entry, old resistance acting as support"
SPFI,STOP LOSS,41.6484,"initial stop, below base support and the 30 week average"
SPFI,BREAKEVEN,51.5872,move the stop to entry here
SPFI,TARGET 1,55.55,"measured move, sell part of the position (1.45R)"
SPFI,TARGET 2,62.5895,second measured move (2.69R)
SPFI,BUY LIMIT,43.0075,buy the 30 week average on a pullback in an established Stage 2
SPFI,STOP LOSS,40.007,"initial stop, below base support and the 30 week average"
SPFI,BREAKEVEN,45.2579,move the stop to entry here
SPFI,TARGET 1,47.5083,"measured move, sell part of the position (1.5R)"
SPFI,TARGET 2,51.1089,second measured move (2.7R)
TEVA,BUY STOP,41.4269,"breakout trigger, above the base pivot"
TEVA,BUY LIMIT,40.79,"pullback entry, old resistance acting as support"
TEVA,STOP LOSS,36.4557,"initial stop, below base support and the 30 week average"
TEVA,BREAKEVEN,45.1553,move the stop to entry here
TEVA,TARGET 1,56.1231,"measured move, sell part of the position (2.96R)"
TEVA,TARGET 2,68.3895,second measured move (5.42R)
TEVA,BUY LIMIT,34.6841,buy the 30 week average on a pullback in an established Stage 2
TEVA,STOP LOSS,31.3723,"initial stop, below base support and the 30 week average"
TEVA,BREAKEVEN,37.1679,move the stop to entry here
TEVA,TARGET 1,42.02,"measured move, sell part of the position (2.22R)"
TEVA,TARGET 2,47.8887,second measured move (3.99R)
AAL.L,BUY STOP,4428.5399,"breakout trigger, above the base pivot"
AAL.L,BUY LIMIT,4348.0,"pullback entry, old resistance acting as support"
AAL.L,STOP LOSS,3897.1151,"initial stop, below base support and the 30 week average"
AAL.L,BREAKEVEN,4827.1085,move the stop to entry here
AAL.L,TARGET 1,5939.1168,"measured move, sell part of the position (2.84R)"
AAL.L,TARGET 2,7212.0102,second measured move (5.24R)
AAL.L,BUY LIMIT,3818.6853,buy the 30 week average on a pullback in an established Stage 2
AAL.L,STOP LOSS,3399.878,"initial stop, below base support and the 30 week average"
AAL.L,BREAKEVEN,4132.7907,move the stop to entry here
AAL.L,TARGET 1,4446.8962,"measured move, sell part of the position (1.5R)"
AAL.L,TARGET 2,4949.465,second measured move (2.7R)
GPN,BUY STOP,97.2147,"breakout trigger, above the base pivot"
GPN,BUY LIMIT,95.6093,"pullback entry, old resistance acting as support"
GPN,STOP LOSS,85.549,"initial stop, below base support and the 30 week average"
GPN,BREAKEVEN,105.9641,move the stop to entry here
GPN,TARGET 1,130.2313,"measured move, sell part of the position (2.83R)"
GPN,TARGET 2,157.9289,second measured move (5.2R)
GPN,BUY LIMIT,77.2781,buy the 30 week average on a pullback in an established Stage 2
GPN,STOP LOSS,68.9298,"initial stop, below base support and the 30 week average"
GPN,BREAKEVEN,83.5392,move the stop to entry here
GPN,TARGET 1,95.6093,"measured move, sell part of the position (2.2R)"
GPN,TARGET 2,110.2743,second measured move (3.95R)
PK,BUY STOP,16.1412,"breakout trigger, above the base pivot"
PK,BUY LIMIT,15.9399,"pullback entry, old resistance acting as support"
PK,STOP LOSS,14.2042,"initial stop, below base support and the 30 week average"
PK,BREAKEVEN,17.5939,move the stop to entry here
PK,TARGET 1,22.2769,"measured move, sell part of the position (3.17R)"
PK,TARGET 2,27.3465,second measured move (5.79R)
PK,BUY LIMIT,13.3107,buy the 30 week average on a pullback in an established Stage 2
PK,STOP LOSS,12.2639,"initial stop, below base support and the 30 week average"
PK,BREAKEVEN,14.0958,move the stop to entry here
PK,TARGET 1,15.9399,"measured move, sell part of the position (2.51R)"
PK,TARGET 2,18.0432,second measured move (4.52R)
PBAM,BUY STOP,92.7581,"breakout trigger, above the base pivot"
PBAM,BUY LIMIT,92.09,"pullback entry, old resistance acting as support"
PBAM,STOP LOSS,81.6272,"initial stop, below base support and the 30 week average"
PBAM,BREAKEVEN,101.1064,move the stop to entry here
PBAM,TARGET 1,119.0,"measured move, sell part of the position (2.36R)"
PBAM,TARGET 2,140.528,second measured move (4.29R)
PBAM,BUY LIMIT,78.8073,buy the 30 week average on a pullback in an established Stage 2
PBAM,STOP LOSS,75.333,"initial stop, below base support and the 30 week average"
PBAM,BREAKEVEN,81.413,move the stop to entry here
PBAM,TARGET 1,92.09,"measured move, sell part of the position (3.82R)"
PBAM,TARGET 2,102.7162,second measured move (6.88R)
SILC,BUY STOP,62.7115,"breakout trigger, above the base pivot"
SILC,BUY LIMIT,60.73,"pullback entry, old resistance acting as support"
SILC,STOP LOSS,55.1861,"initial stop, below base support and the 30 week average"
SILC,BREAKEVEN,68.3556,move the stop to entry here
SILC,TARGET 1,88.0585,"measured move, sell part of the position (3.37R)"
SILC,TARGET 2,109.9213,second measured move (6.27R)
SILC,BUY LIMIT,41.6166,buy the 30 week average on a pullback in an established Stage 2
SILC,STOP LOSS,36.6226,"initial stop, below base support and the 30 week average"
SILC,BREAKEVEN,45.3621,move the stop to entry here
SILC,TARGET 1,63.0,"measured move, sell part of the position (4.28R)"
SILC,TARGET 2,80.1067,second measured move (7.71R)
INMB,BUY STOP,2.6742,"breakout trigger, above the base pivot"
INMB,BUY LIMIT,2.6,"pullback entry, old resistance acting as support"
INMB,STOP LOSS,2.3533,"initial stop, below base support and the 30 week average"
INMB,BREAKEVEN,2.9149,move the stop to entry here
INMB,TARGET 1,3.77,"measured move, sell part of the position (3.41R)"
INMB,TARGET 2,4.706,second measured move (6.33R)
INMB,BUY LIMIT,1.7262,buy the 30 week average on a pullback in an established Stage 2
INMB,STOP LOSS,1.519,"initial stop, below base support and the 30 week average"
INMB,BREAKEVEN,1.8815,move the stop to entry here
INMB,TARGET 1,2.6,"measured move, sell part of the position (4.22R)"
INMB,TARGET 2,3.2991,second measured move (7.59R)
FCX,BUY STOP,81.7994,"breakout trigger, above the base pivot"
FCX,BUY LIMIT,80.24,"pullback entry, old resistance acting as support"
FCX,STOP LOSS,71.9834,"initial stop, below base support and the 30 week average"
FCX,BREAKEVEN,89.1613,move the stop to entry here
FCX,TARGET 1,109.9243,"measured move, sell part of the position (2.87R)"
FCX,TARGET 2,133.6717,second measured move (5.28R)
FCX,BUY LIMIT,66.1636,buy the 30 week average on a pullback in an established Stage 2
FCX,STOP LOSS,58.224,"initial stop, below base support and the 30 week average"
FCX,BREAKEVEN,72.1183,move the stop to entry here
FCX,TARGET 1,80.24,"measured move, sell part of the position (1.77R)"
FCX,TARGET 2,91.5011,second measured move (3.19R)
SBRE.L,BUY STOP,191.491,"breakout trigger, above the base pivot"
SBRE.L,BUY LIMIT,188.756,"pullback entry, old resistance acting as support"
SBRE.L,STOP LOSS,168.5121,"initial stop, below base support and the 30 week average"
SBRE.L,BREAKEVEN,208.7252,move the stop to entry here
SBRE.L,TARGET 1,249.0215,"measured move, sell part of the position (2.5R)"
SBRE.L,TARGET 2,297.2339,second measured move (4.6R)
SBRE.L,BUY LIMIT,168.0094,buy the 30 week average on a pullback in an established Stage 2
SBRE.L,STOP LOSS,153.7873,"initial stop, below base support and the 30 week average"
SBRE.L,BREAKEVEN,178.676,move the stop to entry here
SBRE.L,TARGET 1,189.3426,"measured move, sell part of the position (1.5R)"
SBRE.L,TARGET 2,206.4091,second measured move (2.7R)
CLW,BUY STOP,24.0761,"breakout trigger, above the base pivot"
CLW,BUY LIMIT,23.59,"pullback entry, old resistance acting as support"
CLW,STOP LOSS,21.187,"initial stop, below base support and the 30 week average"
CLW,BREAKEVEN,26.2429,move the stop to entry here
CLW,TARGET 1,34.2055,"measured move, sell part of the position (3.51R)"
CLW,TARGET 2,42.6979,second measured move (6.45R)
CLW,BUY LIMIT,17.4371,buy the 30 week average on a pullback in an established Stage 2
CLW,STOP LOSS,15.3447,"initial stop, below base support and the 30 week average"
CLW,BREAKEVEN,19.0064,move the stop to entry here
CLW,TARGET 1,23.59,"measured move, sell part of the position (2.94R)"
CLW,TARGET 2,28.5123,second measured move (5.29R)
HRMY,BUY STOP,44.2162,"breakout trigger, above the base pivot"
HRMY,BUY LIMIT,43.49,"pullback entry, old resistance acting as support"
HRMY,STOP LOSS,38.9103,"initial stop, below base support and the 30 week average"
HRMY,BREAKEVEN,48.1956,move the stop to entry here
HRMY,TARGET 1,60.64,"measured move, sell part of the position (3.1R)"
HRMY,TARGET 2,74.36,second measured move (5.68R)
HRMY,BUY LIMIT,34.9915,buy the 30 week average on a pullback in an established Stage 2
HRMY,STOP LOSS,31.2152,"initial stop, below base support and the 30 week average"
HRMY,BREAKEVEN,37.8237,move the stop to entry here
HRMY,TARGET 1,43.49,"measured move, sell part of the position (2.25R)"
HRMY,TARGET 2,50.2888,second measured move (4.05R)
LEDS,BUY STOP,3.7213,"breakout trigger, above the base pivot"
LEDS,BUY LIMIT,3.62,"pullback entry, old resistance acting as support"
LEDS,STOP LOSS,3.2748,"initial stop, below base support and the 30 week average"
LEDS,BREAKEVEN,4.0563,move the stop to entry here
LEDS,TARGET 1,5.249,"measured move, sell part of the position (3.42R)"
LEDS,TARGET 2,6.5522,second measured move (6.34R)
LEDS,BUY LIMIT,1.9665,buy the 30 week average on a pullback in an established Stage 2
LEDS,STOP LOSS,1.7305,"initial stop, below base support and the 30 week average"
LEDS,BREAKEVEN,2.1435,move the stop to entry here
LEDS,TARGET 1,2.47,"measured move, sell part of the position (2.13R)"
LEDS,TARGET 2,2.8728,second measured move (3.84R)
FRBA,BUY STOP,19.5748,"breakout trigger, above the base pivot"
FRBA,BUY LIMIT,19.33,"pullback entry, old resistance acting as support"
FRBA,STOP LOSS,17.2258,"initial stop, below base support and the 30 week average"
FRBA,BREAKEVEN,21.3365,move the stop to entry here
FRBA,TARGET 1,24.4027,"measured move, sell part of the position (2.06R)"
FRBA,TARGET 2,28.4609,second measured move (3.78R)
FRBA,BUY LIMIT,17.0514,buy the 30 week average on a pullback in an established Stage 2
FRBA,STOP LOSS,15.7785,"initial stop, below base support and the 30 week average"
FRBA,BREAKEVEN,18.0061,move the stop to entry here
FRBA,TARGET 1,19.33,"measured move, sell part of the position (1.79R)"
FRBA,TARGET 2,21.1529,second measured move (3.22R)
AMD,BUY STOP,660.329,"breakout trigger, above the base pivot"
AMD,BUY LIMIT,645.46,"pullback entry, old resistance acting as support"
AMD,STOP LOSS,581.0895,"initial stop, below base support and the 30 week average"
AMD,BREAKEVEN,719.7586,move the stop to entry here
AMD,TARGET 1,935.917,"measured move, sell part of the position (3.48R)"
AMD,TARGET 2,1168.2826,second measured move (6.41R)
AMD,BUY LIMIT,462.1046,buy the 30 week average on a pullback in an established Stage 2
AMD,STOP LOSS,406.652,"initial stop, below base support and the 30 week average"
AMD,BREAKEVEN,503.694,move the stop to entry here
AMD,TARGET 1,658.52,"measured move, sell part of the position (3.54R)"
AMD,TARGET 2,815.6524,second measured move (6.38R)
RGT,BUY STOP,15.9237,"breakout trigger, above the base pivot"
RGT,BUY LIMIT,15.79,"pullback entry, old resistance acting as support"
RGT,STOP LOSS,14.0129,"initial stop, below base support and the 30 week average"
RGT,BREAKEVEN,17.3568,move the stop to entry here
RGT,TARGET 1,18.62,"measured move, sell part of the position (1.41R)"
RGT,TARGET 2,20.884,second measured move (2.6R)
RGT,BUY LIMIT,14.5175,buy the 30 week average on a pullback in an established Stage 2
RGT,STOP LOSS,13.8221,"initial stop, below base support and the 30 week average"
RGT,BREAKEVEN,15.0391,move the stop to entry here
RGT,TARGET 1,15.79,"measured move, sell part of the position (1.83R)"
RGT,TARGET 2,16.808,second measured move (3.29R)
PH,BUY STOP,1110.9603,"breakout trigger, above the base pivot"
PH,BUY LIMIT,1097.7291,"pullback entry, old resistance acting as support"
PH,STOP LOSS,977.645,"initial stop, below base support and the 30 week average"
PH,BREAKEVEN,1210.9467,move the stop to entry here
PH,TARGET 1,1382.0863,"measured move, sell part of the position (2.03R)"
PH,TARGET 2,1609.5721,second measured move (3.74R)
PCTY,BUY STOP,164.7362,"breakout trigger, above the base pivot"
PCTY,BUY LIMIT,161.93,"pullback entry, old resistance acting as support"
PCTY,STOP LOSS,144.9678,"initial stop, below base support and the 30 week average"
PCTY,BREAKEVEN,179.5624,move the stop to entry here
PCTY,TARGET 1,230.87,"measured move, sell part of the position (3.35R)"
PCTY,TARGET 2,286.022,second measured move (6.14R)
PCTY,BUY LIMIT,125.1103,buy the 30 week average on a pullback in an established Stage 2
PCTY,STOP LOSS,110.5181,"initial stop, below base support and the 30 week average"
PCTY,BREAKEVEN,136.0545,move the stop to entry here
PCTY,TARGET 1,161.93,"measured move, sell part of the position (2.52R)"
PCTY,TARGET 2,191.3857,second measured move (4.54R)
MTO.L,BUY STOP,215.806,"breakout trigger, above the base pivot"
MTO.L,BUY LIMIT,214.0,"pullback entry, old resistance acting as support"
MTO.L,STOP LOSS,189.9093,"initial stop, below base support and the 30 week average"
MTO.L,BREAKEVEN,235.2285,move the stop to entry here
MTO.L,TARGET 1,285.0,"measured move, sell part of the position (2.67R)"
MTO.L,TARGET 2,341.8,second measured move (4.87R)
MTO.L,BUY LIMIT,184.676,buy the 30 week average on a pullback in an established Stage 2
MTO.L,STOP LOSS,175.2849,"initial stop, below base support and the 30 week average"
MTO.L,BREAKEVEN,191.7194,move the stop to entry here
MTO.L,TARGET 1,211.4,"measured move, sell part of the position (2.85R)"
MTO.L,TARGET 2,232.7792,second measured move (5.12R)
MGA,BUY STOP,74.2447,"breakout trigger, above the base pivot"
MGA,BUY LIMIT,73.22,"pullback entry, old resistance acting as support"
MGA,STOP LOSS,65.3354,"initial stop, below base support and the 30 week average"
MGA,BREAKEVEN,80.9268,move the stop to entry here
MGA,TARGET 1,95.7533,"measured move, sell part of the position (2.41R)"
MGA,TARGET 2,113.7799,second measured move (4.44R)
MGA,BUY LIMIT,63.9247,buy the 30 week average on a pullback in an established Stage 2
MGA,STOP LOSS,58.5961,"initial stop, below base support and the 30 week average"
MGA,BREAKEVEN,67.9212,move the stop to entry here
MGA,TARGET 1,73.22,"measured move, sell part of the position (1.74R)"
MGA,TARGET 2,80.6562,second measured move (3.14R)
ORKA,BUY STOP,118.038,"breakout trigger, above the base pivot"
ORKA,BUY LIMIT,115.52,"pullback entry, old resistance acting as support"
ORKA,STOP LOSS,103.8734,"initial stop, below base support and the 30 week average"
ORKA,BREAKEVEN,128.6615,move the stop to entry here
ORKA,TARGET 1,167.504,"measured move, sell part of the position (3.49R)"
ORKA,TARGET 2,209.0912,second measured move (6.43R)
ORKA,BUY LIMIT,78.6312,buy the 30 week average on a pullback in an established Stage 2
ORKA,STOP LOSS,69.1955,"initial stop, below base support and the 30 week average"
ORKA,BREAKEVEN,85.708,move the stop to entry here
ORKA,TARGET 1,115.52,"measured move, sell part of the position (3.91R)"
ORKA,TARGET 2,145.031,second measured move (7.04R)
FTRE,BUY STOP,21.9476,"breakout trigger, above the base pivot"
FTRE,BUY LIMIT,21.39,"pullback entry, old resistance acting as support"
FTRE,STOP LOSS,19.3139,"initial stop, below base support and the 30 week average"
FTRE,BREAKEVEN,23.9229,move the stop to entry here
FTRE,TARGET 1,31.0155,"measured move, sell part of the position (3.44R)"
FTRE,TARGET 2,38.7159,second measured move (6.37R)
FTRE,BUY LIMIT,15.9864,buy the 30 week average on a pullback in an established Stage 2
FTRE,STOP LOSS,14.068,"initial stop, below base support and the 30 week average"
FTRE,BREAKEVEN,17.4252,move the stop to entry here
FTRE,TARGET 1,23.51,"measured move, sell part of the position (3.92R)"
FTRE,TARGET 2,29.5289,second measured move (7.06R)
ING,BUY STOP,37.9217,"breakout trigger, above the base pivot"
ING,BUY LIMIT,37.52,"pullback entry, old resistance acting as support"
ING,STOP LOSS,33.3711,"initial stop, below base support and the 30 week average"
ING,BREAKEVEN,41.3346,move the stop to entry here
ING,TARGET 1,51.4483,"measured move, sell part of the position (2.97R)"
ING,TARGET 2,62.591,second measured move (5.42R)
ING,BUY LIMIT,31.623,buy the 30 week average on a pullback in an established Stage 2
ING,STOP LOSS,29.5343,"initial stop, below base support and the 30 week average"
ING,BREAKEVEN,33.1895,move the stop to entry here
ING,TARGET 1,37.52,"measured move, sell part of the position (2.82R)"
ING,TARGET 2,42.2376,second measured move (5.08R)
LH,BUY STOP,345.8,"breakout trigger, above the base pivot"
LH,BUY LIMIT,341.8,"pullback entry, old resistance acting as support"
LH,STOP LOSS,304.304,"initial stop, below base support and the 30 week average"
LH,BREAKEVEN,376.922,move the stop to entry here
LH,TARGET 1,436.2216,"measured move, sell part of the position (2.18R)"
LH,TARGET 2,511.7588,second measured move (4.0R)
LH,BUY LIMIT,287.1268,buy the 30 week average on a pullback in an established Stage 2
LH,STOP LOSS,266.3266,"initial stop, below base support and the 30 week average"
LH,BREAKEVEN,302.727,move the stop to entry here
LH,TARGET 1,341.8,"measured move, sell part of the position (2.63R)"
LH,TARGET 2,385.5385,second measured move (4.73R)
ESEA,BUY STOP,80.2434,"breakout trigger, above the base pivot"
ESEA,BUY LIMIT,78.8157,"pullback entry, old resistance acting as support"
ESEA,STOP LOSS,70.6142,"initial stop, below base support and the 30 week average"
ESEA,BREAKEVEN,87.4653,move the stop to entry here
ESEA,TARGET 1,99.4244,"measured move, sell part of the position (1.99R)"
ESEA,TARGET 2,115.9113,second measured move (3.7R)
ESEA,BUY LIMIT,70.3428,buy the 30 week average on a pullback in an established Stage 2
ESEA,STOP LOSS,62.9189,"initial stop, below base support and the 30 week average"
ESEA,BREAKEVEN,75.9107,move the stop to entry here
ESEA,TARGET 1,81.4786,"measured move, sell part of the position (1.5R)"
ESEA,TARGET 2,90.3873,second measured move (2.7R)
TOWN,BUY STOP,39.1072,"breakout trigger, above the base pivot"
TOWN,BUY LIMIT,38.7298,"pullback entry, old resistance acting as support"
TOWN,STOP LOSS,34.4143,"initial stop, below base support and the 30 week average"
TOWN,BREAKEVEN,42.6269,move the stop to entry here
TOWN,TARGET 1,46.7419,"measured move, sell part of the position (1.63R)"
TOWN,TARGET 2,53.1517,second measured move (2.99R)
TOWN,BUY LIMIT,35.3982,buy the 30 week average on a pullback in an established Stage 2
TOWN,STOP LOSS,33.4355,"initial stop, below base support and the 30 week average"
TOWN,BREAKEVEN,36.8702,move the stop to entry here
TOWN,TARGET 1,38.5512,"measured move, sell part of the position (1.61R)"
TOWN,TARGET 2,41.0735,second measured move (2.89R)
SAIC,BUY STOP,144.4885,"breakout trigger, above the base pivot"
SAIC,BUY LIMIT,142.2531,"pullback entry, old resistance acting as support"
SAIC,STOP LOSS,127.1499,"initial stop, below base support and the 30 week average"
SAIC,BREAKEVEN,157.4924,move the stop to entry here
SAIC,TARGET 1,197.9165,"measured move, sell part of the position (3.08R)"
SAIC,TARGET 2,242.4472,second measured move (5.65R)
SAIC,BUY LIMIT,112.6891,buy the 30 week average on a pullback in an established Stage 2
SAIC,STOP LOSS,101.065,"initial stop, below base support and the 30 week average"
SAIC,BREAKEVEN,121.4072,move the stop to entry here
SAIC,TARGET 1,142.2531,"measured move, sell part of the position (2.54R)"
SAIC,TARGET 2,165.9042,second measured move (4.58R)
BGT,BUY STOP,11.1068,"breakout trigger, above the base pivot"
BGT,BUY LIMIT,11.0474,"pullback entry, old resistance acting as support"
BGT,STOP LOSS,10.1905,"initial stop, below base support and the 30 week average"
BGT,BREAKEVEN,11.7941,move the stop to entry here
BGT,TARGET 1,12.5295,"measured move, sell part of the position (1.55R)"
BGT,TARGET 2,13.7151,second measured move (2.85R)
BGT,BUY LIMIT,10.4507,buy the 30 week average on a pullback in an established Stage 2
BGT,STOP LOSS,10.1414,"initial stop, below base support and the 30 week average"
BGT,BREAKEVEN,10.6826,move the stop to entry here
BGT,TARGET 1,11.0474,"measured move, sell part of the position (1.93R)"
BGT,TARGET 2,11.5247,second measured move (3.47R)
III,BUY STOP,5.891,"breakout trigger, above the base pivot"
III,BUY LIMIT,5.8,"pullback entry, old resistance acting as support"
III,STOP LOSS,5.1841,"initial stop, below base support and the 30 week average"
III,BREAKEVEN,6.4211,move the stop to entry here
III,TARGET 1,8.0132,"measured move, sell part of the position (3.0R)"
III,TARGET 2,9.7838,second measured move (5.51R)
III,BUY LIMIT,4.4751,buy the 30 week average on a pullback in an established Stage 2
III,STOP LOSS,4.002,"initial stop, below base support and the 30 week average"
III,BREAKEVEN,4.8298,move the stop to entry here
III,TARGET 1,5.9,"measured move, sell part of the position (3.01R)"
III,TARGET 2,7.04,second measured move (5.42R)
PACS,BUY STOP,50.4344,"breakout trigger, above the base pivot"
PACS,BUY LIMIT,49.49,"pullback entry, old resistance acting as support"
PACS,STOP LOSS,44.3822,"initial stop, below base support and the 30 week average"
PACS,BREAKEVEN,54.9734,move the stop to entry here
PACS,TARGET 1,69.625,"measured move, sell part of the position (3.17R)"
PACS,TARGET 2,85.733,second measured move (5.83R)
PACS,BUY LIMIT,40.1841,buy the 30 week average on a pullback in an established Stage 2
PACS,STOP LOSS,35.362,"initial stop, below base support and the 30 week average"
PACS,BREAKEVEN,43.8006,move the stop to entry here
PACS,TARGET 1,49.49,"measured move, sell part of the position (1.93R)"
PACS,TARGET 2,56.9347,second measured move (3.47R)
AMRX,BUY STOP,21.5116,"breakout trigger, above the base pivot"
AMRX,BUY LIMIT,21.175,"pullback entry, old resistance acting as support"
AMRX,STOP LOSS,18.9302,"initial stop, below base support and the 30 week average"
AMRX,BREAKEVEN,23.4476,move the stop to entry here
AMRX,TARGET 1,30.64,"measured move, sell part of the position (3.54R)"
AMRX,TARGET 2,38.212,second measured move (6.47R)
AMRX,BUY LIMIT,15.9746,buy the 30 week average on a pullback in an established Stage 2
AMRX,STOP LOSS,14.2245,"initial stop, below base support and the 30 week average"
AMRX,BREAKEVEN,17.2873,move the stop to entry here
AMRX,TARGET 1,21.175,"measured move, sell part of the position (2.97R)"
AMRX,TARGET 2,25.3353,second measured move (5.35R)
FCNCA,BUY STOP,2320.6343,"breakout trigger, above the base pivot"
FCNCA,BUY LIMIT,2294.1022,"pullback entry, old resistance acting as support"
FCNCA,STOP LOSS,2042.1582,"initial stop, below base support and the 30 week average"
FCNCA,BREAKEVEN,2529.4914,move the stop to entry here
FCNCA,TARGET 1,2832.4553,"measured move, sell part of the position (1.84R)"
FCNCA,TARGET 2,3263.1379,second measured move (3.38R)
FCNCA,BUY LIMIT,2073.5878,buy the 30 week average on a pullback in an established Stage 2
FCNCA,STOP LOSS,1935.6206,"initial stop, below base support and the 30 week average"
FCNCA,BREAKEVEN,2177.0632,move the stop to entry here
FCNCA,TARGET 1,2294.1022,"measured move, sell part of the position (1.6R)"
FCNCA,TARGET 2,2470.5137,second measured move (2.88R)
PAGP,BUY STOP,28.9917,"breakout trigger, above the base pivot"
PAGP,BUY LIMIT,28.7,"pullback entry, old resistance acting as support"
PAGP,STOP LOSS,25.5127,"initial stop, below base support and the 30 week average"
PAGP,BREAKEVEN,31.601,move the stop to entry here
PAGP,TARGET 1,35.6323,"measured move, sell part of the position (1.91R)"
PAGP,TARGET 2,41.1782,second measured move (3.5R)
PAGP,BUY LIMIT,24.9659,buy the 30 week average on a pullback in an established Stage 2
PAGP,STOP LOSS,23.449,"initial stop, below base support and the 30 week average"
PAGP,BREAKEVEN,26.1036,move the stop to entry here
PAGP,TARGET 1,28.7,"measured move, sell part of the position (2.46R)"
PAGP,TARGET 2,31.6873,second measured move (4.43R)
ABLV,BUY STOP,2.5553,"breakout trigger, above the base pivot"
ABLV,BUY LIMIT,2.47,"pullback entry, old resistance acting as support"
ABLV,STOP LOSS,2.2487,"initial stop, below base support and the 30 week average"
ABLV,BREAKEVEN,2.7852,move the stop to entry here
ABLV,TARGET 1,3.5815,"measured move, sell part of the position (3.35R)"
ABLV,TARGET 2,4.4707,second measured move (6.25R)
ABLV,BUY LIMIT,1.0466,buy the 30 week average on a pullback in an established Stage 2
ABLV,STOP LOSS,0.921,"initial stop, below base support and the 30 week average"
ABLV,BREAKEVEN,1.1408,move the stop to entry here
ABLV,TARGET 1,2.865,"measured move, sell part of the position (14.48R)"
ABLV,TARGET 2,4.3197,second measured move (26.06R)
IVZ,BUY STOP,34.1406,"breakout trigger, above the base pivot"
IVZ,BUY LIMIT,33.66,"pullback entry, old resistance acting as support"
IVZ,STOP LOSS,30.0437,"initial stop, below base support and the 30 week average"
IVZ,BREAKEVEN,37.2133,move the stop to entry here
IVZ,TARGET 1,45.813,"measured move, sell part of the position (2.85R)"
IVZ,TARGET 2,55.5354,second measured move (5.22R)
IVZ,BUY LIMIT,28.4243,buy the 30 week average on a pullback in an established Stage 2
IVZ,STOP LOSS,25.9251,"initial stop, below base support and the 30 week average"
IVZ,BREAKEVEN,30.2987,move the stop to entry here
IVZ,TARGET 1,33.66,"measured move, sell part of the position (2.09R)"
IVZ,TARGET 2,37.8485,second measured move (3.77R)
CRVL,BUY STOP,77.1211,"breakout trigger, above the base pivot"
CRVL,BUY LIMIT,76.0,"pullback entry, old resistance acting as support"
CRVL,STOP LOSS,67.8666,"initial stop, below base support and the 30 week average"
CRVL,BREAKEVEN,84.062,move the stop to entry here
CRVL,TARGET 1,107.3723,"measured move, sell part of the position (3.27R)"
CRVL,TARGET 2,132.4702,second measured move (5.98R)
CRVL,BUY LIMIT,63.0405,buy the 30 week average on a pullback in an established Stage 2
CRVL,STOP LOSS,57.2106,"initial stop, below base support and the 30 week average"
CRVL,BREAKEVEN,67.4129,move the stop to entry here
CRVL,TARGET 1,77.53,"measured move, sell part of the position (2.49R)"
CRVL,TARGET 2,89.1216,second measured move (4.47R)
NSP,BUY STOP,56.441,"breakout trigger, above the base pivot"
NSP,BUY LIMIT,55.2475,"pullback entry, old resistance acting as support"
NSP,STOP LOSS,49.668,"initial stop, below base support and the 30 week average"
NSP,BREAKEVEN,61.5206,move the stop to entry here
NSP,TARGET 1,80.1088,"measured move, sell part of the position (3.49R)"
NSP,TARGET 2,99.9979,second measured move (6.43R)
NSP,BUY LIMIT,40.5927,buy the 30 week average on a pullback in an established Stage 2
NSP,STOP LOSS,35.7216,"initial stop, below base support and the 30 week average"
NSP,BREAKEVEN,44.246,move the stop to entry here
NSP,TARGET 1,54.94,"measured move, sell part of the position (2.95R)"
NSP,TARGET 2,66.4179,second measured move (5.3R)
BBDC,BUY STOP,9.636,"breakout trigger, above the base pivot"
BBDC,BUY LIMIT,9.54,"pullback entry, old resistance acting as support"
BBDC,STOP LOSS,8.4797,"initial stop, below base support and the 30 week average"
BBDC,BREAKEVEN,10.5032,move the stop to entry here
BBDC,TARGET 1,11.5722,"measured move, sell part of the position (1.67R)"
BBDC,TARGET 2,13.1979,second measured move (3.08R)
BBDC,BUY LIMIT,8.4019,buy the 30 week average on a pullback in an established Stage 2
BBDC,STOP LOSS,7.9028,"initial stop, below base support and the 30 week average"
BBDC,BREAKEVEN,8.7763,move the stop to entry here
BBDC,TARGET 1,9.54,"measured move, sell part of the position (2.28R)"
BBDC,TARGET 2,10.4504,second measured move (4.1R)
NWSA,BUY STOP,31.9397,"breakout trigger, above the base pivot"
NWSA,BUY LIMIT,31.5538,"pullback entry, old resistance acting as support"
NWSA,STOP LOSS,28.1069,"initial stop, below base support and the 30 week average"
NWSA,BREAKEVEN,34.8143,move the stop to entry here
NWSA,TARGET 1,39.6765,"measured move, sell part of the position (2.02R)"
NWSA,TARGET 2,46.1746,second measured move (3.71R)
NWSA,BUY LIMIT,27.2754,buy the 30 week average on a pullback in an established Stage 2
NWSA,STOP LOSS,25.269,"initial stop, below base support and the 30 week average"
NWSA,BREAKEVEN,28.7802,move the stop to entry here
NWSA,TARGET 1,31.5538,"measured move, sell part of the position (2.13R)"
NWSA,TARGET 2,34.9766,second measured move (3.84R)
OKE,BUY STOP,101.251,"breakout trigger, above the base pivot"
OKE,BUY LIMIT,99.85,"pullback entry, old resistance acting as support"
OKE,STOP LOSS,89.1009,"initial stop, below base support and the 30 week average"
OKE,BREAKEVEN,110.3636,move the stop to entry here
OKE,TARGET 1,120.3581,"measured move, sell part of the position (1.57R)"
OKE,TARGET 2,136.7647,second measured move (2.92R)
OKE,BUY LIMIT,89.757,buy the 30 week average on a pullback in an established Stage 2
OKE,STOP LOSS,82.079,"initial stop, below base support and the 30 week average"
OKE,BREAKEVEN,95.5156,move the stop to entry here
OKE,TARGET 1,101.2741,"measured move, sell part of the position (1.5R)"
OKE,TARGET 2,110.4877,second measured move (2.7R)
PR,BUY STOP,25.0176,"breakout trigger, above the base pivot"
PR,BUY LIMIT,24.645,"pullback entry, old resistance acting as support"
PR,STOP LOSS,22.0155,"initial stop, below base support and the 30 week average"
PR,BREAKEVEN,27.2692,move the stop to entry here
PR,TARGET 1,31.5069,"measured move, sell part of the position (2.16R)"
PR,TARGET 2,36.9965,second measured move (3.99R)
PR,BUY LIMIT,20.8369,buy the 30 week average on a pullback in an established Stage 2
PR,STOP LOSS,18.8994,"initial stop, below base support and the 30 week average"
PR,BREAKEVEN,22.2901,move the stop to entry here
PR,TARGET 1,24.645,"measured move, sell part of the position (1.97R)"
PR,TARGET 2,27.6915,second measured move (3.54R)
PRGO,BUY STOP,16.0248,"breakout trigger, above the base pivot"
PRGO,BUY LIMIT,15.69,"pullback entry, old resistance acting as support"
PRGO,STOP LOSS,14.1019,"initial stop, below base support and the 30 week average"
PRGO,BREAKEVEN,17.4671,move the stop to entry here
PRGO,TARGET 1,22.5655,"measured move, sell part of the position (3.4R)"
PRGO,TARGET 2,28.0659,second measured move (6.26R)
PRGO,BUY LIMIT,11.7481,buy the 30 week average on a pullback in an established Stage 2
PRGO,STOP LOSS,10.3383,"initial stop, below base support and the 30 week average"
PRGO,BREAKEVEN,12.8054,move the stop to entry here
PRGO,TARGET 1,15.69,"measured move, sell part of the position (2.8R)"
PRGO,TARGET 2,18.8436,second measured move (5.03R)
UVE,BUY STOP,45.8516,"breakout trigger, above the base pivot"
UVE,BUY LIMIT,45.15,"pullback entry, old resistance acting as support"
UVE,STOP LOSS,40.3494,"initial stop, below base support and the 30 week average"
UVE,BREAKEVEN,49.9783,move the stop to entry here
UVE,TARGET 1,58.4728,"measured move, sell part of the position (2.29R)"
UVE,TARGET 2,69.131,second measured move (4.23R)
UVE,BUY LIMIT,40.3279,buy the 30 week average on a pullback in an established Stage 2
UVE,STOP LOSS,36.6795,"initial stop, below base support and the 30 week average"
UVE,BREAKEVEN,43.0642,move the stop to entry here
UVE,TARGET 1,47.56,"measured move, sell part of the position (1.98R)"
UVE,TARGET 2,53.3457,second measured move (3.57R)
ASRV,BUY STOP,5.4732,"breakout trigger, above the base pivot"
ASRV,BUY LIMIT,5.38,"pullback entry, old resistance acting as support"
ASRV,STOP LOSS,4.8164,"initial stop, below base support and the 30 week average"
ASRV,BREAKEVEN,5.9658,move the stop to entry here
ASRV,TARGET 1,7.2698,"measured move, sell part of the position (2.74R)"
ASRV,TARGET 2,8.7817,second measured move (5.04R)
ASRV,BUY LIMIT,4.203,buy the 30 week average on a pullback in an established Stage 2
ASRV,STOP LOSS,3.7182,"initial stop, below base support and the 30 week average"
ASRV,BREAKEVEN,4.5666,move the stop to entry here
ASRV,TARGET 1,5.38,"measured move, sell part of the position (2.43R)"
ASRV,TARGET 2,6.3216,second measured move (4.37R)
STNG,BUY STOP,91.502,"breakout trigger, above the base pivot"
STNG,BUY LIMIT,90.06,"pullback entry, old resistance acting as support"
STNG,STOP LOSS,80.5218,"initial stop, below base support and the 30 week average"
STNG,BREAKEVEN,99.7372,move the stop to entry here
STNG,TARGET 1,114.8108,"measured move, sell part of the position (2.12R)"
STNG,TARGET 2,134.6115,second measured move (3.93R)
STNG,BUY LIMIT,78.9561,buy the 30 week average on a pullback in an established Stage 2
STNG,STOP LOSS,71.4575,"initial stop, below base support and the 30 week average"
STNG,BREAKEVEN,84.5799,move the stop to entry here
STNG,TARGET 1,90.2038,"measured move, sell part of the position (1.5R)"
STNG,TARGET 2,99.202,second measured move (2.7R)
CDW,BUY STOP,161.3734,"breakout trigger, above the base pivot"
CDW,BUY LIMIT,158.05,"pullback entry, old resistance acting as support"
CDW,STOP LOSS,142.0086,"initial stop, below base support and the 30 week average"
CDW,BREAKEVEN,175.897,move the stop to entry here
CDW,TARGET 1,220.0115,"measured move, sell part of the position (3.03R)"
CDW,TARGET 2,269.5807,second measured move (5.59R)
CDW,BUY LIMIT,133.2235,buy the 30 week average on a pullback in an established Stage 2
CDW,STOP LOSS,117.2367,"initial stop, below base support and the 30 week average"
CDW,BREAKEVEN,145.2136,move the stop to entry here
CDW,TARGET 1,158.05,"measured move, sell part of the position (1.55R)"
CDW,TARGET 2,177.9112,second measured move (2.8R)
SSB,BUY STOP,113.3471,"breakout trigger, above the base pivot"
SSB,BUY LIMIT,112.2,"pullback entry, old resistance acting as support"
SSB,STOP LOSS,99.7454,"initial stop, below base support and the 30 week average"
SSB,BREAKEVEN,123.5484,move the stop to entry here
SSB,TARGET 1,137.9877,"measured move, sell part of the position (1.81R)"
SSB,TARGET 2,158.6179,second measured move (3.33R)
SSB,BUY LIMIT,99.9941,buy the 30 week average on a pullback in an established Stage 2
SSB,STOP LOSS,94.0292,"initial stop, below base support and the 30 week average"
SSB,BREAKEVEN,104.4678,move the stop to entry here
SSB,TARGET 1,112.2,"measured move, sell part of the position (2.05R)"
SSB,TARGET 2,121.9647,second measured move (3.68R)
DNA,BUY STOP,13.9365,"breakout trigger, above the base pivot"
DNA,BUY LIMIT,13.415,"pullback entry, old resistance acting as support"
DNA,STOP LOSS,12.2641,"initial stop, below base support and the 30 week average"
DNA,BREAKEVEN,15.1908,move the stop to entry here
DNA,TARGET 1,19.4517,"measured move, sell part of the position (3.3R)"
DNA,TARGET 2,24.2811,second measured move (6.19R)
DNA,BUY LIMIT,8.5786,buy the 30 week average on a pullback in an established Stage 2
DNA,STOP LOSS,7.5492,"initial stop, below base support and the 30 week average"
DNA,BREAKEVEN,9.3507,move the stop to entry here
DNA,TARGET 1,18.22,"measured move, sell part of the position (9.37R)"
DNA,TARGET 2,25.9331,second measured move (16.86R)
PYPL,BUY STOP,63.5641,"breakout trigger, above the base pivot"
PYPL,BUY LIMIT,62.5754,"pullback entry, old resistance acting as support"
PYPL,STOP LOSS,55.9364,"initial stop, below base support and the 30 week average"
PYPL,BREAKEVEN,69.2849,move the stop to entry here
PYPL,TARGET 1,85.0499,"measured move, sell part of the position (2.82R)"
PYPL,TARGET 2,103.0295,second measured move (5.17R)
PYPL,BUY LIMIT,50.2566,buy the 30 week average on a pullback in an established Stage 2
PYPL,STOP LOSS,45.1157,"initial stop, below base support and the 30 week average"
PYPL,BREAKEVEN,54.1123,move the stop to entry here
PYPL,TARGET 1,62.5754,"measured move, sell part of the position (2.4R)"
PYPL,TARGET 2,72.4305,second measured move (4.31R)
AVT,BUY STOP,110.5381,"breakout trigger, above the base pivot"
AVT,BUY LIMIT,108.63,"pullback entry, old resistance acting as support"
AVT,STOP LOSS,97.2735,"initial stop, below base support and the 30 week average"
AVT,BREAKEVEN,120.4865,move the stop to entry here
AVT,TARGET 1,157.5135,"measured move, sell part of the position (3.54R)"
AVT,TARGET 2,196.6203,second measured move (6.49R)
AVT,BUY LIMIT,86.1934,buy the 30 week average on a pullback in an established Stage 2
AVT,STOP LOSS,76.2713,"initial stop, below base support and the 30 week average"
AVT,BREAKEVEN,93.6349,move the stop to entry here
AVT,TARGET 1,108.63,"measured move, sell part of the position (2.26R)"
AVT,TARGET 2,126.5793,second measured move (4.07R)
HBIO,BUY STOP,8.5949,"breakout trigger, above the base pivot"
HBIO,BUY LIMIT,8.42,"pullback entry, old resistance acting as support"
HBIO,STOP LOSS,7.5635,"initial stop, below base support and the 30 week average"
HBIO,BREAKEVEN,9.3684,move the stop to entry here
HBIO,TARGET 1,12.209,"measured move, sell part of the position (3.5R)"
HBIO,TARGET 2,15.2402,second measured move (6.44R)
HBIO,BUY LIMIT,6.5536,buy the 30 week average on a pullback in an established Stage 2
HBIO,STOP LOSS,5.7672,"initial stop, below base support and the 30 week average"
HBIO,BREAKEVEN,7.1434,move the stop to entry here
HBIO,TARGET 1,8.8,"measured move, sell part of the position (2.86R)"
HBIO,TARGET 2,10.5971,second measured move (5.14R)
PLPC,BUY STOP,515.4867,"breakout trigger, above the base pivot"
PLPC,BUY LIMIT,504.4297,"pullback entry, old resistance acting as support"
PLPC,STOP LOSS,453.6283,"initial stop, below base support and the 30 week average"
PLPC,BREAKEVEN,561.8805,move the stop to entry here
PLPC,TARGET 1,731.4231,"measured move, sell part of the position (3.49R)"
PLPC,TARGET 2,913.0178,second measured move (6.43R)
PLPC,BUY LIMIT,372.3765,buy the 30 week average on a pullback in an established Stage 2
PLPC,STOP LOSS,327.6913,"initial stop, below base support and the 30 week average"
PLPC,BREAKEVEN,405.8904,move the stop to entry here
PLPC,TARGET 1,504.4297,"measured move, sell part of the position (2.96R)"
PLPC,TARGET 2,610.0723,second measured move (5.32R)
SXC,BUY STOP,10.8745,"breakout trigger, above the base pivot"
SXC,BUY LIMIT,10.68,"pullback entry, old resistance acting as support"
SXC,STOP LOSS,9.5696,"initial stop, below base support and the 30 week average"
SXC,BREAKEVEN,11.8532,move the stop to entry here
SXC,TARGET 1,15.486,"measured move, sell part of the position (3.53R)"
SXC,TARGET 2,19.3308,second measured move (6.48R)
SXC,BUY LIMIT,8.408,buy the 30 week average on a pullback in an established Stage 2
SXC,STOP LOSS,7.399,"initial stop, below base support and the 30 week average"
SXC,BREAKEVEN,9.1647,move the stop to entry here
SXC,TARGET 1,10.68,"measured move, sell part of the position (2.25R)"
SXC,TARGET 2,12.4976,second measured move (4.05R)
ANET,BUY STOP,219.3953,"breakout trigger, above the base pivot"
ANET,BUY LIMIT,214.89,"pullback entry, old resistance acting as support"
ANET,STOP LOSS,193.0679,"initial stop, below base support and the 30 week average"
ANET,BREAKEVEN,239.1409,move the stop to entry here
ANET,TARGET 1,311.5905,"measured move, sell part of the position (3.5R)"
ANET,TARGET 2,388.9509,second measured move (6.44R)
ANET,BUY LIMIT,173.3588,buy the 30 week average on a pullback in an established Stage 2
ANET,STOP LOSS,152.5557,"initial stop, below base support and the 30 week average"
ANET,BREAKEVEN,188.9611,move the stop to entry here
ANET,TARGET 1,217.41,"measured move, sell part of the position (2.12R)"
ANET,TARGET 2,252.651,second measured move (3.81R)
BZH,BUY STOP,34.8922,"breakout trigger, above the base pivot"
BZH,BUY LIMIT,34.54,"pullback entry, old resistance acting as support"
BZH,STOP LOSS,30.7051,"initial stop, below base support and the 30 week average"
BZH,BREAKEVEN,38.0325,move the stop to entry here
BZH,TARGET 1,50.083,"measured move, sell part of the position (3.63R)"
BZH,TARGET 2,62.5174,second measured move (6.6R)
BZH,BUY LIMIT,27.9905,buy the 30 week average on a pullback in an established Stage 2
BZH,STOP LOSS,26.1593,"initial stop, below base support and the 30 week average"
BZH,BREAKEVEN,29.364,move the stop to entry here
BZH,TARGET 1,34.54,"measured move, sell part of the position (3.58R)"
BZH,TARGET 2,39.7796,second measured move (6.44R)
IBTA,BUY STOP,44.5048,"breakout trigger, above the base pivot"
IBTA,BUY LIMIT,43.43,"pullback entry, old resistance acting as support"
IBTA,STOP LOSS,39.1642,"initial stop, below base support and the 30 week average"
IBTA,BREAKEVEN,48.5103,move the stop to entry here
IBTA,TARGET 1,62.9735,"measured move, sell part of the position (3.46R)"
IBTA,TARGET 2,78.6083,second measured move (6.39R)
IBTA,BUY LIMIT,34.9126,buy the 30 week average on a pullback in an established Stage 2
IBTA,STOP LOSS,30.7231,"initial stop, below base support and the 30 week average"
IBTA,BREAKEVEN,38.0547,move the stop to entry here
IBTA,TARGET 1,43.85,"measured move, sell part of the position (2.13R)"
IBTA,TARGET 2,50.9999,second measured move (3.84R)
MATX,BUY STOP,244.3361,"breakout trigger, above the base pivot"
MATX,BUY LIMIT,240.87,"pullback entry, old resistance acting as support"
MATX,STOP LOSS,215.0158,"initial stop, below base support and the 30 week average"
MATX,BREAKEVEN,266.3263,move the stop to entry here
MATX,TARGET 1,338.6465,"measured move, sell part of the position (3.22R)"
MATX,TARGET 2,416.8677,second measured move (5.88R)
MATX,BUY LIMIT,199.7095,buy the 30 week average on a pullback in an established Stage 2
MATX,STOP LOSS,181.6858,"initial stop, below base support and the 30 week average"
MATX,BREAKEVEN,213.2273,move the stop to entry here
MATX,TARGET 1,240.87,"measured move, sell part of the position (2.28R)"
MATX,TARGET 2,273.7984,second measured move (4.11R)
LWDB.L,BUY STOP,1299.9345,"breakout trigger, above the base pivot"
LWDB.L,BUY LIMIT,1289.9059,"pullback entry, old resistance acting as support"
LWDB.L,STOP LOSS,1177.9714,"initial stop, below base support and the 30 week average"
LWDB.L,BREAKEVEN,1391.4067,move the stop to entry here
LWDB.L,TARGET 1,1569.959,"measured move, sell part of the position (2.21R)"
LWDB.L,TARGET 2,1794.0015,second measured move (4.05R)
LWDB.L,BUY LIMIT,1200.1633,buy the 30 week average on a pullback in an established Stage 2
LWDB.L,STOP LOSS,1148.0147,"initial stop, below base support and the 30 week average"
LWDB.L,BREAKEVEN,1239.2747,move the stop to entry here
LWDB.L,TARGET 1,1289.9059,"measured move, sell part of the position (1.72R)"
LWDB.L,TARGET 2,1361.7,second measured move (3.1R)
SMIN.L,BUY STOP,2919.9504,"breakout trigger, above the base pivot"
SMIN.L,BUY LIMIT,2885.0,"pullback entry, old resistance acting as support"
SMIN.L,STOP LOSS,2569.5564,"initial stop, below base support and the 30 week average"
SMIN.L,BREAKEVEN,3182.746,move the stop to entry here
SMIN.L,TARGET 1,3682.1315,"measured move, sell part of the position (2.18R)"
SMIN.L,TARGET 2,4319.8366,second measured move (4.0R)
SMIN.L,BUY LIMIT,2568.7376,buy the 30 week average on a pullback in an established Stage 2
SMIN.L,STOP LOSS,2386.9954,"initial stop, below base support and the 30 week average"
SMIN.L,BREAKEVEN,2705.0442,move the stop to entry here
SMIN.L,TARGET 1,2885.0,"measured move, sell part of the position (1.74R)"
SMIN.L,TARGET 2,3138.0099,second measured move (3.13R)
KNTK,BUY STOP,57.7193,"breakout trigger, above the base pivot"
KNTK,BUY LIMIT,56.92,"pullback entry, old resistance acting as support"
KNTK,STOP LOSS,50.7929,"initial stop, below base support and the 30 week average"
KNTK,BREAKEVEN,62.914,move the stop to entry here
KNTK,TARGET 1,71.7034,"measured move, sell part of the position (2.02R)"
KNTK,TARGET 2,83.5302,second measured move (3.73R)
KNTK,BUY LIMIT,49.5495,buy the 30 week average on a pullback in an established Stage 2
KNTK,STOP LOSS,45.3934,"initial stop, below base support and the 30 week average"
KNTK,BREAKEVEN,52.6667,move the stop to entry here
KNTK,TARGET 1,56.92,"measured move, sell part of the position (1.77R)"
KNTK,TARGET 2,62.8164,second measured move (3.19R)
RIGL,BUY STOP,50.9007,"breakout trigger, above the base pivot"
RIGL,BUY LIMIT,49.9,"pullback entry, old resistance acting as support"
RIGL,STOP LOSS,44.7926,"initial stop, below base support and the 30 week average"
RIGL,BREAKEVEN,55.4818,move the stop to entry here
RIGL,TARGET 1,72.355,"measured move, sell part of the position (3.51R)"
RIGL,TARGET 2,90.319,second measured move (6.45R)
RIGL,BUY LIMIT,37.3,buy the 30 week average on a pullback in an established Stage 2
RIGL,STOP LOSS,32.824,"initial stop, below base support and the 30 week average"
RIGL,BREAKEVEN,40.657,move the stop to entry here
RIGL,TARGET 1,50.49,"measured move, sell part of the position (2.95R)"
RIGL,TARGET 2,61.042,second measured move (5.3R)
NVGS,BUY STOP,25.8758,"breakout trigger, above the base pivot"
NVGS,BUY LIMIT,25.48,"pullback entry, old resistance acting as support"
NVGS,STOP LOSS,22.7707,"initial stop, below base support and the 30 week average"
NVGS,BREAKEVEN,28.2046,move the stop to entry here
NVGS,TARGET 1,33.5067,"measured move, sell part of the position (2.46R)"
NVGS,TARGET 2,39.9281,second measured move (4.53R)
NVGS,BUY LIMIT,21.7688,buy the 30 week average on a pullback in an established Stage 2
NVGS,STOP LOSS,19.2596,"initial stop, below base support and the 30 week average"
NVGS,BREAKEVEN,23.6506,move the stop to entry here
NVGS,TARGET 1,25.5325,"measured move, sell part of the position (1.5R)"
NVGS,TARGET 2,28.5434,second measured move (2.7R)
SU,BUY STOP,73.0923,"breakout trigger, above the base pivot"
SU,BUY LIMIT,72.06,"pullback entry, old resistance acting as support"
SU,STOP LOSS,64.3212,"initial stop, below base support and the 30 week average"
SU,BREAKEVEN,79.6706,move the stop to entry here
SU,TARGET 1,91.9047,"measured move, sell part of the position (2.14R)"
SU,TARGET 2,107.7804,second measured move (3.95R)
SU,BUY LIMIT,64.3875,buy the 30 week average on a pullback in an established Stage 2
SU,STOP LOSS,58.5356,"initial stop, below base support and the 30 week average"
SU,BREAKEVEN,68.7765,move the stop to entry here
SU,TARGET 1,73.1654,"measured move, sell part of the position (1.5R)"
SU,TARGET 2,80.1878,second measured move (2.7R)
CLIG.L,BUY STOP,547.5903,"breakout trigger, above the base pivot"
CLIG.L,BUY LIMIT,540.0,"pullback entry, old resistance acting as support"
CLIG.L,STOP LOSS,481.8795,"initial stop, below base support and the 30 week average"
CLIG.L,BREAKEVEN,596.8734,move the stop to entry here
CLIG.L,TARGET 1,722.1554,"measured move, sell part of the position (2.66R)"
CLIG.L,TARGET 2,867.8797,second measured move (4.87R)
CLIG.L,BUY LIMIT,457.328,buy the 30 week average on a pullback in an established Stage 2
CLIG.L,STOP LOSS,417.8583,"initial stop, below base support and the 30 week average"
CLIG.L,BREAKEVEN,486.9303,move the stop to entry here
CLIG.L,TARGET 1,540.0,"measured move, sell part of the position (2.09R)"
CLIG.L,TARGET 2,606.1376,second measured move (3.77R)
ACT,BUY STOP,51.0963,"breakout trigger, above the base pivot"
ACT,BUY LIMIT,50.56,"pullback entry, old resistance acting as support"
ACT,STOP LOSS,44.9648,"initial stop, below base support and the 30 week average"
ACT,BREAKEVEN,55.695,move the stop to entry here
ACT,TARGET 1,61.7302,"measured move, sell part of the position (1.73R)"
ACT,TARGET 2,70.6663,second measured move (3.19R)
ACT,BUY LIMIT,44.9668,buy the 30 week average on a pullback in an established Stage 2
ACT,STOP LOSS,42.1779,"initial stop, below base support and the 30 week average"
ACT,BREAKEVEN,47.0585,move the stop to entry here
ACT,TARGET 1,50.56,"measured move, sell part of the position (2.01R)"
ACT,TARGET 2,55.0346,second measured move (3.61R)
RVT,BUY STOP,18.9265,"breakout trigger, above the base pivot"
RVT,BUY LIMIT,18.7677,"pullback entry, old resistance acting as support"
RVT,STOP LOSS,16.6554,"initial stop, below base support and the 30 week average"
RVT,BREAKEVEN,20.6299,move the stop to entry here
RVT,TARGET 1,22.2048,"measured move, sell part of the position (1.44R)"
RVT,TARGET 2,24.9546,second measured move (2.65R)
RVT,BUY LIMIT,17.5997,buy the 30 week average on a pullback in an established Stage 2
RVT,STOP LOSS,16.4812,"initial stop, below base support and the 30 week average"
RVT,BREAKEVEN,18.4387,move the stop to entry here
RVT,TARGET 1,19.2776,"measured move, sell part of the position (1.5R)"
RVT,TARGET 2,20.6199,second measured move (2.7R)
ETN,BUY STOP,485.9029,"breakout trigger, above the base pivot"
ETN,BUY LIMIT,478.0,"pullback entry, old resistance acting as support"
ETN,STOP LOSS,427.5945,"initial stop, below base support and the 30 week average"
ETN,BREAKEVEN,529.6341,move the stop to entry here
ETN,TARGET 1,619.5101,"measured move, sell part of the position (2.29R)"
ETN,TARGET 2,732.7181,second measured move (4.23R)
ETN,BUY LIMIT,410.6784,buy the 30 week average on a pullback in an established Stage 2
ETN,STOP LOSS,369.5836,"initial stop, below base support and the 30 week average"
ETN,BREAKEVEN,441.4996,move the stop to entry here
ETN,TARGET 1,478.0,"measured move, sell part of the position (1.64R)"
ETN,TARGET 2,531.8573,second measured move (2.95R)
SNWS.L,BUY STOP,80.4161,"breakout trigger, above the base pivot"
SNWS.L,BUY LIMIT,79.0,"pullback entry, old resistance acting as support"
SNWS.L,STOP LOSS,70.7662,"initial stop, below base support and the 30 week average"
SNWS.L,BREAKEVEN,87.6535,move the stop to entry here
SNWS.L,TARGET 1,107.3767,"measured move, sell part of the position (2.79R)"
SNWS.L,TARGET 2,130.0781,second measured move (5.15R)
SNWS.L,BUY LIMIT,69.44,buy the 30 week average on a pullback in an established Stage 2
SNWS.L,STOP LOSS,62.0762,"initial stop, below base support and the 30 week average"
SNWS.L,BREAKEVEN,74.9628,move the stop to entry here
SNWS.L,TARGET 1,80.4856,"measured move, sell part of the position (1.5R)"
SNWS.L,TARGET 2,89.322,second measured move (2.7R)
AEHR,BUY STOP,152.8679,"breakout trigger, above the base pivot"
AEHR,BUY LIMIT,147.4,"pullback entry, old resistance acting as support"
AEHR,STOP LOSS,134.5237,"initial stop, below base support and the 30 week average"
AEHR,BREAKEVEN,166.6259,move the stop to entry here
AEHR,TARGET 1,213.73,"measured move, sell part of the position (3.32R)"
AEHR,TARGET 2,266.794,second measured move (6.21R)
AEHR,BUY LIMIT,89.6205,buy the 30 week average on a pullback in an established Stage 2
AEHR,STOP LOSS,78.866,"initial stop, below base support and the 30 week average"
AEHR,BREAKEVEN,97.6863,move the stop to entry here
AEHR,TARGET 1,147.4,"measured move, sell part of the position (5.37R)"
AEHR,TARGET 2,193.6236,second measured move (9.67R)
MLAB,BUY STOP,141.5838,"breakout trigger, above the base pivot"
MLAB,BUY LIMIT,138.66,"pullback entry, old resistance acting as support"
MLAB,STOP LOSS,124.5938,"initial stop, below base support and the 30 week average"
MLAB,BREAKEVEN,154.3264,move the stop to entry here
MLAB,TARGET 1,201.057,"measured move, sell part of the position (3.5R)"
MLAB,TARGET 2,250.9746,second measured move (6.44R)
MLAB,BUY LIMIT,107.7266,buy the 30 week average on a pullback in an established Stage 2
MLAB,STOP LOSS,94.7994,"initial stop, below base support and the 30 week average"
MLAB,BREAKEVEN,117.422,move the stop to entry here
MLAB,TARGET 1,144.35,"measured move, sell part of the position (2.83R)"
MLAB,TARGET 2,173.6487,second measured move (5.1R)
PFS,BUY STOP,25.5067,"breakout trigger, above the base pivot"
PFS,BUY LIMIT,25.2454,"pullback entry, old resistance acting as support"
PFS,STOP LOSS,22.4459,"initial stop, below base support and the 30 week average"
PFS,BREAKEVEN,27.8023,move the stop to entry here
PFS,TARGET 1,31.0064,"measured move, sell part of the position (1.8R)"
PFS,TARGET 2,35.6151,second measured move (3.3R)
PFS,BUY LIMIT,22.7531,buy the 30 week average on a pullback in an established Stage 2
PFS,STOP LOSS,21.3944,"initial stop, below base support and the 30 week average"
PFS,BREAKEVEN,23.7721,move the stop to entry here
PFS,TARGET 1,25.2454,"measured move, sell part of the position (1.83R)"
PFS,TARGET 2,27.2392,second measured move (3.3R)
SFL,BUY STOP,14.1722,"breakout trigger, above the base pivot"
SFL,BUY LIMIT,13.98,"pullback entry, old resistance acting as support"
SFL,STOP LOSS,12.4715,"initial stop, below base support and the 30 week average"
SFL,BREAKEVEN,15.4477,move the stop to entry here
SFL,TARGET 1,18.4778,"measured move, sell part of the position (2.53R)"
SFL,TARGET 2,22.0761,second measured move (4.65R)
SFL,BUY LIMIT,11.6219,buy the 30 week average on a pullback in an established Stage 2
SFL,STOP LOSS,10.6227,"initial stop, below base support and the 30 week average"
SFL,BREAKEVEN,12.3713,move the stop to entry here
SFL,TARGET 1,13.98,"measured move, sell part of the position (2.36R)"
SFL,TARGET 2,15.8665,second measured move (4.25R)
AGM,BUY STOP,249.6179,"breakout trigger, above the base pivot"
AGM,BUY LIMIT,246.526,"pullback entry, old resistance acting as support"
AGM,STOP LOSS,219.6638,"initial stop, below base support and the 30 week average"
AGM,BREAKEVEN,272.0836,move the stop to entry here
AGM,TARGET 1,357.4627,"measured move, sell part of the position (3.6R)"
AGM,TARGET 2,446.2121,second measured move (6.56R)
AGM,BUY LIMIT,193.6018,buy the 30 week average on a pullback in an established Stage 2
AGM,STOP LOSS,177.5239,"initial stop, below base support and the 30 week average"
AGM,BREAKEVEN,205.6603,move the stop to entry here
AGM,TARGET 1,246.526,"measured move, sell part of the position (3.29R)"
AGM,TARGET 2,288.8654,second measured move (5.93R)
NOEM,BUY STOP,12.6773,"breakout trigger, above the base pivot"
NOEM,BUY LIMIT,12.62,"pullback entry, old resistance acting as support"
NOEM,STOP LOSS,11.156,"initial stop, below base support and the 30 week average"
NOEM,BREAKEVEN,13.8182,move the stop to entry here
NOEM,TARGET 1,14.88,"measured move, sell part of the position (1.45R)"
NOEM,TARGET 2,16.688,second measured move (2.64R)
NOEM,BUY LIMIT,10.5947,buy the 30 week average on a pullback in an established Stage 2
NOEM,STOP LOSS,10.2969,"initial stop, below base support and the 30 week average"
NOEM,BREAKEVEN,10.818,move the stop to entry here
NOEM,TARGET 1,12.39,"measured move, sell part of the position (6.03R)"
NOEM,TARGET 2,13.8263,second measured move (10.85R)
BVS,BUY STOP,16.1839,"breakout trigger, above the base pivot"
BVS,BUY LIMIT,15.893,"pullback entry, old resistance acting as support"
BVS,STOP LOSS,14.2418,"initial stop, below base support and the 30 week average"
BVS,BREAKEVEN,17.6405,move the stop to entry here
BVS,TARGET 1,23.0448,"measured move, sell part of the position (3.53R)"
BVS,TARGET 2,28.7663,second measured move (6.48R)
BVS,BUY LIMIT,11.3564,buy the 30 week average on a pullback in an established Stage 2
BVS,STOP LOSS,9.9936,"initial stop, below base support and the 30 week average"
BVS,BREAKEVEN,12.3784,move the stop to entry here
BVS,TARGET 1,15.893,"measured move, sell part of the position (3.33R)"
BVS,TARGET 2,19.5223,second measured move (5.99R)
TCBX,BUY STOP,46.9697,"breakout trigger, above the base pivot"
TCBX,BUY LIMIT,46.355,"pullback entry, old resistance acting as support"
TCBX,STOP LOSS,41.3333,"initial stop, below base support and the 30 week average"
TCBX,BREAKEVEN,51.197,move the stop to entry here
TCBX,TARGET 1,56.83,"measured move, sell part of the position (1.75R)"
TCBX,TARGET 2,65.21,second measured move (3.24R)
TCBX,BUY LIMIT,41.3722,buy the 30 week average on a pullback in an established Stage 2
TCBX,STOP LOSS,38.1759,"initial stop, below base support and the 30 week average"
TCBX,BREAKEVEN,43.7694,move the stop to entry here
TCBX,TARGET 1,46.355,"measured move, sell part of the position (1.56R)"
TCBX,TARGET 2,50.3412,second measured move (2.81R)
GNK,BUY STOP,28.8948,"breakout trigger, above the base pivot"
GNK,BUY LIMIT,28.42,"pullback entry, old resistance acting as support"
GNK,STOP LOSS,25.4274,"initial stop, below base support and the 30 week average"
GNK,BREAKEVEN,31.4953,move the stop to entry here
GNK,TARGET 1,38.5355,"measured move, sell part of the position (2.78R)"
GNK,TARGET 2,46.6279,second measured move (5.11R)
GNK,BUY LIMIT,24.5864,buy the 30 week average on a pullback in an established Stage 2
GNK,STOP LOSS,22.1176,"initial stop, below base support and the 30 week average"
GNK,BREAKEVEN,26.438,move the stop to entry here
GNK,TARGET 1,28.42,"measured move, sell part of the position (1.55R)"
GNK,TARGET 2,31.4869,second measured move (2.8R)
GWRE,BUY STOP,212.6898,"breakout trigger, above the base pivot"
GWRE,BUY LIMIT,207.49,"pullback entry, old resistance acting as support"
GWRE,STOP LOSS,187.167,"initial stop, below base support and the 30 week average"
GWRE,BREAKEVEN,231.8319,move the stop to entry here
GWRE,TARGET 1,300.8605,"measured move, sell part of the position (3.45R)"
GWRE,TARGET 2,375.5569,second measured move (6.38R)
GWRE,BUY LIMIT,148.8899,buy the 30 week average on a pullback in an established Stage 2
GWRE,STOP LOSS,131.0231,"initial stop, below base support and the 30 week average"
GWRE,BREAKEVEN,162.29,move the stop to entry here
GWRE,TARGET 1,207.49,"measured move, sell part of the position (3.28R)"
GWRE,TARGET 2,254.3701,second measured move (5.9R)
HOOD,BUY STOP,130.2886,"breakout trigger, above the base pivot"
HOOD,BUY LIMIT,126.74,"pullback entry, old resistance acting as support"
HOOD,STOP LOSS,114.654,"initial stop, below base support and the 30 week average"
HOOD,BREAKEVEN,142.0145,move the stop to entry here
HOOD,TARGET 1,183.773,"measured move, sell part of the position (3.42R)"
HOOD,TARGET 2,229.3994,second measured move (6.34R)
HOOD,BUY LIMIT,95.8114,buy the 30 week average on a pullback in an established Stage 2
HOOD,STOP LOSS,84.3141,"initial stop, below base support and the 30 week average"
HOOD,BREAKEVEN,104.4345,move the stop to entry here
HOOD,TARGET 1,126.74,"measured move, sell part of the position (2.69R)"
HOOD,TARGET 2,151.4828,second measured move (4.84R)
FTI,BUY STOP,81.9508,"breakout trigger, above the base pivot"
FTI,BUY LIMIT,80.7,"pullback entry, old resistance acting as support"
FTI,STOP LOSS,72.1167,"initial stop, below base support and the 30 week average"
FTI,BREAKEVEN,89.3264,move the stop to entry here
FTI,TARGET 1,100.9666,"measured move, sell part of the position (1.93R)"
FTI,TARGET 2,117.1799,second measured move (3.58R)
FTI,BUY LIMIT,72.0695,buy the 30 week average on a pullback in an established Stage 2
FTI,STOP LOSS,65.5654,"initial stop, below base support and the 30 week average"
FTI,BREAKEVEN,76.9477,move the stop to entry here
FTI,TARGET 1,81.8258,"measured move, sell part of the position (1.5R)"
FTI,TARGET 2,89.6308,second measured move (2.7R)
CRDA.L,BUY STOP,3567.7689,"breakout trigger, above the base pivot"
CRDA.L,BUY LIMIT,3520.2371,"pullback entry, old resistance acting as support"
CRDA.L,STOP LOSS,3139.6367,"initial stop, below base support and the 30 week average"
CRDA.L,BREAKEVEN,3888.8681,move the stop to entry here
CRDA.L,TARGET 1,4553.3413,"measured move, sell part of the position (2.3R)"
CRDA.L,TARGET 2,5379.8246,second measured move (4.23R)
CRDA.L,BUY LIMIT,3075.9043,buy the 30 week average on a pullback in an established Stage 2
CRDA.L,STOP LOSS,2828.7386,"initial stop, below base support and the 30 week average"
CRDA.L,BREAKEVEN,3261.2785,move the stop to entry here
CRDA.L,TARGET 1,3520.2371,"measured move, sell part of the position (1.8R)"
CRDA.L,TARGET 2,3875.7033,second measured move (3.24R)
ADM,BUY STOP,90.0051,"breakout trigger, above the base pivot"
ADM,BUY LIMIT,88.75,"pullback entry, old resistance acting as support"
ADM,STOP LOSS,79.2045,"initial stop, below base support and the 30 week average"
ADM,BREAKEVEN,98.1055,move the stop to entry here
ADM,TARGET 1,113.2639,"measured move, sell part of the position (2.15R)"
ADM,TARGET 2,132.875,second measured move (3.97R)
ADM,BUY LIMIT,78.2301,buy the 30 week average on a pullback in an established Stage 2
ADM,STOP LOSS,71.7036,"initial stop, below base support and the 30 week average"
ADM,BREAKEVEN,83.125,move the stop to entry here
ADM,TARGET 1,88.75,"measured move, sell part of the position (1.61R)"
ADM,TARGET 2,97.1659,second measured move (2.9R)
DOCU,BUY STOP,75.534,"breakout trigger, above the base pivot"
DOCU,BUY LIMIT,74.065,"pullback entry, old resistance acting as support"
DOCU,STOP LOSS,66.4699,"initial stop, below base support and the 30 week average"
DOCU,BREAKEVEN,82.332,move the stop to entry here
DOCU,TARGET 1,106.762,"measured move, sell part of the position (3.45R)"
DOCU,TARGET 2,132.9196,second measured move (6.33R)
DOCU,BUY LIMIT,54.4119,buy the 30 week average on a pullback in an established Stage 2
DOCU,STOP LOSS,47.8825,"initial stop, below base support and the 30 week average"
DOCU,BREAKEVEN,59.309,move the stop to entry here
DOCU,TARGET 1,74.065,"measured move, sell part of the position (3.01R)"
DOCU,TARGET 2,89.7875,second measured move (5.42R)
VREX,BUY STOP,18.8459,"breakout trigger, above the base pivot"
VREX,BUY LIMIT,18.63,"pullback entry, old resistance acting as support"
VREX,STOP LOSS,16.5844,"initial stop, below base support and the 30 week average"
VREX,BREAKEVEN,20.542,move the stop to entry here
VREX,TARGET 1,27.0135,"measured move, sell part of the position (3.61R)"
VREX,TARGET 2,33.7203,second measured move (6.58R)
VREX,BUY LIMIT,13.2204,buy the 30 week average on a pullback in an established Stage 2
VREX,STOP LOSS,11.6339,"initial stop, below base support and the 30 week average"
VREX,BREAKEVEN,14.4102,move the stop to entry here
VREX,TARGET 1,18.63,"measured move, sell part of the position (3.41R)"
VREX,TARGET 2,22.9577,second measured move (6.14R)
VSTM,BUY STOP,8.903,"breakout trigger, above the base pivot"
VSTM,BUY LIMIT,8.65,"pullback entry, old resistance acting as support"
VSTM,STOP LOSS,7.8346,"initial stop, below base support and the 30 week average"
VSTM,BREAKEVEN,9.7043,move the stop to entry here
VSTM,TARGET 1,12.5425,"measured move, sell part of the position (3.41R)"
VSTM,TARGET 2,15.6565,second measured move (6.32R)
VSTM,BUY LIMIT,5.9495,buy the 30 week average on a pullback in an established Stage 2
VSTM,STOP LOSS,5.2356,"initial stop, below base support and the 30 week average"
VSTM,BREAKEVEN,6.485,move the stop to entry here
VSTM,TARGET 1,8.65,"measured move, sell part of the position (3.78R)"
VSTM,TARGET 2,10.8104,second measured move (6.81R)
AXTA,BUY STOP,39.1501,"breakout trigger, above the base pivot"
AXTA,BUY LIMIT,38.61,"pullback entry, old resistance acting as support"
AXTA,STOP LOSS,34.4521,"initial stop, below base support and the 30 week average"
AXTA,BREAKEVEN,42.6736,move the stop to entry here
AXTA,TARGET 1,52.283,"measured move, sell part of the position (2.8R)"
AXTA,TARGET 2,63.2214,second measured move (5.12R)
AXTA,BUY LIMIT,32.315,buy the 30 week average on a pullback in an established Stage 2
AXTA,STOP LOSS,29.5064,"initial stop, below base support and the 30 week average"
AXTA,BREAKEVEN,34.4215,move the stop to entry here
AXTA,TARGET 1,38.61,"measured move, sell part of the position (2.24R)"
AXTA,TARGET 2,43.646,second measured move (4.03R)
RVTY,BUY STOP,160.9383,"breakout trigger, above the base pivot"
RVTY,BUY LIMIT,158.28,"pullback entry, old resistance acting as support"
RVTY,STOP LOSS,141.6257,"initial stop, below base support and the 30 week average"
RVTY,BREAKEVEN,175.4227,move the stop to entry here
RVTY,TARGET 1,229.506,"measured move, sell part of the position (3.55R)"
RVTY,TARGET 2,286.4868,second measured move (6.5R)
RVTY,BUY LIMIT,111.7711,buy the 30 week average on a pullback in an established Stage 2
RVTY,STOP LOSS,98.3586,"initial stop, below base support and the 30 week average"
RVTY,BREAKEVEN,121.8305,move the stop to entry here
RVTY,TARGET 1,166.25,"measured move, sell part of the position (4.06R)"
RVTY,TARGET 2,209.8331,second measured move (7.31R)
NEOG,BUY STOP,14.5471,"breakout trigger, above the base pivot"
NEOG,BUY LIMIT,14.26,"pullback entry, old resistance acting as support"
NEOG,STOP LOSS,12.8015,"initial stop, below base support and the 30 week average"
NEOG,BREAKEVEN,15.8564,move the stop to entry here
NEOG,TARGET 1,20.36,"measured move, sell part of the position (3.33R)"
NEOG,TARGET 2,25.24,second measured move (6.13R)
NEOG,BUY LIMIT,10.3895,buy the 30 week average on a pullback in an established Stage 2
NEOG,STOP LOSS,9.1428,"initial stop, below base support and the 30 week average"
NEOG,BREAKEVEN,11.3246,move the stop to entry here
NEOG,TARGET 1,14.26,"measured move, sell part of the position (3.1R)"
NEOG,TARGET 2,17.3564,second measured move (5.59R)
UNP,BUY STOP,317.5796,"breakout trigger, above the base pivot"
UNP,BUY LIMIT,314.5304,"pullback entry, old resistance acting as support"
UNP,STOP LOSS,279.47,"initial stop, below base support and the 30 week average"
UNP,BREAKEVEN,346.1618,move the stop to entry here
UNP,TARGET 1,399.6032,"measured move, sell part of the position (2.15R)"
UNP,TARGET 2,467.6615,second measured move (3.94R)
UNP,BUY LIMIT,274.6227,buy the 30 week average on a pullback in an established Stage 2
UNP,STOP LOSS,258.7666,"initial stop, below base support and the 30 week average"
UNP,BREAKEVEN,286.5147,move the stop to entry here
UNP,TARGET 1,312.6988,"measured move, sell part of the position (2.4R)"
UNP,TARGET 2,343.1598,second measured move (4.32R)
CVE,BUY STOP,34.6447,"breakout trigger, above the base pivot"
CVE,BUY LIMIT,34.1,"pullback entry, old resistance acting as support"
CVE,STOP LOSS,30.4873,"initial stop, below base support and the 30 week average"
CVE,BREAKEVEN,37.7627,move the stop to entry here
CVE,TARGET 1,46.1588,"measured move, sell part of the position (2.77R)"
CVE,TARGET 2,55.8059,second measured move (5.09R)
CVE,BUY LIMIT,28.7936,buy the 30 week average on a pullback in an established Stage 2
CVE,STOP LOSS,25.9612,"initial stop, below base support and the 30 week average"
CVE,BREAKEVEN,30.9178,move the stop to entry here
CVE,TARGET 1,34.1,"measured move, sell part of the position (1.87R)"
CVE,TARGET 2,38.3452,second measured move (3.37R)
IOT,BUY STOP,46.2449,"breakout trigger, above the base pivot"
IOT,BUY LIMIT,45.12,"pullback entry, old resistance acting as support"
IOT,STOP LOSS,40.6955,"initial stop, below base support and the 30 week average"
IOT,BREAKEVEN,50.4069,move the stop to entry here
IOT,TARGET 1,65.14,"measured move, sell part of the position (3.4R)"
IOT,TARGET 2,81.156,second measured move (6.29R)
IOT,BUY LIMIT,35.4723,buy the 30 week average on a pullback in an established Stage 2
IOT,STOP LOSS,31.2156,"initial stop, below base support and the 30 week average"
IOT,BREAKEVEN,38.6648,move the stop to entry here
IOT,TARGET 1,45.12,"measured move, sell part of the position (2.27R)"
IOT,TARGET 2,52.8382,second measured move (4.08R)
GEF,BUY STOP,90.9989,"breakout trigger, above the base pivot"
GEF,BUY LIMIT,89.8926,"pullback entry, old resistance acting as support"
GEF,STOP LOSS,80.079,"initial stop, below base support and the 30 week average"
GEF,BREAKEVEN,99.1888,move the stop to entry here
GEF,TARGET 1,120.215,"measured move, sell part of the position (2.68R)"
GEF,TARGET 2,144.4729,second measured move (4.9R)
GEF,BUY LIMIT,74.328,buy the 30 week average on a pullback in an established Stage 2
GEF,STOP LOSS,68.5754,"initial stop, below base support and the 30 week average"
GEF,BREAKEVEN,78.6424,move the stop to entry here
GEF,TARGET 1,89.8926,"measured move, sell part of the position (2.71R)"
GEF,TARGET 2,102.3444,second measured move (4.87R)
SEQI.L,BUY STOP,88.5917,"breakout trigger, above the base pivot"
SEQI.L,BUY LIMIT,88.0,"pullback entry, old resistance acting as support"
SEQI.L,STOP LOSS,82.0318,"initial stop, below base support and the 30 week average"
SEQI.L,BREAKEVEN,93.5116,move the stop to entry here
SEQI.L,TARGET 1,100.5312,"measured move, sell part of the position (1.82R)"
SEQI.L,TARGET 2,110.5561,second measured move (3.35R)
SEQI.L,BUY LIMIT,82.8602,buy the 30 week average on a pullback in an established Stage 2
SEQI.L,STOP LOSS,79.7834,"initial stop, below base support and the 30 week average"
SEQI.L,BREAKEVEN,85.1678,move the stop to entry here
SEQI.L,TARGET 1,88.0,"measured move, sell part of the position (1.67R)"
SEQI.L,TARGET 2,92.1118,second measured move (3.01R)
ACA,BUY STOP,147.8773,"breakout trigger, above the base pivot"
ACA,BUY LIMIT,147.0,"pullback entry, old resistance acting as support"
ACA,STOP LOSS,132.3464,"initial stop, below base support and the 30 week average"
ACA,BREAKEVEN,159.5254,move the stop to entry here
ACA,TARGET 1,194.2191,"measured move, sell part of the position (2.98R)"
ACA,TARGET 2,231.9944,second measured move (5.42R)
ACA,BUY LIMIT,133.5745,buy the 30 week average on a pullback in an established Stage 2
ACA,STOP LOSS,129.0128,"initial stop, below base support and the 30 week average"
ACA,BREAKEVEN,136.9958,move the stop to entry here
ACA,TARGET 1,147.24,"measured move, sell part of the position (3.0R)"
ACA,TARGET 2,158.1724,second measured move (5.39R)
RDVT,BUY STOP,83.3197,"breakout trigger, above the base pivot"
RDVT,BUY LIMIT,81.795,"pullback entry, old resistance acting as support"
RDVT,STOP LOSS,73.3213,"initial stop, below base support and the 30 week average"
RDVT,BREAKEVEN,90.8185,move the stop to entry here
RDVT,TARGET 1,118.6027,"measured move, sell part of the position (3.53R)"
RDVT,TARGET 2,148.0489,second measured move (6.47R)
RDVT,BUY LIMIT,59.3597,buy the 30 week average on a pullback in an established Stage 2
RDVT,STOP LOSS,52.2366,"initial stop, below base support and the 30 week average"
RDVT,BREAKEVEN,64.7021,move the stop to entry here
RDVT,TARGET 1,81.795,"measured move, sell part of the position (3.15R)"
RDVT,TARGET 2,99.7432,second measured move (5.67R)
KIDS,BUY STOP,27.2394,"breakout trigger, above the base pivot"
KIDS,BUY LIMIT,26.74,"pullback entry, old resistance acting as support"
KIDS,STOP LOSS,23.9706,"initial stop, below base support and the 30 week average"
KIDS,BREAKEVEN,29.6909,move the stop to entry here
KIDS,TARGET 1,38.773,"measured move, sell part of the position (3.53R)"
KIDS,TARGET 2,48.3994,second measured move (6.47R)
KIDS,BUY LIMIT,19.7696,buy the 30 week average on a pullback in an established Stage 2
KIDS,STOP LOSS,17.3972,"initial stop, below base support and the 30 week average"
KIDS,BREAKEVEN,21.5488,move the stop to entry here
KIDS,TARGET 1,26.74,"measured move, sell part of the position (2.94R)"
KIDS,TARGET 2,32.3163,second measured move (5.29R)
NTWK,BUY STOP,6.207,"breakout trigger, above the base pivot"
NTWK,BUY LIMIT,6.09,"pullback entry, old resistance acting as support"
NTWK,STOP LOSS,5.4622,"initial stop, below base support and the 30 week average"
NTWK,BREAKEVEN,6.7656,move the stop to entry here
NTWK,TARGET 1,8.8305,"measured move, sell part of the position (3.52R)"
NTWK,TARGET 2,11.0229,second measured move (6.47R)
NTWK,BUY LIMIT,4.2778,buy the 30 week average on a pullback in an established Stage 2
NTWK,STOP LOSS,3.7645,"initial stop, below base support and the 30 week average"
NTWK,BREAKEVEN,4.6628,move the stop to entry here
NTWK,TARGET 1,6.38,"measured move, sell part of the position (4.1R)"
NTWK,TARGET 2,8.0617,second measured move (7.37R)
PDEX,BUY STOP,78.9718,"breakout trigger, above the base pivot"
PDEX,BUY LIMIT,77.0,"pullback entry, old resistance acting as support"
PDEX,STOP LOSS,69.4952,"initial stop, below base support and the 30 week average"
PDEX,BREAKEVEN,86.0793,move the stop to entry here
PDEX,TARGET 1,110.73,"measured move, sell part of the position (3.35R)"
PDEX,TARGET 2,137.714,second measured move (6.2R)
PDEX,BUY LIMIT,61.3094,buy the 30 week average on a pullback in an established Stage 2
PDEX,STOP LOSS,53.9523,"initial stop, below base support and the 30 week average"
PDEX,BREAKEVEN,66.8272,move the stop to entry here
PDEX,TARGET 1,77.0,"measured move, sell part of the position (2.13R)"
PDEX,TARGET 2,89.5525,second measured move (3.84R)
RNG,BUY STOP,83.5376,"breakout trigger, above the base pivot"
RNG,BUY LIMIT,81.9,"pullback entry, old resistance acting as support"
RNG,STOP LOSS,73.5131,"initial stop, below base support and the 30 week average"
RNG,BREAKEVEN,91.056,move the stop to entry here
RNG,TARGET 1,118.755,"measured move, sell part of the position (3.51R)"
RNG,TARGET 2,148.239,second measured move (6.45R)
RNG,BUY LIMIT,51.7796,buy the 30 week average on a pullback in an established Stage 2
RNG,STOP LOSS,45.5661,"initial stop, below base support and the 30 week average"
RNG,BREAKEVEN,56.4398,move the stop to entry here
RNG,TARGET 1,81.9,"measured move, sell part of the position (4.85R)"
RNG,TARGET 2,105.9963,second measured move (8.73R)
JPM,BUY STOP,368.1592,"breakout trigger, above the base pivot"
JPM,BUY LIMIT,364.6806,"pullback entry, old resistance acting as support"
JPM,STOP LOSS,323.9801,"initial stop, below base support and the 30 week average"
JPM,BREAKEVEN,401.2935,move the stop to entry here
JPM,TARGET 1,454.2999,"measured move, sell part of the position (1.95R)"
JPM,TARGET 2,525.9953,second measured move (3.57R)
JPM,BUY LIMIT,326.1911,buy the 30 week average on a pullback in an established Stage 2
JPM,STOP LOSS,308.1024,"initial stop, below base support and the 30 week average"
JPM,BREAKEVEN,339.7576,move the stop to entry here
JPM,TARGET 1,364.6806,"measured move, sell part of the position (2.13R)"
JPM,TARGET 2,395.4723,second measured move (3.83R)
SJM,BUY STOP,137.5741,"breakout trigger, above the base pivot"
SJM,BUY LIMIT,135.89,"pullback entry, old resistance acting as support"
SJM,STOP LOSS,121.0652,"initial stop, below base support and the 30 week average"
SJM,BREAKEVEN,149.9558,move the stop to entry here
SJM,TARGET 1,185.3092,"measured move, sell part of the position (2.89R)"
SJM,TARGET 2,224.8445,second measured move (5.29R)
SJM,BUY LIMIT,110.5839,buy the 30 week average on a pullback in an established Stage 2
SJM,STOP LOSS,101.8264,"initial stop, below base support and the 30 week average"
SJM,BREAKEVEN,117.1519,move the stop to entry here
SJM,TARGET 1,135.89,"measured move, sell part of the position (2.89R)"
SJM,TARGET 2,156.1349,second measured move (5.2R)
CASS,BUY STOP,59.9501,"breakout trigger, above the base pivot"
CASS,BUY LIMIT,59.2894,"pullback entry, old resistance acting as support"
CASS,STOP LOSS,52.7561,"initial stop, below base support and the 30 week average"
CASS,BREAKEVEN,65.3456,move the stop to entry here
CASS,TARGET 1,76.5694,"measured move, sell part of the position (2.31R)"
CASS,TARGET 2,90.3933,second measured move (4.23R)
CASS,BUY LIMIT,50.9342,buy the 30 week average on a pullback in an established Stage 2
CASS,STOP LOSS,47.4987,"initial stop, below base support and the 30 week average"
CASS,BREAKEVEN,53.5108,move the stop to entry here
CASS,TARGET 1,59.2894,"measured move, sell part of the position (2.43R)"
CASS,TARGET 2,65.9736,second measured move (4.38R)
ESCA,BUY STOP,23.2352,"breakout trigger, above the base pivot"
ESCA,BUY LIMIT,22.8842,"pullback entry, old resistance acting as support"
ESCA,STOP LOSS,20.447,"initial stop, below base support and the 30 week average"
ESCA,BREAKEVEN,25.3264,move the stop to entry here
ESCA,TARGET 1,31.1327,"measured move, sell part of the position (2.83R)"
ESCA,TARGET 2,37.7315,second measured move (5.2R)
ESCA,BUY LIMIT,18.9712,buy the 30 week average on a pullback in an established Stage 2
ESCA,STOP LOSS,17.1459,"initial stop, below base support and the 30 week average"
ESCA,BREAKEVEN,20.3402,move the stop to entry here
ESCA,TARGET 1,22.8842,"measured move, sell part of the position (2.14R)"
ESCA,TARGET 2,26.0146,second measured move (3.86R)
MHK,BUY STOP,142.7711,"breakout trigger, above the base pivot"
MHK,BUY LIMIT,140.3,"pullback entry, old resistance acting as support"
MHK,STOP LOSS,125.6386,"initial stop, below base support and the 30 week average"
MHK,BREAKEVEN,155.6205,move the stop to entry here
MHK,TARGET 1,187.61,"measured move, sell part of the position (2.62R)"
MHK,TARGET 2,225.458,second measured move (4.83R)
MHK,BUY LIMIT,115.5761,buy the 30 week average on a pullback in an established Stage 2
MHK,STOP LOSS,102.7262,"initial stop, below base support and the 30 week average"
MHK,BREAKEVEN,125.2136,move the stop to entry here
MHK,TARGET 1,140.3,"measured move, sell part of the position (1.92R)"
MHK,TARGET 2,160.0791,second measured move (3.46R)
RACE,BUY STOP,442.4257,"breakout trigger, above the base pivot"
RACE,BUY LIMIT,437.15,"pullback entry, old resistance acting as support"
RACE,STOP LOSS,389.3346,"initial stop, below base support and the 30 week average"
RACE,BREAKEVEN,482.244,move the stop to entry here
RACE,TARGET 1,565.3555,"measured move, sell part of the position (2.32R)"
RACE,TARGET 2,667.92,second measured move (4.25R)
RACE,BUY LIMIT,373.743,buy the 30 week average on a pullback in an established Stage 2
RACE,STOP LOSS,346.3095,"initial stop, below base support and the 30 week average"
RACE,BREAKEVEN,394.318,move the stop to entry here
RACE,TARGET 1,437.15,"measured move, sell part of the position (2.31R)"
RACE,TARGET 2,487.8756,second measured move (4.16R)
OII,BUY STOP,55.218,"breakout trigger, above the base pivot"
OII,BUY LIMIT,54.25,"pullback entry, old resistance acting as support"
OII,STOP LOSS,48.5918,"initial stop, below base support and the 30 week average"
OII,BREAKEVEN,60.1876,move the stop to entry here
OII,TARGET 1,75.75,"measured move, sell part of the position (3.1R)"
OII,TARGET 2,92.95,second measured move (5.69R)
OII,BUY LIMIT,42.7622,buy the 30 week average on a pullback in an established Stage 2
OII,STOP LOSS,37.7287,"initial stop, below base support and the 30 week average"
OII,BREAKEVEN,46.5373,move the stop to entry here
OII,TARGET 1,54.25,"measured move, sell part of the position (2.28R)"
OII,TARGET 2,63.4402,second measured move (4.11R)
WNC,BUY STOP,14.7642,"breakout trigger, above the base pivot"
WNC,BUY LIMIT,14.3856,"pullback entry, old resistance acting as support"
WNC,STOP LOSS,12.9925,"initial stop, below base support and the 30 week average"
WNC,BREAKEVEN,16.093,move the stop to entry here
WNC,TARGET 1,20.8591,"measured move, sell part of the position (3.44R)"
WNC,TARGET 2,26.0379,second measured move (6.36R)
WNC,BUY LIMIT,10.9999,buy the 30 week average on a pullback in an established Stage 2
WNC,STOP LOSS,9.6799,"initial stop, below base support and the 30 week average"
WNC,BREAKEVEN,11.9899,move the stop to entry here
WNC,TARGET 1,14.55,"measured move, sell part of the position (2.69R)"
WNC,TARGET 2,17.3901,second measured move (4.84R)
HNVR,BUY STOP,28.314,"breakout trigger, above the base pivot"
HNVR,BUY LIMIT,27.94,"pullback entry, old resistance acting as support"
HNVR,STOP LOSS,24.9163,"initial stop, below base support and the 30 week average"
HNVR,BREAKEVEN,30.8622,move the stop to entry here
HNVR,TARGET 1,35.8508,"measured move, sell part of the position (2.22R)"
HNVR,TARGET 2,42.1795,second measured move (4.08R)
HNVR,BUY LIMIT,24.4078,buy the 30 week average on a pullback in an established Stage 2
HNVR,STOP LOSS,22.4632,"initial stop, below base support and the 30 week average"
HNVR,BREAKEVEN,25.8663,move the stop to entry here
HNVR,TARGET 1,27.94,"measured move, sell part of the position (1.82R)"
HNVR,TARGET 2,30.7657,second measured move (3.27R)
WHD,BUY STOP,75.0744,"breakout trigger, above the base pivot"
WHD,BUY LIMIT,73.9105,"pullback entry, old resistance acting as support"
WHD,STOP LOSS,66.0655,"initial stop, below base support and the 30 week average"
WHD,BREAKEVEN,81.8311,move the stop to entry here
WHD,TARGET 1,103.5737,"measured move, sell part of the position (3.16R)"
WHD,TARGET 2,127.3042,second measured move (5.8R)
WHD,BUY LIMIT,59.3468,buy the 30 week average on a pullback in an established Stage 2
WHD,STOP LOSS,53.2944,"initial stop, below base support and the 30 week average"
WHD,BREAKEVEN,63.8862,move the stop to entry here
WHD,TARGET 1,73.9105,"measured move, sell part of the position (2.41R)"
WHD,TARGET 2,85.5614,second measured move (4.33R)
CBAN,BUY STOP,22.7151,"breakout trigger, above the base pivot"
CBAN,BUY LIMIT,22.46,"pullback entry, old resistance acting as support"
CBAN,STOP LOSS,19.9893,"initial stop, below base support and the 30 week average"
CBAN,BREAKEVEN,24.7594,move the stop to entry here
CBAN,TARGET 1,26.1875,"measured move, sell part of the position (1.27R)"
CBAN,TARGET 2,29.1695,second measured move (2.37R)
CBAN,BUY LIMIT,20.6355,buy the 30 week average on a pullback in an established Stage 2
CBAN,STOP LOSS,19.3091,"initial stop, below base support and the 30 week average"
CBAN,BREAKEVEN,21.6304,move the stop to entry here
CBAN,TARGET 1,22.6252,"measured move, sell part of the position (1.5R)"
CBAN,TARGET 2,24.217,second measured move (2.7R)
DXPE,BUY STOP,212.0533,"breakout trigger, above the base pivot"
DXPE,BUY LIMIT,208.0,"pullback entry, old resistance acting as support"
DXPE,STOP LOSS,186.6069,"initial stop, below base support and the 30 week average"
DXPE,BREAKEVEN,231.1381,move the stop to entry here
DXPE,TARGET 1,290.77,"measured move, sell part of the position (3.09R)"
DXPE,TARGET 2,356.986,second measured move (5.7R)
DXPE,BUY LIMIT,169.0483,buy the 30 week average on a pullback in an established Stage 2
DXPE,STOP LOSS,148.7625,"initial stop, below base support and the 30 week average"
DXPE,BREAKEVEN,184.2627,move the stop to entry here
DXPE,TARGET 1,208.0,"measured move, sell part of the position (1.92R)"
DXPE,TARGET 2,239.1613,second measured move (3.46R)
SBFG,BUY STOP,33.4819,"breakout trigger, above the base pivot"
SBFG,BUY LIMIT,32.93,"pullback entry, old resistance acting as support"
SBFG,STOP LOSS,29.4641,"initial stop, below base support and the 30 week average"
SBFG,BREAKEVEN,36.4952,move the stop to entry here
SBFG,TARGET 1,46.5765,"measured move, sell part of the position (3.26R)"
SBFG,TARGET 2,57.4936,second measured move (5.98R)
SBFG,BUY LIMIT,24.9457,buy the 30 week average on a pullback in an established Stage 2
SBFG,STOP LOSS,22.0758,"initial stop, below base support and the 30 week average"
SBFG,BREAKEVEN,27.0981,move the stop to entry here
SBFG,TARGET 1,32.93,"measured move, sell part of the position (2.78R)"
SBFG,TARGET 2,39.3175,second measured move (5.01R)
VRA,BUY STOP,5.2762,"breakout trigger, above the base pivot"
VRA,BUY LIMIT,5.14,"pullback entry, old resistance acting as support"
VRA,STOP LOSS,4.643,"initial stop, below base support and the 30 week average"
VRA,BREAKEVEN,5.751,move the stop to entry here
VRA,TARGET 1,7.453,"measured move, sell part of the position (3.44R)"
VRA,TARGET 2,9.3034,second measured move (6.36R)
VRA,BUY LIMIT,3.7725,buy the 30 week average on a pullback in an established Stage 2
VRA,STOP LOSS,3.3198,"initial stop, below base support and the 30 week average"
VRA,BREAKEVEN,4.112,move the stop to entry here
VRA,TARGET 1,5.32,"measured move, sell part of the position (3.42R)"
VRA,TARGET 2,6.558,second measured move (6.15R)
RSW.L,BUY STOP,6111.875,"breakout trigger, above the base pivot"
RSW.L,BUY LIMIT,6010.0,"pullback entry, old resistance acting as support"
RSW.L,STOP LOSS,5378.45,"initial stop, below base support and the 30 week average"
RSW.L,BREAKEVEN,6661.9437,move the stop to entry here
RSW.L,TARGET 1,8555.0,"measured move, sell part of the position (3.33R)"
RSW.L,TARGET 2,10591.0,second measured move (6.11R)
RSW.L,BUY LIMIT,4961.2833,buy the 30 week average on a pullback in an established Stage 2
RSW.L,STOP LOSS,4431.5334,"initial stop, below base support and the 30 week average"
RSW.L,BREAKEVEN,5358.5958,move the stop to entry here
RSW.L,TARGET 1,6030.0,"measured move, sell part of the position (2.02R)"
RSW.L,TARGET 2,6884.9733,second measured move (3.63R)
MRX,BUY STOP,80.7046,"breakout trigger, above the base pivot"
MRX,BUY LIMIT,79.11,"pullback entry, old resistance acting as support"
MRX,STOP LOSS,71.0201,"initial stop, below base support and the 30 week average"
MRX,BREAKEVEN,87.9681,move the stop to entry here
MRX,TARGET 1,114.7095,"measured move, sell part of the position (3.51R)"
MRX,TARGET 2,143.1891,second measured move (6.45R)
MRX,BUY LIMIT,61.5754,buy the 30 week average on a pullback in an established Stage 2
MRX,STOP LOSS,54.1864,"initial stop, below base support and the 30 week average"
MRX,BREAKEVEN,67.1172,move the stop to entry here
MRX,TARGET 1,79.11,"measured move, sell part of the position (2.37R)"
MRX,TARGET 2,93.1377,second measured move (4.27R)
SFBC,BUY STOP,49.8518,"breakout trigger, above the base pivot"
SFBC,BUY LIMIT,49.21,"pullback entry, old resistance acting as support"
SFBC,STOP LOSS,43.8696,"initial stop, below base support and the 30 week average"
SFBC,BREAKEVEN,54.3385,move the stop to entry here
SFBC,TARGET 1,58.1244,"measured move, sell part of the position (1.38R)"
SFBC,TARGET 2,65.256,second measured move (2.57R)
SFBC,BUY LIMIT,44.5143,buy the 30 week average on a pullback in an established Stage 2
SFBC,STOP LOSS,41.1766,"initial stop, below base support and the 30 week average"
SFBC,BREAKEVEN,47.0175,move the stop to entry here
SFBC,TARGET 1,49.5207,"measured move, sell part of the position (1.5R)"
SFBC,TARGET 2,53.5258,second measured move (2.7R)
MGLD,BUY STOP,2.1675,"breakout trigger, above the base pivot"
MGLD,BUY LIMIT,2.12,"pullback entry, old resistance acting as support"
MGLD,STOP LOSS,1.9074,"initial stop, below base support and the 30 week average"
MGLD,BREAKEVEN,2.3626,move the stop to entry here
MGLD,TARGET 1,3.074,"measured move, sell part of the position (3.49R)"
MGLD,TARGET 2,3.8372,second measured move (6.42R)
MGLD,BUY LIMIT,1.2238,buy the 30 week average on a pullback in an established Stage 2
MGLD,STOP LOSS,1.0769,"initial stop, below base support and the 30 week average"
MGLD,BREAKEVEN,1.3339,move the stop to entry here
MGLD,TARGET 1,2.12,"measured move, sell part of the position (6.1R)"
MGLD,TARGET 2,2.837,second measured move (10.98R)
EMG.L,BUY STOP,353.5072,"breakout trigger, above the base pivot"
EMG.L,BUY LIMIT,348.8,"pullback entry, old resistance acting as support"
EMG.L,STOP LOSS,311.0864,"initial stop, below base support and the 30 week average"
EMG.L,BREAKEVEN,385.3229,move the stop to entry here
EMG.L,TARGET 1,468.3041,"measured move, sell part of the position (2.71R)"
EMG.L,TARGET 2,563.9073,second measured move (4.96R)
EMG.L,BUY LIMIT,292.3038,buy the 30 week average on a pullback in an established Stage 2
EMG.L,STOP LOSS,267.8261,"initial stop, below base support and the 30 week average"
EMG.L,BREAKEVEN,310.6621,move the stop to entry here
EMG.L,TARGET 1,348.8,"measured move, sell part of the position (2.31R)"
EMG.L,TARGET 2,393.997,second measured move (4.15R)
RHI,BUY STOP,47.6526,"breakout trigger, above the base pivot"
RHI,BUY LIMIT,46.7,"pullback entry, old resistance acting as support"
RHI,STOP LOSS,41.9343,"initial stop, below base support and the 30 week average"
RHI,BREAKEVEN,51.9414,move the stop to entry here
RHI,TARGET 1,67.715,"measured move, sell part of the position (3.51R)"
RHI,TARGET 2,84.527,second measured move (6.45R)
RHI,BUY LIMIT,33.0828,buy the 30 week average on a pullback in an established Stage 2
RHI,STOP LOSS,29.1128,"initial stop, below base support and the 30 week average"
RHI,BREAKEVEN,36.0602,move the stop to entry here
RHI,TARGET 1,46.7,"measured move, sell part of the position (3.43R)"
RHI,TARGET 2,57.5938,second measured move (6.17R)
ZIP,BUY STOP,5.5068,"breakout trigger, above the base pivot"
ZIP,BUY LIMIT,5.345,"pullback entry, old resistance acting as support"
ZIP,STOP LOSS,4.846,"initial stop, below base support and the 30 week average"
ZIP,BREAKEVEN,6.0024,move the stop to entry here
ZIP,TARGET 1,7.7502,"measured move, sell part of the position (3.39R)"
ZIP,TARGET 2,9.6744,second measured move (6.31R)
ZIP,BUY LIMIT,3.5611,buy the 30 week average on a pullback in an established Stage 2
ZIP,STOP LOSS,3.1337,"initial stop, below base support and the 30 week average"
ZIP,BREAKEVEN,3.8816,move the stop to entry here
ZIP,TARGET 1,5.345,"measured move, sell part of the position (4.17R)"
ZIP,TARGET 2,6.7721,second measured move (7.51R)
AWR,BUY STOP,92.5848,"breakout trigger, above the base pivot"
AWR,BUY LIMIT,91.72,"pullback entry, old resistance acting as support"
AWR,STOP LOSS,81.4747,"initial stop, below base support and the 30 week average"
AWR,BREAKEVEN,100.9175,move the stop to entry here
AWR,TARGET 1,112.4371,"measured move, sell part of the position (1.79R)"
AWR,TARGET 2,129.0108,second measured move (3.28R)
AWR,BUY LIMIT,81.5559,buy the 30 week average on a pullback in an established Stage 2
AWR,STOP LOSS,77.0587,"initial stop, below base support and the 30 week average"
AWR,BREAKEVEN,84.9288,move the stop to entry here
AWR,TARGET 1,91.72,"measured move, sell part of the position (2.26R)"
AWR,TARGET 2,99.8513,second measured move (4.07R)
MG,BUY STOP,22.1356,"breakout trigger, above the base pivot"
MG,BUY LIMIT,21.77,"pullback entry, old resistance acting as support"
MG,STOP LOSS,19.4793,"initial stop, below base support and the 30 week average"
MG,BREAKEVEN,24.1278,move the stop to entry here
MG,TARGET 1,29.89,"measured move, sell part of the position (2.92R)"
MG,TARGET 2,36.386,second measured move (5.36R)
MG,BUY LIMIT,17.9232,buy the 30 week average on a pullback in an established Stage 2
MG,STOP LOSS,15.7725,"initial stop, below base support and the 30 week average"
MG,BREAKEVEN,19.5363,move the stop to entry here
MG,TARGET 1,21.77,"measured move, sell part of the position (1.79R)"
MG,TARGET 2,24.8474,second measured move (3.22R)
MTA,BUY STOP,11.8421,"breakout trigger, above the base pivot"
MTA,BUY LIMIT,11.6,"pullback entry, old resistance acting as support"
MTA,STOP LOSS,10.421,"initial stop, below base support and the 30 week average"
MTA,BREAKEVEN,12.9078,move the stop to entry here
MTA,TARGET 1,16.82,"measured move, sell part of the position (3.5R)"
MTA,TARGET 2,20.996,second measured move (6.44R)
MTA,BUY LIMIT,8.1312,buy the 30 week average on a pullback in an established Stage 2
MTA,STOP LOSS,7.1554,"initial stop, below base support and the 30 week average"
MTA,BREAKEVEN,8.863,move the stop to entry here
MTA,TARGET 1,11.6,"measured move, sell part of the position (3.56R)"
MTA,TARGET 2,14.3751,second measured move (6.4R)
AFL,BUY STOP,130.6962,"breakout trigger, above the base pivot"
AFL,BUY LIMIT,129.5675,"pullback entry, old resistance acting as support"
AFL,STOP LOSS,115.0127,"initial stop, below base support and the 30 week average"
AFL,BREAKEVEN,142.4589,move the stop to entry here
AFL,TARGET 1,154.447,"measured move, sell part of the position (1.51R)"
AFL,TARGET 2,174.3506,second measured move (2.78R)
AFL,BUY LIMIT,116.3677,buy the 30 week average on a pullback in an established Stage 2
AFL,STOP LOSS,108.8712,"initial stop, below base support and the 30 week average"
AFL,BREAKEVEN,121.99,move the stop to entry here
AFL,TARGET 1,127.6571,"measured move, sell part of the position (1.51R)"
AFL,TARGET 2,136.6886,second measured move (2.71R)
BNGO,BUY STOP,2.2818,"breakout trigger, above the base pivot"
BNGO,BUY LIMIT,2.23,"pullback entry, old resistance acting as support"
BNGO,STOP LOSS,2.008,"initial stop, below base support and the 30 week average"
BNGO,BREAKEVEN,2.4871,move the stop to entry here
BNGO,TARGET 1,3.2335,"measured move, sell part of the position (3.48R)"
BNGO,TARGET 2,4.0363,second measured move (6.41R)
BNGO,BUY LIMIT,1.2529,buy the 30 week average on a pullback in an established Stage 2
BNGO,STOP LOSS,1.1025,"initial stop, below base support and the 30 week average"
BNGO,BREAKEVEN,1.3656,move the stop to entry here
BNGO,TARGET 1,2.23,"measured move, sell part of the position (6.5R)"
BNGO,TARGET 2,3.0117,second measured move (11.7R)
FEIM,BUY STOP,92.768,"breakout trigger, above the base pivot"
FEIM,BUY LIMIT,89.76,"pullback entry, old resistance acting as support"
FEIM,STOP LOSS,81.6358,"initial stop, below base support and the 30 week average"
FEIM,BREAKEVEN,101.1171,move the stop to entry here
FEIM,TARGET 1,130.152,"measured move, sell part of the position (3.36R)"
FEIM,TARGET 2,162.4656,second measured move (6.26R)
FEIM,BUY LIMIT,67.0065,buy the 30 week average on a pullback in an established Stage 2
FEIM,STOP LOSS,58.9657,"initial stop, below base support and the 30 week average"
FEIM,BREAKEVEN,73.0371,move the stop to entry here
FEIM,TARGET 1,89.76,"measured move, sell part of the position (2.83R)"
FEIM,TARGET 2,107.9628,second measured move (5.09R)
RCKY,BUY STOP,53.6396,"breakout trigger, above the base pivot"
RCKY,BUY LIMIT,52.8107,"pullback entry, old resistance acting as support"
RCKY,STOP LOSS,47.2028,"initial stop, below base support and the 30 week average"
RCKY,BREAKEVEN,58.4672,move the stop to entry here
RCKY,TARGET 1,73.8719,"measured move, sell part of the position (3.14R)"
RCKY,TARGET 2,90.7209,second measured move (5.76R)
RCKY,BUY LIMIT,42.0628,buy the 30 week average on a pullback in an established Stage 2
RCKY,STOP LOSS,37.7523,"initial stop, below base support and the 30 week average"
RCKY,BREAKEVEN,45.2956,move the stop to entry here
RCKY,TARGET 1,52.8107,"measured move, sell part of the position (2.49R)"
RCKY,TARGET 2,61.409,second measured move (4.49R)
CHE,BUY STOP,563.2187,"breakout trigger, above the base pivot"
CHE,BUY LIMIT,556.2683,"pullback entry, old resistance acting as support"
CHE,STOP LOSS,495.6325,"initial stop, below base support and the 30 week average"
CHE,BREAKEVEN,613.9084,move the stop to entry here
CHE,TARGET 1,748.3044,"measured move, sell part of the position (2.74R)"
CHE,TARGET 2,901.9333,second measured move (5.01R)
CHE,BUY LIMIT,467.7146,buy the 30 week average on a pullback in an established Stage 2
CHE,STOP LOSS,431.5723,"initial stop, below base support and the 30 week average"
CHE,BREAKEVEN,494.8213,move the stop to entry here
CHE,TARGET 1,556.2683,"measured move, sell part of the position (2.45R)"
CHE,TARGET 2,627.1113,second measured move (4.41R)
ICUI,BUY STOP,195.7635,"breakout trigger, above the base pivot"
ICUI,BUY LIMIT,192.85,"pullback entry, old resistance acting as support"
ICUI,STOP LOSS,172.2718,"initial stop, below base support and the 30 week average"
ICUI,BREAKEVEN,213.3822,move the stop to entry here
ICUI,TARGET 1,272.33,"measured move, sell part of the position (3.26R)"
ICUI,TARGET 2,335.914,second measured move (5.97R)
ICUI,BUY LIMIT,148.9374,buy the 30 week average on a pullback in an established Stage 2
ICUI,STOP LOSS,133.7875,"initial stop, below base support and the 30 week average"
ICUI,BREAKEVEN,160.2998,move the stop to entry here
ICUI,TARGET 1,192.85,"measured move, sell part of the position (2.9R)"
ICUI,TARGET 2,227.9801,second measured move (5.22R)
XGN,BUY STOP,9.1056,"breakout trigger, above the base pivot"
XGN,BUY LIMIT,8.89,"pullback entry, old resistance acting as support"
XGN,STOP LOSS,8.0129,"initial stop, below base support and the 30 week average"
XGN,BREAKEVEN,9.9251,move the stop to entry here
XGN,TARGET 1,12.8905,"measured move, sell part of the position (3.46R)"
XGN,TARGET 2,16.0909,second measured move (6.39R)
XGN,BUY LIMIT,5.2216,buy the 30 week average on a pullback in an established Stage 2
XGN,STOP LOSS,4.595,"initial stop, below base support and the 30 week average"
XGN,BREAKEVEN,5.6915,move the stop to entry here
XGN,TARGET 1,8.89,"measured move, sell part of the position (5.85R)"
XGN,TARGET 2,11.8248,second measured move (10.54R)
FFIV,BUY STOP,469.2106,"breakout trigger, above the base pivot"
FFIV,BUY LIMIT,462.0,"pullback entry, old resistance acting as support"
FFIV,STOP LOSS,412.9053,"initial stop, below base support and the 30 week average"
FFIV,BREAKEVEN,511.4396,move the stop to entry here
FFIV,TARGET 1,649.71,"measured move, sell part of the position (3.21R)"
FFIV,TARGET 2,799.878,second measured move (5.87R)
FFIV,BUY LIMIT,382.7416,buy the 30 week average on a pullback in an established Stage 2
FFIV,STOP LOSS,345.2464,"initial stop, below base support and the 30 week average"
FFIV,BREAKEVEN,410.863,move the stop to entry here
FFIV,TARGET 1,482.47,"measured move, sell part of the position (2.66R)"
FFIV,TARGET 2,562.2527,second measured move (4.79R)
FF,BUY STOP,7.0951,"breakout trigger, above the base pivot"
FF,BUY LIMIT,6.9768,"pullback entry, old resistance acting as support"
FF,STOP LOSS,6.2437,"initial stop, below base support and the 30 week average"
FF,BREAKEVEN,7.7337,move the stop to entry here
FF,TARGET 1,10.1164,"measured move, sell part of the position (3.55R)"
FF,TARGET 2,12.628,second measured move (6.5R)
FF,BUY LIMIT,4.7139,buy the 30 week average on a pullback in an established Stage 2
FF,STOP LOSS,4.1483,"initial stop, below base support and the 30 week average"
FF,BREAKEVEN,5.1382,move the stop to entry here
FF,TARGET 1,6.9768,"measured move, sell part of the position (4.0R)"
FF,TARGET 2,8.7871,second measured move (7.2R)
SFR.L,BUY STOP,40.7468,"breakout trigger, above the base pivot"
SFR.L,BUY LIMIT,40.0,"pullback entry, old resistance acting as support"
SFR.L,STOP LOSS,35.8572,"initial stop, below base support and the 30 week average"
SFR.L,BREAKEVEN,44.414,move the stop to entry here
SFR.L,TARGET 1,58.0,"measured move, sell part of the position (3.53R)"
SFR.L,TARGET 2,72.4,second measured move (6.47R)
SFR.L,BUY LIMIT,32.5887,buy the 30 week average on a pullback in an established Stage 2
SFR.L,STOP LOSS,28.7052,"initial stop, below base support and the 30 week average"
SFR.L,BREAKEVEN,35.5014,move the stop to entry here
SFR.L,TARGET 1,40.0,"measured move, sell part of the position (1.91R)"
SFR.L,TARGET 2,45.929,second measured move (3.44R)
FLR,BUY STOP,59.5313,"breakout trigger, above the base pivot"
FLR,BUY LIMIT,58.35,"pullback entry, old resistance acting as support"
FLR,STOP LOSS,52.3876,"initial stop, below base support and the 30 week average"
FLR,BREAKEVEN,64.8892,move the stop to entry here
FLR,TARGET 1,75.1,"measured move, sell part of the position (2.18R)"
FLR,TARGET 2,88.5,second measured move (4.06R)
FLR,BUY LIMIT,50.5935,buy the 30 week average on a pullback in an established Stage 2
FLR,STOP LOSS,44.5223,"initial stop, below base support and the 30 week average"
FLR,BREAKEVEN,55.1469,move the stop to entry here
FLR,TARGET 1,59.7004,"measured move, sell part of the position (1.5R)"
FLR,TARGET 2,66.9858,second measured move (2.7R)
FWONK,BUY STOP,108.7267,"breakout trigger, above the base pivot"
FWONK,BUY LIMIT,107.31,"pullback entry, old resistance acting as support"
FWONK,STOP LOSS,95.6795,"initial stop, below base support and the 30 week average"
FWONK,BREAKEVEN,118.5121,move the stop to entry here
FWONK,TARGET 1,134.47,"measured move, sell part of the position (1.97R)"
FWONK,TARGET 2,156.198,second measured move (3.64R)
FWONK,BUY LIMIT,93.9187,buy the 30 week average on a pullback in an established Stage 2
FWONK,STOP LOSS,86.552,"initial stop, below base support and the 30 week average"
FWONK,BREAKEVEN,99.4437,move the stop to entry here
FWONK,TARGET 1,107.31,"measured move, sell part of the position (1.82R)"
FWONK,TARGET 2,118.0231,second measured move (3.27R)
MBIN,BUY STOP,57.6072,"breakout trigger, above the base pivot"
MBIN,BUY LIMIT,56.7523,"pullback entry, old resistance acting as support"
MBIN,STOP LOSS,50.6944,"initial stop, below base support and the 30 week average"
MBIN,BREAKEVEN,62.7919,move the stop to entry here
MBIN,TARGET 1,73.6003,"measured move, sell part of the position (2.31R)"
MBIN,TARGET 2,87.0787,second measured move (4.26R)
MBIN,BUY LIMIT,49.4006,buy the 30 week average on a pullback in an established Stage 2
MBIN,STOP LOSS,44.9548,"initial stop, below base support and the 30 week average"
MBIN,BREAKEVEN,52.735,move the stop to entry here
MBIN,TARGET 1,56.6026,"measured move, sell part of the position (1.62R)"
MBIN,TARGET 2,62.3642,second measured move (2.92R)
TRMD,BUY STOP,40.7327,"breakout trigger, above the base pivot"
TRMD,BUY LIMIT,40.0,"pullback entry, old resistance acting as support"
TRMD,STOP LOSS,35.8448,"initial stop, below base support and the 30 week average"
TRMD,BREAKEVEN,44.3986,move the stop to entry here
TRMD,TARGET 1,58.0,"measured move, sell part of the position (3.53R)"
TRMD,TARGET 2,72.4,second measured move (6.48R)
TRMD,BUY LIMIT,29.6314,buy the 30 week average on a pullback in an established Stage 2
TRMD,STOP LOSS,26.0756,"initial stop, below base support and the 30 week average"
TRMD,BREAKEVEN,32.2982,move the stop to entry here
TRMD,TARGET 1,41.545,"measured move, sell part of the position (3.35R)"
TRMD,TARGET 2,51.0759,second measured move (6.03R)
DHX,BUY STOP,5.3258,"breakout trigger, above the base pivot"
DHX,BUY LIMIT,5.19,"pullback entry, old resistance acting as support"
DHX,STOP LOSS,4.6867,"initial stop, below base support and the 30 week average"
DHX,BREAKEVEN,5.8051,move the stop to entry here
DHX,TARGET 1,7.5255,"measured move, sell part of the position (3.44R)"
DHX,TARGET 2,9.3939,second measured move (6.37R)
DHX,BUY LIMIT,3.809,buy the 30 week average on a pullback in an established Stage 2
DHX,STOP LOSS,3.3519,"initial stop, below base support and the 30 week average"
DHX,BREAKEVEN,4.1518,move the stop to entry here
DHX,TARGET 1,5.19,"measured move, sell part of the position (3.02R)"
DHX,TARGET 2,6.2948,second measured move (5.44R)
ANIK,BUY STOP,23.2651,"breakout trigger, above the base pivot"
ANIK,BUY LIMIT,22.88,"pullback entry, old resistance acting as support"
ANIK,STOP LOSS,20.4733,"initial stop, below base support and the 30 week average"
ANIK,BREAKEVEN,25.3589,move the stop to entry here
ANIK,TARGET 1,33.176,"measured move, sell part of the position (3.55R)"
ANIK,TARGET 2,41.4128,second measured move (6.5R)
ANIK,BUY LIMIT,17.137,buy the 30 week average on a pullback in an established Stage 2
ANIK,STOP LOSS,15.1346,"initial stop, below base support and the 30 week average"
ANIK,BREAKEVEN,18.6389,move the stop to entry here
ANIK,TARGET 1,22.88,"measured move, sell part of the position (2.87R)"
ANIK,TARGET 2,27.4744,second measured move (5.16R)
KRT,BUY STOP,55.7265,"breakout trigger, above the base pivot"
KRT,BUY LIMIT,54.91,"pullback entry, old resistance acting as support"
KRT,STOP LOSS,49.0393,"initial stop, below base support and the 30 week average"
KRT,BREAKEVEN,60.7419,move the stop to entry here
KRT,TARGET 1,79.6195,"measured move, sell part of the position (3.57R)"
KRT,TARGET 2,99.3871,second measured move (6.53R)
KRT,BUY LIMIT,37.1377,buy the 30 week average on a pullback in an established Stage 2
KRT,STOP LOSS,32.8918,"initial stop, below base support and the 30 week average"
KRT,BREAKEVEN,40.3221,move the stop to entry here
KRT,TARGET 1,55.36,"measured move, sell part of the position (4.29R)"
KRT,TARGET 2,69.9379,second measured move (7.73R)
GROW.L,BUY STOP,732.3171,"breakout trigger, above the base pivot"
GROW.L,BUY LIMIT,719.5,"pullback entry, old resistance acting as support"
GROW.L,STOP LOSS,644.439,"initial stop, below base support and the 30 week average"
GROW.L,BREAKEVEN,798.2256,move the stop to entry here
GROW.L,TARGET 1,1009.6,"measured move, sell part of the position (3.16R)"
GROW.L,TARGET 2,1241.68,second measured move (5.8R)
GROW.L,BUY LIMIT,604.1668,buy the 30 week average on a pullback in an established Stage 2
GROW.L,STOP LOSS,537.5181,"initial stop, below base support and the 30 week average"
GROW.L,BREAKEVEN,654.1534,move the stop to entry here
GROW.L,TARGET 1,719.5,"measured move, sell part of the position (1.73R)"
GROW.L,TARGET 2,811.7665,second measured move (3.11R)
MYO,BUY STOP,1.9528,"breakout trigger, above the base pivot"
MYO,BUY LIMIT,1.885,"pullback entry, old resistance acting as support"
MYO,STOP LOSS,1.7185,"initial stop, below base support and the 30 week average"
MYO,BREAKEVEN,2.1286,move the stop to entry here
MYO,TARGET 1,2.7332,"measured move, sell part of the position (3.33R)"
MYO,TARGET 2,3.4118,second measured move (6.23R)
MYO,BUY LIMIT,1.173,buy the 30 week average on a pullback in an established Stage 2
MYO,STOP LOSS,1.0323,"initial stop, below base support and the 30 week average"
MYO,BREAKEVEN,1.2786,move the stop to entry here
MYO,TARGET 1,1.885,"measured move, sell part of the position (5.06R)"
MYO,TARGET 2,2.4546,second measured move (9.1R)
SBCF,BUY STOP,36.4995,"breakout trigger, above the base pivot"
SBCF,BUY LIMIT,36.0694,"pullback entry, old resistance acting as support"
SBCF,STOP LOSS,32.1195,"initial stop, below base support and the 30 week average"
SBCF,BREAKEVEN,39.7844,move the stop to entry here
SBCF,TARGET 1,43.7765,"measured move, sell part of the position (1.66R)"
SBCF,TARGET 2,49.9422,second measured move (3.07R)
SBCF,BUY LIMIT,32.3635,buy the 30 week average on a pullback in an established Stage 2
SBCF,STOP LOSS,30.1274,"initial stop, below base support and the 30 week average"
SBCF,BREAKEVEN,34.0407,move the stop to entry here
SBCF,TARGET 1,36.0694,"measured move, sell part of the position (1.66R)"
SBCF,TARGET 2,39.0342,second measured move (2.98R)
SMHI,BUY STOP,10.1802,"breakout trigger, above the base pivot"
SMHI,BUY LIMIT,10.0,"pullback entry, old resistance acting as support"
SMHI,STOP LOSS,8.9585,"initial stop, below base support and the 30 week average"
SMHI,BREAKEVEN,11.0964,move the stop to entry here
SMHI,TARGET 1,13.698,"measured move, sell part of the position (2.88R)"
SMHI,TARGET 2,16.6564,second measured move (5.3R)
SMHI,BUY LIMIT,8.1937,buy the 30 week average on a pullback in an established Stage 2
SMHI,STOP LOSS,7.2569,"initial stop, below base support and the 30 week average"
SMHI,BREAKEVEN,8.8964,move the stop to entry here
SMHI,TARGET 1,10.0,"measured move, sell part of the position (1.93R)"
SMHI,TARGET 2,11.445,second measured move (3.47R)
SPT,BUY STOP,12.1772,"breakout trigger, above the base pivot"
SPT,BUY LIMIT,11.86,"pullback entry, old resistance acting as support"
SPT,STOP LOSS,10.7159,"initial stop, below base support and the 30 week average"
SPT,BREAKEVEN,13.2732,move the stop to entry here
SPT,TARGET 1,17.197,"measured move, sell part of the position (3.44R)"
SPT,TARGET 2,21.4666,second measured move (6.36R)
SPT,BUY LIMIT,8.2029,buy the 30 week average on a pullback in an established Stage 2
SPT,STOP LOSS,7.2185,"initial stop, below base support and the 30 week average"
SPT,BREAKEVEN,8.9411,move the stop to entry here
SPT,TARGET 1,11.86,"measured move, sell part of the position (3.72R)"
SPT,TARGET 2,14.7857,second measured move (6.69R)
CVLT,BUY STOP,158.1023,"breakout trigger, above the base pivot"
CVLT,BUY LIMIT,154.83,"pullback entry, old resistance acting as support"
CVLT,STOP LOSS,139.13,"initial stop, below base support and the 30 week average"
CVLT,BREAKEVEN,172.3315,move the stop to entry here
CVLT,TARGET 1,224.5035,"measured move, sell part of the position (3.5R)"
CVLT,TARGET 2,280.2423,second measured move (6.44R)
CVLT,BUY LIMIT,124.2636,buy the 30 week average on a pullback in an established Stage 2
CVLT,STOP LOSS,109.3519,"initial stop, below base support and the 30 week average"
CVLT,BREAKEVEN,135.4473,move the stop to entry here
CVLT,TARGET 1,158.29,"measured move, sell part of the position (2.28R)"
CVLT,TARGET 2,185.5111,second measured move (4.11R)
GFF,BUY STOP,110.0422,"breakout trigger, above the base pivot"
GFF,BUY LIMIT,108.3287,"pullback entry, old resistance acting as support"
GFF,STOP LOSS,96.8371,"initial stop, below base support and the 30 week average"
GFF,BREAKEVEN,119.946,move the stop to entry here
GFF,TARGET 1,149.4657,"measured move, sell part of the position (2.99R)"
GFF,TARGET 2,182.3753,second measured move (5.48R)
GFF,BUY LIMIT,90.6691,buy the 30 week average on a pullback in an established Stage 2
GFF,STOP LOSS,81.7591,"initial stop, below base support and the 30 week average"
GFF,BREAKEVEN,97.3516,move the stop to entry here
GFF,TARGET 1,108.3287,"measured move, sell part of the position (1.98R)"
GFF,TARGET 2,122.4564,second measured move (3.57R)
SOBO,BUY STOP,38.9121,"breakout trigger, above the base pivot"
SOBO,BUY LIMIT,38.4454,"pullback entry, old resistance acting as support"
SOBO,STOP LOSS,34.2426,"initial stop, below base support and the 30 week average"
SOBO,BREAKEVEN,42.4142,move the stop to entry here
SOBO,TARGET 1,46.7332,"measured move, sell part of the position (1.67R)"
SOBO,TARGET 2,53.3636,second measured move (3.09R)
SOBO,BUY LIMIT,35.0209,buy the 30 week average on a pullback in an established Stage 2
SOBO,STOP LOSS,32.2033,"initial stop, below base support and the 30 week average"
SOBO,BREAKEVEN,37.1341,move the stop to entry here
SOBO,TARGET 1,39.2474,"measured move, sell part of the position (1.5R)"
SOBO,TARGET 2,42.6285,second measured move (2.7R)
MSFT,BUY STOP,529.8144,"breakout trigger, above the base pivot"
MSFT,BUY LIMIT,522.85,"pullback entry, old resistance acting as support"
MSFT,STOP LOSS,466.2367,"initial stop, below base support and the 30 week average"
MSFT,BREAKEVEN,577.4977,move the stop to entry here
MSFT,TARGET 1,697.1561,"measured move, sell part of the position (2.63R)"
MSFT,TARGET 2,836.601,second measured move (4.83R)
MSFT,BUY LIMIT,437.8405,buy the 30 week average on a pullback in an established Stage 2
MSFT,STOP LOSS,401.6256,"initial stop, below base support and the 30 week average"
MSFT,BREAKEVEN,465.0017,move the stop to entry here
MSFT,TARGET 1,537.22,"measured move, sell part of the position (2.74R)"
MSFT,TARGET 2,616.7236,second measured move (4.94R)
EBC,BUY STOP,23.8797,"breakout trigger, above the base pivot"
EBC,BUY LIMIT,23.6146,"pullback entry, old resistance acting as support"
EBC,STOP LOSS,21.0142,"initial stop, below base support and the 30 week average"
EBC,BREAKEVEN,26.0289,move the stop to entry here
EBC,TARGET 1,29.2141,"measured move, sell part of the position (1.86R)"
EBC,TARGET 2,33.6936,second measured move (3.42R)
EBC,BUY LIMIT,21.1378,buy the 30 week average on a pullback in an established Stage 2
EBC,STOP LOSS,19.7593,"initial stop, below base support and the 30 week average"
EBC,BREAKEVEN,22.1716,move the stop to entry here
EBC,TARGET 1,23.6146,"measured move, sell part of the position (1.8R)"
EBC,TARGET 2,25.5962,second measured move (3.23R)
GH,BUY STOP,187.5982,"breakout trigger, above the base pivot"
GH,BUY LIMIT,183.51,"pullback entry, old resistance acting as support"
GH,STOP LOSS,165.0864,"initial stop, below base support and the 30 week average"
GH,BREAKEVEN,204.482,move the stop to entry here
GH,TARGET 1,266.0895,"measured move, sell part of the position (3.49R)"
GH,TARGET 2,332.1531,second measured move (6.42R)
GH,BUY LIMIT,136.9143,buy the 30 week average on a pullback in an established Stage 2
GH,STOP LOSS,120.4846,"initial stop, below base support and the 30 week average"
GH,BREAKEVEN,149.2366,move the stop to entry here
GH,TARGET 1,191.05,"measured move, sell part of the position (3.29R)"
GH,TARGET 2,234.3586,second measured move (5.93R)
RICK,BUY STOP,32.4426,"breakout trigger, above the base pivot"
RICK,BUY LIMIT,31.913,"pullback entry, old resistance acting as support"
RICK,STOP LOSS,28.5495,"initial stop, below base support and the 30 week average"
RICK,BREAKEVEN,35.3624,move the stop to entry here
RICK,TARGET 1,43.1831,"measured move, sell part of the position (2.76R)"
RICK,TARGET 2,52.1991,second measured move (5.07R)
RICK,BUY LIMIT,26.5474,buy the 30 week average on a pullback in an established Stage 2
RICK,STOP LOSS,23.7938,"initial stop, below base support and the 30 week average"
RICK,BREAKEVEN,28.6126,move the stop to entry here
RICK,TARGET 1,31.913,"measured move, sell part of the position (1.95R)"
RICK,TARGET 2,36.2055,second measured move (3.51R)
ONB,BUY STOP,27.4897,"breakout trigger, above the base pivot"
ONB,BUY LIMIT,27.2073,"pullback entry, old resistance acting as support"
ONB,STOP LOSS,24.1909,"initial stop, below base support and the 30 week average"
ONB,BREAKEVEN,29.9638,move the stop to entry here
ONB,TARGET 1,33.8558,"measured move, sell part of the position (1.93R)"
ONB,TARGET 2,39.1746,second measured move (3.54R)
ONB,BUY LIMIT,24.7695,buy the 30 week average on a pullback in an established Stage 2
ONB,STOP LOSS,23.3012,"initial stop, below base support and the 30 week average"
ONB,BREAKEVEN,25.8708,move the stop to entry here
ONB,TARGET 1,27.2073,"measured move, sell part of the position (1.66R)"
ONB,TARGET 2,29.1575,second measured move (2.99R)
PAYC,BUY STOP,249.1215,"breakout trigger, above the base pivot"
PAYC,BUY LIMIT,244.98,"pullback entry, old resistance acting as support"
PAYC,STOP LOSS,219.2269,"initial stop, below base support and the 30 week average"
PAYC,BREAKEVEN,271.5425,move the stop to entry here
PAYC,TARGET 1,355.221,"measured move, sell part of the position (3.55R)"
PAYC,TARGET 2,443.4138,second measured move (6.5R)
PAYC,BUY LIMIT,165.5303,buy the 30 week average on a pullback in an established Stage 2
PAYC,STOP LOSS,145.6667,"initial stop, below base support and the 30 week average"
PAYC,BREAKEVEN,180.4281,move the stop to entry here
PAYC,TARGET 1,244.98,"measured move, sell part of the position (4.0R)"
PAYC,TARGET 2,308.5397,second measured move (7.2R)
GRMN,BUY STOP,317.4763,"breakout trigger, above the base pivot"
GRMN,BUY LIMIT,313.0677,"pullback entry, old resistance acting as support"
GRMN,STOP LOSS,279.3791,"initial stop, below base support and the 30 week average"
GRMN,BREAKEVEN,346.0492,move the stop to entry here
GRMN,TARGET 1,403.4479,"measured move, sell part of the position (2.26R)"
GRMN,TARGET 2,475.7521,second measured move (4.15R)
GRMN,BUY LIMIT,259.0259,buy the 30 week average on a pullback in an established Stage 2
GRMN,STOP LOSS,236.1012,"initial stop, below base support and the 30 week average"
GRMN,BREAKEVEN,276.2194,move the stop to entry here
GRMN,TARGET 1,313.0677,"measured move, sell part of the position (2.36R)"
GRMN,TARGET 2,356.3012,second measured move (4.24R)
ACIW,BUY STOP,61.9569,"breakout trigger, above the base pivot"
ACIW,BUY LIMIT,61.08,"pullback entry, old resistance acting as support"
ACIW,STOP LOSS,54.522,"initial stop, below base support and the 30 week average"
ACIW,BREAKEVEN,67.533,move the stop to entry here
ACIW,TARGET 1,83.46,"measured move, sell part of the position (2.89R)"
ACIW,TARGET 2,101.364,second measured move (5.3R)
ACIW,BUY LIMIT,48.6394,buy the 30 week average on a pullback in an established Stage 2
ACIW,STOP LOSS,44.0798,"initial stop, below base support and the 30 week average"
ACIW,BREAKEVEN,52.0592,move the stop to entry here
ACIW,TARGET 1,59.3,"measured move, sell part of the position (2.34R)"
ACIW,TARGET 2,67.8285,second measured move (4.21R)
TDW,BUY STOP,103.3128,"breakout trigger, above the base pivot"
TDW,BUY LIMIT,101.58,"pullback entry, old resistance acting as support"
TDW,STOP LOSS,90.9153,"initial stop, below base support and the 30 week average"
TDW,BREAKEVEN,112.6109,move the stop to entry here
TDW,TARGET 1,140.45,"measured move, sell part of the position (3.0R)"
TDW,TARGET 2,171.546,second measured move (5.5R)
TDW,BUY LIMIT,82.2615,buy the 30 week average on a pullback in an established Stage 2
TDW,STOP LOSS,72.3901,"initial stop, below base support and the 30 week average"
TDW,BREAKEVEN,89.665,move the stop to entry here
TDW,TARGET 1,101.58,"measured move, sell part of the position (1.96R)"
TDW,TARGET 2,117.0348,second measured move (3.52R)
BBY,BUY STOP,98.1452,"breakout trigger, above the base pivot"
BBY,BUY LIMIT,96.53,"pullback entry, old resistance acting as support"
BBY,STOP LOSS,86.3678,"initial stop, below base support and the 30 week average"
BBY,BREAKEVEN,106.9783,move the stop to entry here
BBY,TARGET 1,139.2483,"measured move, sell part of the position (3.49R)"
BBY,TARGET 2,173.4229,second measured move (6.39R)
BBY,BUY LIMIT,75.9375,buy the 30 week average on a pullback in an established Stage 2
BBY,STOP LOSS,67.5383,"initial stop, below base support and the 30 week average"
BBY,BREAKEVEN,82.237,move the stop to entry here
BBY,TARGET 1,96.53,"measured move, sell part of the position (2.45R)"
BBY,TARGET 2,113.004,second measured move (4.41R)
KOP,BUY STOP,53.7413,"breakout trigger, above the base pivot"
KOP,BUY LIMIT,52.897,"pullback entry, old resistance acting as support"
KOP,STOP LOSS,47.2923,"initial stop, below base support and the 30 week average"
KOP,BREAKEVEN,58.5781,move the stop to entry here
KOP,TARGET 1,70.9282,"measured move, sell part of the position (2.67R)"
KOP,TARGET 2,85.3532,second measured move (4.9R)
KOP,BUY LIMIT,44.0446,buy the 30 week average on a pullback in an established Stage 2
KOP,STOP LOSS,39.6544,"initial stop, below base support and the 30 week average"
KOP,BREAKEVEN,47.3374,move the stop to entry here
KOP,TARGET 1,52.897,"measured move, sell part of the position (2.02R)"
KOP,TARGET 2,59.9789,second measured move (3.63R)
HOMB,BUY STOP,31.8394,"breakout trigger, above the base pivot"
HOMB,BUY LIMIT,31.54,"pullback entry, old resistance acting as support"
HOMB,STOP LOSS,28.0186,"initial stop, below base support and the 30 week average"
HOMB,BREAKEVEN,34.7049,move the stop to entry here
HOMB,TARGET 1,37.7942,"measured move, sell part of the position (1.56R)"
HOMB,TARGET 2,42.7975,second measured move (2.87R)
HOMB,BUY LIMIT,28.3956,buy the 30 week average on a pullback in an established Stage 2
HOMB,STOP LOSS,26.8388,"initial stop, below base support and the 30 week average"
HOMB,BREAKEVEN,29.5631,move the stop to entry here
HOMB,TARGET 1,31.54,"measured move, sell part of the position (2.02R)"
HOMB,TARGET 2,34.0556,second measured move (3.64R)
AQB,BUY STOP,1.6914,"breakout trigger, above the base pivot"
AQB,BUY LIMIT,1.64,"pullback entry, old resistance acting as support"
AQB,STOP LOSS,1.4884,"initial stop, below base support and the 30 week average"
AQB,BREAKEVEN,1.8436,move the stop to entry here
AQB,TARGET 1,2.378,"measured move, sell part of the position (3.38R)"
AQB,TARGET 2,2.9684,second measured move (6.29R)
AQB,BUY LIMIT,1.0489,buy the 30 week average on a pullback in an established Stage 2
AQB,STOP LOSS,0.923,"initial stop, below base support and the 30 week average"
AQB,BREAKEVEN,1.1433,move the stop to entry here
AQB,TARGET 1,1.64,"measured move, sell part of the position (4.7R)"
AQB,TARGET 2,2.1129,second measured move (8.45R)
CNMD,BUY STOP,54.585,"breakout trigger, above the base pivot"
CNMD,BUY LIMIT,53.66,"pullback entry, old resistance acting as support"
CNMD,STOP LOSS,48.0348,"initial stop, below base support and the 30 week average"
CNMD,BREAKEVEN,59.4976,move the stop to entry here
CNMD,TARGET 1,75.88,"measured move, sell part of the position (3.25R)"
CNMD,TARGET 2,93.656,second measured move (5.96R)
CNMD,BUY LIMIT,41.108,buy the 30 week average on a pullback in an established Stage 2
CNMD,STOP LOSS,36.2982,"initial stop, below base support and the 30 week average"
CNMD,BREAKEVEN,44.7153,move the stop to entry here
CNMD,TARGET 1,53.66,"measured move, sell part of the position (2.61R)"
CNMD,TARGET 2,63.7016,second measured move (4.7R)
SMTI,BUY STOP,35.7791,"breakout trigger, above the base pivot"
SMTI,BUY LIMIT,35.34,"pullback entry, old resistance acting as support"
SMTI,STOP LOSS,31.4856,"initial stop, below base support and the 30 week average"
SMTI,BREAKEVEN,38.9992,move the stop to entry here
SMTI,TARGET 1,51.243,"measured move, sell part of the position (3.6R)"
SMTI,TARGET 2,63.9654,second measured move (6.56R)
SMTI,BUY LIMIT,26.2906,buy the 30 week average on a pullback in an established Stage 2
SMTI,STOP LOSS,24.0075,"initial stop, below base support and the 30 week average"
SMTI,BREAKEVEN,28.003,move the stop to entry here
SMTI,TARGET 1,35.34,"measured move, sell part of the position (3.96R)"
SMTI,TARGET 2,42.5795,second measured move (7.13R)
SPB,BUY STOP,99.836,"breakout trigger, above the base pivot"
SPB,BUY LIMIT,98.533,"pullback entry, old resistance acting as support"
SPB,STOP LOSS,87.8557,"initial stop, below base support and the 30 week average"
SPB,BREAKEVEN,108.8212,move the stop to entry here
SPB,TARGET 1,129.0227,"measured move, sell part of the position (2.44R)"
SPB,TARGET 2,153.4145,second measured move (4.47R)
SPB,BUY LIMIT,83.0859,buy the 30 week average on a pullback in an established Stage 2
SPB,STOP LOSS,73.8269,"initial stop, below base support and the 30 week average"
SPB,BREAKEVEN,90.03,move the stop to entry here
SPB,TARGET 1,98.533,"measured move, sell part of the position (1.67R)"
SPB,TARGET 2,110.8907,second measured move (3.0R)
CCEL,BUY STOP,5.0663,"breakout trigger, above the base pivot"
CCEL,BUY LIMIT,4.9,"pullback entry, old resistance acting as support"
CCEL,STOP LOSS,4.4584,"initial stop, below base support and the 30 week average"
CCEL,BREAKEVEN,5.5223,move the stop to entry here
CCEL,TARGET 1,7.08,"measured move, sell part of the position (3.31R)"
CCEL,TARGET 2,8.824,second measured move (6.18R)
CCEL,BUY LIMIT,3.7649,buy the 30 week average on a pullback in an established Stage 2
CCEL,STOP LOSS,3.3131,"initial stop, below base support and the 30 week average"
CCEL,BREAKEVEN,4.1037,move the stop to entry here
CCEL,TARGET 1,4.9,"measured move, sell part of the position (2.51R)"
CCEL,TARGET 2,5.8081,second measured move (4.52R)
MT,BUY STOP,80.9666,"breakout trigger, above the base pivot"
MT,BUY LIMIT,79.68,"pullback entry, old resistance acting as support"
MT,STOP LOSS,71.2506,"initial stop, below base support and the 30 week average"
MT,BREAKEVEN,88.2536,move the stop to entry here
MT,TARGET 1,112.2014,"measured move, sell part of the position (3.21R)"
MT,TARGET 2,138.2185,second measured move (5.89R)
MT,BUY LIMIT,65.7382,buy the 30 week average on a pullback in an established Stage 2
MT,STOP LOSS,59.0477,"initial stop, below base support and the 30 week average"
MT,BREAKEVEN,70.7561,move the stop to entry here
MT,TARGET 1,79.68,"measured move, sell part of the position (2.08R)"
MT,TARGET 2,90.8334,second measured move (3.75R)
AGYS,BUY STOP,124.048,"breakout trigger, above the base pivot"
AGYS,BUY LIMIT,121.59,"pullback entry, old resistance acting as support"
AGYS,STOP LOSS,109.1623,"initial stop, below base support and the 30 week average"
AGYS,BREAKEVEN,135.2124,move the stop to entry here
AGYS,TARGET 1,176.3055,"measured move, sell part of the position (3.51R)"
AGYS,TARGET 2,220.0779,second measured move (6.45R)
AGYS,BUY LIMIT,92.8572,buy the 30 week average on a pullback in an established Stage 2
AGYS,STOP LOSS,81.7144,"initial stop, below base support and the 30 week average"
AGYS,BREAKEVEN,101.2144,move the stop to entry here
AGYS,TARGET 1,121.59,"measured move, sell part of the position (2.58R)"
AGYS,TARGET 2,144.5762,second measured move (4.64R)
DDOG,BUY STOP,300.0263,"breakout trigger, above the base pivot"
DDOG,BUY LIMIT,292.72,"pullback entry, old resistance acting as support"
DDOG,STOP LOSS,264.0231,"initial stop, below base support and the 30 week average"
DDOG,BREAKEVEN,327.0287,move the stop to entry here
DDOG,TARGET 1,424.444,"measured move, sell part of the position (3.46R)"
DDOG,TARGET 2,529.8232,second measured move (6.38R)
DDOG,BUY LIMIT,217.0085,buy the 30 week average on a pullback in an established Stage 2
DDOG,STOP LOSS,190.9675,"initial stop, below base support and the 30 week average"
DDOG,BREAKEVEN,236.5393,move the stop to entry here
DDOG,TARGET 1,294.0,"measured move, sell part of the position (2.96R)"
DDOG,TARGET 2,355.5932,second measured move (5.32R)
BANR,BUY STOP,75.6169,"breakout trigger, above the base pivot"
BANR,BUY LIMIT,74.84,"pullback entry, old resistance acting as support"
BANR,STOP LOSS,66.5429,"initial stop, below base support and the 30 week average"
BANR,BREAKEVEN,82.4224,move the stop to entry here
BANR,TARGET 1,93.3474,"measured move, sell part of the position (1.95R)"
BANR,TARGET 2,108.1534,second measured move (3.59R)
BANR,BUY LIMIT,66.9432,buy the 30 week average on a pullback in an established Stage 2
BANR,STOP LOSS,62.9032,"initial stop, below base support and the 30 week average"
BANR,BREAKEVEN,69.9732,move the stop to entry here
BANR,TARGET 1,74.84,"measured move, sell part of the position (1.95R)"
BANR,TARGET 2,81.1574,second measured move (3.52R)
IQV,BUY STOP,281.6644,"breakout trigger, above the base pivot"
IQV,BUY LIMIT,277.4,"pullback entry, old resistance acting as support"
IQV,STOP LOSS,247.8646,"initial stop, below base support and the 30 week average"
IQV,BREAKEVEN,307.0141,move the stop to entry here
IQV,TARGET 1,400.3,"measured move, sell part of the position (3.51R)"
IQV,TARGET 2,498.62,second measured move (6.42R)
IQV,BUY LIMIT,209.5178,buy the 30 week average on a pullback in an established Stage 2
IQV,STOP LOSS,187.343,"initial stop, below base support and the 30 week average"
IQV,BREAKEVEN,226.1488,move the stop to entry here
IQV,TARGET 1,277.4,"measured move, sell part of the position (3.06R)"
IQV,TARGET 2,331.7058,second measured move (5.51R)
OMC,BUY STOP,89.9122,"breakout trigger, above the base pivot"
OMC,BUY LIMIT,88.6583,"pullback entry, old resistance acting as support"
OMC,STOP LOSS,79.1227,"initial stop, below base support and the 30 week average"
OMC,BREAKEVEN,98.0043,move the stop to entry here
OMC,TARGET 1,108.7817,"measured move, sell part of the position (1.75R)"
OMC,TARGET 2,124.8803,second measured move (3.24R)
RJF,BUY STOP,184.2619,"breakout trigger, above the base pivot"
RJF,BUY LIMIT,182.1055,"pullback entry, old resistance acting as support"
RJF,STOP LOSS,162.1505,"initial stop, below base support and the 30 week average"
RJF,BREAKEVEN,200.8455,move the stop to entry here
RJF,TARGET 1,226.3569,"measured move, sell part of the position (1.9R)"
RJF,TARGET 2,261.7579,second measured move (3.5R)
RJF,BUY LIMIT,160.0233,buy the 30 week average on a pullback in an established Stage 2
RJF,STOP LOSS,148.81,"initial stop, below base support and the 30 week average"
RJF,BREAKEVEN,168.4332,move the stop to entry here
RJF,TARGET 1,182.1055,"measured move, sell part of the position (1.97R)"
RJF,TARGET 2,199.7714,second measured move (3.54R)
DAR,BUY STOP,71.1854,"breakout trigger, above the base pivot"
DAR,BUY LIMIT,69.98,"pullback entry, old resistance acting as support"
DAR,STOP LOSS,62.6431,"initial stop, below base support and the 30 week average"
DAR,BREAKEVEN,77.592,move the stop to entry here
DAR,TARGET 1,89.07,"measured move, sell part of the position (2.09R)"
DAR,TARGET 2,104.342,second measured move (3.88R)
DAR,BUY LIMIT,61.4258,buy the 30 week average on a pullback in an established Stage 2
DAR,STOP LOSS,55.1579,"initial stop, below base support and the 30 week average"
DAR,BREAKEVEN,66.1268,move the stop to entry here
DAR,TARGET 1,70.8277,"measured move, sell part of the position (1.5R)"
DAR,TARGET 2,78.3493,second measured move (2.7R)
SGMT,BUY STOP,11.7586,"breakout trigger, above the base pivot"
SGMT,BUY LIMIT,11.449,"pullback entry, old resistance acting as support"
SGMT,STOP LOSS,10.3475,"initial stop, below base support and the 30 week average"
SGMT,BREAKEVEN,12.8168,move the stop to entry here
SGMT,TARGET 1,16.6011,"measured move, sell part of the position (3.43R)"
SGMT,TARGET 2,20.7227,second measured move (6.35R)
SGMT,BUY LIMIT,7.9188,buy the 30 week average on a pullback in an established Stage 2
SGMT,STOP LOSS,6.9686,"initial stop, below base support and the 30 week average"
SGMT,BREAKEVEN,8.6315,move the stop to entry here
SGMT,TARGET 1,11.449,"measured move, sell part of the position (3.71R)"
SGMT,TARGET 2,14.2731,second measured move (6.69R)
HRB,BUY STOP,59.1108,"breakout trigger, above the base pivot"
HRB,BUY LIMIT,58.1404,"pullback entry, old resistance acting as support"
HRB,STOP LOSS,52.0175,"initial stop, below base support and the 30 week average"
HRB,BREAKEVEN,64.4308,move the stop to entry here
HRB,TARGET 1,84.3036,"measured move, sell part of the position (3.55R)"
HRB,TARGET 2,105.2341,second measured move (6.5R)
HRB,BUY LIMIT,39.8301,buy the 30 week average on a pullback in an established Stage 2
HRB,STOP LOSS,35.0505,"initial stop, below base support and the 30 week average"
HRB,BREAKEVEN,43.4148,move the stop to entry here
HRB,TARGET 1,58.1404,"measured move, sell part of the position (3.83R)"
HRB,TARGET 2,72.7887,second measured move (6.9R)
PRLD,BUY STOP,7.0385,"breakout trigger, above the base pivot"
PRLD,BUY LIMIT,6.83,"pullback entry, old resistance acting as support"
PRLD,STOP LOSS,6.1939,"initial stop, below base support and the 30 week average"
PRLD,BREAKEVEN,7.6719,move the stop to entry here
PRLD,TARGET 1,9.9035,"measured move, sell part of the position (3.39R)"
PRLD,TARGET 2,12.3623,second measured move (6.3R)
PRLD,BUY LIMIT,4.5234,buy the 30 week average on a pullback in an established Stage 2
PRLD,STOP LOSS,3.9806,"initial stop, below base support and the 30 week average"
PRLD,BREAKEVEN,4.9305,move the stop to entry here
PRLD,TARGET 1,6.83,"measured move, sell part of the position (4.25R)"
PRLD,TARGET 2,8.6753,second measured move (7.65R)
DASH,BUY STOP,243.3733,"breakout trigger, above the base pivot"
DASH,BUY LIMIT,238.828,"pullback entry, old resistance acting as support"
DASH,STOP LOSS,214.1685,"initial stop, below base support and the 30 week average"
DASH,BREAKEVEN,265.2769,move the stop to entry here
DASH,TARGET 1,334.356,"measured move, sell part of the position (3.12R)"
DASH,TARGET 2,410.7784,second measured move (5.73R)
DASH,BUY LIMIT,184.2035,buy the 30 week average on a pullback in an established Stage 2
DASH,STOP LOSS,162.099,"initial stop, below base support and the 30 week average"
DASH,BREAKEVEN,200.7818,move the stop to entry here
DASH,TARGET 1,238.828,"measured move, sell part of the position (2.47R)"
DASH,TARGET 2,282.5276,second measured move (4.45R)
BWLP,BUY STOP,26.895,"breakout trigger, above the base pivot"
BWLP,BUY LIMIT,26.47,"pullback entry, old resistance acting as support"
BWLP,STOP LOSS,23.6676,"initial stop, below base support and the 30 week average"
BWLP,BREAKEVEN,29.3155,move the stop to entry here
BWLP,TARGET 1,38.3815,"measured move, sell part of the position (3.56R)"
BWLP,TARGET 2,47.9107,second measured move (6.51R)
BWLP,BUY LIMIT,20.3997,buy the 30 week average on a pullback in an established Stage 2
BWLP,STOP LOSS,18.1899,"initial stop, below base support and the 30 week average"
BWLP,BREAKEVEN,22.0571,move the stop to entry here
BWLP,TARGET 1,26.483,"measured move, sell part of the position (2.75R)"
BWLP,TARGET 2,31.3496,second measured move (4.96R)
OOMA,BUY STOP,26.67,"breakout trigger, above the base pivot"
OOMA,BUY LIMIT,26.19,"pullback entry, old resistance acting as support"
OOMA,STOP LOSS,23.4696,"initial stop, below base support and the 30 week average"
OOMA,BREAKEVEN,29.0703,move the stop to entry here
OOMA,TARGET 1,37.9755,"measured move, sell part of the position (3.53R)"
OOMA,TARGET 2,47.4039,second measured move (6.48R)
OOMA,BUY LIMIT,19.2577,buy the 30 week average on a pullback in an established Stage 2
OOMA,STOP LOSS,16.9467,"initial stop, below base support and the 30 week average"
OOMA,BREAKEVEN,20.9908,move the stop to entry here
OOMA,TARGET 1,26.19,"measured move, sell part of the position (3.0R)"
OOMA,TARGET 2,31.7359,second measured move (5.4R)
DNTH,BUY STOP,120.364,"breakout trigger, above the base pivot"
DNTH,BUY LIMIT,117.88,"pullback entry, old resistance acting as support"
DNTH,STOP LOSS,105.9203,"initial stop, below base support and the 30 week average"
DNTH,BREAKEVEN,131.1967,move the stop to entry here
DNTH,TARGET 1,166.91,"measured move, sell part of the position (3.22R)"
DNTH,TARGET 2,206.134,second measured move (5.94R)
DNTH,BUY LIMIT,94.8569,buy the 30 week average on a pullback in an established Stage 2
DNTH,STOP LOSS,83.4741,"initial stop, below base support and the 30 week average"
DNTH,BREAKEVEN,103.394,move the stop to entry here
DNTH,TARGET 1,117.88,"measured move, sell part of the position (2.02R)"
DNTH,TARGET 2,136.2985,second measured move (3.64R)
KOD,BUY STOP,106.5486,"breakout trigger, above the base pivot"
KOD,BUY LIMIT,104.0,"pullback entry, old resistance acting as support"
KOD,STOP LOSS,93.7628,"initial stop, below base support and the 30 week average"
KOD,BREAKEVEN,116.138,move the stop to entry here
KOD,TARGET 1,150.8,"measured move, sell part of the position (3.46R)"
KOD,TARGET 2,188.24,second measured move (6.39R)
KOD,BUY LIMIT,43.0438,buy the 30 week average on a pullback in an established Stage 2
KOD,STOP LOSS,37.8785,"initial stop, below base support and the 30 week average"
KOD,BREAKEVEN,46.9177,move the stop to entry here
KOD,TARGET 1,104.0,"measured move, sell part of the position (11.8R)"
KOD,TARGET 2,152.765,second measured move (21.24R)
SLG,BUY STOP,60.2603,"breakout trigger, above the base pivot"
SLG,BUY LIMIT,59.3324,"pullback entry, old resistance acting as support"
SLG,STOP LOSS,53.0291,"initial stop, below base support and the 30 week average"
SLG,BREAKEVEN,65.6837,move the stop to entry here
SLG,TARGET 1,85.3185,"measured move, sell part of the position (3.47R)"
SLG,TARGET 2,106.1073,second measured move (6.34R)
SLG,BUY LIMIT,47.9004,buy the 30 week average on a pullback in an established Stage 2
SLG,STOP LOSS,43.0756,"initial stop, below base support and the 30 week average"
SLG,BREAKEVEN,51.519,move the stop to entry here
SLG,TARGET 1,59.3324,"measured move, sell part of the position (2.37R)"
SLG,TARGET 2,68.4781,second measured move (4.26R)
UFI,BUY STOP,8.6218,"breakout trigger, above the base pivot"
UFI,BUY LIMIT,8.47,"pullback entry, old resistance acting as support"
UFI,STOP LOSS,7.5872,"initial stop, below base support and the 30 week average"
UFI,BREAKEVEN,9.3977,move the stop to entry here
UFI,TARGET 1,12.2815,"measured move, sell part of the position (3.54R)"
UFI,TARGET 2,15.3307,second measured move (6.48R)
UFI,BUY LIMIT,5.308,buy the 30 week average on a pullback in an established Stage 2
UFI,STOP LOSS,4.6711,"initial stop, below base support and the 30 week average"
UFI,BREAKEVEN,5.7858,move the stop to entry here
UFI,TARGET 1,8.47,"measured move, sell part of the position (4.96R)"
UFI,TARGET 2,10.9996,second measured move (8.94R)
DJCO,BUY STOP,705.5289,"breakout trigger, above the base pivot"
DJCO,BUY LIMIT,692.5,"pullback entry, old resistance acting as support"
DJCO,STOP LOSS,620.8654,"initial stop, below base support and the 30 week average"
DJCO,BREAKEVEN,769.0265,move the stop to entry here
DJCO,TARGET 1,937.04,"measured move, sell part of the position (2.73R)"
DJCO,TARGET 2,1132.672,second measured move (5.05R)
DJCO,BUY LIMIT,569.7489,buy the 30 week average on a pullback in an established Stage 2
DJCO,STOP LOSS,501.9988,"initial stop, below base support and the 30 week average"
DJCO,BREAKEVEN,620.5614,move the stop to entry here
DJCO,TARGET 1,692.5,"measured move, sell part of the position (1.81R)"
DJCO,TARGET 2,790.7009,second measured move (3.26R)
ELVN,BUY STOP,63.6511,"breakout trigger, above the base pivot"
ELVN,BUY LIMIT,62.32,"pullback entry, old resistance acting as support"
ELVN,STOP LOSS,56.013,"initial stop, below base support and the 30 week average"
ELVN,BREAKEVEN,69.3797,move the stop to entry here
ELVN,TARGET 1,90.364,"measured move, sell part of the position (3.5R)"
ELVN,TARGET 2,112.7992,second measured move (6.43R)
ELVN,BUY LIMIT,47.8628,buy the 30 week average on a pullback in an established Stage 2
ELVN,STOP LOSS,42.1192,"initial stop, below base support and the 30 week average"
ELVN,BREAKEVEN,52.1704,move the stop to entry here
ELVN,TARGET 1,62.32,"measured move, sell part of the position (2.52R)"
ELVN,TARGET 2,73.8858,second measured move (4.53R)
PARR,BUY STOP,89.9751,"breakout trigger, above the base pivot"
PARR,BUY LIMIT,87.72,"pullback entry, old resistance acting as support"
PARR,STOP LOSS,79.1781,"initial stop, below base support and the 30 week average"
PARR,BREAKEVEN,98.0729,move the stop to entry here
PARR,TARGET 1,127.194,"measured move, sell part of the position (3.45R)"
PARR,TARGET 2,158.7732,second measured move (6.37R)
PARR,BUY LIMIT,69.5144,buy the 30 week average on a pullback in an established Stage 2
PARR,STOP LOSS,61.1727,"initial stop, below base support and the 30 week average"
PARR,BREAKEVEN,75.7707,move the stop to entry here
PARR,TARGET 1,89.45,"measured move, sell part of the position (2.39R)"
PARR,TARGET 2,105.3985,second measured move (4.3R)
TWFG,BUY STOP,31.9121,"breakout trigger, above the base pivot"
TWFG,BUY LIMIT,31.3,"pullback entry, old resistance acting as support"
TWFG,STOP LOSS,28.0826,"initial stop, below base support and the 30 week average"
TWFG,BREAKEVEN,34.7841,move the stop to entry here
TWFG,TARGET 1,45.21,"measured move, sell part of the position (3.47R)"
TWFG,TARGET 2,56.338,second measured move (6.38R)
TWFG,BUY LIMIT,23.3395,buy the 30 week average on a pullback in an established Stage 2
TWFG,STOP LOSS,20.5388,"initial stop, below base support and the 30 week average"
TWFG,BREAKEVEN,25.4401,move the stop to entry here
TWFG,TARGET 1,31.3,"measured move, sell part of the position (2.84R)"
TWFG,TARGET 2,37.6684,second measured move (5.12R)
STVN,BUY STOP,23.7225,"breakout trigger, above the base pivot"
STVN,BUY LIMIT,23.254,"pullback entry, old resistance acting as support"
STVN,STOP LOSS,20.8758,"initial stop, below base support and the 30 week average"
STVN,BREAKEVEN,25.8575,move the stop to entry here
STVN,TARGET 1,33.6643,"measured move, sell part of the position (3.49R)"
STVN,TARGET 2,41.9926,second measured move (6.42R)
STVN,BUY LIMIT,18.6506,buy the 30 week average on a pullback in an established Stage 2
STVN,STOP LOSS,16.4125,"initial stop, below base support and the 30 week average"
STVN,BREAKEVEN,20.3291,move the stop to entry here
STVN,TARGET 1,23.254,"measured move, sell part of the position (2.06R)"
STVN,TARGET 2,26.9367,second measured move (3.7R)
WTRG,BUY STOP,42.938,"breakout trigger, above the base pivot"
WTRG,BUY LIMIT,42.51,"pullback entry, old resistance acting as support"
WTRG,STOP LOSS,37.7854,"initial stop, below base support and the 30 week average"
WTRG,BREAKEVEN,46.8024,move the stop to entry here
WTRG,TARGET 1,49.2377,"measured move, sell part of the position (1.22R)"
WTRG,TARGET 2,54.6198,second measured move (2.27R)
WTRG,BUY LIMIT,39.0994,buy the 30 week average on a pullback in an established Stage 2
WTRG,STOP LOSS,36.874,"initial stop, below base support and the 30 week average"
WTRG,BREAKEVEN,40.7685,move the stop to entry here
WTRG,TARGET 1,42.51,"measured move, sell part of the position (1.53R)"
WTRG,TARGET 2,45.2385,second measured move (2.76R)
JCTC,BUY STOP,3.3948,"breakout trigger, above the base pivot"
JCTC,BUY LIMIT,3.32,"pullback entry, old resistance acting as support"
JCTC,STOP LOSS,2.9874,"initial stop, below base support and the 30 week average"
JCTC,BREAKEVEN,3.7003,move the stop to entry here
JCTC,TARGET 1,4.814,"measured move, sell part of the position (3.48R)"
JCTC,TARGET 2,6.0092,second measured move (6.42R)
JCTC,BUY LIMIT,2.4266,buy the 30 week average on a pullback in an established Stage 2
JCTC,STOP LOSS,2.1354,"initial stop, below base support and the 30 week average"
JCTC,BREAKEVEN,2.645,move the stop to entry here
JCTC,TARGET 1,3.32,"measured move, sell part of the position (3.07R)"
JCTC,TARGET 2,4.0347,second measured move (5.52R)
HSTM,BUY STOP,31.531,"breakout trigger, above the base pivot"
HSTM,BUY LIMIT,31.0724,"pullback entry, old resistance acting as support"
HSTM,STOP LOSS,27.7472,"initial stop, below base support and the 30 week average"
HSTM,BREAKEVEN,34.3687,move the stop to entry here
HSTM,TARGET 1,42.5488,"measured move, sell part of the position (2.91R)"
HSTM,TARGET 2,51.7299,second measured move (5.34R)
HSTM,BUY LIMIT,26.197,buy the 30 week average on a pullback in an established Stage 2
HSTM,STOP LOSS,23.8124,"initial stop, below base support and the 30 week average"
HSTM,BREAKEVEN,27.9855,move the stop to entry here
HSTM,TARGET 1,33.21,"measured move, sell part of the position (2.94R)"
HSTM,TARGET 2,38.8204,second measured move (5.29R)
GKOS,BUY STOP,195.5869,"breakout trigger, above the base pivot"
GKOS,BUY LIMIT,191.62,"pullback entry, old resistance acting as support"
GKOS,STOP LOSS,172.1165,"initial stop, below base support and the 30 week average"
GKOS,BREAKEVEN,213.1897,move the stop to entry here
GKOS,TARGET 1,277.849,"measured move, sell part of the position (3.5R)"
GKOS,TARGET 2,346.8322,second measured move (6.44R)
GKOS,BUY LIMIT,146.5118,buy the 30 week average on a pullback in an established Stage 2
GKOS,STOP LOSS,128.9303,"initial stop, below base support and the 30 week average"
GKOS,BREAKEVEN,159.6978,move the stop to entry here
GKOS,TARGET 1,191.62,"measured move, sell part of the position (2.57R)"
GKOS,TARGET 2,227.7066,second measured move (4.62R)
TNET,BUY STOP,74.0101,"breakout trigger, above the base pivot"
TNET,BUY LIMIT,72.7411,"pullback entry, old resistance acting as support"
TNET,STOP LOSS,65.1289,"initial stop, below base support and the 30 week average"
TNET,BREAKEVEN,80.671,move the stop to entry here
TNET,TARGET 1,105.4746,"measured move, sell part of the position (3.54R)"
TNET,TARGET 2,131.6614,second measured move (6.49R)
TNET,BUY LIMIT,53.6255,buy the 30 week average on a pullback in an established Stage 2
TNET,STOP LOSS,47.1905,"initial stop, below base support and the 30 week average"
TNET,BREAKEVEN,58.4518,move the stop to entry here
TNET,TARGET 1,71.6661,"measured move, sell part of the position (2.8R)"
TNET,TARGET 2,86.0986,second measured move (5.05R)
ALVO,BUY STOP,6.3313,"breakout trigger, above the base pivot"
ALVO,BUY LIMIT,6.17,"pullback entry, old resistance acting as support"
ALVO,STOP LOSS,5.5715,"initial stop, below base support and the 30 week average"
ALVO,BREAKEVEN,6.9011,move the stop to entry here
ALVO,TARGET 1,8.9465,"measured move, sell part of the position (3.44R)"
ALVO,TARGET 2,11.1677,second measured move (6.37R)
ALVO,BUY LIMIT,4.1037,buy the 30 week average on a pullback in an established Stage 2
ALVO,STOP LOSS,3.6112,"initial stop, below base support and the 30 week average"
ALVO,BREAKEVEN,4.473,move the stop to entry here
ALVO,TARGET 1,6.53,"measured move, sell part of the position (4.93R)"
ALVO,TARGET 2,8.4711,second measured move (8.87R)
CURV,BUY STOP,2.9416,"breakout trigger, above the base pivot"
CURV,BUY LIMIT,2.855,"pullback entry, old resistance acting as support"
CURV,STOP LOSS,2.5886,"initial stop, below base support and the 30 week average"
CURV,BREAKEVEN,3.2063,move the stop to entry here
CURV,TARGET 1,4.1398,"measured move, sell part of the position (3.39R)"
CURV,TARGET 2,5.1676,second measured move (6.31R)
CURV,BUY LIMIT,2.07,buy the 30 week average on a pullback in an established Stage 2
CURV,STOP LOSS,1.8216,"initial stop, below base support and the 30 week average"
CURV,BREAKEVEN,2.2563,move the stop to entry here
CURV,TARGET 1,2.85,"measured move, sell part of the position (3.14R)"
CURV,TARGET 2,3.474,second measured move (5.65R)
SSRM,BUY STOP,40.3763,"breakout trigger, above the base pivot"
SSRM,BUY LIMIT,39.44,"pullback entry, old resistance acting as support"
SSRM,STOP LOSS,35.5311,"initial stop, below base support and the 30 week average"
SSRM,BREAKEVEN,44.0102,move the stop to entry here
SSRM,TARGET 1,56.3413,"measured move, sell part of the position (3.3R)"
SSRM,TARGET 2,69.8623,second measured move (6.09R)
SSRM,BUY LIMIT,31.5858,buy the 30 week average on a pullback in an established Stage 2
SSRM,STOP LOSS,27.7955,"initial stop, below base support and the 30 week average"
SSRM,BREAKEVEN,34.4286,move the stop to entry here
SSRM,TARGET 1,39.44,"measured move, sell part of the position (2.07R)"
SSRM,TARGET 2,45.7233,second measured move (3.73R)
CORT,BUY STOP,128.6481,"breakout trigger, above the base pivot"
CORT,BUY LIMIT,126.38,"pullback entry, old resistance acting as support"
CORT,STOP LOSS,113.2103,"initial stop, below base support and the 30 week average"
CORT,BREAKEVEN,140.2265,move the stop to entry here
CORT,TARGET 1,183.251,"measured move, sell part of the position (3.54R)"
CORT,TARGET 2,228.7478,second measured move (6.48R)
CORT,BUY LIMIT,84.0222,buy the 30 week average on a pullback in an established Stage 2
CORT,STOP LOSS,73.9396,"initial stop, below base support and the 30 week average"
CORT,BREAKEVEN,91.5843,move the stop to entry here
CORT,TARGET 1,126.38,"measured move, sell part of the position (4.2R)"
CORT,TARGET 2,160.2662,second measured move (7.56R)
ELM.L,BUY STOP,198.3154,"breakout trigger, above the base pivot"
ELM.L,BUY LIMIT,195.3883,"pullback entry, old resistance acting as support"
ELM.L,STOP LOSS,174.5176,"initial stop, below base support and the 30 week average"
ELM.L,BREAKEVEN,216.1639,move the stop to entry here
ELM.L,TARGET 1,254.7848,"measured move, sell part of the position (2.37R)"
ELM.L,TARGET 2,302.3019,second measured move (4.37R)
ELM.L,BUY LIMIT,163.7397,buy the 30 week average on a pullback in an established Stage 2
ELM.L,STOP LOSS,148.5187,"initial stop, below base support and the 30 week average"
ELM.L,BREAKEVEN,175.1555,move the stop to entry here
ELM.L,TARGET 1,195.3883,"measured move, sell part of the position (2.08R)"
ELM.L,TARGET 2,220.7072,second measured move (3.74R)
NEXN,BUY STOP,11.4943,"breakout trigger, above the base pivot"
NEXN,BUY LIMIT,11.3,"pullback entry, old resistance acting as support"
NEXN,STOP LOSS,10.1149,"initial stop, below base support and the 30 week average"
NEXN,BREAKEVEN,12.5287,move the stop to entry here
NEXN,TARGET 1,16.385,"measured move, sell part of the position (3.55R)"
NEXN,TARGET 2,20.453,second measured move (6.5R)
NEXN,BUY LIMIT,8.7655,buy the 30 week average on a pullback in an established Stage 2
NEXN,STOP LOSS,7.7554,"initial stop, below base support and the 30 week average"
NEXN,BREAKEVEN,9.5232,move the stop to entry here
NEXN,TARGET 1,11.3,"measured move, sell part of the position (2.51R)"
NEXN,TARGET 2,13.3276,second measured move (4.52R)
PRE,BUY STOP,28.0847,"breakout trigger, above the base pivot"
PRE,BUY LIMIT,27.24,"pullback entry, old resistance acting as support"
PRE,STOP LOSS,24.7145,"initial stop, below base support and the 30 week average"
PRE,BREAKEVEN,30.6123,move the stop to entry here
PRE,TARGET 1,39.498,"measured move, sell part of the position (3.39R)"
PRE,TARGET 2,49.3044,second measured move (6.3R)
PRE,BUY LIMIT,20.1272,buy the 30 week average on a pullback in an established Stage 2
PRE,STOP LOSS,17.7119,"initial stop, below base support and the 30 week average"
PRE,BREAKEVEN,21.9387,move the stop to entry here
PRE,TARGET 1,27.24,"measured move, sell part of the position (2.94R)"
PRE,TARGET 2,32.9302,second measured move (5.3R)
TITN,BUY STOP,27.6177,"breakout trigger, above the base pivot"
TITN,BUY LIMIT,26.9,"pullback entry, old resistance acting as support"
TITN,STOP LOSS,24.3036,"initial stop, below base support and the 30 week average"
TITN,BREAKEVEN,30.1033,move the stop to entry here
TITN,TARGET 1,39.005,"measured move, sell part of the position (3.44R)"
TITN,TARGET 2,48.689,second measured move (6.36R)
TITN,BUY LIMIT,20.6577,buy the 30 week average on a pullback in an established Stage 2
TITN,STOP LOSS,18.1788,"initial stop, below base support and the 30 week average"
TITN,BREAKEVEN,22.5169,move the stop to entry here
TITN,TARGET 1,26.9,"measured move, sell part of the position (2.52R)"
TITN,TARGET 2,31.8938,second measured move (4.53R)
BMY,BUY STOP,68.7239,"breakout trigger, above the base pivot"
BMY,BUY LIMIT,67.9364,"pullback entry, old resistance acting as support"
BMY,STOP LOSS,60.4771,"initial stop, below base support and the 30 week average"
BMY,BREAKEVEN,74.9091,move the stop to entry here
BMY,TARGET 1,83.571,"measured move, sell part of the position (1.8R)"
BMY,TARGET 2,96.0787,second measured move (3.32R)
BMY,BUY LIMIT,59.7032,buy the 30 week average on a pullback in an established Stage 2
BMY,STOP LOSS,55.608,"initial stop, below base support and the 30 week average"
BMY,BREAKEVEN,62.7745,move the stop to entry here
BMY,TARGET 1,67.9364,"measured move, sell part of the position (2.01R)"
BMY,TARGET 2,74.523,second measured move (3.62R)
REGN,BUY STOP,871.0988,"breakout trigger, above the base pivot"
REGN,BUY LIMIT,859.34,"pullback entry, old resistance acting as support"
REGN,STOP LOSS,766.567,"initial stop, below base support and the 30 week average"
REGN,BREAKEVEN,949.4978,move the stop to entry here
REGN,TARGET 1,1127.8499,"measured move, sell part of the position (2.46R)"
REGN,TARGET 2,1342.6579,second measured move (4.51R)
FTH,BUY LIMIT,27.9364,buy the 30 week average on a pullback in an established Stage 2
FTH,STOP LOSS,24.584,"initial stop, below base support and the 30 week average"
FTH,BREAKEVEN,30.4506,move the stop to entry here
FTH,TARGET 1,42.143,"measured move, sell part of the position (4.24R)"
FTH,TARGET 2,53.5083,second measured move (7.63R)
ROIV,BUY STOP,43.1996,"breakout trigger, above the base pivot"
ROIV,BUY LIMIT,42.5,"pullback entry, old resistance acting as support"
ROIV,STOP LOSS,38.0157,"initial stop, below base support and the 30 week average"
ROIV,BREAKEVEN,47.0876,move the stop to entry here
ROIV,TARGET 1,59.049,"measured move, sell part of the position (3.06R)"
ROIV,TARGET 2,72.2882,second measured move (5.61R)
ROIV,BUY LIMIT,32.8902,buy the 30 week average on a pullback in an established Stage 2
ROIV,STOP LOSS,29.2522,"initial stop, below base support and the 30 week average"
ROIV,BREAKEVEN,35.6187,move the stop to entry here
ROIV,TARGET 1,42.5,"measured move, sell part of the position (2.64R)"
ROIV,TARGET 2,50.1879,second measured move (4.75R)
MMIT.L,BUY STOP,191.8962,"breakout trigger, above the base pivot"
MMIT.L,BUY LIMIT,189.5,"pullback entry, old resistance acting as support"
MMIT.L,STOP LOSS,168.8687,"initial stop, below base support and the 30 week average"
MMIT.L,BREAKEVEN,209.1669,move the stop to entry here
MMIT.L,TARGET 1,246.0,"measured move, sell part of the position (2.35R)"
MMIT.L,TARGET 2,291.2,second measured move (4.31R)
MMIT.L,BUY LIMIT,168.949,buy the 30 week average on a pullback in an established Stage 2
MMIT.L,STOP LOSS,156.4886,"initial stop, below base support and the 30 week average"
MMIT.L,BREAKEVEN,178.2944,move the stop to entry here
MMIT.L,TARGET 1,190.0,"measured move, sell part of the position (1.69R)"
MMIT.L,TARGET 2,206.8408,second measured move (3.04R)
BVC,BUY STOP,18.649,"breakout trigger, above the base pivot"
BVC,BUY LIMIT,18.0,"pullback entry, old resistance acting as support"
BVC,STOP LOSS,16.4111,"initial stop, below base support and the 30 week average"
BVC,BREAKEVEN,20.3274,move the stop to entry here
BVC,TARGET 1,26.1,"measured move, sell part of the position (3.33R)"
BVC,TARGET 2,32.58,second measured move (6.23R)
BVC,BUY LIMIT,11.5693,buy the 30 week average on a pullback in an established Stage 2
BVC,STOP LOSS,10.181,"initial stop, below base support and the 30 week average"
BVC,BREAKEVEN,12.6105,move the stop to entry here
BVC,TARGET 1,18.0,"measured move, sell part of the position (4.63R)"
BVC,TARGET 2,23.1446,second measured move (8.34R)
FA,BUY STOP,25.6617,"breakout trigger, above the base pivot"
FA,BUY LIMIT,25.15,"pullback entry, old resistance acting as support"
FA,STOP LOSS,22.5823,"initial stop, below base support and the 30 week average"
FA,BREAKEVEN,27.9712,move the stop to entry here
FA,TARGET 1,36.4675,"measured move, sell part of the position (3.51R)"
FA,TARGET 2,45.5215,second measured move (6.45R)
FA,BUY LIMIT,17.5357,buy the 30 week average on a pullback in an established Stage 2
FA,STOP LOSS,15.4314,"initial stop, below base support and the 30 week average"
FA,BREAKEVEN,19.1139,move the stop to entry here
FA,TARGET 1,25.15,"measured move, sell part of the position (3.62R)"
FA,TARGET 2,31.2415,second measured move (6.51R)
RCBC,BUY STOP,55.4347,"breakout trigger, above the base pivot"
RCBC,BUY LIMIT,54.88,"pullback entry, old resistance acting as support"
RCBC,STOP LOSS,48.7825,"initial stop, below base support and the 30 week average"
RCBC,BREAKEVEN,60.4238,move the stop to entry here
RCBC,TARGET 1,69.3013,"measured move, sell part of the position (2.08R)"
RCBC,TARGET 2,80.8383,second measured move (3.82R)
RCBC,BUY LIMIT,45.7704,buy the 30 week average on a pullback in an established Stage 2
RCBC,STOP LOSS,42.886,"initial stop, below base support and the 30 week average"
RCBC,BREAKEVEN,47.9337,move the stop to entry here
RCBC,TARGET 1,55.77,"measured move, sell part of the position (3.47R)"
RCBC,TARGET 2,63.7697,second measured move (6.24R)
TWIN,BUY STOP,29.3342,"breakout trigger, above the base pivot"
TWIN,BUY LIMIT,28.75,"pullback entry, old resistance acting as support"
TWIN,STOP LOSS,25.8141,"initial stop, below base support and the 30 week average"
TWIN,BREAKEVEN,31.9743,move the stop to entry here
TWIN,TARGET 1,41.6875,"measured move, sell part of the position (3.51R)"
TWIN,TARGET 2,52.0375,second measured move (6.45R)
TWIN,BUY LIMIT,21.3105,buy the 30 week average on a pullback in an established Stage 2
TWIN,STOP LOSS,18.7532,"initial stop, below base support and the 30 week average"
TWIN,BREAKEVEN,23.2284,move the stop to entry here
TWIN,TARGET 1,29.24,"measured move, sell part of the position (3.1R)"
TWIN,TARGET 2,35.5836,second measured move (5.58R)
GFRD.L,BUY STOP,738.1156,"breakout trigger, above the base pivot"
GFRD.L,BUY LIMIT,726.813,"pullback entry, old resistance acting as support"
GFRD.L,STOP LOSS,649.5417,"initial stop, below base support and the 30 week average"
GFRD.L,BREAKEVEN,804.546,move the stop to entry here
GFRD.L,TARGET 1,984.636,"measured move, sell part of the position (2.78R)"
GFRD.L,TARGET 2,1190.8944,second measured move (5.11R)
GFRD.L,BUY LIMIT,574.321,buy the 30 week average on a pullback in an established Stage 2
GFRD.L,STOP LOSS,515.5475,"initial stop, below base support and the 30 week average"
GFRD.L,BREAKEVEN,618.4012,move the stop to entry here
GFRD.L,TARGET 1,726.813,"measured move, sell part of the position (2.59R)"
GFRD.L,TARGET 2,848.8065,second measured move (4.67R)
IOVA,BUY STOP,15.6631,"breakout trigger, above the base pivot"
IOVA,BUY LIMIT,15.3,"pullback entry, old resistance acting as support"
IOVA,STOP LOSS,13.7835,"initial stop, below base support and the 30 week average"
IOVA,BREAKEVEN,17.0728,move the stop to entry here
IOVA,TARGET 1,22.185,"measured move, sell part of the position (3.47R)"
IOVA,TARGET 2,27.693,second measured move (6.4R)
IOVA,BUY LIMIT,6.0279,buy the 30 week average on a pullback in an established Stage 2
IOVA,STOP LOSS,5.3046,"initial stop, below base support and the 30 week average"
IOVA,BREAKEVEN,6.5704,move the stop to entry here
IOVA,TARGET 1,15.3,"measured move, sell part of the position (12.82R)"
IOVA,TARGET 2,22.7177,second measured move (23.07R)
ZBRA,BUY STOP,392.4379,"breakout trigger, above the base pivot"
ZBRA,BUY LIMIT,386.23,"pullback entry, old resistance acting as support"
ZBRA,STOP LOSS,345.3454,"initial stop, below base support and the 30 week average"
ZBRA,BREAKEVEN,427.7574,move the stop to entry here
ZBRA,TARGET 1,560.0335,"measured move, sell part of the position (3.56R)"
ZBRA,TARGET 2,699.0763,second measured move (6.51R)
ZBRA,BUY LIMIT,285.2895,buy the 30 week average on a pullback in an established Stage 2
ZBRA,STOP LOSS,253.0083,"initial stop, below base support and the 30 week average"
ZBRA,BREAKEVEN,309.5004,move the stop to entry here
ZBRA,TARGET 1,390.8,"measured move, sell part of the position (3.27R)"
ZBRA,TARGET 2,475.2084,second measured move (5.88R)
CNE.L,BUY STOP,456.1461,"breakout trigger, above the base pivot"
CNE.L,BUY LIMIT,450.0,"pullback entry, old resistance acting as support"
CNE.L,STOP LOSS,401.4085,"initial stop, below base support and the 30 week average"
CNE.L,BREAKEVEN,497.1992,move the stop to entry here
CNE.L,TARGET 1,644.5,"measured move, sell part of the position (3.44R)"
CNE.L,TARGET 2,800.1,second measured move (6.28R)
CNE.L,BUY LIMIT,343.4084,buy the 30 week average on a pullback in an established Stage 2
CNE.L,STOP LOSS,311.4488,"initial stop, below base support and the 30 week average"
CNE.L,BREAKEVEN,367.3781,move the stop to entry here
CNE.L,TARGET 1,450.0,"measured move, sell part of the position (3.34R)"
CNE.L,TARGET 2,535.2733,second measured move (6.0R)
HP,BUY STOP,48.9809,"breakout trigger, above the base pivot"
HP,BUY LIMIT,48.17,"pullback entry, old resistance acting as support"
HP,STOP LOSS,43.1032,"initial stop, below base support and the 30 week average"
HP,BREAKEVEN,53.3892,move the stop to entry here
HP,TARGET 1,66.1099,"measured move, sell part of the position (2.91R)"
HP,TARGET 2,80.4619,second measured move (5.36R)
HP,BUY LIMIT,38.0293,buy the 30 week average on a pullback in an established Stage 2
HP,STOP LOSS,33.4658,"initial stop, below base support and the 30 week average"
HP,BREAKEVEN,41.452,move the stop to entry here
HP,TARGET 1,48.17,"measured move, sell part of the position (2.22R)"
HP,TARGET 2,56.2825,second measured move (4.0R)
HTO,BUY STOP,67.3303,"breakout trigger, above the base pivot"
HTO,BUY LIMIT,66.6189,"pullback entry, old resistance acting as support"
HTO,STOP LOSS,59.2506,"initial stop, below base support and the 30 week average"
HTO,BREAKEVEN,73.39,move the stop to entry here
HTO,TARGET 1,79.1568,"measured move, sell part of the position (1.46R)"
HTO,TARGET 2,89.1871,second measured move (2.71R)
HTO,BUY LIMIT,60.1166,buy the 30 week average on a pullback in an established Stage 2
HTO,STOP LOSS,56.4175,"initial stop, below base support and the 30 week average"
HTO,BREAKEVEN,62.891,move the stop to entry here
HTO,TARGET 1,65.6654,"measured move, sell part of the position (1.5R)"
HTO,TARGET 2,70.1044,second measured move (2.7R)
KRO,BUY STOP,9.3239,"breakout trigger, above the base pivot"
KRO,BUY LIMIT,9.1175,"pullback entry, old resistance acting as support"
KRO,STOP LOSS,8.205,"initial stop, below base support and the 30 week average"
KRO,BREAKEVEN,10.163,move the stop to entry here
KRO,TARGET 1,13.2204,"measured move, sell part of the position (3.48R)"
KRO,TARGET 2,16.5027,second measured move (6.42R)
KRO,BUY LIMIT,7.1765,buy the 30 week average on a pullback in an established Stage 2
KRO,STOP LOSS,6.3153,"initial stop, below base support and the 30 week average"
KRO,BREAKEVEN,7.8224,move the stop to entry here
KRO,TARGET 1,9.1175,"measured move, sell part of the position (2.25R)"
KRO,TARGET 2,10.6704,second measured move (4.06R)
STGW,BUY STOP,9.7139,"breakout trigger, above the base pivot"
STGW,BUY LIMIT,9.55,"pullback entry, old resistance acting as support"
STGW,STOP LOSS,8.5482,"initial stop, below base support and the 30 week average"
STGW,BREAKEVEN,10.5881,move the stop to entry here
STGW,TARGET 1,13.8475,"measured move, sell part of the position (3.55R)"
STGW,TARGET 2,17.2855,second measured move (6.5R)
STGW,BUY LIMIT,7.5065,buy the 30 week average on a pullback in an established Stage 2
STGW,STOP LOSS,6.6545,"initial stop, below base support and the 30 week average"
STGW,BREAKEVEN,8.1456,move the stop to entry here
STGW,TARGET 1,9.55,"measured move, sell part of the position (2.4R)"
STGW,TARGET 2,11.1848,second measured move (4.32R)
WT,BUY STOP,26.3966,"breakout trigger, above the base pivot"
WT,BUY LIMIT,25.91,"pullback entry, old resistance acting as support"
WT,STOP LOSS,23.229,"initial stop, below base support and the 30 week average"
WT,BREAKEVEN,28.7723,move the stop to entry here
WT,TARGET 1,37.5695,"measured move, sell part of the position (3.53R)"
WT,TARGET 2,46.8971,second measured move (6.47R)
WT,BUY LIMIT,19.7549,buy the 30 week average on a pullback in an established Stage 2
WT,STOP LOSS,17.3843,"initial stop, below base support and the 30 week average"
WT,BREAKEVEN,21.5328,move the stop to entry here
WT,TARGET 1,25.91,"measured move, sell part of the position (2.6R)"
WT,TARGET 2,30.8341,second measured move (4.67R)
AWK,BUY STOP,143.8526,"breakout trigger, above the base pivot"
AWK,BUY LIMIT,142.37,"pullback entry, old resistance acting as support"
AWK,STOP LOSS,126.5903,"initial stop, below base support and the 30 week average"
AWK,BREAKEVEN,156.7993,move the stop to entry here
AWK,TARGET 1,164.9667,"measured move, sell part of the position (1.22R)"
AWK,TARGET 2,183.044,second measured move (2.27R)
AMCX,BUY STOP,13.1931,"breakout trigger, above the base pivot"
AMCX,BUY LIMIT,12.93,"pullback entry, old resistance acting as support"
AMCX,STOP LOSS,11.6099,"initial stop, below base support and the 30 week average"
AMCX,BREAKEVEN,14.3805,move the stop to entry here
AMCX,TARGET 1,18.7485,"measured move, sell part of the position (3.51R)"
AMCX,TARGET 2,23.4033,second measured move (6.45R)
AMCX,BUY LIMIT,10.1189,buy the 30 week average on a pullback in an established Stage 2
AMCX,STOP LOSS,8.9046,"initial stop, below base support and the 30 week average"
AMCX,BREAKEVEN,11.0296,move the stop to entry here
AMCX,TARGET 1,12.93,"measured move, sell part of the position (2.32R)"
AMCX,TARGET 2,15.1789,second measured move (4.17R)
ANRO,BUY STOP,38.4151,"breakout trigger, above the base pivot"
ANRO,BUY LIMIT,37.48,"pullback entry, old resistance acting as support"
ANRO,STOP LOSS,33.8053,"initial stop, below base support and the 30 week average"
ANRO,BREAKEVEN,41.8725,move the stop to entry here
ANRO,TARGET 1,54.346,"measured move, sell part of the position (3.46R)"
ANRO,TARGET 2,67.8388,second measured move (6.38R)
ANRO,BUY LIMIT,26.3074,buy the 30 week average on a pullback in an established Stage 2
ANRO,STOP LOSS,23.1505,"initial stop, below base support and the 30 week average"
ANRO,BREAKEVEN,28.675,move the stop to entry here
ANRO,TARGET 1,37.48,"measured move, sell part of the position (3.54R)"
ANRO,TARGET 2,46.4181,second measured move (6.37R)
CMBT,BUY STOP,21.136,"breakout trigger, above the base pivot"
CMBT,BUY LIMIT,20.82,"pullback entry, old resistance acting as support"
CMBT,STOP LOSS,18.5997,"initial stop, below base support and the 30 week average"
CMBT,BREAKEVEN,23.0382,move the stop to entry here
CMBT,TARGET 1,30.189,"measured move, sell part of the position (3.57R)"
CMBT,TARGET 2,37.6842,second measured move (6.52R)
CMBT,BUY LIMIT,15.7793,buy the 30 week average on a pullback in an established Stage 2
CMBT,STOP LOSS,14.1362,"initial stop, below base support and the 30 week average"
CMBT,BREAKEVEN,17.0116,move the stop to entry here
CMBT,TARGET 1,20.885,"measured move, sell part of the position (3.11R)"
CMBT,TARGET 2,24.9696,second measured move (5.59R)
QUAD,BUY STOP,11.2129,"breakout trigger, above the base pivot"
QUAD,BUY LIMIT,11.0378,"pullback entry, old resistance acting as support"
QUAD,STOP LOSS,9.8674,"initial stop, below base support and the 30 week average"
QUAD,BREAKEVEN,12.222,move the stop to entry here
QUAD,TARGET 1,15.8829,"measured move, sell part of the position (3.47R)"
QUAD,TARGET 2,19.759,second measured move (6.35R)
QUAD,BUY LIMIT,8.4695,buy the 30 week average on a pullback in an established Stage 2
QUAD,STOP LOSS,7.5591,"initial stop, below base support and the 30 week average"
QUAD,BREAKEVEN,9.1523,move the stop to entry here
QUAD,TARGET 1,11.0378,"measured move, sell part of the position (2.82R)"
QUAD,TARGET 2,13.0925,second measured move (5.08R)
XERS,BUY STOP,11.5637,"breakout trigger, above the base pivot"
XERS,BUY LIMIT,11.33,"pullback entry, old resistance acting as support"
XERS,STOP LOSS,10.1761,"initial stop, below base support and the 30 week average"
XERS,BREAKEVEN,12.6044,move the stop to entry here
XERS,TARGET 1,16.4285,"measured move, sell part of the position (3.51R)"
XERS,TARGET 2,20.5073,second measured move (6.45R)
XERS,BUY LIMIT,7.5111,buy the 30 week average on a pullback in an established Stage 2
XERS,STOP LOSS,6.6098,"initial stop, below base support and the 30 week average"
XERS,BREAKEVEN,8.1871,move the stop to entry here
XERS,TARGET 1,11.33,"measured move, sell part of the position (4.24R)"
XERS,TARGET 2,14.3851,second measured move (7.63R)
ZS,BUY STOP,222.5427,"breakout trigger, above the base pivot"
ZS,BUY LIMIT,216.97,"pullback entry, old resistance acting as support"
ZS,STOP LOSS,195.8376,"initial stop, below base support and the 30 week average"
ZS,BREAKEVEN,242.5715,move the stop to entry here
ZS,TARGET 1,314.6065,"measured move, sell part of the position (3.45R)"
ZS,TARGET 2,392.7157,second measured move (6.37R)
ZS,BUY LIMIT,159.1379,buy the 30 week average on a pullback in an established Stage 2
ZS,STOP LOSS,140.0414,"initial stop, below base support and the 30 week average"
ZS,BREAKEVEN,173.4603,move the stop to entry here
ZS,TARGET 1,234.31,"measured move, sell part of the position (3.94R)"
ZS,TARGET 2,294.4477,second measured move (7.09R)
ALW.L,BUY STOP,1402.6319,"breakout trigger, above the base pivot"
ALW.L,BUY LIMIT,1393.9261,"pullback entry, old resistance acting as support"
ALW.L,STOP LOSS,1316.2298,"initial stop, below base support and the 30 week average"
ALW.L,BREAKEVEN,1467.4336,move the stop to entry here
ALW.L,TARGET 1,1609.9799,"measured move, sell part of the position (2.4R)"
ALW.L,TARGET 2,1782.8229,second measured move (4.4R)
ALW.L,BUY LIMIT,1328.4179,buy the 30 week average on a pullback in an established Stage 2
ALW.L,STOP LOSS,1283.1476,"initial stop, below base support and the 30 week average"
ALW.L,BREAKEVEN,1362.3706,move the stop to entry here
ALW.L,TARGET 1,1409.0,"measured move, sell part of the position (1.78R)"
ALW.L,TARGET 2,1473.4657,second measured move (3.2R)
CARD.L,BUY STOP,90.2199,"breakout trigger, above the base pivot"
CARD.L,BUY LIMIT,88.6,"pullback entry, old resistance acting as support"
CARD.L,STOP LOSS,79.3935,"initial stop, below base support and the 30 week average"
CARD.L,BREAKEVEN,98.3397,move the stop to entry here
CARD.L,TARGET 1,118.9296,"measured move, sell part of the position (2.65R)"
CARD.L,TARGET 2,143.1933,second measured move (4.89R)
CARD.L,BUY LIMIT,70.4068,buy the 30 week average on a pullback in an established Stage 2
CARD.L,STOP LOSS,61.9835,"initial stop, below base support and the 30 week average"
CARD.L,BREAKEVEN,76.7243,move the stop to entry here
CARD.L,TARGET 1,89.9,"measured move, sell part of the position (2.31R)"
CARD.L,TARGET 2,105.4946,second measured move (4.17R)
WSBC,BUY STOP,43.1111,"breakout trigger, above the base pivot"
WSBC,BUY LIMIT,42.6243,"pullback entry, old resistance acting as support"
WSBC,STOP LOSS,37.9378,"initial stop, below base support and the 30 week average"
WSBC,BREAKEVEN,46.9911,move the stop to entry here
WSBC,TARGET 1,53.695,"measured move, sell part of the position (2.05R)"
WSBC,TARGET 2,62.5516,second measured move (3.76R)
WSBC,BUY LIMIT,37.3454,buy the 30 week average on a pullback in an established Stage 2
WSBC,STOP LOSS,34.8138,"initial stop, below base support and the 30 week average"
WSBC,BREAKEVEN,39.2442,move the stop to entry here
WSBC,TARGET 1,42.6243,"measured move, sell part of the position (2.09R)"
WSBC,TARGET 2,46.8474,second measured move (3.75R)
MNKS.L,BUY STOP,1688.4468,"breakout trigger, above the base pivot"
MNKS.L,BUY LIMIT,1675.5109,"pullback entry, old resistance acting as support"
MNKS.L,STOP LOSS,1569.0641,"initial stop, below base support and the 30 week average"
MNKS.L,BREAKEVEN,1777.9837,move the stop to entry here
MNKS.L,TARGET 1,1985.0292,"measured move, sell part of the position (2.48R)"
MNKS.L,TARGET 2,2232.6439,second measured move (4.56R)
MNKS.L,BUY LIMIT,1591.8193,buy the 30 week average on a pullback in an established Stage 2
MNKS.L,STOP LOSS,1524.5527,"initial stop, below base support and the 30 week average"
MNKS.L,BREAKEVEN,1642.2693,move the stop to entry here
MNKS.L,TARGET 1,1696.0,"measured move, sell part of the position (1.55R)"
MNKS.L,TARGET 2,1779.3445,second measured move (2.79R)
JAKK,BUY STOP,27.6391,"breakout trigger, above the base pivot"
JAKK,BUY LIMIT,27.2,"pullback entry, old resistance acting as support"
JAKK,STOP LOSS,24.3224,"initial stop, below base support and the 30 week average"
JAKK,BREAKEVEN,30.1266,move the stop to entry here
JAKK,TARGET 1,35.6834,"measured move, sell part of the position (2.43R)"
JAKK,TARGET 2,42.4701,second measured move (4.47R)
JAKK,BUY LIMIT,23.4625,buy the 30 week average on a pullback in an established Stage 2
JAKK,STOP LOSS,21.1791,"initial stop, below base support and the 30 week average"
JAKK,BREAKEVEN,25.1751,move the stop to entry here
JAKK,TARGET 1,28.6,"measured move, sell part of the position (2.25R)"
JAKK,TARGET 2,32.71,second measured move (4.05R)
WTFC,BUY STOP,168.4939,"breakout trigger, above the base pivot"
WTFC,BUY LIMIT,166.6503,"pullback entry, old resistance acting as support"
WTFC,STOP LOSS,148.2747,"initial stop, below base support and the 30 week average"
WTFC,BREAKEVEN,183.6584,move the stop to entry here
WTFC,TARGET 1,205.0734,"measured move, sell part of the position (1.81R)"
WTFC,TARGET 2,235.8119,second measured move (3.33R)
WTFC,BUY LIMIT,151.5856,buy the 30 week average on a pullback in an established Stage 2
WTFC,STOP LOSS,136.3864,"initial stop, below base support and the 30 week average"
WTFC,BREAKEVEN,162.985,move the stop to entry here
WTFC,TARGET 1,174.3844,"measured move, sell part of the position (1.5R)"
WTFC,TARGET 2,192.6235,second measured move (2.7R)
UNF,BUY STOP,309.8798,"breakout trigger, above the base pivot"
UNF,BUY LIMIT,306.2631,"pullback entry, old resistance acting as support"
UNF,STOP LOSS,272.6942,"initial stop, below base support and the 30 week average"
UNF,BREAKEVEN,337.769,move the stop to entry here
UNF,TARGET 1,365.687,"measured move, sell part of the position (1.5R)"
UNF,TARGET 2,413.226,second measured move (2.78R)
UNF,BUY LIMIT,269.7,buy the 30 week average on a pullback in an established Stage 2
UNF,STOP LOSS,244.9033,"initial stop, below base support and the 30 week average"
UNF,BREAKEVEN,288.2976,move the stop to entry here
UNF,TARGET 1,306.8951,"measured move, sell part of the position (1.5R)"
UNF,TARGET 2,336.6512,second measured move (2.7R)
SBLK,BUY STOP,33.388,"breakout trigger, above the base pivot"
SBLK,BUY LIMIT,32.88,"pullback entry, old resistance acting as support"
SBLK,STOP LOSS,29.3815,"initial stop, below base support and the 30 week average"
SBLK,BREAKEVEN,36.393,move the stop to entry here
SBLK,TARGET 1,45.3069,"measured move, sell part of the position (2.97R)"
SBLK,TARGET 2,55.2483,second measured move (5.46R)
SBLK,BUY LIMIT,26.688,buy the 30 week average on a pullback in an established Stage 2
SBLK,STOP LOSS,24.0461,"initial stop, below base support and the 30 week average"
SBLK,BREAKEVEN,28.6693,move the stop to entry here
SBLK,TARGET 1,32.88,"measured move, sell part of the position (2.34R)"
SBLK,TARGET 2,37.8336,second measured move (4.22R)
FTNT,BUY STOP,186.4369,"breakout trigger, above the base pivot"
FTNT,BUY LIMIT,183.09,"pullback entry, old resistance acting as support"
FTNT,STOP LOSS,164.0645,"initial stop, below base support and the 30 week average"
FTNT,BREAKEVEN,203.2162,move the stop to entry here
FTNT,TARGET 1,265.4805,"measured move, sell part of the position (3.53R)"
FTNT,TARGET 2,331.3929,second measured move (6.48R)
FTNT,BUY LIMIT,138.9161,buy the 30 week average on a pullback in an established Stage 2
FTNT,STOP LOSS,122.2462,"initial stop, below base support and the 30 week average"
FTNT,BREAKEVEN,151.4185,move the stop to entry here
FTNT,TARGET 1,194.95,"measured move, sell part of the position (3.36R)"
FTNT,TARGET 2,239.7771,second measured move (6.05R)
BRZE,BUY STOP,35.9911,"breakout trigger, above the base pivot"
BRZE,BUY LIMIT,35.02,"pullback entry, old resistance acting as support"
BRZE,STOP LOSS,31.6722,"initial stop, below base support and the 30 week average"
BRZE,BREAKEVEN,39.2303,move the stop to entry here
BRZE,TARGET 1,50.779,"measured move, sell part of the position (3.42R)"
BRZE,TARGET 2,63.3862,second measured move (6.34R)
BRZE,BUY LIMIT,24.8568,buy the 30 week average on a pullback in an established Stage 2
BRZE,STOP LOSS,21.874,"initial stop, below base support and the 30 week average"
BRZE,BREAKEVEN,27.0939,move the stop to entry here
BRZE,TARGET 1,35.02,"measured move, sell part of the position (3.41R)"
BRZE,TARGET 2,43.1506,second measured move (6.13R)
CGAU,BUY STOP,25.0071,"breakout trigger, above the base pivot"
CGAU,BUY LIMIT,24.52,"pullback entry, old resistance acting as support"
CGAU,STOP LOSS,22.0063,"initial stop, below base support and the 30 week average"
CGAU,BREAKEVEN,27.2578,move the stop to entry here
CGAU,TARGET 1,34.3845,"measured move, sell part of the position (3.12R)"
CGAU,TARGET 2,42.2761,second measured move (5.75R)
CGAU,BUY LIMIT,19.0393,buy the 30 week average on a pullback in an established Stage 2
CGAU,STOP LOSS,16.7546,"initial stop, below base support and the 30 week average"
CGAU,BREAKEVEN,20.7528,move the stop to entry here
CGAU,TARGET 1,24.52,"measured move, sell part of the position (2.4R)"
CGAU,TARGET 2,28.9046,second measured move (4.32R)
FWONA,BUY STOP,100.065,"breakout trigger, above the base pivot"
FWONA,BUY LIMIT,98.79,"pullback entry, old resistance acting as support"
FWONA,STOP LOSS,88.0572,"initial stop, below base support and the 30 week average"
FWONA,BREAKEVEN,109.0709,move the stop to entry here
FWONA,TARGET 1,123.88,"measured move, sell part of the position (1.98R)"
FWONA,TARGET 2,143.952,second measured move (3.65R)
FWONA,BUY LIMIT,86.2557,buy the 30 week average on a pullback in an established Stage 2
FWONA,STOP LOSS,79.6255,"initial stop, below base support and the 30 week average"
FWONA,BREAKEVEN,91.2284,move the stop to entry here
FWONA,TARGET 1,98.79,"measured move, sell part of the position (1.89R)"
FWONA,TARGET 2,108.8175,second measured move (3.4R)
DE,BUY STOP,730.4068,"breakout trigger, above the base pivot"
DE,BUY LIMIT,719.503,"pullback entry, old resistance acting as support"
DE,STOP LOSS,642.758,"initial stop, below base support and the 30 week average"
DE,BREAKEVEN,796.1434,move the stop to entry here
DE,TARGET 1,926.411,"measured move, sell part of the position (2.24R)"
DE,TARGET 2,1091.9374,second measured move (4.12R)
DE,BUY LIMIT,608.6448,buy the 30 week average on a pullback in an established Stage 2
DE,STOP LOSS,551.9451,"initial stop, below base support and the 30 week average"
DE,BREAKEVEN,651.1697,move the stop to entry here
DE,TARGET 1,719.503,"measured move, sell part of the position (1.96R)"
DE,TARGET 2,808.1895,second measured move (3.52R)
DELL,BUY STOP,610.4007,"breakout trigger, above the base pivot"
DELL,BUY LIMIT,595.51,"pullback entry, old resistance acting as support"
DELL,STOP LOSS,537.1526,"initial stop, below base support and the 30 week average"
DELL,BREAKEVEN,665.3368,move the stop to entry here
DELL,TARGET 1,863.4895,"measured move, sell part of the position (3.46R)"
DELL,TARGET 2,1077.8731,second measured move (6.38R)
DELL,BUY LIMIT,385.7161,buy the 30 week average on a pullback in an established Stage 2
DELL,STOP LOSS,339.4301,"initial stop, below base support and the 30 week average"
DELL,BREAKEVEN,420.4305,move the stop to entry here
DELL,TARGET 1,595.51,"measured move, sell part of the position (4.53R)"
DELL,TARGET 2,763.3452,second measured move (8.16R)
EOLS,BUY STOP,9.5337,"breakout trigger, above the base pivot"
EOLS,BUY LIMIT,9.31,"pullback entry, old resistance acting as support"
EOLS,STOP LOSS,8.3896,"initial stop, below base support and the 30 week average"
EOLS,BREAKEVEN,10.3917,move the stop to entry here
EOLS,TARGET 1,13.4995,"measured move, sell part of the position (3.47R)"
EOLS,TARGET 2,16.8511,second measured move (6.4R)
EOLS,BUY LIMIT,6.6513,buy the 30 week average on a pullback in an established Stage 2
EOLS,STOP LOSS,5.8531,"initial stop, below base support and the 30 week average"
EOLS,BREAKEVEN,7.2499,move the stop to entry here
EOLS,TARGET 1,9.31,"measured move, sell part of the position (3.33R)"
EOLS,TARGET 2,11.437,second measured move (6.0R)
KELYA,BUY STOP,17.9437,"breakout trigger, above the base pivot"
KELYA,BUY LIMIT,17.6693,"pullback entry, old resistance acting as support"
KELYA,STOP LOSS,15.7904,"initial stop, below base support and the 30 week average"
KELYA,BREAKEVEN,19.5586,move the stop to entry here
KELYA,TARGET 1,25.6205,"measured move, sell part of the position (3.57R)"
KELYA,TARGET 2,31.9815,second measured move (6.52R)
KELYA,BUY LIMIT,12.9627,buy the 30 week average on a pullback in an established Stage 2
KELYA,STOP LOSS,11.536,"initial stop, below base support and the 30 week average"
KELYA,BREAKEVEN,14.0328,move the stop to entry here
KELYA,TARGET 1,17.6693,"measured move, sell part of the position (3.3R)"
KELYA,TARGET 2,21.4346,second measured move (5.94R)
KFFB,BUY STOP,6.585,"breakout trigger, above the base pivot"
KFFB,BUY LIMIT,6.46,"pullback entry, old resistance acting as support"
KFFB,STOP LOSS,5.7948,"initial stop, below base support and the 30 week average"
KFFB,BREAKEVEN,7.1776,move the stop to entry here
KFFB,TARGET 1,8.7738,"measured move, sell part of the position (2.77R)"
KFFB,TARGET 2,10.6248,second measured move (5.11R)
KFFB,BUY LIMIT,5.0946,buy the 30 week average on a pullback in an established Stage 2
KFFB,STOP LOSS,4.4833,"initial stop, below base support and the 30 week average"
KFFB,BREAKEVEN,5.5531,move the stop to entry here
KFFB,TARGET 1,6.46,"measured move, sell part of the position (2.23R)"
KFFB,TARGET 2,7.5523,second measured move (4.02R)
MTRN,BUY STOP,322.2778,"breakout trigger, above the base pivot"
MTRN,BUY LIMIT,314.24,"pullback entry, old resistance acting as support"
MTRN,STOP LOSS,283.6044,"initial stop, below base support and the 30 week average"
MTRN,BREAKEVEN,351.2827,move the stop to entry here
MTRN,TARGET 1,455.648,"measured move, sell part of the position (3.45R)"
MTRN,TARGET 2,568.7744,second measured move (6.37R)
MTRN,BUY LIMIT,232.5908,buy the 30 week average on a pullback in an established Stage 2
MTRN,STOP LOSS,204.6799,"initial stop, below base support and the 30 week average"
MTRN,BREAKEVEN,253.5239,move the stop to entry here
MTRN,TARGET 1,324.99,"measured move, sell part of the position (3.31R)"
MTRN,TARGET 2,398.9094,second measured move (5.96R)
TEAM,BUY STOP,204.6867,"breakout trigger, above the base pivot"
TEAM,BUY LIMIT,200.0,"pullback entry, old resistance acting as support"
TEAM,STOP LOSS,180.1243,"initial stop, below base support and the 30 week average"
TEAM,BREAKEVEN,223.1085,move the stop to entry here
TEAM,TARGET 1,290.0,"measured move, sell part of the position (3.47R)"
TEAM,TARGET 2,362.0,second measured move (6.4R)
TEAM,BUY LIMIT,118.0187,buy the 30 week average on a pullback in an established Stage 2
TEAM,STOP LOSS,103.8565,"initial stop, below base support and the 30 week average"
TEAM,BREAKEVEN,128.6404,move the stop to entry here
TEAM,TARGET 1,207.3662,"measured move, sell part of the position (6.31R)"
TEAM,TARGET 2,278.8442,second measured move (11.36R)
TWLO,BUY STOP,312.8785,"breakout trigger, above the base pivot"
TWLO,BUY LIMIT,305.95,"pullback entry, old resistance acting as support"
TWLO,STOP LOSS,275.3331,"initial stop, below base support and the 30 week average"
TWLO,BREAKEVEN,341.0376,move the stop to entry here
TWLO,TARGET 1,443.6275,"measured move, sell part of the position (3.48R)"
TWLO,TARGET 2,553.7695,second measured move (6.42R)
TWLO,BUY LIMIT,205.1814,buy the 30 week average on a pullback in an established Stage 2
TWLO,STOP LOSS,180.5596,"initial stop, below base support and the 30 week average"
TWLO,BREAKEVEN,223.6477,move the stop to entry here
TWLO,TARGET 1,308.4,"measured move, sell part of the position (4.19R)"
TWLO,TARGET 2,390.9749,second measured move (7.55R)
PATH,BUY STOP,19.2738,"breakout trigger, above the base pivot"
PATH,BUY LIMIT,18.83,"pullback entry, old resistance acting as support"
PATH,STOP LOSS,16.9609,"initial stop, below base support and the 30 week average"
PATH,BREAKEVEN,21.0085,move the stop to entry here
PATH,TARGET 1,27.3035,"measured move, sell part of the position (3.47R)"
PATH,TARGET 2,34.0823,second measured move (6.4R)
PATH,BUY LIMIT,12.4192,buy the 30 week average on a pullback in an established Stage 2
PATH,STOP LOSS,10.9289,"initial stop, below base support and the 30 week average"
PATH,BREAKEVEN,13.5369,move the stop to entry here
PATH,TARGET 1,18.83,"measured move, sell part of the position (4.3R)"
PATH,TARGET 2,23.9587,second measured move (7.74R)
VRNS,BUY STOP,50.6017,"breakout trigger, above the base pivot"
VRNS,BUY LIMIT,49.54,"pullback entry, old resistance acting as support"
VRNS,STOP LOSS,44.5295,"initial stop, below base support and the 30 week average"
VRNS,BREAKEVEN,55.1559,move the stop to entry here
VRNS,TARGET 1,71.833,"measured move, sell part of the position (3.5R)"
VRNS,TARGET 2,89.6674,second measured move (6.43R)
VRNS,BUY LIMIT,37.14,buy the 30 week average on a pullback in an established Stage 2
VRNS,STOP LOSS,32.6832,"initial stop, below base support and the 30 week average"
VRNS,BREAKEVEN,40.4826,move the stop to entry here
VRNS,TARGET 1,50.279,"measured move, sell part of the position (2.95R)"
VRNS,TARGET 2,60.7902,second measured move (5.31R)
HPE,BUY STOP,71.9292,"breakout trigger, above the base pivot"
HPE,BUY LIMIT,70.29,"pullback entry, old resistance acting as support"
HPE,STOP LOSS,63.2977,"initial stop, below base support and the 30 week average"
HPE,BREAKEVEN,78.4029,move the stop to entry here
HPE,TARGET 1,101.9205,"measured move, sell part of the position (3.47R)"
HPE,TARGET 2,127.2249,second measured move (6.41R)
HPE,BUY LIMIT,45.2302,buy the 30 week average on a pullback in an established Stage 2
HPE,STOP LOSS,39.8026,"initial stop, below base support and the 30 week average"
HPE,BREAKEVEN,49.3009,move the stop to entry here
HPE,TARGET 1,73.56,"measured move, sell part of the position (5.22R)"
HPE,TARGET 2,96.2238,second measured move (9.4R)
AVNT,BUY STOP,47.1027,"breakout trigger, above the base pivot"
AVNT,BUY LIMIT,46.3326,"pullback entry, old resistance acting as support"
AVNT,STOP LOSS,41.4503,"initial stop, below base support and the 30 week average"
AVNT,BREAKEVEN,51.3419,move the stop to entry here
AVNT,TARGET 1,61.5569,"measured move, sell part of the position (2.56R)"
AVNT,TARGET 2,73.7364,second measured move (4.71R)
AVNT,BUY LIMIT,38.3932,buy the 30 week average on a pullback in an established Stage 2
AVNT,STOP LOSS,34.3887,"initial stop, below base support and the 30 week average"
AVNT,BREAKEVEN,41.3966,move the stop to entry here
AVNT,TARGET 1,46.3326,"measured move, sell part of the position (1.98R)"
AVNT,TARGET 2,52.6841,second measured move (3.57R)
YNGA.L,BUY STOP,991.846,"breakout trigger, above the base pivot"
YNGA.L,BUY LIMIT,977.0,"pullback entry, old resistance acting as support"
YNGA.L,STOP LOSS,872.8245,"initial stop, below base support and the 30 week average"
YNGA.L,BREAKEVEN,1081.1121,move the stop to entry here
YNGA.L,TARGET 1,1254.1133,"measured move, sell part of the position (2.2R)"
YNGA.L,TARGET 2,1475.8039,second measured move (4.07R)
YNGA.L,BUY LIMIT,843.8925,buy the 30 week average on a pullback in an established Stage 2
YNGA.L,STOP LOSS,766.6933,"initial stop, below base support and the 30 week average"
YNGA.L,BREAKEVEN,901.7919,move the stop to entry here
YNGA.L,TARGET 1,1000.0,"measured move, sell part of the position (2.02R)"
YNGA.L,TARGET 2,1124.886,second measured move (3.64R)
IMMX,BUY STOP,15.5252,"breakout trigger, above the base pivot"
IMMX,BUY LIMIT,15.1,"pullback entry, old resistance acting as support"
IMMX,STOP LOSS,13.6622,"initial stop, below base support and the 30 week average"
IMMX,BREAKEVEN,16.9225,move the stop to entry here
IMMX,TARGET 1,21.895,"measured move, sell part of the position (3.42R)"
IMMX,TARGET 2,27.331,second measured move (6.34R)
IMMX,BUY LIMIT,10.2701,buy the 30 week average on a pullback in an established Stage 2
IMMX,STOP LOSS,9.0377,"initial stop, below base support and the 30 week average"
IMMX,BREAKEVEN,11.1944,move the stop to entry here
IMMX,TARGET 1,15.1,"measured move, sell part of the position (3.92R)"
IMMX,TARGET 2,18.9639,second measured move (7.05R)
QLYS,BUY STOP,206.3942,"breakout trigger, above the base pivot"
QLYS,BUY LIMIT,201.54,"pullback entry, old resistance acting as support"
QLYS,STOP LOSS,181.6269,"initial stop, below base support and the 30 week average"
QLYS,BREAKEVEN,224.9697,move the stop to entry here
QLYS,TARGET 1,292.233,"measured move, sell part of the position (3.47R)"
QLYS,TARGET 2,364.7874,second measured move (6.4R)
QLYS,BUY LIMIT,135.2787,buy the 30 week average on a pullback in an established Stage 2
QLYS,STOP LOSS,119.0452,"initial stop, below base support and the 30 week average"
QLYS,BREAKEVEN,147.4538,move the stop to entry here
QLYS,TARGET 1,204.41,"measured move, sell part of the position (4.26R)"
QLYS,TARGET 2,259.7151,second measured move (7.67R)
PHAR.L,BUY STOP,34.9028,"breakout trigger, above the base pivot"
PHAR.L,BUY LIMIT,34.3,"pullback entry, old resistance acting as support"
PHAR.L,STOP LOSS,30.7145,"initial stop, below base support and the 30 week average"
PHAR.L,BREAKEVEN,38.0441,move the stop to entry here
PHAR.L,TARGET 1,44.6,"measured move, sell part of the position (2.32R)"
PHAR.L,TARGET 2,52.84,second measured move (4.28R)
PHAR.L,BUY LIMIT,28.3945,buy the 30 week average on a pullback in an established Stage 2
PHAR.L,STOP LOSS,25.2597,"initial stop, below base support and the 30 week average"
PHAR.L,BREAKEVEN,30.7455,move the stop to entry here
PHAR.L,TARGET 1,34.3,"measured move, sell part of the position (1.88R)"
PHAR.L,TARGET 2,39.0244,second measured move (3.39R)
MTB,BUY STOP,256.893,"breakout trigger, above the base pivot"
MTB,BUY LIMIT,254.3089,"pullback entry, old resistance acting as support"
MTB,STOP LOSS,226.0659,"initial stop, below base support and the 30 week average"
MTB,BREAKEVEN,280.0134,move the stop to entry here
MTB,TARGET 1,317.2489,"measured move, sell part of the position (1.96R)"
MTB,TARGET 2,367.6009,second measured move (3.59R)
MTB,BUY LIMIT,226.5227,buy the 30 week average on a pullback in an established Stage 2
MTB,STOP LOSS,209.1258,"initial stop, below base support and the 30 week average"
MTB,BREAKEVEN,239.5703,move the stop to entry here
MTB,TARGET 1,254.3089,"measured move, sell part of the position (1.6R)"
MTB,TARGET 2,276.5378,second measured move (2.87R)
ENQ.L,BUY STOP,28.7938,"breakout trigger, above the base pivot"
ENQ.L,BUY LIMIT,28.063,"pullback entry, old resistance acting as support"
ENQ.L,STOP LOSS,25.3386,"initial stop, below base support and the 30 week average"
ENQ.L,BREAKEVEN,31.3853,move the stop to entry here
ENQ.L,TARGET 1,39.3409,"measured move, sell part of the position (3.05R)"
ENQ.L,TARGET 2,48.3632,second measured move (5.66R)
ENQ.L,BUY LIMIT,23.1861,buy the 30 week average on a pullback in an established Stage 2
ENQ.L,STOP LOSS,20.4038,"initial stop, below base support and the 30 week average"
ENQ.L,BREAKEVEN,25.2729,move the stop to entry here
ENQ.L,TARGET 1,28.76,"measured move, sell part of the position (2.0R)"
ENQ.L,TARGET 2,33.2191,second measured move (3.61R)
BOX,BUY STOP,36.9405,"breakout trigger, above the base pivot"
BOX,BUY LIMIT,36.34,"pullback entry, old resistance acting as support"
BOX,STOP LOSS,32.5076,"initial stop, below base support and the 30 week average"
BOX,BREAKEVEN,40.2652,move the stop to entry here
BOX,TARGET 1,51.34,"measured move, sell part of the position (3.25R)"
BOX,TARGET 2,63.34,second measured move (5.96R)
BOX,BUY LIMIT,28.8745,buy the 30 week average on a pullback in an established Stage 2
BOX,STOP LOSS,25.752,"initial stop, below base support and the 30 week average"
BOX,BREAKEVEN,31.2164,move the stop to entry here
BOX,TARGET 1,36.88,"measured move, sell part of the position (2.56R)"
BOX,TARGET 2,43.2844,second measured move (4.61R)
GSBD,BUY STOP,10.1536,"breakout trigger, above the base pivot"
GSBD,BUY LIMIT,10.0252,"pullback entry, old resistance acting as support"
GSBD,STOP LOSS,8.9351,"initial stop, below base support and the 30 week average"
GSBD,BREAKEVEN,11.0674,move the stop to entry here
GSBD,TARGET 1,12.0026,"measured move, sell part of the position (1.52R)"
GSBD,TARGET 2,13.5845,second measured move (2.82R)
GSBD,BUY LIMIT,8.873,buy the 30 week average on a pullback in an established Stage 2
GSBD,STOP LOSS,8.1955,"initial stop, below base support and the 30 week average"
GSBD,BREAKEVEN,9.3811,move the stop to entry here
GSBD,TARGET 1,10.0252,"measured move, sell part of the position (1.7R)"
GSBD,TARGET 2,10.9469,second measured move (3.06R)
SHIP,BUY STOP,19.4779,"breakout trigger, above the base pivot"
SHIP,BUY LIMIT,19.1,"pullback entry, old resistance acting as support"
SHIP,STOP LOSS,17.1405,"initial stop, below base support and the 30 week average"
SHIP,BREAKEVEN,21.2309,move the stop to entry here
SHIP,TARGET 1,27.0438,"measured move, sell part of the position (3.24R)"
SHIP,TARGET 2,33.3988,second measured move (5.96R)
SHIP,BUY LIMIT,15.5236,buy the 30 week average on a pullback in an established Stage 2
SHIP,STOP LOSS,13.6608,"initial stop, below base support and the 30 week average"
SHIP,BREAKEVEN,16.9208,move the stop to entry here
SHIP,TARGET 1,19.1,"measured move, sell part of the position (1.92R)"
SHIP,TARGET 2,21.9611,second measured move (3.46R)
PD,BUY STOP,16.1868,"breakout trigger, above the base pivot"
PD,BUY LIMIT,15.86,"pullback entry, old resistance acting as support"
PD,STOP LOSS,14.2443,"initial stop, below base support and the 30 week average"
PD,BREAKEVEN,17.6436,move the stop to entry here
PD,TARGET 1,22.997,"measured move, sell part of the position (3.51R)"
PD,TARGET 2,28.7066,second measured move (6.45R)
PD,BUY LIMIT,10.1457,buy the 30 week average on a pullback in an established Stage 2
PD,STOP LOSS,8.9282,"initial stop, below base support and the 30 week average"
PD,BREAKEVEN,11.0588,move the stop to entry here
PD,TARGET 1,16.265,"measured move, sell part of the position (5.03R)"
PD,TARGET 2,21.1604,second measured move (9.05R)
RNXT,BUY STOP,2.659,"breakout trigger, above the base pivot"
RNXT,BUY LIMIT,2.59,"pullback entry, old resistance acting as support"
RNXT,STOP LOSS,2.3399,"initial stop, below base support and the 30 week average"
RNXT,BREAKEVEN,2.8983,move the stop to entry here
RNXT,TARGET 1,3.7555,"measured move, sell part of the position (3.44R)"
RNXT,TARGET 2,4.6879,second measured move (6.36R)
RNXT,BUY LIMIT,1.1708,buy the 30 week average on a pullback in an established Stage 2
RNXT,STOP LOSS,1.0303,"initial stop, below base support and the 30 week average"
RNXT,BREAKEVEN,1.2762,move the stop to entry here
RNXT,TARGET 1,2.59,"measured move, sell part of the position (10.1R)"
RNXT,TARGET 2,3.7253,second measured move (18.18R)
ACVA,BUY STOP,10.7113,"breakout trigger, above the base pivot"
ACVA,BUY LIMIT,10.5,"pullback entry, old resistance acting as support"
ACVA,STOP LOSS,9.4259,"initial stop, below base support and the 30 week average"
ACVA,BREAKEVEN,11.6753,move the stop to entry here
ACVA,TARGET 1,15.225,"measured move, sell part of the position (3.51R)"
ACVA,TARGET 2,19.005,second measured move (6.45R)
ACVA,BUY LIMIT,7.0542,buy the 30 week average on a pullback in an established Stage 2
ACVA,STOP LOSS,6.2077,"initial stop, below base support and the 30 week average"
ACVA,BREAKEVEN,7.6891,move the stop to entry here
ACVA,TARGET 1,10.5,"measured move, sell part of the position (4.07R)"
ACVA,TARGET 2,13.2567,second measured move (7.33R)
JANX,BUY STOP,20.7586,"breakout trigger, above the base pivot"
JANX,BUY LIMIT,20.31,"pullback entry, old resistance acting as support"
JANX,STOP LOSS,18.2676,"initial stop, below base support and the 30 week average"
JANX,BREAKEVEN,22.6268,move the stop to entry here
JANX,TARGET 1,27.635,"measured move, sell part of the position (2.76R)"
JANX,TARGET 2,33.495,second measured move (5.11R)
JANX,BUY LIMIT,15.7486,buy the 30 week average on a pullback in an established Stage 2
JANX,STOP LOSS,13.8588,"initial stop, below base support and the 30 week average"
JANX,BREAKEVEN,17.166,move the stop to entry here
JANX,TARGET 1,20.31,"measured move, sell part of the position (2.41R)"
JANX,TARGET 2,23.9591,second measured move (4.34R)
JHX,BUY STOP,31.987,"breakout trigger, above the base pivot"
JHX,BUY LIMIT,31.43,"pullback entry, old resistance acting as support"
JHX,STOP LOSS,28.1485,"initial stop, below base support and the 30 week average"
JHX,BREAKEVEN,34.8658,move the stop to entry here
JHX,TARGET 1,45.5,"measured move, sell part of the position (3.52R)"
JHX,TARGET 2,56.756,second measured move (6.45R)
JHX,BUY LIMIT,24.7348,buy the 30 week average on a pullback in an established Stage 2
JHX,STOP LOSS,21.8385,"initial stop, below base support and the 30 week average"
JHX,BREAKEVEN,26.907,move the stop to entry here
JHX,TARGET 1,31.43,"measured move, sell part of the position (2.31R)"
JHX,TARGET 2,36.7862,second measured move (4.16R)
RXRX,BUY STOP,4.4383,"breakout trigger, above the base pivot"
RXRX,BUY LIMIT,4.29,"pullback entry, old resistance acting as support"
RXRX,STOP LOSS,3.9057,"initial stop, below base support and the 30 week average"
RXRX,BREAKEVEN,4.8377,move the stop to entry here
RXRX,TARGET 1,5.8685,"measured move, sell part of the position (2.69R)"
RXRX,TARGET 2,7.1312,second measured move (5.06R)
RXRX,BUY LIMIT,3.449,buy the 30 week average on a pullback in an established Stage 2
RXRX,STOP LOSS,3.0351,"initial stop, below base support and the 30 week average"
RXRX,BREAKEVEN,3.7594,move the stop to entry here
RXRX,TARGET 1,5.19,"measured move, sell part of the position (4.21R)"
RXRX,TARGET 2,6.5828,second measured move (7.57R)
AMP,BUY STOP,579.3638,"breakout trigger, above the base pivot"
AMP,BUY LIMIT,572.56,"pullback entry, old resistance acting as support"
AMP,STOP LOSS,509.8402,"initial stop, below base support and the 30 week average"
AMP,BREAKEVEN,631.5066,move the stop to entry here
AMP,TARGET 1,725.5976,"measured move, sell part of the position (2.1R)"
AMP,TARGET 2,848.0276,second measured move (3.86R)
AMP,BUY LIMIT,494.4782,buy the 30 week average on a pullback in an established Stage 2
AMP,STOP LOSS,459.0982,"initial stop, below base support and the 30 week average"
AMP,BREAKEVEN,521.0132,move the stop to entry here
AMP,TARGET 1,572.56,"measured move, sell part of the position (2.21R)"
AMP,TARGET 2,635.0254,second measured move (3.97R)
EAT,BUY STOP,259.7035,"breakout trigger, above the base pivot"
EAT,BUY LIMIT,254.99,"pullback entry, old resistance acting as support"
EAT,STOP LOSS,228.539,"initial stop, below base support and the 30 week average"
EAT,BREAKEVEN,283.0768,move the stop to entry here
EAT,TARGET 1,369.7355,"measured move, sell part of the position (3.53R)"
EAT,TARGET 2,461.5319,second measured move (6.48R)
EAT,BUY LIMIT,180.1437,buy the 30 week average on a pullback in an established Stage 2
EAT,STOP LOSS,158.5265,"initial stop, below base support and the 30 week average"
EAT,BREAKEVEN,196.3567,move the stop to entry here
EAT,TARGET 1,254.99,"measured move, sell part of the position (3.46R)"
EAT,TARGET 2,314.867,second measured move (6.23R)
IRD,BUY STOP,7.2771,"breakout trigger, above the base pivot"
IRD,BUY LIMIT,7.07,"pullback entry, old resistance acting as support"
IRD,STOP LOSS,6.4038,"initial stop, below base support and the 30 week average"
IRD,BREAKEVEN,7.9321,move the stop to entry here
IRD,TARGET 1,10.2515,"measured move, sell part of the position (3.41R)"
IRD,TARGET 2,12.7967,second measured move (6.32R)
IRD,BUY LIMIT,4.4968,buy the 30 week average on a pullback in an established Stage 2
IRD,STOP LOSS,3.9572,"initial stop, below base support and the 30 week average"
IRD,BREAKEVEN,4.9016,move the stop to entry here
IRD,TARGET 1,7.07,"measured move, sell part of the position (4.77R)"
IRD,TARGET 2,9.1285,second measured move (8.58R)
ITRK.L,BUY STOP,5913.4255,"breakout trigger, above the base pivot"
ITRK.L,BUY LIMIT,5885.0,"pullback entry, old resistance acting as support"
ITRK.L,STOP LOSS,5340.6461,"initial stop, below base support and the 30 week average"
ITRK.L,BREAKEVEN,6343.01,move the stop to entry here
ITRK.L,TARGET 1,8251.2711,"measured move, sell part of the position (4.08R)"
ITRK.L,TARGET 2,10144.288,second measured move (7.39R)
ITRK.L,BUY LIMIT,5380.4417,buy the 30 week average on a pullback in an established Stage 2
ITRK.L,STOP LOSS,5232.6293,"initial stop, below base support and the 30 week average"
ITRK.L,BREAKEVEN,5491.3011,move the stop to entry here
ITRK.L,TARGET 1,5900.0,"measured move, sell part of the position (3.51R)"
ITRK.L,TARGET 2,6315.6466,second measured move (6.33R)
HQY,BUY STOP,109.3134,"breakout trigger, above the base pivot"
HQY,BUY LIMIT,107.62,"pullback entry, old resistance acting as support"
HQY,STOP LOSS,96.1958,"initial stop, below base support and the 30 week average"
HQY,BREAKEVEN,119.1516,move the stop to entry here
HQY,TARGET 1,139.93,"measured move, sell part of the position (2.33R)"
HQY,TARGET 2,165.778,second measured move (4.3R)
HQY,BUY LIMIT,91.4432,buy the 30 week average on a pullback in an established Stage 2
HQY,STOP LOSS,82.6376,"initial stop, below base support and the 30 week average"
HQY,BREAKEVEN,98.0473,move the stop to entry here
HQY,TARGET 1,107.62,"measured move, sell part of the position (1.84R)"
HQY,TARGET 2,120.5615,second measured move (3.31R)
LITS,BUY STOP,1.5896,"breakout trigger, above the base pivot"
LITS,BUY LIMIT,1.54,"pullback entry, old resistance acting as support"
LITS,STOP LOSS,1.3988,"initial stop, below base support and the 30 week average"
LITS,BREAKEVEN,1.7326,move the stop to entry here
LITS,TARGET 1,2.233,"measured move, sell part of the position (3.37R)"
LITS,TARGET 2,2.7874,second measured move (6.28R)
LITS,BUY LIMIT,1.0822,buy the 30 week average on a pullback in an established Stage 2
LITS,STOP LOSS,0.9523,"initial stop, below base support and the 30 week average"
LITS,BREAKEVEN,1.1795,move the stop to entry here
LITS,TARGET 1,1.54,"measured move, sell part of the position (3.53R)"
LITS,TARGET 2,1.9063,second measured move (6.35R)
SMC,BUY STOP,37.0563,"breakout trigger, above the base pivot"
SMC,BUY LIMIT,36.47,"pullback entry, old resistance acting as support"
SMC,STOP LOSS,32.6096,"initial stop, below base support and the 30 week average"
SMC,BREAKEVEN,40.3914,move the stop to entry here
SMC,TARGET 1,46.81,"measured move, sell part of the position (2.19R)"
SMC,TARGET 2,55.082,second measured move (4.05R)
SMC,BUY LIMIT,31.1572,buy the 30 week average on a pullback in an established Stage 2
SMC,STOP LOSS,28.1083,"initial stop, below base support and the 30 week average"
SMC,BREAKEVEN,33.4439,move the stop to entry here
SMC,TARGET 1,36.47,"measured move, sell part of the position (1.74R)"
SMC,TARGET 2,40.7202,second measured move (3.14R)
LITE,BUY STOP,1129.0376,"breakout trigger, above the base pivot"
LITE,BUY LIMIT,1091.61,"pullback entry, old resistance acting as support"
LITE,STOP LOSS,993.5531,"initial stop, below base support and the 30 week average"
LITE,BREAKEVEN,1230.651,move the stop to entry here
LITE,TARGET 1,1582.8345,"measured move, sell part of the position (3.35R)"
LITE,TARGET 2,1975.8141,second measured move (6.25R)
LITE,BUY LIMIT,887.4769,buy the 30 week average on a pullback in an established Stage 2
LITE,STOP LOSS,780.9797,"initial stop, below base support and the 30 week average"
LITE,BREAKEVEN,967.3498,move the stop to entry here
LITE,TARGET 1,1143.0,"measured move, sell part of the position (2.4R)"
LITE,TARGET 2,1347.4185,second measured move (4.32R)
AGPU,BUY STOP,14.0056,"breakout trigger, above the base pivot"
AGPU,BUY LIMIT,13.49,"pullback entry, old resistance acting as support"
AGPU,STOP LOSS,12.325,"initial stop, below base support and the 30 week average"
AGPU,BREAKEVEN,15.2662,move the stop to entry here
AGPU,TARGET 1,19.5605,"measured move, sell part of the position (3.31R)"
AGPU,TARGET 2,24.4169,second measured move (6.19R)
AGPU,BUY LIMIT,7.6439,buy the 30 week average on a pullback in an established Stage 2
AGPU,STOP LOSS,6.7266,"initial stop, below base support and the 30 week average"
AGPU,BREAKEVEN,8.3319,move the stop to entry here
AGPU,TARGET 1,13.49,"measured move, sell part of the position (6.37R)"
AGPU,TARGET 2,18.1669,second measured move (11.47R)
IMPP,BUY STOP,6.1276,"breakout trigger, above the base pivot"
IMPP,BUY LIMIT,6.002,"pullback entry, old resistance acting as support"
IMPP,STOP LOSS,5.3923,"initial stop, below base support and the 30 week average"
IMPP,BREAKEVEN,6.6791,move the stop to entry here
IMPP,TARGET 1,7.944,"measured move, sell part of the position (2.47R)"
IMPP,TARGET 2,9.4976,second measured move (4.58R)
IMPP,BUY LIMIT,4.9941,buy the 30 week average on a pullback in an established Stage 2
IMPP,STOP LOSS,4.3948,"initial stop, below base support and the 30 week average"
IMPP,BREAKEVEN,5.4435,move the stop to entry here
IMPP,TARGET 1,6.002,"measured move, sell part of the position (1.68R)"
IMPP,TARGET 2,6.8083,second measured move (3.03R)
DRI,BUY STOP,230.9428,"breakout trigger, above the base pivot"
DRI,BUY LIMIT,227.9038,"pullback entry, old resistance acting as support"
DRI,STOP LOSS,203.2296,"initial stop, below base support and the 30 week average"
DRI,BREAKEVEN,251.7276,move the stop to entry here
DRI,TARGET 1,271.895,"measured move, sell part of the position (1.48R)"
DRI,TARGET 2,307.0881,second measured move (2.75R)
DORM,BUY STOP,157.7198,"breakout trigger, above the base pivot"
DORM,BUY LIMIT,155.37,"pullback entry, old resistance acting as support"
DORM,STOP LOSS,138.7934,"initial stop, below base support and the 30 week average"
DORM,BREAKEVEN,171.9146,move the stop to entry here
DORM,TARGET 1,212.29,"measured move, sell part of the position (2.88R)"
DORM,TARGET 2,257.826,second measured move (5.29R)
DORM,BUY LIMIT,124.9829,buy the 30 week average on a pullback in an established Stage 2
DORM,STOP LOSS,112.7638,"initial stop, below base support and the 30 week average"
DORM,BREAKEVEN,134.1473,move the stop to entry here
DORM,TARGET 1,155.37,"measured move, sell part of the position (2.49R)"
DORM,TARGET 2,179.6796,second measured move (4.48R)
MAKO,BUY STOP,11.3406,"breakout trigger, above the base pivot"
MAKO,BUY LIMIT,11.1,"pullback entry, old resistance acting as support"
MAKO,STOP LOSS,9.9798,"initial stop, below base support and the 30 week average"
MAKO,BREAKEVEN,12.3613,move the stop to entry here
MAKO,TARGET 1,16.095,"measured move, sell part of the position (3.49R)"
MAKO,TARGET 2,20.091,second measured move (6.43R)
MAKO,BUY LIMIT,8.3826,buy the 30 week average on a pullback in an established Stage 2
MAKO,STOP LOSS,7.3767,"initial stop, below base support and the 30 week average"
MAKO,BREAKEVEN,9.137,move the stop to entry here
MAKO,TARGET 1,11.1,"measured move, sell part of the position (2.7R)"
MAKO,TARGET 2,13.2739,second measured move (4.86R)
PBYI,BUY STOP,10.2975,"breakout trigger, above the base pivot"
PBYI,BUY LIMIT,10.1,"pullback entry, old resistance acting as support"
PBYI,STOP LOSS,9.0618,"initial stop, below base support and the 30 week average"
PBYI,BREAKEVEN,11.2243,move the stop to entry here
PBYI,TARGET 1,14.35,"measured move, sell part of the position (3.28R)"
PBYI,TARGET 2,17.75,second measured move (6.03R)
PBYI,BUY LIMIT,8.1674,buy the 30 week average on a pullback in an established Stage 2
PBYI,STOP LOSS,7.1873,"initial stop, below base support and the 30 week average"
PBYI,BREAKEVEN,8.9024,move the stop to entry here
PBYI,TARGET 1,10.36,"measured move, sell part of the position (2.24R)"
PBYI,TARGET 2,12.1141,second measured move (4.03R)
TH,BUY STOP,22.2126,"breakout trigger, above the base pivot"
TH,BUY LIMIT,21.76,"pullback entry, old resistance acting as support"
TH,STOP LOSS,19.5471,"initial stop, below base support and the 30 week average"
TH,BREAKEVEN,24.2117,move the stop to entry here
TH,TARGET 1,31.552,"measured move, sell part of the position (3.5R)"
TH,TARGET 2,39.3856,second measured move (6.44R)
TH,BUY LIMIT,17.0884,buy the 30 week average on a pullback in an established Stage 2
TH,STOP LOSS,15.0378,"initial stop, below base support and the 30 week average"
TH,BREAKEVEN,18.6263,move the stop to entry here
TH,TARGET 1,21.76,"measured move, sell part of the position (2.28R)"
TH,TARGET 2,25.4973,second measured move (4.1R)
FOXF,BUY STOP,22.5663,"breakout trigger, above the base pivot"
FOXF,BUY LIMIT,22.09,"pullback entry, old resistance acting as support"
FOXF,STOP LOSS,19.8583,"initial stop, below base support and the 30 week average"
FOXF,BREAKEVEN,24.5973,move the stop to entry here
FOXF,TARGET 1,28.93,"measured move, sell part of the position (2.35R)"
FOXF,TARGET 2,34.402,second measured move (4.37R)
FOXF,BUY LIMIT,18.5099,buy the 30 week average on a pullback in an established Stage 2
FOXF,STOP LOSS,16.2887,"initial stop, below base support and the 30 week average"
FOXF,BREAKEVEN,20.1757,move the stop to entry here
FOXF,TARGET 1,22.09,"measured move, sell part of the position (1.61R)"
FOXF,TARGET 2,24.9541,second measured move (2.9R)
VHI,BUY STOP,19.4888,"breakout trigger, above the base pivot"
VHI,BUY LIMIT,19.1053,"pullback entry, old resistance acting as support"
VHI,STOP LOSS,17.1501,"initial stop, below base support and the 30 week average"
VHI,BREAKEVEN,21.2428,move the stop to entry here
VHI,TARGET 1,26.3318,"measured move, sell part of the position (2.93R)"
VHI,TARGET 2,32.113,second measured move (5.4R)
VHI,BUY LIMIT,14.9104,buy the 30 week average on a pullback in an established Stage 2
VHI,STOP LOSS,13.1211,"initial stop, below base support and the 30 week average"
VHI,BREAKEVEN,16.2523,move the stop to entry here
VHI,TARGET 1,19.1053,"measured move, sell part of the position (2.34R)"
VHI,TARGET 2,22.4613,second measured move (4.22R)
HPQ,BUY STOP,36.9383,"breakout trigger, above the base pivot"
HPQ,BUY LIMIT,36.23,"pullback entry, old resistance acting as support"
HPQ,STOP LOSS,32.5057,"initial stop, below base support and the 30 week average"
HPQ,BREAKEVEN,40.2628,move the stop to entry here
HPQ,TARGET 1,52.5335,"measured move, sell part of the position (3.52R)"
HPQ,TARGET 2,65.5763,second measured move (6.46R)
HPQ,BUY LIMIT,25.6364,buy the 30 week average on a pullback in an established Stage 2
HPQ,STOP LOSS,22.56,"initial stop, below base support and the 30 week average"
HPQ,BREAKEVEN,27.9437,move the stop to entry here
HPQ,TARGET 1,36.23,"measured move, sell part of the position (3.44R)"
HPQ,TARGET 2,44.7049,second measured move (6.2R)
NTAP,BUY STOP,235.5094,"breakout trigger, above the base pivot"
NTAP,BUY LIMIT,231.3781,"pullback entry, old resistance acting as support"
NTAP,STOP LOSS,207.2483,"initial stop, below base support and the 30 week average"
NTAP,BREAKEVEN,256.7052,move the stop to entry here
NTAP,TARGET 1,335.4982,"measured move, sell part of the position (3.54R)"
NTAP,TARGET 2,418.7943,second measured move (6.49R)
NTAP,BUY LIMIT,160.2927,buy the 30 week average on a pullback in an established Stage 2
NTAP,STOP LOSS,141.0575,"initial stop, below base support and the 30 week average"
NTAP,BREAKEVEN,174.719,move the stop to entry here
NTAP,TARGET 1,238.08,"measured move, sell part of the position (4.04R)"
NTAP,TARGET 2,300.3099,second measured move (7.28R)
STRW,BUY STOP,14.7508,"breakout trigger, above the base pivot"
STRW,BUY LIMIT,14.57,"pullback entry, old resistance acting as support"
STRW,STOP LOSS,12.9807,"initial stop, below base support and the 30 week average"
STRW,BREAKEVEN,16.0783,move the stop to entry here
STRW,TARGET 1,17.7783,"measured move, sell part of the position (1.71R)"
STRW,TARGET 2,20.3449,second measured move (3.16R)
STRW,BUY LIMIT,13.2162,buy the 30 week average on a pullback in an established Stage 2
STRW,STOP LOSS,12.2762,"initial stop, below base support and the 30 week average"
STRW,BREAKEVEN,13.9212,move the stop to entry here
STRW,TARGET 1,14.6261,"measured move, sell part of the position (1.5R)"
STRW,TARGET 2,15.7541,second measured move (2.7R)
SCHW,BUY STOP,115.773,"breakout trigger, above the base pivot"
SCHW,BUY LIMIT,114.53,"pullback entry, old resistance acting as support"
SCHW,STOP LOSS,101.8803,"initial stop, below base support and the 30 week average"
SCHW,BREAKEVEN,126.1926,move the stop to entry here
SCHW,TARGET 1,145.3441,"measured move, sell part of the position (2.13R)"
SCHW,TARGET 2,169.9954,second measured move (3.9R)
SCHW,BUY LIMIT,97.9436,buy the 30 week average on a pullback in an established Stage 2
SCHW,STOP LOSS,91.4798,"initial stop, below base support and the 30 week average"
SCHW,BREAKEVEN,102.7915,move the stop to entry here
SCHW,TARGET 1,114.53,"measured move, sell part of the position (2.57R)"
SCHW,TARGET 2,127.7991,second measured move (4.62R)
EXPE,BUY STOP,348.3282,"breakout trigger, above the base pivot"
EXPE,BUY LIMIT,342.0,"pullback entry, old resistance acting as support"
EXPE,STOP LOSS,306.5288,"initial stop, below base support and the 30 week average"
EXPE,BREAKEVEN,379.6777,move the stop to entry here
EXPE,TARGET 1,478.3836,"measured move, sell part of the position (3.11R)"
EXPE,TARGET 2,587.4905,second measured move (5.72R)
EXPE,BUY LIMIT,263.6895,buy the 30 week average on a pullback in an established Stage 2
EXPE,STOP LOSS,232.0467,"initial stop, below base support and the 30 week average"
EXPE,BREAKEVEN,287.4215,move the stop to entry here
EXPE,TARGET 1,342.0,"measured move, sell part of the position (2.47R)"
EXPE,TARGET 2,404.6484,second measured move (4.45R)
NTNX,BUY STOP,75.5875,"breakout trigger, above the base pivot"
NTNX,BUY LIMIT,74.42,"pullback entry, old resistance acting as support"
NTNX,STOP LOSS,66.517,"initial stop, below base support and the 30 week average"
NTNX,BREAKEVEN,82.3903,move the stop to entry here
NTNX,TARGET 1,107.909,"measured move, sell part of the position (3.56R)"
NTNX,TARGET 2,134.7002,second measured move (6.52R)
NTNX,BUY LIMIT,54.6975,buy the 30 week average on a pullback in an established Stage 2
NTNX,STOP LOSS,48.6267,"initial stop, below base support and the 30 week average"
NTNX,BREAKEVEN,59.2506,move the stop to entry here
NTNX,TARGET 1,74.66,"measured move, sell part of the position (3.29R)"
NTNX,TARGET 2,90.63,second measured move (5.92R)
SMTC,BUY STOP,208.1689,"breakout trigger, above the base pivot"
SMTC,BUY LIMIT,201.99,"pullback entry, old resistance acting as support"
SMTC,STOP LOSS,183.1886,"initial stop, below base support and the 30 week average"
SMTC,BREAKEVEN,226.9041,move the stop to entry here
SMTC,TARGET 1,292.8855,"measured move, sell part of the position (3.39R)"
SMTC,TARGET 2,365.6019,second measured move (6.3R)
SMTC,BUY LIMIT,138.2436,buy the 30 week average on a pullback in an established Stage 2
SMTC,STOP LOSS,121.6543,"initial stop, below base support and the 30 week average"
SMTC,BREAKEVEN,150.6855,move the stop to entry here
SMTC,TARGET 1,201.99,"measured move, sell part of the position (3.84R)"
SMTC,TARGET 2,252.9872,second measured move (6.92R)
ESTC,BUY STOP,110.1811,"breakout trigger, above the base pivot"
ESTC,BUY LIMIT,108.0,"pullback entry, old resistance acting as support"
ESTC,STOP LOSS,96.9594,"initial stop, below base support and the 30 week average"
ESTC,BREAKEVEN,120.0974,move the stop to entry here
ESTC,TARGET 1,156.6,"measured move, sell part of the position (3.51R)"
ESTC,TARGET 2,195.48,second measured move (6.45R)
ESTC,BUY LIMIT,67.2895,buy the 30 week average on a pullback in an established Stage 2
ESTC,STOP LOSS,59.2147,"initial stop, below base support and the 30 week average"
ESTC,BREAKEVEN,73.3455,move the stop to entry here
ESTC,TARGET 1,108.0,"measured move, sell part of the position (5.04R)"
ESTC,TARGET 2,140.5684,second measured move (9.08R)
RBRK,BUY STOP,121.5949,"breakout trigger, above the base pivot"
RBRK,BUY LIMIT,118.82,"pullback entry, old resistance acting as support"
RBRK,STOP LOSS,107.0035,"initial stop, below base support and the 30 week average"
RBRK,BREAKEVEN,132.5384,move the stop to entry here
RBRK,TARGET 1,172.289,"measured move, sell part of the position (3.47R)"
RBRK,TARGET 2,215.0642,second measured move (6.41R)
RBRK,BUY LIMIT,78.5686,buy the 30 week average on a pullback in an established Stage 2
RBRK,STOP LOSS,69.1404,"initial stop, below base support and the 30 week average"
RBRK,BREAKEVEN,85.6398,move the stop to entry here
RBRK,TARGET 1,127.9,"measured move, sell part of the position (5.23R)"
RBRK,TARGET 2,167.3651,second measured move (9.42R)
TALO,BUY STOP,19.079,"breakout trigger, above the base pivot"
TALO,BUY LIMIT,18.725,"pullback entry, old resistance acting as support"
TALO,STOP LOSS,16.7895,"initial stop, below base support and the 30 week average"
TALO,BREAKEVEN,20.7961,move the stop to entry here
TALO,TARGET 1,24.98,"measured move, sell part of the position (2.58R)"
TALO,TARGET 2,29.984,second measured move (4.76R)
TALO,BUY LIMIT,15.5669,buy the 30 week average on a pullback in an established Stage 2
TALO,STOP LOSS,13.6989,"initial stop, below base support and the 30 week average"
TALO,BREAKEVEN,16.9679,move the stop to entry here
TALO,TARGET 1,18.725,"measured move, sell part of the position (1.69R)"
TALO,TARGET 2,21.2515,second measured move (3.04R)
TPCS,BUY STOP,6.4381,"breakout trigger, above the base pivot"
TPCS,BUY LIMIT,6.31,"pullback entry, old resistance acting as support"
TPCS,STOP LOSS,5.6655,"initial stop, below base support and the 30 week average"
TPCS,BREAKEVEN,7.0175,move the stop to entry here
TPCS,TARGET 1,9.1495,"measured move, sell part of the position (3.51R)"
TPCS,TARGET 2,11.4211,second measured move (6.45R)
TPCS,BUY LIMIT,4.5762,buy the 30 week average on a pullback in an established Stage 2
TPCS,STOP LOSS,4.0271,"initial stop, below base support and the 30 week average"
TPCS,BREAKEVEN,4.9881,move the stop to entry here
TPCS,TARGET 1,6.31,"measured move, sell part of the position (3.16R)"
TPCS,TARGET 2,7.697,second measured move (5.68R)
PRI,BUY STOP,329.2928,"breakout trigger, above the base pivot"
PRI,BUY LIMIT,325.9615,"pullback entry, old resistance acting as support"
PRI,STOP LOSS,289.7777,"initial stop, below base support and the 30 week average"
PRI,BREAKEVEN,358.9291,move the stop to entry here
PRI,TARGET 1,410.1418,"measured move, sell part of the position (2.05R)"
PRI,TARGET 2,477.4861,second measured move (3.75R)
PRI,BUY LIMIT,284.2084,buy the 30 week average on a pullback in an established Stage 2
PRI,STOP LOSS,266.1087,"initial stop, below base support and the 30 week average"
PRI,BREAKEVEN,297.7832,move the stop to entry here
PRI,TARGET 1,325.9615,"measured move, sell part of the position (2.31R)"
PRI,TARGET 2,359.3639,second measured move (4.15R)
STB.L,BUY STOP,1685.7967,"breakout trigger, above the base pivot"
STB.L,BUY LIMIT,1659.8641,"pullback entry, old resistance acting as support"
STB.L,STOP LOSS,1483.5011,"initial stop, below base support and the 30 week average"
STB.L,BREAKEVEN,1837.5184,move the stop to entry here
STB.L,TARGET 1,2145.0346,"measured move, sell part of the position (2.27R)"
STB.L,TARGET 2,2533.1711,second measured move (4.19R)
STB.L,BUY LIMIT,1430.0135,buy the 30 week average on a pullback in an established Stage 2
STB.L,STOP LOSS,1295.1638,"initial stop, below base support and the 30 week average"
STB.L,BREAKEVEN,1531.1508,move the stop to entry here
STB.L,TARGET 1,1659.8641,"measured move, sell part of the position (1.7R)"
STB.L,TARGET 2,1843.7445,second measured move (3.07R)
SWKS,BUY STOP,94.8869,"breakout trigger, above the base pivot"
SWKS,BUY LIMIT,92.8,"pullback entry, old resistance acting as support"
SWKS,STOP LOSS,83.5005,"initial stop, below base support and the 30 week average"
SWKS,BREAKEVEN,103.4267,move the stop to entry here
SWKS,TARGET 1,134.1174,"measured move, sell part of the position (3.45R)"
SWKS,TARGET 2,167.1712,second measured move (6.35R)
SWKS,BUY LIMIT,69.8224,buy the 30 week average on a pullback in an established Stage 2
SWKS,STOP LOSS,61.4437,"initial stop, below base support and the 30 week average"
SWKS,BREAKEVEN,76.1064,move the stop to entry here
SWKS,TARGET 1,92.8,"measured move, sell part of the position (2.74R)"
SWKS,TARGET 2,111.1821,second measured move (4.94R)
ATNI,BUY STOP,33.6916,"breakout trigger, above the base pivot"
ATNI,BUY LIMIT,33.0645,"pullback entry, old resistance acting as support"
ATNI,STOP LOSS,29.6486,"initial stop, below base support and the 30 week average"
ATNI,BREAKEVEN,36.7238,move the stop to entry here
ATNI,TARGET 1,44.324,"measured move, sell part of the position (2.63R)"
ATNI,TARGET 2,53.3316,second measured move (4.86R)
ATNI,BUY LIMIT,27.3054,buy the 30 week average on a pullback in an established Stage 2
ATNI,STOP LOSS,24.0287,"initial stop, below base support and the 30 week average"
ATNI,BREAKEVEN,29.7628,move the stop to entry here
ATNI,TARGET 1,33.0645,"measured move, sell part of the position (1.76R)"
ATNI,TARGET 2,37.6717,second measured move (3.16R)
GCV,BUY STOP,4.7208,"breakout trigger, above the base pivot"
GCV,BUY LIMIT,4.6723,"pullback entry, old resistance acting as support"
GCV,STOP LOSS,4.1543,"initial stop, below base support and the 30 week average"
GCV,BREAKEVEN,5.1457,move the stop to entry here
GCV,TARGET 1,5.4469,"measured move, sell part of the position (1.28R)"
GCV,TARGET 2,6.0667,second measured move (2.38R)
GCV,BUY LIMIT,4.3712,buy the 30 week average on a pullback in an established Stage 2
GCV,STOP LOSS,3.9714,"initial stop, below base support and the 30 week average"
GCV,BREAKEVEN,4.671,move the stop to entry here
GCV,TARGET 1,4.9708,"measured move, sell part of the position (1.5R)"
GCV,TARGET 2,5.4505,second measured move (2.7R)
NMIH,BUY STOP,47.3099,"breakout trigger, above the base pivot"
NMIH,BUY LIMIT,46.74,"pullback entry, old resistance acting as support"
NMIH,STOP LOSS,41.6328,"initial stop, below base support and the 30 week average"
NMIH,BREAKEVEN,51.5678,move the stop to entry here
NMIH,TARGET 1,58.36,"measured move, sell part of the position (1.95R)"
NMIH,TARGET 2,67.656,second measured move (3.58R)
NMIH,BUY LIMIT,40.6876,buy the 30 week average on a pullback in an established Stage 2
NMIH,STOP LOSS,35.8051,"initial stop, below base support and the 30 week average"
NMIH,BREAKEVEN,44.3495,move the stop to entry here
NMIH,TARGET 1,48.0114,"measured move, sell part of the position (1.5R)"
NMIH,TARGET 2,53.8704,second measured move (2.7R)
ITH.L,BUY STOP,304.2639,"breakout trigger, above the base pivot"
ITH.L,BUY LIMIT,298.6,"pullback entry, old resistance acting as support"
ITH.L,STOP LOSS,267.7522,"initial stop, below base support and the 30 week average"
ITH.L,BREAKEVEN,331.6477,move the stop to entry here
ITH.L,TARGET 1,385.8844,"measured move, sell part of the position (2.24R)"
ITH.L,TARGET 2,455.7119,second measured move (4.15R)
ITH.L,BUY LIMIT,256.4101,buy the 30 week average on a pullback in an established Stage 2
ITH.L,STOP LOSS,225.6409,"initial stop, below base support and the 30 week average"
ITH.L,BREAKEVEN,279.4871,move the stop to entry here
ITH.L,TARGET 1,302.564,"measured move, sell part of the position (1.5R)"
ITH.L,TARGET 2,339.487,second measured move (2.7R)
TARS,BUY STOP,93.3481,"breakout trigger, above the base pivot"
TARS,BUY LIMIT,91.53,"pullback entry, old resistance acting as support"
TARS,STOP LOSS,82.1464,"initial stop, below base support and the 30 week average"
TARS,BREAKEVEN,101.7495,move the stop to entry here
TARS,TARGET 1,129.17,"measured move, sell part of the position (3.2R)"
TARS,TARGET 2,159.282,second measured move (5.89R)
TARS,BUY LIMIT,67.6613,buy the 30 week average on a pullback in an established Stage 2
TARS,STOP LOSS,59.5419,"initial stop, below base support and the 30 week average"
TARS,BREAKEVEN,73.7508,move the stop to entry here
TARS,TARGET 1,91.53,"measured move, sell part of the position (2.94R)"
TARS,TARGET 2,110.625,second measured move (5.29R)
CRWD,BUY STOP,279.5497,"breakout trigger, above the base pivot"
CRWD,BUY LIMIT,273.535,"pullback entry, old resistance acting as support"
CRWD,STOP LOSS,246.0037,"initial stop, below base support and the 30 week average"
CRWD,BREAKEVEN,304.7092,move the stop to entry here
CRWD,TARGET 1,396.6258,"measured move, sell part of the position (3.49R)"
CRWD,TARGET 2,495.0984,second measured move (6.43R)
CRWD,BUY LIMIT,178.7369,buy the 30 week average on a pullback in an established Stage 2
CRWD,STOP LOSS,157.2884,"initial stop, below base support and the 30 week average"
CRWD,BREAKEVEN,194.8232,move the stop to entry here
CRWD,TARGET 1,286.99,"measured move, sell part of the position (5.05R)"
CRWD,TARGET 2,373.5925,second measured move (9.08R)
ACB,BUY STOP,4.3974,"breakout trigger, above the base pivot"
ACB,BUY LIMIT,4.3,"pullback entry, old resistance acting as support"
ACB,STOP LOSS,3.8697,"initial stop, below base support and the 30 week average"
ACB,BREAKEVEN,4.7932,move the stop to entry here
ACB,TARGET 1,6.04,"measured move, sell part of the position (3.11R)"
ACB,TARGET 2,7.432,second measured move (5.75R)
ACB,BUY LIMIT,3.4443,buy the 30 week average on a pullback in an established Stage 2
ACB,STOP LOSS,3.031,"initial stop, below base support and the 30 week average"
ACB,BREAKEVEN,3.7543,move the stop to entry here
ACB,TARGET 1,4.67,"measured move, sell part of the position (2.97R)"
ACB,TARGET 2,5.6506,second measured move (5.34R)
BBSI,BUY STOP,42.8277,"breakout trigger, above the base pivot"
BBSI,BUY LIMIT,42.1483,"pullback entry, old resistance acting as support"
BBSI,STOP LOSS,37.6883,"initial stop, below base support and the 30 week average"
BBSI,BREAKEVEN,46.6821,move the stop to entry here
BBSI,TARGET 1,57.9385,"measured move, sell part of the position (2.94R)"
BBSI,TARGET 2,70.5707,second measured move (5.4R)
BBSI,BUY LIMIT,33.1285,buy the 30 week average on a pullback in an established Stage 2
BBSI,STOP LOSS,29.2606,"initial stop, below base support and the 30 week average"
BBSI,BREAKEVEN,36.0295,move the stop to entry here
BBSI,TARGET 1,40.8514,"measured move, sell part of the position (2.0R)"
BBSI,TARGET 2,47.0297,second measured move (3.59R)
NREF,BUY STOP,18.1215,"breakout trigger, above the base pivot"
NREF,BUY LIMIT,17.8914,"pullback entry, old resistance acting as support"
NREF,STOP LOSS,15.9469,"initial stop, below base support and the 30 week average"
NREF,BREAKEVEN,19.7525,move the stop to entry here
NREF,TARGET 1,23.9364,"measured move, sell part of the position (2.67R)"
NREF,TARGET 2,28.7724,second measured move (4.9R)
NREF,BUY LIMIT,15.18,buy the 30 week average on a pullback in an established Stage 2
NREF,STOP LOSS,13.9835,"initial stop, below base support and the 30 week average"
NREF,BREAKEVEN,16.0774,move the stop to entry here
NREF,TARGET 1,17.8914,"measured move, sell part of the position (2.27R)"
NREF,TARGET 2,20.0606,second measured move (4.08R)
AMPL,BUY STOP,15.1334,"breakout trigger, above the base pivot"
AMPL,BUY LIMIT,14.76,"pullback entry, old resistance acting as support"
AMPL,STOP LOSS,13.3174,"initial stop, below base support and the 30 week average"
AMPL,BREAKEVEN,16.4954,move the stop to entry here
AMPL,TARGET 1,21.402,"measured move, sell part of the position (3.45R)"
AMPL,TARGET 2,26.7156,second measured move (6.38R)
AMPL,BUY LIMIT,9.5474,buy the 30 week average on a pullback in an established Stage 2
AMPL,STOP LOSS,8.4017,"initial stop, below base support and the 30 week average"
AMPL,BREAKEVEN,10.4066,move the stop to entry here
AMPL,TARGET 1,15.87,"measured move, sell part of the position (5.52R)"
AMPL,TARGET 2,20.9281,second measured move (9.93R)
MASS,BUY STOP,13.2357,"breakout trigger, above the base pivot"
MASS,BUY LIMIT,12.93,"pullback entry, old resistance acting as support"
MASS,STOP LOSS,11.6474,"initial stop, below base support and the 30 week average"
MASS,BREAKEVEN,14.4269,move the stop to entry here
MASS,TARGET 1,18.7485,"measured move, sell part of the position (3.47R)"
MASS,TARGET 2,23.4033,second measured move (6.4R)
MASS,BUY LIMIT,8.6826,buy the 30 week average on a pullback in an established Stage 2
MASS,STOP LOSS,7.6407,"initial stop, below base support and the 30 week average"
MASS,BREAKEVEN,9.464,move the stop to entry here
MASS,TARGET 1,13.348,"measured move, sell part of the position (4.48R)"
MASS,TARGET 2,17.0803,second measured move (8.06R)
TKNO,BUY STOP,9.7214,"breakout trigger, above the base pivot"
TKNO,BUY LIMIT,9.48,"pullback entry, old resistance acting as support"
TKNO,STOP LOSS,8.5549,"initial stop, below base support and the 30 week average"
TKNO,BREAKEVEN,10.5964,move the stop to entry here
TKNO,TARGET 1,13.746,"measured move, sell part of the position (3.45R)"
TKNO,TARGET 2,17.1588,second measured move (6.38R)
TKNO,BUY LIMIT,5.4539,buy the 30 week average on a pullback in an established Stage 2
TKNO,STOP LOSS,4.7994,"initial stop, below base support and the 30 week average"
TKNO,BREAKEVEN,5.9448,move the stop to entry here
TKNO,TARGET 1,9.48,"measured move, sell part of the position (6.15R)"
TKNO,TARGET 2,12.7009,second measured move (11.07R)
JILL,BUY STOP,25.5816,"breakout trigger, above the base pivot"
JILL,BUY LIMIT,25.135,"pullback entry, old resistance acting as support"
JILL,STOP LOSS,22.5118,"initial stop, below base support and the 30 week average"
JILL,BREAKEVEN,27.884,move the stop to entry here
JILL,TARGET 1,36.4458,"measured move, sell part of the position (3.54R)"
JILL,TARGET 2,45.4944,second measured move (6.49R)
JILL,BUY LIMIT,16.8796,buy the 30 week average on a pullback in an established Stage 2
JILL,STOP LOSS,14.8541,"initial stop, below base support and the 30 week average"
JILL,BREAKEVEN,18.3988,move the stop to entry here
JILL,TARGET 1,25.135,"measured move, sell part of the position (4.08R)"
JILL,TARGET 2,31.7393,second measured move (7.34R)
CRGY,BUY STOP,15.7527,"breakout trigger, above the base pivot"
CRGY,BUY LIMIT,15.47,"pullback entry, old resistance acting as support"
CRGY,STOP LOSS,13.8624,"initial stop, below base support and the 30 week average"
CRGY,BREAKEVEN,17.1704,move the stop to entry here
CRGY,TARGET 1,21.8899,"measured move, sell part of the position (3.25R)"
CRGY,TARGET 2,27.0258,second measured move (5.96R)
CRGY,BUY LIMIT,12.3134,buy the 30 week average on a pullback in an established Stage 2
CRGY,STOP LOSS,10.8358,"initial stop, below base support and the 30 week average"
CRGY,BREAKEVEN,13.4216,move the stop to entry here
CRGY,TARGET 1,15.47,"measured move, sell part of the position (2.14R)"
CRGY,TARGET 2,17.9953,second measured move (3.85R)
GNW,BUY STOP,10.8274,"breakout trigger, above the base pivot"
GNW,BUY LIMIT,10.69,"pullback entry, old resistance acting as support"
GNW,STOP LOSS,9.5281,"initial stop, below base support and the 30 week average"
GNW,BREAKEVEN,11.8019,move the stop to entry here
GNW,TARGET 1,13.54,"measured move, sell part of the position (2.09R)"
GNW,TARGET 2,15.82,second measured move (3.84R)
GNW,BUY LIMIT,9.3533,buy the 30 week average on a pullback in an established Stage 2
GNW,STOP LOSS,8.6388,"initial stop, below base support and the 30 week average"
GNW,BREAKEVEN,9.8892,move the stop to entry here
GNW,TARGET 1,10.69,"measured move, sell part of the position (1.87R)"
GNW,TARGET 2,11.7594,second measured move (3.37R)
DSX,BUY STOP,3.2573,"breakout trigger, above the base pivot"
DSX,BUY LIMIT,3.2,"pullback entry, old resistance acting as support"
DSX,STOP LOSS,2.8664,"initial stop, below base support and the 30 week average"
DSX,BREAKEVEN,3.5505,move the stop to entry here
DSX,TARGET 1,4.4075,"measured move, sell part of the position (2.94R)"
DSX,TARGET 2,5.3736,second measured move (5.41R)
DSX,BUY LIMIT,2.5261,buy the 30 week average on a pullback in an established Stage 2
DSX,STOP LOSS,2.2282,"initial stop, below base support and the 30 week average"
DSX,BREAKEVEN,2.7494,move the stop to entry here
DSX,TARGET 1,3.2,"measured move, sell part of the position (2.26R)"
DSX,TARGET 2,3.7392,second measured move (4.07R)
INFU,BUY STOP,13.4371,"breakout trigger, above the base pivot"
INFU,BUY LIMIT,13.2,"pullback entry, old resistance acting as support"
INFU,STOP LOSS,11.8247,"initial stop, below base support and the 30 week average"
INFU,BREAKEVEN,14.6465,move the stop to entry here
INFU,TARGET 1,18.36,"measured move, sell part of the position (3.05R)"
INFU,TARGET 2,22.488,second measured move (5.61R)
INFU,BUY LIMIT,10.5965,buy the 30 week average on a pullback in an established Stage 2
INFU,STOP LOSS,9.3249,"initial stop, below base support and the 30 week average"
INFU,BREAKEVEN,11.5502,move the stop to entry here
INFU,TARGET 1,13.85,"measured move, sell part of the position (2.56R)"
INFU,TARGET 2,16.4528,second measured move (4.61R)
CHPT,BUY STOP,11.6363,"breakout trigger, above the base pivot"
CHPT,BUY LIMIT,11.26,"pullback entry, old resistance acting as support"
CHPT,STOP LOSS,10.2399,"initial stop, below base support and the 30 week average"
CHPT,BREAKEVEN,12.6836,move the stop to entry here
CHPT,TARGET 1,16.327,"measured move, sell part of the position (3.36R)"
CHPT,TARGET 2,20.3806,second measured move (6.26R)
CHPT,BUY LIMIT,6.9112,buy the 30 week average on a pullback in an established Stage 2
CHPT,STOP LOSS,6.0818,"initial stop, below base support and the 30 week average"
CHPT,BREAKEVEN,7.5332,move the stop to entry here
CHPT,TARGET 1,11.26,"measured move, sell part of the position (5.24R)"
CHPT,TARGET 2,14.7391,second measured move (9.44R)
YORW,BUY STOP,34.9055,"breakout trigger, above the base pivot"
YORW,BUY LIMIT,34.5516,"pullback entry, old resistance acting as support"
YORW,STOP LOSS,30.7169,"initial stop, below base support and the 30 week average"
YORW,BREAKEVEN,38.0471,move the stop to entry here
YORW,TARGET 1,41.2605,"measured move, sell part of the position (1.52R)"
YORW,TARGET 2,46.6275,second measured move (2.8R)
OKTA,BUY STOP,221.2301,"breakout trigger, above the base pivot"
OKTA,BUY LIMIT,216.59,"pullback entry, old resistance acting as support"
OKTA,STOP LOSS,194.6825,"initial stop, below base support and the 30 week average"
OKTA,BREAKEVEN,241.1408,move the stop to entry here
OKTA,TARGET 1,314.0555,"measured move, sell part of the position (3.5R)"
OKTA,TARGET 2,392.0279,second measured move (6.43R)
OKTA,BUY LIMIT,129.9654,buy the 30 week average on a pullback in an established Stage 2
OKTA,STOP LOSS,114.3695,"initial stop, below base support and the 30 week average"
OKTA,BREAKEVEN,141.6622,move the stop to entry here
OKTA,TARGET 1,232.98,"measured move, sell part of the position (6.61R)"
OKTA,TARGET 2,315.3917,second measured move (11.89R)
MNOV,BUY STOP,3.9934,"breakout trigger, above the base pivot"
MNOV,BUY LIMIT,3.9,"pullback entry, old resistance acting as support"
MNOV,STOP LOSS,3.5142,"initial stop, below base support and the 30 week average"
MNOV,BREAKEVEN,4.3528,move the stop to entry here
MNOV,TARGET 1,5.655,"measured move, sell part of the position (3.47R)"
MNOV,TARGET 2,7.059,second measured move (6.4R)
MNOV,BUY LIMIT,1.5627,buy the 30 week average on a pullback in an established Stage 2
MNOV,STOP LOSS,1.3752,"initial stop, below base support and the 30 week average"
MNOV,BREAKEVEN,1.7033,move the stop to entry here
MNOV,TARGET 1,3.9,"measured move, sell part of the position (12.46R)"
MNOV,TARGET 2,5.7698,second measured move (22.44R)
FEAM,BUY STOP,4.0691,"breakout trigger, above the base pivot"
FEAM,BUY LIMIT,3.92,"pullback entry, old resistance acting as support"
FEAM,STOP LOSS,3.5808,"initial stop, below base support and the 30 week average"
FEAM,BREAKEVEN,4.4353,move the stop to entry here
FEAM,TARGET 1,5.684,"measured move, sell part of the position (3.31R)"
FEAM,TARGET 2,7.0952,second measured move (6.2R)
FEAM,BUY LIMIT,1.816,buy the 30 week average on a pullback in an established Stage 2
FEAM,STOP LOSS,1.598,"initial stop, below base support and the 30 week average"
FEAM,BREAKEVEN,1.9794,move the stop to entry here
FEAM,TARGET 1,4.095,"measured move, sell part of the position (10.46R)"
FEAM,TARGET 2,5.9182,second measured move (18.83R)
VCTR,BUY STOP,124.7929,"breakout trigger, above the base pivot"
VCTR,BUY LIMIT,122.9977,"pullback entry, old resistance acting as support"
VCTR,STOP LOSS,109.8178,"initial stop, below base support and the 30 week average"
VCTR,BREAKEVEN,136.0242,move the stop to entry here
VCTR,TARGET 1,178.3467,"measured move, sell part of the position (3.58R)"
VCTR,TARGET 2,222.6259,second measured move (6.53R)
VCTR,BUY LIMIT,92.6918,buy the 30 week average on a pullback in an established Stage 2
VCTR,STOP LOSS,83.3569,"initial stop, below base support and the 30 week average"
VCTR,BREAKEVEN,99.6929,move the stop to entry here
VCTR,TARGET 1,122.9977,"measured move, sell part of the position (3.25R)"
VCTR,TARGET 2,147.2425,second measured move (5.84R)
ZETA,BUY STOP,33.5871,"breakout trigger, above the base pivot"
ZETA,BUY LIMIT,32.81,"pullback entry, old resistance acting as support"
ZETA,STOP LOSS,29.5566,"initial stop, below base support and the 30 week average"
ZETA,BREAKEVEN,36.6099,move the stop to entry here
ZETA,TARGET 1,47.5745,"measured move, sell part of the position (3.47R)"
ZETA,TARGET 2,59.3861,second measured move (6.4R)
ZETA,BUY LIMIT,22.9428,buy the 30 week average on a pullback in an established Stage 2
ZETA,STOP LOSS,20.1897,"initial stop, below base support and the 30 week average"
ZETA,BREAKEVEN,25.0077,move the stop to entry here
ZETA,TARGET 1,34.8,"measured move, sell part of the position (4.31R)"
ZETA,TARGET 2,44.2857,second measured move (7.75R)
CGON,BUY STOP,82.7638,"breakout trigger, above the base pivot"
CGON,BUY LIMIT,80.97,"pullback entry, old resistance acting as support"
CGON,STOP LOSS,72.8322,"initial stop, below base support and the 30 week average"
CGON,BREAKEVEN,90.2126,move the stop to entry here
CGON,TARGET 1,108.73,"measured move, sell part of the position (2.61R)"
CGON,TARGET 2,130.938,second measured move (4.85R)
CGON,BUY LIMIT,69.5475,buy the 30 week average on a pullback in an established Stage 2
CGON,STOP LOSS,61.2018,"initial stop, below base support and the 30 week average"
CGON,BREAKEVEN,75.8068,move the stop to entry here
CGON,TARGET 1,82.0661,"measured move, sell part of the position (1.5R)"
CGON,TARGET 2,92.0809,second measured move (2.7R)
RFI,BUY STOP,11.7019,"breakout trigger, above the base pivot"
RFI,BUY LIMIT,11.6256,"pullback entry, old resistance acting as support"
RFI,STOP LOSS,10.2977,"initial stop, below base support and the 30 week average"
RFI,BREAKEVEN,12.7551,move the stop to entry here
RFI,TARGET 1,12.9151,"measured move, sell part of the position (0.86R)"
RFI,TARGET 2,13.9466,second measured move (1.6R)
SBET,BUY STOP,10.7136,"breakout trigger, above the base pivot"
SBET,BUY LIMIT,10.4,"pullback entry, old resistance acting as support"
SBET,STOP LOSS,9.428,"initial stop, below base support and the 30 week average"
SBET,BREAKEVEN,11.6778,move the stop to entry here
SBET,TARGET 1,15.08,"measured move, sell part of the position (3.4R)"
SBET,TARGET 2,18.824,second measured move (6.31R)
SBET,BUY LIMIT,7.0501,buy the 30 week average on a pullback in an established Stage 2
SBET,STOP LOSS,6.2041,"initial stop, below base support and the 30 week average"
SBET,BREAKEVEN,7.6846,move the stop to entry here
SBET,TARGET 1,10.4,"measured move, sell part of the position (3.96R)"
SBET,TARGET 2,13.0799,second measured move (7.13R)
FIVN,BUY STOP,40.9584,"breakout trigger, above the base pivot"
FIVN,BUY LIMIT,40.0,"pullback entry, old resistance acting as support"
FIVN,STOP LOSS,36.0434,"initial stop, below base support and the 30 week average"
FIVN,BREAKEVEN,44.6447,move the stop to entry here
FIVN,TARGET 1,58.0,"measured move, sell part of the position (3.47R)"
FIVN,TARGET 2,72.4,second measured move (6.4R)
FIVN,BUY LIMIT,25.4252,buy the 30 week average on a pullback in an established Stage 2
FIVN,STOP LOSS,22.3742,"initial stop, below base support and the 30 week average"
FIVN,BREAKEVEN,27.7135,move the stop to entry here
FIVN,TARGET 1,40.0,"measured move, sell part of the position (4.78R)"
FIVN,TARGET 2,51.6598,second measured move (8.6R)
SB,BUY STOP,9.4801,"breakout trigger, above the base pivot"
SB,BUY LIMIT,9.31,"pullback entry, old resistance acting as support"
SB,STOP LOSS,8.3425,"initial stop, below base support and the 30 week average"
SB,BREAKEVEN,10.3333,move the stop to entry here
SB,TARGET 1,12.8834,"measured move, sell part of the position (2.99R)"
SB,TARGET 2,15.7422,second measured move (5.5R)
SB,BUY LIMIT,7.28,buy the 30 week average on a pullback in an established Stage 2
SB,STOP LOSS,6.4064,"initial stop, below base support and the 30 week average"
SB,BREAKEVEN,7.9352,move the stop to entry here
SB,TARGET 1,9.31,"measured move, sell part of the position (2.32R)"
SB,TARGET 2,10.934,second measured move (4.18R)
FNKO,BUY STOP,7.5358,"breakout trigger, above the base pivot"
FNKO,BUY LIMIT,7.35,"pullback entry, old resistance acting as support"
FNKO,STOP LOSS,6.6315,"initial stop, below base support and the 30 week average"
FNKO,BREAKEVEN,8.214,move the stop to entry here
FNKO,TARGET 1,10.6575,"measured move, sell part of the position (3.45R)"
FNKO,TARGET 2,13.3035,second measured move (6.38R)
FNKO,BUY LIMIT,5.3353,buy the 30 week average on a pullback in an established Stage 2
FNKO,STOP LOSS,4.6951,"initial stop, below base support and the 30 week average"
FNKO,BREAKEVEN,5.8155,move the stop to entry here
FNKO,TARGET 1,7.35,"measured move, sell part of the position (3.15R)"
FNKO,TARGET 2,8.9617,second measured move (5.66R)
DB,BUY STOP,42.1665,"breakout trigger, above the base pivot"
DB,BUY LIMIT,41.62,"pullback entry, old resistance acting as support"
DB,STOP LOSS,37.1065,"initial stop, below base support and the 30 week average"
DB,BREAKEVEN,45.9615,move the stop to entry here
DB,TARGET 1,56.1094,"measured move, sell part of the position (2.76R)"
DB,TARGET 2,67.701,second measured move (5.05R)
DB,BUY LIMIT,34.3531,buy the 30 week average on a pullback in an established Stage 2
DB,STOP LOSS,31.5115,"initial stop, below base support and the 30 week average"
DB,BREAKEVEN,36.4843,move the stop to entry here
DB,TARGET 1,41.62,"measured move, sell part of the position (2.56R)"
DB,TARGET 2,47.4335,second measured move (4.6R)
GRAL,BUY STOP,155.322,"breakout trigger, above the base pivot"
GRAL,BUY LIMIT,151.457,"pullback entry, old resistance acting as support"
GRAL,STOP LOSS,136.6834,"initial stop, below base support and the 30 week average"
GRAL,BREAKEVEN,169.301,move the stop to entry here
GRAL,TARGET 1,219.6127,"measured move, sell part of the position (3.45R)"
GRAL,TARGET 2,274.1372,second measured move (6.37R)
GRAL,BUY LIMIT,73.5753,buy the 30 week average on a pullback in an established Stage 2
GRAL,STOP LOSS,64.7463,"initial stop, below base support and the 30 week average"
GRAL,BREAKEVEN,80.1971,move the stop to entry here
GRAL,TARGET 1,166.475,"measured move, sell part of the position (10.52R)"
GRAL,TARGET 2,240.7947,second measured move (18.94R)
ESNT,BUY STOP,70.901,"breakout trigger, above the base pivot"
ESNT,BUY LIMIT,70.07,"pullback entry, old resistance acting as support"
ESNT,STOP LOSS,62.3928,"initial stop, below base support and the 30 week average"
ESNT,BREAKEVEN,77.282,move the stop to entry here
ESNT,TARGET 1,85.0811,"measured move, sell part of the position (1.67R)"
ESNT,TARGET 2,97.09,second measured move (3.08R)
ESNT,BUY LIMIT,63.0996,buy the 30 week average on a pullback in an established Stage 2
ESNT,STOP LOSS,56.779,"initial stop, below base support and the 30 week average"
ESNT,BREAKEVEN,67.84,move the stop to entry here
ESNT,TARGET 1,72.5804,"measured move, sell part of the position (1.5R)"
ESNT,TARGET 2,80.1651,second measured move (2.7R)
PAYX,BUY STOP,129.7274,"breakout trigger, above the base pivot"
PAYX,BUY LIMIT,127.98,"pullback entry, old resistance acting as support"
PAYX,STOP LOSS,114.1601,"initial stop, below base support and the 30 week average"
PAYX,BREAKEVEN,141.4029,move the stop to entry here
PAYX,TARGET 1,172.4645,"measured move, sell part of the position (2.75R)"
PAYX,TARGET 2,208.0521,second measured move (5.03R)
PAYX,BUY LIMIT,103.9299,buy the 30 week average on a pullback in an established Stage 2
PAYX,STOP LOSS,94.8434,"initial stop, below base support and the 30 week average"
PAYX,BREAKEVEN,110.7448,move the stop to entry here
PAYX,TARGET 1,127.98,"measured move, sell part of the position (2.65R)"
PAYX,TARGET 2,147.2201,second measured move (4.76R)
PLTR,BUY STOP,199.146,"breakout trigger, above the base pivot"
PLTR,BUY LIMIT,194.78,"pullback entry, old resistance acting as support"
PLTR,STOP LOSS,175.2485,"initial stop, below base support and the 30 week average"
PLTR,BREAKEVEN,217.0691,move the stop to entry here
PLTR,TARGET 1,282.431,"measured move, sell part of the position (3.49R)"
PLTR,TARGET 2,352.5518,second measured move (6.42R)
PLTR,BUY LIMIT,152.6577,buy the 30 week average on a pullback in an established Stage 2
PLTR,STOP LOSS,134.3388,"initial stop, below base support and the 30 week average"
PLTR,BREAKEVEN,166.3969,move the stop to entry here
PLTR,TARGET 1,209.58,"measured move, sell part of the position (3.11R)"
PLTR,TARGET 2,255.1178,second measured move (5.59R)
TEN,BUY STOP,54.7851,"breakout trigger, above the base pivot"
TEN,BUY LIMIT,53.84,"pullback entry, old resistance acting as support"
TEN,STOP LOSS,48.2109,"initial stop, below base support and the 30 week average"
TEN,BREAKEVEN,59.7157,move the stop to entry here
TEN,TARGET 1,74.9902,"measured move, sell part of the position (3.07R)"
TEN,TARGET 2,91.9103,second measured move (5.65R)
TEN,BUY LIMIT,41.2085,buy the 30 week average on a pullback in an established Stage 2
TEN,STOP LOSS,36.2939,"initial stop, below base support and the 30 week average"
TEN,BREAKEVEN,44.8943,move the stop to entry here
TEN,TARGET 1,53.84,"measured move, sell part of the position (2.57R)"
TEN,TARGET 2,63.9452,second measured move (4.63R)
SM,BUY STOP,42.4145,"breakout trigger, above the base pivot"
SM,BUY LIMIT,41.56,"pullback entry, old resistance acting as support"
SM,STOP LOSS,37.3248,"initial stop, below base support and the 30 week average"
SM,BREAKEVEN,46.2318,move the stop to entry here
SM,TARGET 1,58.9692,"measured move, sell part of the position (3.25R)"
SM,TARGET 2,72.8966,second measured move (5.99R)
SM,BUY LIMIT,31.986,buy the 30 week average on a pullback in an established Stage 2
SM,STOP LOSS,28.1477,"initial stop, below base support and the 30 week average"
SM,BREAKEVEN,34.8648,move the stop to entry here
SM,TARGET 1,41.56,"measured move, sell part of the position (2.49R)"
SM,TARGET 2,49.2192,second measured move (4.49R)
AVPT,BUY STOP,14.6811,"breakout trigger, above the base pivot"
AVPT,BUY LIMIT,14.385,"pullback entry, old resistance acting as support"
AVPT,STOP LOSS,12.9194,"initial stop, below base support and the 30 week average"
AVPT,BREAKEVEN,16.0024,move the stop to entry here
AVPT,TARGET 1,19.935,"measured move, sell part of the position (2.98R)"
AVPT,TARGET 2,24.375,second measured move (5.5R)
AVPT,BUY LIMIT,11.8258,buy the 30 week average on a pullback in an established Stage 2
AVPT,STOP LOSS,10.4067,"initial stop, below base support and the 30 week average"
AVPT,BREAKEVEN,12.8901,move the stop to entry here
AVPT,TARGET 1,15.43,"measured move, sell part of the position (2.54R)"
AVPT,TARGET 2,18.3134,second measured move (4.57R)
SHOP,BUY STOP,162.9255,"breakout trigger, above the base pivot"
SHOP,BUY LIMIT,158.87,"pullback entry, old resistance acting as support"
SHOP,STOP LOSS,143.3744,"initial stop, below base support and the 30 week average"
SHOP,BREAKEVEN,177.5888,move the stop to entry here
SHOP,TARGET 1,223.74,"measured move, sell part of the position (3.11R)"
SHOP,TARGET 2,275.636,second measured move (5.76R)
SHOP,BUY LIMIT,127.9415,buy the 30 week average on a pullback in an established Stage 2
SHOP,STOP LOSS,112.5885,"initial stop, below base support and the 30 week average"
SHOP,BREAKEVEN,139.4563,move the stop to entry here
SHOP,TARGET 1,171.045,"measured move, sell part of the position (2.81R)"
SHOP,TARGET 2,205.5278,second measured move (5.05R)
CHCI,BUY STOP,22.5729,"breakout trigger, above the base pivot"
CHCI,BUY LIMIT,22.07,"pullback entry, old resistance acting as support"
CHCI,STOP LOSS,19.8641,"initial stop, below base support and the 30 week average"
CHCI,BREAKEVEN,24.6044,move the stop to entry here
CHCI,TARGET 1,32.0015,"measured move, sell part of the position (3.48R)"
CHCI,TARGET 2,39.9467,second measured move (6.41R)
CHCI,BUY LIMIT,17.3322,buy the 30 week average on a pullback in an established Stage 2
CHCI,STOP LOSS,15.2523,"initial stop, below base support and the 30 week average"
CHCI,BREAKEVEN,18.892,move the stop to entry here
CHCI,TARGET 1,22.07,"measured move, sell part of the position (2.28R)"
CHCI,TARGET 2,25.8603,second measured move (4.1R)
HMR,BUY STOP,2.0807,"breakout trigger, above the base pivot"
HMR,BUY LIMIT,2.015,"pullback entry, old resistance acting as support"
HMR,STOP LOSS,1.831,"initial stop, below base support and the 30 week average"
HMR,BREAKEVEN,2.2679,move the stop to entry here
HMR,TARGET 1,2.9218,"measured move, sell part of the position (3.37R)"
HMR,TARGET 2,3.6472,second measured move (6.27R)
HMR,BUY LIMIT,1.2438,buy the 30 week average on a pullback in an established Stage 2
HMR,STOP LOSS,1.0945,"initial stop, below base support and the 30 week average"
HMR,BREAKEVEN,1.3557,move the stop to entry here
HMR,TARGET 1,2.015,"measured move, sell part of the position (5.17R)"
HMR,TARGET 2,2.632,second measured move (9.3R)
PXS,BUY STOP,8.4923,"breakout trigger, above the base pivot"
PXS,BUY LIMIT,8.3,"pullback entry, old resistance acting as support"
PXS,STOP LOSS,7.4732,"initial stop, below base support and the 30 week average"
PXS,BREAKEVEN,9.2566,move the stop to entry here
PXS,TARGET 1,12.035,"measured move, sell part of the position (3.48R)"
PXS,TARGET 2,15.023,second measured move (6.41R)
PXS,BUY LIMIT,5.1296,buy the 30 week average on a pullback in an established Stage 2
PXS,STOP LOSS,4.514,"initial stop, below base support and the 30 week average"
PXS,BREAKEVEN,5.5912,move the stop to entry here
PXS,TARGET 1,8.3,"measured move, sell part of the position (5.15R)"
PXS,TARGET 2,10.8363,second measured move (9.27R)
SENS,BUY STOP,10.9263,"breakout trigger, above the base pivot"
SENS,BUY LIMIT,10.64,"pullback entry, old resistance acting as support"
SENS,STOP LOSS,9.6152,"initial stop, below base support and the 30 week average"
SENS,BREAKEVEN,11.9097,move the stop to entry here
SENS,TARGET 1,15.428,"measured move, sell part of the position (3.43R)"
SENS,TARGET 2,19.2584,second measured move (6.35R)
SENS,BUY LIMIT,7.1909,buy the 30 week average on a pullback in an established Stage 2
SENS,STOP LOSS,6.328,"initial stop, below base support and the 30 week average"
SENS,BREAKEVEN,7.838,move the stop to entry here
SENS,TARGET 1,10.64,"measured move, sell part of the position (4.0R)"
SENS,TARGET 2,13.3993,second measured move (7.19R)
BAC,BUY STOP,65.5827,"breakout trigger, above the base pivot"
BAC,BUY LIMIT,64.8989,"pullback entry, old resistance acting as support"
BAC,STOP LOSS,57.7128,"initial stop, below base support and the 30 week average"
BAC,BREAKEVEN,71.4852,move the stop to entry here
BAC,TARGET 1,84.1491,"measured move, sell part of the position (2.36R)"
BAC,TARGET 2,99.5492,second measured move (4.32R)
BAC,BUY LIMIT,56.18,buy the 30 week average on a pullback in an established Stage 2
BAC,STOP LOSS,51.5562,"initial stop, below base support and the 30 week average"
BAC,BREAKEVEN,59.6479,move the stop to entry here
BAC,TARGET 1,64.8989,"measured move, sell part of the position (1.89R)"
BAC,TARGET 2,71.874,second measured move (3.39R)
HAE,BUY STOP,112.2789,"breakout trigger, above the base pivot"
HAE,BUY LIMIT,110.45,"pullback entry, old resistance acting as support"
HAE,STOP LOSS,98.8054,"initial stop, below base support and the 30 week average"
HAE,BREAKEVEN,122.384,move the stop to entry here
HAE,TARGET 1,160.1525,"measured move, sell part of the position (3.55R)"
HAE,TARGET 2,199.9145,second measured move (6.5R)
HAE,BUY LIMIT,80.0899,buy the 30 week average on a pullback in an established Stage 2
HAE,STOP LOSS,70.5797,"initial stop, below base support and the 30 week average"
HAE,BREAKEVEN,87.2225,move the stop to entry here
HAE,TARGET 1,121.1925,"measured move, sell part of the position (4.32R)"
HAE,TARGET 2,154.0746,second measured move (7.78R)
SOTK,BUY STOP,6.5593,"breakout trigger, above the base pivot"
SOTK,BUY LIMIT,6.38,"pullback entry, old resistance acting as support"
SOTK,STOP LOSS,5.7722,"initial stop, below base support and the 30 week average"
SOTK,BREAKEVEN,7.1496,move the stop to entry here
SOTK,TARGET 1,8.98,"measured move, sell part of the position (3.08R)"
SOTK,TARGET 2,11.06,second measured move (5.72R)
SOTK,BUY LIMIT,5.1044,buy the 30 week average on a pullback in an established Stage 2
SOTK,STOP LOSS,4.4919,"initial stop, below base support and the 30 week average"
SOTK,BREAKEVEN,5.5638,move the stop to entry here
SOTK,TARGET 1,7.48,"measured move, sell part of the position (3.88R)"
SOTK,TARGET 2,9.3805,second measured move (6.98R)
XP,BUY STOP,22.2921,"breakout trigger, above the base pivot"
XP,BUY LIMIT,21.72,"pullback entry, old resistance acting as support"
XP,STOP LOSS,19.617,"initial stop, below base support and the 30 week average"
XP,BREAKEVEN,24.2984,move the stop to entry here
XP,TARGET 1,28.64,"measured move, sell part of the position (2.37R)"
XP,TARGET 2,34.176,second measured move (4.44R)
XP,BUY LIMIT,18.5121,buy the 30 week average on a pullback in an established Stage 2
XP,STOP LOSS,16.2907,"initial stop, below base support and the 30 week average"
XP,BREAKEVEN,20.1782,move the stop to entry here
XP,TARGET 1,32.29,"measured move, sell part of the position (6.2R)"
XP,TARGET 2,43.3123,second measured move (11.16R)
NXPL,BUY STOP,10.2302,"breakout trigger, above the base pivot"
NXPL,BUY LIMIT,9.94,"pullback entry, old resistance acting as support"
NXPL,STOP LOSS,9.0026,"initial stop, below base support and the 30 week average"
NXPL,BREAKEVEN,11.1509,move the stop to entry here
NXPL,TARGET 1,14.413,"measured move, sell part of the position (3.41R)"
NXPL,TARGET 2,17.9914,second measured move (6.32R)
NXPL,BUY LIMIT,6.9958,buy the 30 week average on a pullback in an established Stage 2
NXPL,STOP LOSS,6.1563,"initial stop, below base support and the 30 week average"
NXPL,BREAKEVEN,7.6254,move the stop to entry here
NXPL,TARGET 1,9.94,"measured move, sell part of the position (3.51R)"
NXPL,TARGET 2,12.2954,second measured move (6.31R)
AZTA,BUY STOP,43.0258,"breakout trigger, above the base pivot"
AZTA,BUY LIMIT,42.0,"pullback entry, old resistance acting as support"
AZTA,STOP LOSS,37.8627,"initial stop, below base support and the 30 week average"
AZTA,BREAKEVEN,46.8982,move the stop to entry here
AZTA,TARGET 1,60.9,"measured move, sell part of the position (3.46R)"
AZTA,TARGET 2,76.02,second measured move (6.39R)
AZTA,BUY LIMIT,27.3387,buy the 30 week average on a pullback in an established Stage 2
AZTA,STOP LOSS,24.058,"initial stop, below base support and the 30 week average"
AZTA,BREAKEVEN,29.7991,move the stop to entry here
AZTA,TARGET 1,46.41,"measured move, sell part of the position (5.81R)"
AZTA,TARGET 2,61.6671,second measured move (10.46R)
YARW,BUY STOP,48.3413,"breakout trigger, above the base pivot"
YARW,BUY LIMIT,46.95,"pullback entry, old resistance acting as support"
YARW,STOP LOSS,42.5403,"initial stop, below base support and the 30 week average"
YARW,BREAKEVEN,52.692,move the stop to entry here
YARW,TARGET 1,68.0775,"measured move, sell part of the position (3.4R)"
YARW,TARGET 2,84.9795,second measured move (6.32R)
YARW,BUY LIMIT,23.9386,buy the 30 week average on a pullback in an established Stage 2
YARW,STOP LOSS,21.066,"initial stop, below base support and the 30 week average"
YARW,BREAKEVEN,26.0931,move the stop to entry here
YARW,TARGET 1,44.276,"measured move, sell part of the position (7.08R)"
YARW,TARGET 2,60.5459,second measured move (12.74R)
ECOR,BUY STOP,13.103,"breakout trigger, above the base pivot"
ECOR,BUY LIMIT,12.7,"pullback entry, old resistance acting as support"
ECOR,STOP LOSS,11.5307,"initial stop, below base support and the 30 week average"
ECOR,BREAKEVEN,14.2823,move the stop to entry here
ECOR,TARGET 1,18.415,"measured move, sell part of the position (3.38R)"
ECOR,TARGET 2,22.987,second measured move (6.29R)
ECOR,BUY LIMIT,8.2214,buy the 30 week average on a pullback in an established Stage 2
ECOR,STOP LOSS,7.2348,"initial stop, below base support and the 30 week average"
ECOR,BREAKEVEN,8.9613,move the stop to entry here
ECOR,TARGET 1,12.7,"measured move, sell part of the position (4.54R)"
ECOR,TARGET 2,16.2829,second measured move (8.17R)
MTG,BUY STOP,32.0611,"breakout trigger, above the base pivot"
MTG,BUY LIMIT,31.7148,"pullback entry, old resistance acting as support"
MTG,STOP LOSS,28.2138,"initial stop, below base support and the 30 week average"
MTG,BREAKEVEN,34.9466,move the stop to entry here
MTG,TARGET 1,38.8753,"measured move, sell part of the position (1.77R)"
MTG,TARGET 2,44.6036,second measured move (3.26R)
MTG,BUY LIMIT,28.0172,buy the 30 week average on a pullback in an established Stage 2
MTG,STOP LOSS,25.3337,"initial stop, below base support and the 30 week average"
MTG,BREAKEVEN,30.0298,move the stop to entry here
MTG,TARGET 1,32.0424,"measured move, sell part of the position (1.5R)"
MTG,TARGET 2,35.2626,second measured move (2.7R)
XMTR,BUY STOP,110.7565,"breakout trigger, above the base pivot"
XMTR,BUY LIMIT,107.93,"pullback entry, old resistance acting as support"
XMTR,STOP LOSS,97.4657,"initial stop, below base support and the 30 week average"
XMTR,BREAKEVEN,120.7246,move the stop to entry here
XMTR,TARGET 1,156.4985,"measured move, sell part of the position (3.44R)"
XMTR,TARGET 2,195.3533,second measured move (6.37R)
XMTR,BUY LIMIT,82.1926,buy the 30 week average on a pullback in an established Stage 2
XMTR,STOP LOSS,72.3295,"initial stop, below base support and the 30 week average"
XMTR,BREAKEVEN,89.5899,move the stop to entry here
XMTR,TARGET 1,112.94,"measured move, sell part of the position (3.12R)"
XMTR,TARGET 2,137.5379,second measured move (5.61R)
GCT,BUY STOP,57.5619,"breakout trigger, above the base pivot"
GCT,BUY LIMIT,56.27,"pullback entry, old resistance acting as support"
GCT,STOP LOSS,50.6544,"initial stop, below base support and the 30 week average"
GCT,BREAKEVEN,62.7424,move the stop to entry here
GCT,TARGET 1,81.46,"measured move, sell part of the position (3.46R)"
GCT,TARGET 2,101.612,second measured move (6.38R)
GCT,BUY LIMIT,44.2376,buy the 30 week average on a pullback in an established Stage 2
GCT,STOP LOSS,38.9291,"initial stop, below base support and the 30 week average"
GCT,BREAKEVEN,48.219,move the stop to entry here
GCT,TARGET 1,57.4,"measured move, sell part of the position (2.48R)"
GCT,TARGET 2,67.9299,second measured move (4.46R)
FNWB,BUY STOP,12.6882,"breakout trigger, above the base pivot"
FNWB,BUY LIMIT,12.52,"pullback entry, old resistance acting as support"
FNWB,STOP LOSS,11.1656,"initial stop, below base support and the 30 week average"
FNWB,BREAKEVEN,13.8301,move the stop to entry here
FNWB,TARGET 1,16.6,"measured move, sell part of the position (2.57R)"
FNWB,TARGET 2,19.864,second measured move (4.71R)
FNWB,BUY LIMIT,10.4269,buy the 30 week average on a pullback in an established Stage 2
FNWB,STOP LOSS,9.2818,"initial stop, below base support and the 30 week average"
FNWB,BREAKEVEN,11.2858,move the stop to entry here
FNWB,TARGET 1,12.1446,"measured move, sell part of the position (1.5R)"
FNWB,TARGET 2,13.5188,second measured move (2.7R)
SVV,BUY STOP,12.9293,"breakout trigger, above the base pivot"
SVV,BUY LIMIT,12.69,"pullback entry, old resistance acting as support"
SVV,STOP LOSS,11.3778,"initial stop, below base support and the 30 week average"
SVV,BREAKEVEN,14.093,move the stop to entry here
SVV,TARGET 1,18.4005,"measured move, sell part of the position (3.53R)"
SVV,TARGET 2,22.9689,second measured move (6.47R)
TFIN,BUY STOP,84.766,"breakout trigger, above the base pivot"
TFIN,BUY LIMIT,83.52,"pullback entry, old resistance acting as support"
TFIN,STOP LOSS,74.5941,"initial stop, below base support and the 30 week average"
TFIN,BREAKEVEN,92.3949,move the stop to entry here
TFIN,TARGET 1,113.03,"measured move, sell part of the position (2.78R)"
TFIN,TARGET 2,136.638,second measured move (5.1R)
TFIN,BUY LIMIT,69.5674,buy the 30 week average on a pullback in an established Stage 2
TFIN,STOP LOSS,61.2193,"initial stop, below base support and the 30 week average"
TFIN,BREAKEVEN,75.8285,move the stop to entry here
TFIN,TARGET 1,82.0895,"measured move, sell part of the position (1.5R)"
TFIN,TARGET 2,92.1072,second measured move (2.7R)
LGL,BUY STOP,7.9981,"breakout trigger, above the base pivot"
LGL,BUY LIMIT,7.88,"pullback entry, old resistance acting as support"
LGL,STOP LOSS,7.0383,"initial stop, below base support and the 30 week average"
LGL,BREAKEVEN,8.7179,move the stop to entry here
LGL,TARGET 1,9.31,"measured move, sell part of the position (1.37R)"
LGL,TARGET 2,10.454,second measured move (2.56R)
MGAM.L,BUY STOP,277.8118,"breakout trigger, above the base pivot"
MGAM.L,BUY LIMIT,273.5,"pullback entry, old resistance acting as support"
MGAM.L,STOP LOSS,244.4744,"initial stop, below base support and the 30 week average"
MGAM.L,BREAKEVEN,302.8148,move the stop to entry here
MGAM.L,TARGET 1,367.256,"measured move, sell part of the position (2.68R)"
MGAM.L,TARGET 2,442.2607,second measured move (4.93R)
MGAM.L,BUY LIMIT,231.1652,buy the 30 week average on a pullback in an established Stage 2
MGAM.L,STOP LOSS,208.7439,"initial stop, below base support and the 30 week average"
MGAM.L,BREAKEVEN,247.9813,move the stop to entry here
MGAM.L,TARGET 1,294.5,"measured move, sell part of the position (2.82R)"
MGAM.L,TARGET 2,345.1678,second measured move (5.08R)
DSCV.L,BUY STOP,878.6996,"breakout trigger, above the base pivot"
DSCV.L,BUY LIMIT,863.0,"pullback entry, old resistance acting as support"
DSCV.L,STOP LOSS,773.2556,"initial stop, below base support and the 30 week average"
DSCV.L,BREAKEVEN,957.7825,move the stop to entry here
DSCV.L,TARGET 1,1221.0651,"measured move, sell part of the position (3.25R)"
DSCV.L,TARGET 2,1507.5172,second measured move (5.96R)
DSCV.L,BUY LIMIT,723.1738,buy the 30 week average on a pullback in an established Stage 2
DSCV.L,STOP LOSS,641.536,"initial stop, below base support and the 30 week average"
DSCV.L,BREAKEVEN,784.4021,move the stop to entry here
DSCV.L,TARGET 1,900.0,"measured move, sell part of the position (2.17R)"
DSCV.L,TARGET 2,1041.461,second measured move (3.9R)
OPRT,BUY STOP,8.848,"breakout trigger, above the base pivot"
OPRT,BUY LIMIT,8.66,"pullback entry, old resistance acting as support"
OPRT,STOP LOSS,7.7862,"initial stop, below base support and the 30 week average"
OPRT,BREAKEVEN,9.6443,move the stop to entry here
OPRT,TARGET 1,12.557,"measured move, sell part of the position (3.49R)"
OPRT,TARGET 2,15.6746,second measured move (6.43R)
OPRT,BUY LIMIT,6.3427,buy the 30 week average on a pullback in an established Stage 2
OPRT,STOP LOSS,5.5816,"initial stop, below base support and the 30 week average"
OPRT,BREAKEVEN,6.9135,move the stop to entry here
OPRT,TARGET 1,9.07,"measured move, sell part of the position (3.58R)"
OPRT,TARGET 2,11.2519,second measured move (6.45R)
BME.L,BUY STOP,266.3461,"breakout trigger, above the base pivot"
BME.L,BUY LIMIT,261.6,"pullback entry, old resistance acting as support"
BME.L,STOP LOSS,234.3846,"initial stop, below base support and the 30 week average"
BME.L,BREAKEVEN,290.3172,move the stop to entry here
BME.L,TARGET 1,379.32,"measured move, sell part of the position (3.53R)"
BME.L,TARGET 2,473.496,second measured move (6.48R)
BME.L,BUY LIMIT,205.4205,buy the 30 week average on a pullback in an established Stage 2
BME.L,STOP LOSS,180.77,"initial stop, below base support and the 30 week average"
BME.L,BREAKEVEN,223.9083,move the stop to entry here
BME.L,TARGET 1,268.4,"measured move, sell part of the position (2.55R)"
BME.L,TARGET 2,318.7836,second measured move (4.6R)
DBX,BUY STOP,38.7937,"breakout trigger, above the base pivot"
DBX,BUY LIMIT,38.17,"pullback entry, old resistance acting as support"
DBX,STOP LOSS,34.1384,"initial stop, below base support and the 30 week average"
DBX,BREAKEVEN,42.2851,move the stop to entry here
DBX,TARGET 1,54.645,"measured move, sell part of the position (3.41R)"
DBX,TARGET 2,67.825,second measured move (6.24R)
DBX,BUY LIMIT,29.5851,buy the 30 week average on a pullback in an established Stage 2
DBX,STOP LOSS,26.342,"initial stop, below base support and the 30 week average"
DBX,BREAKEVEN,32.0175,move the stop to entry here
DBX,TARGET 1,38.17,"measured move, sell part of the position (2.65R)"
DBX,TARGET 2,45.0379,second measured move (4.76R)
TBBB,BUY STOP,54.8504,"breakout trigger, above the base pivot"
TBBB,BUY LIMIT,54.0,"pullback entry, old resistance acting as support"
TBBB,STOP LOSS,48.2684,"initial stop, below base support and the 30 week average"
TBBB,BREAKEVEN,59.7869,move the stop to entry here
TBBB,TARGET 1,77.9,"measured move, sell part of the position (3.5R)"
TBBB,TARGET 2,97.02,second measured move (6.41R)
TBBB,BUY LIMIT,42.8782,buy the 30 week average on a pullback in an established Stage 2
TBBB,STOP LOSS,38.456,"initial stop, below base support and the 30 week average"
TBBB,BREAKEVEN,46.1948,move the stop to entry here
TBBB,TARGET 1,55.87,"measured move, sell part of the position (2.94R)"
TBBB,TARGET 2,66.2635,second measured move (5.29R)
LPG,BUY STOP,61.0516,"breakout trigger, above the base pivot"
LPG,BUY LIMIT,59.97,"pullback entry, old resistance acting as support"
LPG,STOP LOSS,53.7254,"initial stop, below base support and the 30 week average"
LPG,BREAKEVEN,66.5463,move the stop to entry here
LPG,TARGET 1,86.9565,"measured move, sell part of the position (3.54R)"
LPG,TARGET 2,108.5457,second measured move (6.48R)
LPG,BUY LIMIT,43.603,buy the 30 week average on a pullback in an established Stage 2
LPG,STOP LOSS,38.3707,"initial stop, below base support and the 30 week average"
LPG,BREAKEVEN,47.5273,move the stop to entry here
LPG,TARGET 1,59.97,"measured move, sell part of the position (3.13R)"
LPG,TARGET 2,73.0636,second measured move (5.63R)
NUTX,BUY STOP,229.9727,"breakout trigger, above the base pivot"
NUTX,BUY LIMIT,224.28,"pullback entry, old resistance acting as support"
NUTX,STOP LOSS,202.376,"initial stop, below base support and the 30 week average"
NUTX,BREAKEVEN,250.6702,move the stop to entry here
NUTX,TARGET 1,325.206,"measured move, sell part of the position (3.45R)"
NUTX,TARGET 2,405.9468,second measured move (6.38R)
NUTX,BUY LIMIT,157.2608,buy the 30 week average on a pullback in an established Stage 2
NUTX,STOP LOSS,138.3895,"initial stop, below base support and the 30 week average"
NUTX,BREAKEVEN,171.4142,move the stop to entry here
NUTX,TARGET 1,226.158,"measured move, sell part of the position (3.65R)"
NUTX,TARGET 2,281.2758,second measured move (6.57R)
ROP,BUY STOP,434.2601,"breakout trigger, above the base pivot"
ROP,BUY LIMIT,428.5218,"pullback entry, old resistance acting as support"
ROP,STOP LOSS,382.1489,"initial stop, below base support and the 30 week average"
ROP,BREAKEVEN,473.3435,move the stop to entry here
ROP,TARGET 1,552.615,"measured move, sell part of the position (2.27R)"
ROP,TARGET 2,651.8896,second measured move (4.18R)
ROP,BUY LIMIT,362.6764,buy the 30 week average on a pullback in an established Stage 2
ROP,STOP LOSS,332.8373,"initial stop, below base support and the 30 week average"
ROP,BREAKEVEN,385.0558,move the stop to entry here
ROP,TARGET 1,428.5218,"measured move, sell part of the position (2.21R)"
ROP,TARGET 2,481.1981,second measured move (3.97R)
TBI,BUY STOP,11.2744,"breakout trigger, above the base pivot"
TBI,BUY LIMIT,11.03,"pullback entry, old resistance acting as support"
TBI,STOP LOSS,9.9215,"initial stop, below base support and the 30 week average"
TBI,BREAKEVEN,12.2891,move the stop to entry here
TBI,TARGET 1,15.9935,"measured move, sell part of the position (3.49R)"
TBI,TARGET 2,19.9643,second measured move (6.42R)
TBI,BUY LIMIT,7.2418,buy the 30 week average on a pullback in an established Stage 2
TBI,STOP LOSS,6.3727,"initial stop, below base support and the 30 week average"
TBI,BREAKEVEN,7.8935,move the stop to entry here
TBI,TARGET 1,11.03,"measured move, sell part of the position (4.36R)"
TBI,TARGET 2,14.0606,second measured move (7.85R)
OCDO.L,BUY STOP,276.2855,"breakout trigger, above the base pivot"
OCDO.L,BUY LIMIT,268.5,"pullback entry, old resistance acting as support"
OCDO.L,STOP LOSS,243.1313,"initial stop, below base support and the 30 week average"
OCDO.L,BREAKEVEN,301.1513,move the stop to entry here
OCDO.L,TARGET 1,389.325,"measured move, sell part of the position (3.41R)"
OCDO.L,TARGET 2,485.985,second measured move (6.32R)
OCDO.L,BUY LIMIT,210.8375,buy the 30 week average on a pullback in an established Stage 2
OCDO.L,STOP LOSS,185.537,"initial stop, below base support and the 30 week average"
OCDO.L,BREAKEVEN,229.8129,move the stop to entry here
OCDO.L,TARGET 1,307.013,"measured move, sell part of the position (3.8R)"
OCDO.L,TARGET 2,383.9534,second measured move (6.84R)
APPN,BUY STOP,45.1087,"breakout trigger, above the base pivot"
APPN,BUY LIMIT,44.06,"pullback entry, old resistance acting as support"
APPN,STOP LOSS,39.6956,"initial stop, below base support and the 30 week average"
APPN,BREAKEVEN,49.1684,move the stop to entry here
APPN,TARGET 1,63.887,"measured move, sell part of the position (3.47R)"
APPN,TARGET 2,79.7486,second measured move (6.4R)
APPN,BUY LIMIT,28.3593,buy the 30 week average on a pullback in an established Stage 2
APPN,STOP LOSS,24.9562,"initial stop, below base support and the 30 week average"
APPN,BREAKEVEN,30.9116,move the stop to entry here
APPN,TARGET 1,44.06,"measured move, sell part of the position (4.61R)"
APPN,TARGET 2,56.6206,second measured move (8.3R)
MONY.L,BUY STOP,217.2531,"breakout trigger, above the base pivot"
MONY.L,BUY LIMIT,214.0,"pullback entry, old resistance acting as support"
MONY.L,STOP LOSS,191.1828,"initial stop, below base support and the 30 week average"
MONY.L,BREAKEVEN,236.8059,move the stop to entry here
MONY.L,TARGET 1,285.2225,"measured move, sell part of the position (2.61R)"
MONY.L,TARGET 2,342.2006,second measured move (4.79R)
MONY.L,BUY LIMIT,184.3721,buy the 30 week average on a pullback in an established Stage 2
MONY.L,STOP LOSS,166.9469,"initial stop, below base support and the 30 week average"
MONY.L,BREAKEVEN,197.4411,move the stop to entry here
MONY.L,TARGET 1,211.132,"measured move, sell part of the position (1.54R)"
MONY.L,TARGET 2,232.5399,second measured move (2.76R)
FET,BUY STOP,89.1693,"breakout trigger, above the base pivot"
FET,BUY LIMIT,87.42,"pullback entry, old resistance acting as support"
FET,STOP LOSS,78.469,"initial stop, below base support and the 30 week average"
FET,BREAKEVEN,97.1945,move the stop to entry here
FET,TARGET 1,126.759,"measured move, sell part of the position (3.51R)"
FET,TARGET 2,158.2302,second measured move (6.45R)
FET,BUY LIMIT,64.7057,buy the 30 week average on a pullback in an established Stage 2
FET,STOP LOSS,56.941,"initial stop, below base support and the 30 week average"
FET,BREAKEVEN,70.5292,move the stop to entry here
FET,TARGET 1,89.93,"measured move, sell part of the position (3.25R)"
FET,TARGET 2,110.1094,second measured move (5.85R)
CXW,BUY STOP,37.2339,"breakout trigger, above the base pivot"
CXW,BUY LIMIT,36.55,"pullback entry, old resistance acting as support"
CXW,STOP LOSS,32.7659,"initial stop, below base support and the 30 week average"
CXW,BREAKEVEN,40.585,move the stop to entry here
CXW,TARGET 1,52.9975,"measured move, sell part of the position (3.53R)"
CXW,TARGET 2,66.1555,second measured move (6.47R)
CXW,BUY LIMIT,27.7932,buy the 30 week average on a pullback in an established Stage 2
CXW,STOP LOSS,24.458,"initial stop, below base support and the 30 week average"
CXW,BREAKEVEN,30.2946,move the stop to entry here
CXW,TARGET 1,36.55,"measured move, sell part of the position (2.63R)"
CXW,TARGET 2,43.5554,second measured move (4.73R)
PKG,BUY STOP,261.3589,"breakout trigger, above the base pivot"
PKG,BUY LIMIT,258.3082,"pullback entry, old resistance acting as support"
PKG,STOP LOSS,229.9958,"initial stop, below base support and the 30 week average"
PKG,BREAKEVEN,284.8812,move the stop to entry here
PKG,TARGET 1,317.9747,"measured move, sell part of the position (1.81R)"
PKG,TARGET 2,365.7079,second measured move (3.33R)
PKG,BUY LIMIT,228.3015,buy the 30 week average on a pullback in an established Stage 2
PKG,STOP LOSS,212.4379,"initial stop, below base support and the 30 week average"
PKG,BREAKEVEN,240.1992,move the stop to entry here
PKG,TARGET 1,258.3082,"measured move, sell part of the position (1.89R)"
PKG,TARGET 2,282.3135,second measured move (3.4R)
HSHP,BUY STOP,19.8905,"breakout trigger, above the base pivot"
HSHP,BUY LIMIT,19.55,"pullback entry, old resistance acting as support"
HSHP,STOP LOSS,17.5036,"initial stop, below base support and the 30 week average"
HSHP,BREAKEVEN,21.6806,move the stop to entry here
HSHP,TARGET 1,27.681,"measured move, sell part of the position (3.26R)"
HSHP,TARGET 2,34.1858,second measured move (5.99R)
HSHP,BUY LIMIT,14.9689,buy the 30 week average on a pullback in an established Stage 2
HSHP,STOP LOSS,13.1985,"initial stop, below base support and the 30 week average"
HSHP,BREAKEVEN,16.2968,move the stop to entry here
HSHP,TARGET 1,19.55,"measured move, sell part of the position (2.59R)"
HSHP,TARGET 2,23.2148,second measured move (4.66R)
RCEL,BUY STOP,13.0831,"breakout trigger, above the base pivot"
RCEL,BUY LIMIT,12.76,"pullback entry, old resistance acting as support"
RCEL,STOP LOSS,11.5131,"initial stop, below base support and the 30 week average"
RCEL,BREAKEVEN,14.2606,move the stop to entry here
RCEL,TARGET 1,18.502,"measured move, sell part of the position (3.45R)"
RCEL,TARGET 2,23.0956,second measured move (6.38R)
RCEL,BUY LIMIT,6.5729,buy the 30 week average on a pullback in an established Stage 2
RCEL,STOP LOSS,5.7842,"initial stop, below base support and the 30 week average"
RCEL,BREAKEVEN,7.1645,move the stop to entry here
RCEL,TARGET 1,13.71,"measured move, sell part of the position (9.05R)"
RCEL,TARGET 2,19.4197,second measured move (16.29R)
AXGN,BUY STOP,54.111,"breakout trigger, above the base pivot"
AXGN,BUY LIMIT,52.91,"pullback entry, old resistance acting as support"
AXGN,STOP LOSS,47.6177,"initial stop, below base support and the 30 week average"
AXGN,BREAKEVEN,58.981,move the stop to entry here
AXGN,TARGET 1,76.7195,"measured move, sell part of the position (3.48R)"
AXGN,TARGET 2,95.7671,second measured move (6.42R)
AXGN,BUY LIMIT,41.9844,buy the 30 week average on a pullback in an established Stage 2
AXGN,STOP LOSS,36.9463,"initial stop, below base support and the 30 week average"
AXGN,BREAKEVEN,45.763,move the stop to entry here
AXGN,TARGET 1,52.91,"measured move, sell part of the position (2.17R)"
AXGN,TARGET 2,61.6505,second measured move (3.9R)
LIND,BUY STOP,36.2991,"breakout trigger, above the base pivot"
LIND,BUY LIMIT,35.49,"pullback entry, old resistance acting as support"
LIND,STOP LOSS,31.9432,"initial stop, below base support and the 30 week average"
LIND,BREAKEVEN,39.566,move the stop to entry here
LIND,TARGET 1,51.4605,"measured move, sell part of the position (3.48R)"
LIND,TARGET 2,64.2369,second measured move (6.41R)
LIND,BUY LIMIT,25.4916,buy the 30 week average on a pullback in an established Stage 2
LIND,STOP LOSS,22.4326,"initial stop, below base support and the 30 week average"
LIND,BREAKEVEN,27.7859,move the stop to entry here
LIND,TARGET 1,36.36,"measured move, sell part of the position (3.55R)"
LIND,TARGET 2,45.0547,second measured move (6.4R)
OMER,BUY STOP,21.7591,"breakout trigger, above the base pivot"
OMER,BUY LIMIT,21.24,"pullback entry, old resistance acting as support"
OMER,STOP LOSS,19.148,"initial stop, below base support and the 30 week average"
OMER,BREAKEVEN,23.7174,move the stop to entry here
OMER,TARGET 1,30.798,"measured move, sell part of the position (3.46R)"
OMER,TARGET 2,38.4444,second measured move (6.39R)
OMER,BUY LIMIT,13.6903,buy the 30 week average on a pullback in an established Stage 2
OMER,STOP LOSS,12.0475,"initial stop, below base support and the 30 week average"
OMER,BREAKEVEN,14.9224,move the stop to entry here
OMER,TARGET 1,21.24,"measured move, sell part of the position (4.6R)"
OMER,TARGET 2,27.2798,second measured move (8.27R)
LAD,BUY STOP,445.7894,"breakout trigger, above the base pivot"
LAD,BUY LIMIT,438.6713,"pullback entry, old resistance acting as support"
LAD,STOP LOSS,392.2947,"initial stop, below base support and the 30 week average"
LAD,BREAKEVEN,485.9105,move the stop to entry here
LAD,TARGET 1,636.0734,"measured move, sell part of the position (3.56R)"
LAD,TARGET 2,793.9951,second measured move (6.51R)
LAD,BUY LIMIT,313.4017,buy the 30 week average on a pullback in an established Stage 2
LAD,STOP LOSS,275.7935,"initial stop, below base support and the 30 week average"
LAD,BREAKEVEN,341.6078,move the stop to entry here
LAD,TARGET 1,395.67,"measured move, sell part of the position (2.19R)"
LAD,TARGET 2,461.4847,second measured move (3.94R)
AOUT,BUY STOP,18.074,"breakout trigger, above the base pivot"
AOUT,BUY LIMIT,17.689,"pullback entry, old resistance acting as support"
AOUT,STOP LOSS,15.9051,"initial stop, below base support and the 30 week average"
AOUT,BREAKEVEN,19.7006,move the stop to entry here
AOUT,TARGET 1,25.649,"measured move, sell part of the position (3.49R)"
AOUT,TARGET 2,32.0171,second measured move (6.43R)
AOUT,BUY LIMIT,11.991,buy the 30 week average on a pullback in an established Stage 2
AOUT,STOP LOSS,10.5521,"initial stop, below base support and the 30 week average"
AOUT,BREAKEVEN,13.0702,move the stop to entry here
AOUT,TARGET 1,17.689,"measured move, sell part of the position (3.96R)"
AOUT,TARGET 2,22.2474,second measured move (7.13R)
MAN,BUY STOP,65.0835,"breakout trigger, above the base pivot"
MAN,BUY LIMIT,63.88,"pullback entry, old resistance acting as support"
MAN,STOP LOSS,57.2735,"initial stop, below base support and the 30 week average"
MAN,BREAKEVEN,70.941,move the stop to entry here
MAN,TARGET 1,92.626,"measured move, sell part of the position (3.53R)"
MAN,TARGET 2,115.6228,second measured move (6.47R)
MAN,BUY LIMIT,42.5078,buy the 30 week average on a pullback in an established Stage 2
MAN,STOP LOSS,37.4069,"initial stop, below base support and the 30 week average"
MAN,BREAKEVEN,46.3335,move the stop to entry here
MAN,TARGET 1,63.88,"measured move, sell part of the position (4.19R)"
MAN,TARGET 2,80.9777,second measured move (7.54R)
MIY,BUY STOP,12.8443,"breakout trigger, above the base pivot"
MIY,BUY LIMIT,12.7425,"pullback entry, old resistance acting as support"
MIY,STOP LOSS,11.3029,"initial stop, below base support and the 30 week average"
MIY,BREAKEVEN,14.0002,move the stop to entry here
MIY,TARGET 1,14.4863,"measured move, sell part of the position (1.07R)"
MIY,TARGET 2,15.8813,second measured move (1.97R)
HPK,BUY STOP,9.4123,"breakout trigger, above the base pivot"
HPK,BUY LIMIT,9.129,"pullback entry, old resistance acting as support"
HPK,STOP LOSS,8.2828,"initial stop, below base support and the 30 week average"
HPK,BREAKEVEN,10.2594,move the stop to entry here
HPK,TARGET 1,13.237,"measured move, sell part of the position (3.39R)"
HPK,TARGET 2,16.5235,second measured move (6.3R)
HPK,BUY LIMIT,7.4276,buy the 30 week average on a pullback in an established Stage 2
HPK,STOP LOSS,6.5363,"initial stop, below base support and the 30 week average"
HPK,BREAKEVEN,8.0961,move the stop to entry here
HPK,TARGET 1,9.68,"measured move, sell part of the position (2.53R)"
HPK,TARGET 2,11.4819,second measured move (4.55R)
NSC,BUY STOP,360.5408,"breakout trigger, above the base pivot"
NSC,BUY LIMIT,357.1864,"pullback entry, old resistance acting as support"
NSC,STOP LOSS,317.2759,"initial stop, below base support and the 30 week average"
NSC,BREAKEVEN,392.9895,move the stop to entry here
NSC,TARGET 1,438.7607,"measured move, sell part of the position (1.81R)"
NSC,TARGET 2,504.0201,second measured move (3.32R)
NSC,BUY LIMIT,317.9249,buy the 30 week average on a pullback in an established Stage 2
NSC,STOP LOSS,300.4821,"initial stop, below base support and the 30 week average"
NSC,BREAKEVEN,331.0071,move the stop to entry here
NSC,TARGET 1,355.99,"measured move, sell part of the position (2.18R)"
NSC,TARGET 2,386.442,second measured move (3.93R)
HSDT,BUY LIMIT,2.138,buy the 30 week average on a pullback in an established Stage 2
HSDT,STOP LOSS,1.8815,"initial stop, below base support and the 30 week average"
HSDT,BREAKEVEN,2.3305,move the stop to entry here
HSDT,TARGET 1,3.422,"measured move, sell part of the position (5.0R)"
HSDT,TARGET 2,4.4492,second measured move (9.01R)
P,BUY STOP,144.2255,"breakout trigger, above the base pivot"
P,BUY LIMIT,140.83,"pullback entry, old resistance acting as support"
P,STOP LOSS,126.9184,"initial stop, below base support and the 30 week average"
P,BREAKEVEN,157.2058,move the stop to entry here
P,TARGET 1,204.2035,"measured move, sell part of the position (3.47R)"
P,TARGET 2,254.9023,second measured move (6.39R)
P,BUY LIMIT,87.1955,buy the 30 week average on a pullback in an established Stage 2
P,STOP LOSS,76.7321,"initial stop, below base support and the 30 week average"
P,BREAKEVEN,95.0431,move the stop to entry here
P,TARGET 1,157.05,"measured move, sell part of the position (6.68R)"
P,TARGET 2,212.9336,second measured move (12.02R)
FCH.L,BUY STOP,256.7821,"breakout trigger, above the base pivot"
FCH.L,BUY LIMIT,252.025,"pullback entry, old resistance acting as support"
FCH.L,STOP LOSS,225.9682,"initial stop, below base support and the 30 week average"
FCH.L,BREAKEVEN,279.8924,move the stop to entry here
FCH.L,TARGET 1,365.4362,"measured move, sell part of the position (3.53R)"
FCH.L,TARGET 2,456.1652,second measured move (6.47R)
FCH.L,BUY LIMIT,175.5762,buy the 30 week average on a pullback in an established Stage 2
FCH.L,STOP LOSS,154.507,"initial stop, below base support and the 30 week average"
FCH.L,BREAKEVEN,191.378,move the stop to entry here
FCH.L,TARGET 1,252.025,"measured move, sell part of the position (3.63R)"
FCH.L,TARGET 2,313.1841,second measured move (6.53R)
CRSR,BUY STOP,15.3463,"breakout trigger, above the base pivot"
CRSR,BUY LIMIT,14.978,"pullback entry, old resistance acting as support"
CRSR,STOP LOSS,13.5047,"initial stop, below base support and the 30 week average"
CRSR,BREAKEVEN,16.7275,move the stop to entry here
CRSR,TARGET 1,21.7181,"measured move, sell part of the position (3.46R)"
CRSR,TARGET 2,27.1102,second measured move (6.39R)
CRSR,BUY LIMIT,9.8493,buy the 30 week average on a pullback in an established Stage 2
CRSR,STOP LOSS,8.6674,"initial stop, below base support and the 30 week average"
CRSR,BREAKEVEN,10.7358,move the stop to entry here
CRSR,TARGET 1,14.978,"measured move, sell part of the position (4.34R)"
CRSR,TARGET 2,19.0809,second measured move (7.81R)
SKYH,BUY STOP,11.8669,"breakout trigger, above the base pivot"
SKYH,BUY LIMIT,11.696,"pullback entry, old resistance acting as support"
SKYH,STOP LOSS,10.4429,"initial stop, below base support and the 30 week average"
SKYH,BREAKEVEN,12.9349,move the stop to entry here
SKYH,TARGET 1,15.097,"measured move, sell part of the position (2.27R)"
SKYH,TARGET 2,17.8178,second measured move (4.18R)
SKYH,BUY LIMIT,10.0084,buy the 30 week average on a pullback in an established Stage 2
SKYH,STOP LOSS,8.9291,"initial stop, below base support and the 30 week average"
SKYH,BREAKEVEN,10.8178,move the stop to entry here
SKYH,TARGET 1,11.696,"measured move, sell part of the position (1.56R)"
SKYH,TARGET 2,13.0461,second measured move (2.81R)
CRDL,BUY STOP,2.3997,"breakout trigger, above the base pivot"
CRDL,BUY LIMIT,2.34,"pullback entry, old resistance acting as support"
CRDL,STOP LOSS,2.1118,"initial stop, below base support and the 30 week average"
CRDL,BREAKEVEN,2.6157,move the stop to entry here
CRDL,TARGET 1,3.393,"measured move, sell part of the position (3.45R)"
CRDL,TARGET 2,4.2354,second measured move (6.37R)
CRDL,BUY LIMIT,1.4181,buy the 30 week average on a pullback in an established Stage 2
CRDL,STOP LOSS,1.2479,"initial stop, below base support and the 30 week average"
CRDL,BREAKEVEN,1.5457,move the stop to entry here
CRDL,TARGET 1,2.34,"measured move, sell part of the position (5.42R)"
CRDL,TARGET 2,3.0775,second measured move (9.75R)
GIBO,BUY LIMIT,41.0835,buy the 30 week average on a pullback in an established Stage 2
GIBO,STOP LOSS,36.1535,"initial stop, below base support and the 30 week average"
GIBO,BREAKEVEN,44.781,move the stop to entry here
GIBO,TARGET 1,65.0,"measured move, sell part of the position (4.85R)"
GIBO,TARGET 2,84.1332,second measured move (8.73R)
TK,BUY STOP,15.1973,"breakout trigger, above the base pivot"
TK,BUY LIMIT,14.93,"pullback entry, old resistance acting as support"
TK,STOP LOSS,13.3736,"initial stop, below base support and the 30 week average"
TK,BREAKEVEN,16.5651,move the stop to entry here
TK,TARGET 1,20.06,"measured move, sell part of the position (2.67R)"
TK,TARGET 2,24.164,second measured move (4.92R)
TK,BUY LIMIT,12.3863,buy the 30 week average on a pullback in an established Stage 2
TK,STOP LOSS,10.8999,"initial stop, below base support and the 30 week average"
TK,BREAKEVEN,13.501,move the stop to entry here
TK,TARGET 1,15.5,"measured move, sell part of the position (2.09R)"
TK,TARGET 2,17.991,second measured move (3.77R)
USA.L,BUY STOP,391.7868,"breakout trigger, above the base pivot"
USA.L,BUY LIMIT,387.0,"pullback entry, old resistance acting as support"
USA.L,STOP LOSS,344.7723,"initial stop, below base support and the 30 week average"
USA.L,BREAKEVEN,427.0476,move the stop to entry here
USA.L,TARGET 1,509.965,"measured move, sell part of the position (2.51R)"
USA.L,TARGET 2,608.337,second measured move (4.61R)
USA.L,BUY LIMIT,332.3987,buy the 30 week average on a pullback in an established Stage 2
USA.L,STOP LOSS,298.2132,"initial stop, below base support and the 30 week average"
USA.L,BREAKEVEN,358.0378,move the stop to entry here
USA.L,TARGET 1,398.0,"measured move, sell part of the position (1.92R)"
USA.L,TARGET 2,450.481,second measured move (3.45R)
ADPT,BUY STOP,30.6326,"breakout trigger, above the base pivot"
ADPT,BUY LIMIT,29.96,"pullback entry, old resistance acting as support"
ADPT,STOP LOSS,26.9567,"initial stop, below base support and the 30 week average"
ADPT,BREAKEVEN,33.3895,move the stop to entry here
ADPT,TARGET 1,43.442,"measured move, sell part of the position (3.48R)"
ADPT,TARGET 2,54.2276,second measured move (6.42R)
ADPT,BUY LIMIT,20.1807,buy the 30 week average on a pullback in an established Stage 2
ADPT,STOP LOSS,17.759,"initial stop, below base support and the 30 week average"
ADPT,BREAKEVEN,21.997,move the stop to entry here
ADPT,TARGET 1,30.74,"measured move, sell part of the position (4.36R)"
ADPT,TARGET 2,39.1874,second measured move (7.85R)
NEWP,BUY STOP,7.7476,"breakout trigger, above the base pivot"
NEWP,BUY LIMIT,7.55,"pullback entry, old resistance acting as support"
NEWP,STOP LOSS,6.8179,"initial stop, below base support and the 30 week average"
NEWP,BREAKEVEN,8.4448,move the stop to entry here
NEWP,TARGET 1,10.9475,"measured move, sell part of the position (3.44R)"
NEWP,TARGET 2,13.6655,second measured move (6.37R)
NEWP,BUY LIMIT,5.2944,buy the 30 week average on a pullback in an established Stage 2
NEWP,STOP LOSS,4.659,"initial stop, below base support and the 30 week average"
NEWP,BREAKEVEN,5.7708,move the stop to entry here
NEWP,TARGET 1,7.55,"measured move, sell part of the position (3.55R)"
NEWP,TARGET 2,9.3545,second measured move (6.39R)
NNBR,BUY STOP,4.941,"breakout trigger, above the base pivot"
NNBR,BUY LIMIT,4.79,"pullback entry, old resistance acting as support"
NNBR,STOP LOSS,4.348,"initial stop, below base support and the 30 week average"
NNBR,BREAKEVEN,5.3856,move the stop to entry here
NNBR,TARGET 1,6.9455,"measured move, sell part of the position (3.38R)"
NNBR,TARGET 2,8.6699,second measured move (6.29R)
NNBR,BUY LIMIT,3.0521,buy the 30 week average on a pullback in an established Stage 2
NNBR,STOP LOSS,2.6858,"initial stop, below base support and the 30 week average"
NNBR,BREAKEVEN,3.3267,move the stop to entry here
NNBR,TARGET 1,4.79,"measured move, sell part of the position (4.75R)"
NNBR,TARGET 2,6.1804,second measured move (8.54R)
GBCI,BUY STOP,54.7671,"breakout trigger, above the base pivot"
GBCI,BUY LIMIT,54.1434,"pullback entry, old resistance acting as support"
GBCI,STOP LOSS,48.1951,"initial stop, below base support and the 30 week average"
GBCI,BREAKEVEN,59.6962,move the stop to entry here
GBCI,TARGET 1,67.3064,"measured move, sell part of the position (1.91R)"
GBCI,TARGET 2,77.8368,second measured move (3.51R)
FOSL,BUY STOP,7.2501,"breakout trigger, above the base pivot"
FOSL,BUY LIMIT,7.06,"pullback entry, old resistance acting as support"
FOSL,STOP LOSS,6.3801,"initial stop, below base support and the 30 week average"
FOSL,BREAKEVEN,7.9026,move the stop to entry here
FOSL,TARGET 1,10.237,"measured move, sell part of the position (3.43R)"
FOSL,TARGET 2,12.7786,second measured move (6.35R)
FOSL,BUY LIMIT,4.9214,buy the 30 week average on a pullback in an established Stage 2
FOSL,STOP LOSS,4.3308,"initial stop, below base support and the 30 week average"
FOSL,BREAKEVEN,5.3643,move the stop to entry here
FOSL,TARGET 1,7.33,"measured move, sell part of the position (4.08R)"
FOSL,TARGET 2,9.2569,second measured move (7.34R)
RCMT,BUY STOP,43.7902,"breakout trigger, above the base pivot"
RCMT,BUY LIMIT,43.09,"pullback entry, old resistance acting as support"
RCMT,STOP LOSS,38.5354,"initial stop, below base support and the 30 week average"
RCMT,BREAKEVEN,47.7313,move the stop to entry here
RCMT,TARGET 1,62.4805,"measured move, sell part of the position (3.56R)"
RCMT,TARGET 2,77.9929,second measured move (6.51R)
RCMT,BUY LIMIT,30.5647,buy the 30 week average on a pullback in an established Stage 2
RCMT,STOP LOSS,26.9237,"initial stop, below base support and the 30 week average"
RCMT,BREAKEVEN,33.2955,move the stop to entry here
RCMT,TARGET 1,43.68,"measured move, sell part of the position (3.6R)"
RCMT,TARGET 2,54.1722,second measured move (6.48R)
DT,BUY STOP,61.293,"breakout trigger, above the base pivot"
DT,BUY LIMIT,60.24,"pullback entry, old resistance acting as support"
DT,STOP LOSS,53.9378,"initial stop, below base support and the 30 week average"
DT,BREAKEVEN,66.8094,move the stop to entry here
DT,TARGET 1,87.348,"measured move, sell part of the position (3.54R)"
DT,TARGET 2,109.0344,second measured move (6.49R)
DT,BUY LIMIT,45.1499,buy the 30 week average on a pullback in an established Stage 2
DT,STOP LOSS,39.7319,"initial stop, below base support and the 30 week average"
DT,BREAKEVEN,49.2133,move the stop to entry here
DT,TARGET 1,63.777,"measured move, sell part of the position (3.44R)"
DT,TARGET 2,78.6787,second measured move (6.19R)
CSTE,BUY STOP,3.9463,"breakout trigger, above the base pivot"
CSTE,BUY LIMIT,3.84,"pullback entry, old resistance acting as support"
CSTE,STOP LOSS,3.4727,"initial stop, below base support and the 30 week average"
CSTE,BREAKEVEN,4.3015,move the stop to entry here
CSTE,TARGET 1,5.568,"measured move, sell part of the position (3.42R)"
CSTE,TARGET 2,6.9504,second measured move (6.34R)
CSTE,BUY LIMIT,2.2075,buy the 30 week average on a pullback in an established Stage 2
CSTE,STOP LOSS,1.9426,"initial stop, below base support and the 30 week average"
CSTE,BREAKEVEN,2.4062,move the stop to entry here
CSTE,TARGET 1,3.84,"measured move, sell part of the position (6.16R)"
CSTE,TARGET 2,5.146,second measured move (11.09R)
HALO,BUY STOP,118.4932,"breakout trigger, above the base pivot"
HALO,BUY LIMIT,116.85,"pullback entry, old resistance acting as support"
HALO,STOP LOSS,104.274,"initial stop, below base support and the 30 week average"
HALO,BREAKEVEN,129.1576,move the stop to entry here
HALO,TARGET 1,169.4325,"measured move, sell part of the position (3.58R)"
HALO,TARGET 2,211.4985,second measured move (6.54R)
HALO,BUY LIMIT,83.4529,buy the 30 week average on a pullback in an established Stage 2
HALO,STOP LOSS,74.9083,"initial stop, below base support and the 30 week average"
HALO,BREAKEVEN,89.8615,move the stop to entry here
HALO,TARGET 1,116.85,"measured move, sell part of the position (3.91R)"
HALO,TARGET 2,143.5676,second measured move (7.04R)
ARTNA,BUY STOP,37.34,"breakout trigger, above the base pivot"
ARTNA,BUY LIMIT,36.98,"pullback entry, old resistance acting as support"
ARTNA,STOP LOSS,32.8592,"initial stop, below base support and the 30 week average"
ARTNA,BREAKEVEN,40.7006,move the stop to entry here
ARTNA,TARGET 1,44.034,"measured move, sell part of the position (1.49R)"
ARTNA,TARGET 2,49.6772,second measured move (2.75R)
ARTNA,BUY LIMIT,33.2909,buy the 30 week average on a pullback in an established Stage 2
ARTNA,STOP LOSS,31.4187,"initial stop, below base support and the 30 week average"
ARTNA,BREAKEVEN,34.6951,move the stop to entry here
ARTNA,TARGET 1,36.98,"measured move, sell part of the position (1.97R)"
ARTNA,TARGET 2,39.9313,second measured move (3.55R)
PACB,BUY STOP,2.7422,"breakout trigger, above the base pivot"
PACB,BUY LIMIT,2.65,"pullback entry, old resistance acting as support"
PACB,STOP LOSS,2.4131,"initial stop, below base support and the 30 week average"
PACB,BREAKEVEN,2.989,move the stop to entry here
PACB,TARGET 1,3.8425,"measured move, sell part of the position (3.34R)"
PACB,TARGET 2,4.7965,second measured move (6.24R)
PACB,BUY LIMIT,1.5106,buy the 30 week average on a pullback in an established Stage 2
PACB,STOP LOSS,1.3293,"initial stop, below base support and the 30 week average"
PACB,BREAKEVEN,1.6465,move the stop to entry here
PACB,TARGET 1,3.44,"measured move, sell part of the position (10.64R)"
PACB,TARGET 2,4.9836,second measured move (19.16R)
PRQR,BUY STOP,2.5281,"breakout trigger, above the base pivot"
PRQR,BUY LIMIT,2.46,"pullback entry, old resistance acting as support"
PRQR,STOP LOSS,2.2247,"initial stop, below base support and the 30 week average"
PRQR,BREAKEVEN,2.7556,move the stop to entry here
PRQR,TARGET 1,3.567,"measured move, sell part of the position (3.42R)"
PRQR,TARGET 2,4.4526,second measured move (6.34R)
PRQR,BUY LIMIT,1.7609,buy the 30 week average on a pullback in an established Stage 2
PRQR,STOP LOSS,1.5496,"initial stop, below base support and the 30 week average"
PRQR,BREAKEVEN,1.9194,move the stop to entry here
PRQR,TARGET 1,2.46,"measured move, sell part of the position (3.31R)"
PRQR,TARGET 2,3.0193,second measured move (5.96R)
SFWL,BUY LIMIT,2.8285,buy the 30 week average on a pullback in an established Stage 2
SFWL,STOP LOSS,2.489,"initial stop, below base support and the 30 week average"
SFWL,BREAKEVEN,3.083,move the stop to entry here
SFWL,TARGET 1,15.6,"measured move, sell part of the position (37.63R)"
SFWL,TARGET 2,25.8172,second measured move (67.73R)
HUM,BUY STOP,437.1503,"breakout trigger, above the base pivot"
HUM,BUY LIMIT,428.88,"pullback entry, old resistance acting as support"
HUM,STOP LOSS,384.6922,"initial stop, below base support and the 30 week average"
HUM,BREAKEVEN,476.4938,move the stop to entry here
HUM,TARGET 1,621.876,"measured move, sell part of the position (3.52R)"
HUM,TARGET 2,776.2728,second measured move (6.46R)
HUM,BUY LIMIT,333.8785,buy the 30 week average on a pullback in an established Stage 2
HUM,STOP LOSS,293.8131,"initial stop, below base support and the 30 week average"
HUM,BREAKEVEN,363.9275,move the stop to entry here
HUM,TARGET 1,456.5,"measured move, sell part of the position (3.06R)"
HUM,TARGET 2,554.5972,second measured move (5.51R)
HNST,BUY STOP,6.1394,"breakout trigger, above the base pivot"
HNST,BUY LIMIT,6.01,"pullback entry, old resistance acting as support"
HNST,STOP LOSS,5.4027,"initial stop, below base support and the 30 week average"
HNST,BREAKEVEN,6.6919,move the stop to entry here
HNST,TARGET 1,8.7145,"measured move, sell part of the position (3.5R)"
HNST,TARGET 2,10.8781,second measured move (6.43R)
HNST,BUY LIMIT,4.1208,buy the 30 week average on a pullback in an established Stage 2
HNST,STOP LOSS,3.6263,"initial stop, below base support and the 30 week average"
HNST,BREAKEVEN,4.4916,move the stop to entry here
HNST,TARGET 1,6.01,"measured move, sell part of the position (3.82R)"
HNST,TARGET 2,7.5214,second measured move (6.88R)
CXM,BUY STOP,8.4376,"breakout trigger, above the base pivot"
CXM,BUY LIMIT,8.275,"pullback entry, old resistance acting as support"
CXM,STOP LOSS,7.4251,"initial stop, below base support and the 30 week average"
CXM,BREAKEVEN,9.1969,move the stop to entry here
CXM,TARGET 1,11.835,"measured move, sell part of the position (3.36R)"
CXM,TARGET 2,14.683,second measured move (6.17R)
CVI,BUY STOP,57.4882,"breakout trigger, above the base pivot"
CVI,BUY LIMIT,56.24,"pullback entry, old resistance acting as support"
CVI,STOP LOSS,50.5896,"initial stop, below base support and the 30 week average"
CVI,BREAKEVEN,62.6621,move the stop to entry here
CVI,TARGET 1,81.548,"measured move, sell part of the position (3.49R)"
CVI,TARGET 2,101.7944,second measured move (6.42R)
CVI,BUY LIMIT,37.0741,buy the 30 week average on a pullback in an established Stage 2
CVI,STOP LOSS,32.6252,"initial stop, below base support and the 30 week average"
CVI,BREAKEVEN,40.4108,move the stop to entry here
CVI,TARGET 1,61.09,"measured move, sell part of the position (5.4R)"
CVI,TARGET 2,80.3027,second measured move (9.72R)
TJGC,BUY STOP,37.8306,"breakout trigger, above the base pivot"
TJGC,BUY LIMIT,36.76,"pullback entry, old resistance acting as support"
TJGC,STOP LOSS,33.2909,"initial stop, below base support and the 30 week average"
TJGC,BREAKEVEN,41.2354,move the stop to entry here
TJGC,TARGET 1,53.302,"measured move, sell part of the position (3.41R)"
TJGC,TARGET 2,66.5356,second measured move (6.32R)
TJGC,BUY LIMIT,8.5059,buy the 30 week average on a pullback in an established Stage 2
TJGC,STOP LOSS,7.4852,"initial stop, below base support and the 30 week average"
TJGC,BREAKEVEN,9.2715,move the stop to entry here
TJGC,TARGET 1,36.76,"measured move, sell part of the position (27.68R)"
TJGC,TARGET 2,59.3632,second measured move (49.83R)
MLKN,BUY STOP,24.9621,"breakout trigger, above the base pivot"
MLKN,BUY LIMIT,24.5122,"pullback entry, old resistance acting as support"
MLKN,STOP LOSS,21.9666,"initial stop, below base support and the 30 week average"
MLKN,BREAKEVEN,27.2086,move the stop to entry here
MLKN,TARGET 1,35.4519,"measured move, sell part of the position (3.5R)"
MLKN,TARGET 2,44.2036,second measured move (6.42R)
MLKN,BUY LIMIT,19.0741,buy the 30 week average on a pullback in an established Stage 2
MLKN,STOP LOSS,16.7852,"initial stop, below base support and the 30 week average"
MLKN,BREAKEVEN,20.7908,move the stop to entry here
MLKN,TARGET 1,24.5122,"measured move, sell part of the position (2.38R)"
MLKN,TARGET 2,28.8627,second measured move (4.28R)
CCK,BUY STOP,124.308,"breakout trigger, above the base pivot"
CCK,BUY LIMIT,122.91,"pullback entry, old resistance acting as support"
CCK,STOP LOSS,109.3911,"initial stop, below base support and the 30 week average"
CCK,BREAKEVEN,135.4958,move the stop to entry here
CCK,TARGET 1,154.7717,"measured move, sell part of the position (2.04R)"
CCK,TARGET 2,180.261,second measured move (3.75R)
FRO,BUY STOP,55.9041,"breakout trigger, above the base pivot"
FRO,BUY LIMIT,54.91,"pullback entry, old resistance acting as support"
FRO,STOP LOSS,49.1956,"initial stop, below base support and the 30 week average"
FRO,BREAKEVEN,60.9354,move the stop to entry here
FRO,TARGET 1,79.6195,"measured move, sell part of the position (3.54R)"
FRO,TARGET 2,99.3871,second measured move (6.48R)
FRO,BUY LIMIT,37.9785,buy the 30 week average on a pullback in an established Stage 2
FRO,STOP LOSS,33.4211,"initial stop, below base support and the 30 week average"
FRO,BREAKEVEN,41.3966,move the stop to entry here
FRO,TARGET 1,56.86,"measured move, sell part of the position (4.14R)"
FRO,TARGET 2,71.9652,second measured move (7.46R)
DINO,BUY STOP,120.5216,"breakout trigger, above the base pivot"
DINO,BUY LIMIT,118.39,"pullback entry, old resistance acting as support"
DINO,STOP LOSS,106.059,"initial stop, below base support and the 30 week average"
DINO,BREAKEVEN,131.3685,move the stop to entry here
DINO,TARGET 1,171.6655,"measured move, sell part of the position (3.54R)"
DINO,TARGET 2,214.2859,second measured move (6.48R)
DINO,BUY LIMIT,82.0367,buy the 30 week average on a pullback in an established Stage 2
DINO,STOP LOSS,72.1923,"initial stop, below base support and the 30 week average"
DINO,BREAKEVEN,89.42,move the stop to entry here
DINO,TARGET 1,124.22,"measured move, sell part of the position (4.29R)"
DINO,TARGET 2,157.9666,second measured move (7.71R)
DAC,BUY STOP,167.2915,"breakout trigger, above the base pivot"
DAC,BUY LIMIT,165.25,"pullback entry, old resistance acting as support"
DAC,STOP LOSS,147.2166,"initial stop, below base support and the 30 week average"
DAC,BREAKEVEN,182.3478,move the stop to entry here
DAC,TARGET 1,225.7043,"measured move, sell part of the position (2.91R)"
DAC,TARGET 2,274.0678,second measured move (5.32R)
DAC,BUY LIMIT,134.8163,buy the 30 week average on a pullback in an established Stage 2
DAC,STOP LOSS,124.2003,"initial stop, below base support and the 30 week average"
DAC,BREAKEVEN,142.7783,move the stop to entry here
DAC,TARGET 1,171.09,"measured move, sell part of the position (3.42R)"
DAC,TARGET 2,200.109,second measured move (6.15R)
QMCO,BUY STOP,36.2735,"breakout trigger, above the base pivot"
QMCO,BUY LIMIT,35.17,"pullback entry, old resistance acting as support"
QMCO,STOP LOSS,31.9207,"initial stop, below base support and the 30 week average"
QMCO,BREAKEVEN,39.5381,move the stop to entry here
QMCO,TARGET 1,50.9965,"measured move, sell part of the position (3.38R)"
QMCO,TARGET 2,63.6577,second measured move (6.29R)
QMCO,BUY LIMIT,15.0739,buy the 30 week average on a pullback in an established Stage 2
QMCO,STOP LOSS,13.265,"initial stop, below base support and the 30 week average"
QMCO,BREAKEVEN,16.4306,move the stop to entry here
QMCO,TARGET 1,35.65,"measured move, sell part of the position (11.38R)"
QMCO,TARGET 2,52.1109,second measured move (20.48R)
CWT,BUY STOP,53.9833,"breakout trigger, above the base pivot"
CWT,BUY LIMIT,53.4632,"pullback entry, old resistance acting as support"
CWT,STOP LOSS,47.5053,"initial stop, below base support and the 30 week average"
CWT,BREAKEVEN,58.8418,move the stop to entry here
CWT,TARGET 1,65.6348,"measured move, sell part of the position (1.8R)"
CWT,TARGET 2,75.3721,second measured move (3.3R)
CWT,BUY LIMIT,47.0259,buy the 30 week average on a pullback in an established Stage 2
CWT,STOP LOSS,44.3211,"initial stop, below base support and the 30 week average"
CWT,BREAKEVEN,49.0544,move the stop to entry here
CWT,TARGET 1,51.083,"measured move, sell part of the position (1.5R)"
CWT,TARGET 2,54.3287,second measured move (2.7R)
ECO,BUY STOP,89.3207,"breakout trigger, above the base pivot"
ECO,BUY LIMIT,87.71,"pullback entry, old resistance acting as support"
ECO,STOP LOSS,78.6022,"initial stop, below base support and the 30 week average"
ECO,BREAKEVEN,97.3596,move the stop to entry here
ECO,TARGET 1,127.1795,"measured move, sell part of the position (3.53R)"
ECO,TARGET 2,158.7551,second measured move (6.48R)
ECO,BUY LIMIT,56.8392,buy the 30 week average on a pullback in an established Stage 2
ECO,STOP LOSS,50.0185,"initial stop, below base support and the 30 week average"
ECO,BREAKEVEN,61.9547,move the stop to entry here
ECO,TARGET 1,94.98,"measured move, sell part of the position (5.59R)"
ECO,TARGET 2,125.4926,second measured move (10.07R)
BOY.L,BUY STOP,979.1711,"breakout trigger, above the base pivot"
BOY.L,BUY LIMIT,967.424,"pullback entry, old resistance acting as support"
BOY.L,STOP LOSS,861.6706,"initial stop, below base support and the 30 week average"
BOY.L,BREAKEVEN,1067.2965,move the stop to entry here
BOY.L,TARGET 1,1342.0343,"measured move, sell part of the position (3.09R)"
BOY.L,TARGET 2,1641.7225,second measured move (5.64R)
BOY.L,BUY LIMIT,777.2618,buy the 30 week average on a pullback in an established Stage 2
BOY.L,STOP LOSS,702.6968,"initial stop, below base support and the 30 week average"
BOY.L,BREAKEVEN,833.1855,move the stop to entry here
BOY.L,TARGET 1,967.424,"measured move, sell part of the position (2.55R)"
BOY.L,TARGET 2,1119.5538,second measured move (4.59R)
ASBP,BUY LIMIT,5.494,buy the 30 week average on a pullback in an established Stage 2
ASBP,STOP LOSS,4.8347,"initial stop, below base support and the 30 week average"
ASBP,BREAKEVEN,5.9885,move the stop to entry here
ASBP,TARGET 1,9.5,"measured move, sell part of the position (6.08R)"
ASBP,TARGET 2,12.7048,second measured move (10.94R)
TRNO,BUY STOP,78.9708,"breakout trigger, above the base pivot"
TRNO,BUY LIMIT,78.2608,"pullback entry, old resistance acting as support"
TRNO,STOP LOSS,69.4943,"initial stop, below base support and the 30 week average"
TRNO,BREAKEVEN,86.0782,move the stop to entry here
TRNO,TARGET 1,98.534,"measured move, sell part of the position (2.06R)"
TRNO,TARGET 2,114.7526,second measured move (3.78R)
TRNO,BUY LIMIT,65.8588,buy the 30 week average on a pullback in an established Stage 2
TRNO,STOP LOSS,62.1669,"initial stop, below base support and the 30 week average"
TRNO,BREAKEVEN,68.6278,move the stop to entry here
TRNO,TARGET 1,72.1043,"measured move, sell part of the position (1.69R)"
TRNO,TARGET 2,77.1006,second measured move (3.04R)
ASST,BUY STOP,33.1857,"breakout trigger, above the base pivot"
ASST,BUY LIMIT,32.08,"pullback entry, old resistance acting as support"
ASST,STOP LOSS,29.2034,"initial stop, below base support and the 30 week average"
ASST,BREAKEVEN,36.1724,move the stop to entry here
ASST,TARGET 1,46.516,"measured move, sell part of the position (3.35R)"
ASST,TARGET 2,58.0648,second measured move (6.25R)
ASST,BUY LIMIT,17.3966,buy the 30 week average on a pullback in an established Stage 2
ASST,STOP LOSS,15.309,"initial stop, below base support and the 30 week average"
ASST,BREAKEVEN,18.9623,move the stop to entry here
ASST,TARGET 1,32.08,"measured move, sell part of the position (7.03R)"
ASST,TARGET 2,43.8267,second measured move (12.66R)
BAFN,BUY STOP,9.8632,"breakout trigger, above the base pivot"
BAFN,BUY LIMIT,9.5,"pullback entry, old resistance acting as support"
BAFN,STOP LOSS,8.6796,"initial stop, below base support and the 30 week average"
BAFN,BREAKEVEN,10.7509,move the stop to entry here
BAFN,TARGET 1,13.775,"measured move, sell part of the position (3.31R)"
BAFN,TARGET 2,17.195,second measured move (6.19R)
BAFN,BUY LIMIT,6.6459,buy the 30 week average on a pullback in an established Stage 2
BAFN,STOP LOSS,5.8484,"initial stop, below base support and the 30 week average"
BAFN,BREAKEVEN,7.2441,move the stop to entry here
BAFN,TARGET 1,9.5,"measured move, sell part of the position (3.58R)"
BAFN,TARGET 2,11.7833,second measured move (6.44R)
NVAX,BUY STOP,11.9383,"breakout trigger, above the base pivot"
NVAX,BUY LIMIT,11.61,"pullback entry, old resistance acting as support"
NVAX,STOP LOSS,10.5057,"initial stop, below base support and the 30 week average"
NVAX,BREAKEVEN,13.0128,move the stop to entry here
NVAX,TARGET 1,16.8345,"measured move, sell part of the position (3.42R)"
NVAX,TARGET 2,21.0141,second measured move (6.34R)
NVAX,BUY LIMIT,9.2837,buy the 30 week average on a pullback in an established Stage 2
NVAX,STOP LOSS,8.1696,"initial stop, below base support and the 30 week average"
NVAX,BREAKEVEN,10.1192,move the stop to entry here
NVAX,TARGET 1,13.39,"measured move, sell part of the position (3.69R)"
NVAX,TARGET 2,16.6751,second measured move (6.63R)
FWDI,BUY STOP,9.0531,"breakout trigger, above the base pivot"
FWDI,BUY LIMIT,8.76,"pullback entry, old resistance acting as support"
FWDI,STOP LOSS,7.9667,"initial stop, below base support and the 30 week average"
FWDI,BREAKEVEN,9.8679,move the stop to entry here
FWDI,TARGET 1,12.702,"measured move, sell part of the position (3.36R)"
FWDI,TARGET 2,15.8556,second measured move (6.26R)
FWDI,BUY LIMIT,5.1766,buy the 30 week average on a pullback in an established Stage 2
FWDI,STOP LOSS,4.5554,"initial stop, below base support and the 30 week average"
FWDI,BREAKEVEN,5.6425,move the stop to entry here
FWDI,TARGET 1,8.76,"measured move, sell part of the position (5.77R)"
FWDI,TARGET 2,11.6267,second measured move (10.38R)
GPRE,BUY STOP,20.0546,"breakout trigger, above the base pivot"
GPRE,BUY LIMIT,19.65,"pullback entry, old resistance acting as support"
GPRE,STOP LOSS,17.6481,"initial stop, below base support and the 30 week average"
GPRE,BREAKEVEN,21.8596,move the stop to entry here
GPRE,TARGET 1,25.87,"measured move, sell part of the position (2.42R)"
GPRE,TARGET 2,30.846,second measured move (4.48R)
GPRE,BUY LIMIT,16.0285,buy the 30 week average on a pullback in an established Stage 2
GPRE,STOP LOSS,14.1051,"initial stop, below base support and the 30 week average"
GPRE,BREAKEVEN,17.4711,move the stop to entry here
GPRE,TARGET 1,18.9136,"measured move, sell part of the position (1.5R)"
GPRE,TARGET 2,21.2217,second measured move (2.7R)
GAMA.L,BUY STOP,1223.7328,"breakout trigger, above the base pivot"
GAMA.L,BUY LIMIT,1207.0,"pullback entry, old resistance acting as support"
GAMA.L,STOP LOSS,1076.8849,"initial stop, below base support and the 30 week average"
GAMA.L,BREAKEVEN,1333.8687,move the stop to entry here
GAMA.L,TARGET 1,1727.1043,"measured move, sell part of the position (3.43R)"
GAMA.L,TARGET 2,2143.1878,second measured move (6.26R)
GAMA.L,BUY LIMIT,968.8219,buy the 30 week average on a pullback in an established Stage 2
GAMA.L,STOP LOSS,881.8112,"initial stop, below base support and the 30 week average"
GAMA.L,BREAKEVEN,1034.0798,move the stop to entry here
GAMA.L,TARGET 1,1207.0,"measured move, sell part of the position (2.74R)"
GAMA.L,TARGET 2,1397.5425,second measured move (4.93R)
INSW,BUY STOP,118.1167,"breakout trigger, above the base pivot"
INSW,BUY LIMIT,116.13,"pullback entry, old resistance acting as support"
INSW,STOP LOSS,103.9427,"initial stop, below base support and the 30 week average"
INSW,BREAKEVEN,128.7472,move the stop to entry here
INSW,TARGET 1,168.3885,"measured move, sell part of the position (3.55R)"
INSW,TARGET 2,210.1953,second measured move (6.5R)
INSW,BUY LIMIT,85.3006,buy the 30 week average on a pullback in an established Stage 2
INSW,STOP LOSS,75.0645,"initial stop, below base support and the 30 week average"
INSW,BREAKEVEN,92.9776,move the stop to entry here
INSW,TARGET 1,122.7494,"measured move, sell part of the position (3.66R)"
INSW,TARGET 2,152.7084,second measured move (6.59R)
UMH,BUY STOP,16.9344,"breakout trigger, above the base pivot"
UMH,BUY LIMIT,16.77,"pullback entry, old resistance acting as support"
UMH,STOP LOSS,14.9022,"initial stop, below base support and the 30 week average"
UMH,BREAKEVEN,18.4584,move the stop to entry here
UMH,TARGET 1,20.0039,"measured move, sell part of the position (1.51R)"
UMH,TARGET 2,22.591,second measured move (2.78R)
UMH,BUY LIMIT,15.3015,buy the 30 week average on a pullback in an established Stage 2
UMH,STOP LOSS,14.4467,"initial stop, below base support and the 30 week average"
UMH,BREAKEVEN,15.9425,move the stop to entry here
UMH,TARGET 1,16.77,"measured move, sell part of the position (1.72R)"
UMH,TARGET 2,17.9448,second measured move (3.09R)
ENTX,BUY STOP,4.3132,"breakout trigger, above the base pivot"
ENTX,BUY LIMIT,4.2,"pullback entry, old resistance acting as support"
ENTX,STOP LOSS,3.7956,"initial stop, below base support and the 30 week average"
ENTX,BREAKEVEN,4.7014,move the stop to entry here
ENTX,TARGET 1,6.09,"measured move, sell part of the position (3.43R)"
ENTX,TARGET 2,7.602,second measured move (6.35R)
ENTX,BUY LIMIT,1.9776,buy the 30 week average on a pullback in an established Stage 2
ENTX,STOP LOSS,1.7403,"initial stop, below base support and the 30 week average"
ENTX,BREAKEVEN,2.1556,move the stop to entry here
ENTX,TARGET 1,3.56,"measured move, sell part of the position (6.67R)"
ENTX,TARGET 2,4.8259,second measured move (12.0R)
CYPH,BUY STOP,4.3359,"breakout trigger, above the base pivot"
CYPH,BUY LIMIT,4.19,"pullback entry, old resistance acting as support"
CYPH,STOP LOSS,3.8156,"initial stop, below base support and the 30 week average"
CYPH,BREAKEVEN,4.7262,move the stop to entry here
CYPH,TARGET 1,6.0755,"measured move, sell part of the position (3.34R)"
CYPH,TARGET 2,7.5839,second measured move (6.24R)
CYPH,BUY LIMIT,1.3681,buy the 30 week average on a pullback in an established Stage 2
CYPH,STOP LOSS,1.2039,"initial stop, below base support and the 30 week average"
CYPH,BREAKEVEN,1.4912,move the stop to entry here
CYPH,TARGET 1,4.19,"measured move, sell part of the position (17.19R)"
CYPH,TARGET 2,6.4475,second measured move (30.94R)
GTBP,BUY LIMIT,1.951,buy the 30 week average on a pullback in an established Stage 2
GTBP,STOP LOSS,1.7169,"initial stop, below base support and the 30 week average"
GTBP,BREAKEVEN,2.1266,move the stop to entry here
GTBP,TARGET 1,11.98,"measured move, sell part of the position (42.84R)"
GTBP,TARGET 2,20.0032,second measured move (77.11R)
COLB,BUY STOP,33.6663,"breakout trigger, above the base pivot"
COLB,BUY LIMIT,33.274,"pullback entry, old resistance acting as support"
COLB,STOP LOSS,29.6264,"initial stop, below base support and the 30 week average"
COLB,BREAKEVEN,36.6963,move the stop to entry here
COLB,TARGET 1,41.4942,"measured move, sell part of the position (1.94R)"
COLB,TARGET 2,48.0704,second measured move (3.57R)
COLB,BUY LIMIT,29.8203,buy the 30 week average on a pullback in an established Stage 2
COLB,STOP LOSS,27.5176,"initial stop, below base support and the 30 week average"
COLB,BREAKEVEN,31.5473,move the stop to entry here
COLB,TARGET 1,33.2743,"measured move, sell part of the position (1.5R)"
COLB,TARGET 2,36.0375,second measured move (2.7R)
RUSHA,BUY STOP,56.329,"breakout trigger, above the base pivot"
RUSHA,BUY LIMIT,55.5833,"pullback entry, old resistance acting as support"
RUSHA,STOP LOSS,49.5695,"initial stop, below base support and the 30 week average"
RUSHA,BREAKEVEN,61.3986,move the stop to entry here
RUSHA,TARGET 1,71.1449,"measured move, sell part of the position (2.19R)"
RUSHA,TARGET 2,83.5942,second measured move (4.03R)
RUSHA,BUY LIMIT,48.5515,buy the 30 week average on a pullback in an established Stage 2
RUSHA,STOP LOSS,43.4943,"initial stop, below base support and the 30 week average"
RUSHA,BREAKEVEN,52.3445,move the stop to entry here
RUSHA,TARGET 1,56.1374,"measured move, sell part of the position (1.5R)"
RUSHA,TARGET 2,62.206,second measured move (2.7R)
VNCE,BUY STOP,13.4311,"breakout trigger, above the base pivot"
VNCE,BUY LIMIT,12.99,"pullback entry, old resistance acting as support"
VNCE,STOP LOSS,11.8194,"initial stop, below base support and the 30 week average"
VNCE,BREAKEVEN,14.6399,move the stop to entry here
VNCE,TARGET 1,18.8355,"measured move, sell part of the position (3.35R)"
VNCE,TARGET 2,23.5119,second measured move (6.25R)
VNCE,BUY LIMIT,6.1035,buy the 30 week average on a pullback in an established Stage 2
VNCE,STOP LOSS,5.371,"initial stop, below base support and the 30 week average"
VNCE,BREAKEVEN,6.6528,move the stop to entry here
VNCE,TARGET 1,13.45,"measured move, sell part of the position (10.03R)"
VNCE,TARGET 2,19.3272,second measured move (18.06R)
BMRN,BUY STOP,71.9469,"breakout trigger, above the base pivot"
BMRN,BUY LIMIT,70.98,"pullback entry, old resistance acting as support"
BMRN,STOP LOSS,63.3133,"initial stop, below base support and the 30 week average"
BMRN,BREAKEVEN,78.4221,move the stop to entry here
BMRN,TARGET 1,92.7,"measured move, sell part of the position (2.4R)"
BMRN,TARGET 2,110.076,second measured move (4.42R)
CSN.L,BUY STOP,382.5729,"breakout trigger, above the base pivot"
CSN.L,BUY LIMIT,378.0,"pullback entry, old resistance acting as support"
CSN.L,STOP LOSS,336.6642,"initial stop, below base support and the 30 week average"
CSN.L,BREAKEVEN,417.0045,move the stop to entry here
CSN.L,TARGET 1,473.2003,"measured move, sell part of the position (1.97R)"
CSN.L,TARGET 2,549.3606,second measured move (3.63R)
CSN.L,BUY LIMIT,329.8458,buy the 30 week average on a pullback in an established Stage 2
CSN.L,STOP LOSS,306.0666,"initial stop, below base support and the 30 week average"
CSN.L,BREAKEVEN,347.6803,move the stop to entry here
CSN.L,TARGET 1,378.0,"measured move, sell part of the position (2.03R)"
CSN.L,TARGET 2,416.5233,second measured move (3.65R)
REPX,BUY STOP,46.0684,"breakout trigger, above the base pivot"
REPX,BUY LIMIT,45.31,"pullback entry, old resistance acting as support"
REPX,STOP LOSS,40.5402,"initial stop, below base support and the 30 week average"
REPX,BREAKEVEN,50.2146,move the stop to entry here
REPX,TARGET 1,59.9475,"measured move, sell part of the position (2.51R)"
REPX,TARGET 2,71.6575,second measured move (4.63R)
REPX,BUY LIMIT,36.8327,buy the 30 week average on a pullback in an established Stage 2
REPX,STOP LOSS,32.4128,"initial stop, below base support and the 30 week average"
REPX,BREAKEVEN,40.1477,move the stop to entry here
REPX,TARGET 1,45.85,"measured move, sell part of the position (2.04R)"
REPX,TARGET 2,53.0638,second measured move (3.67R)
ANF,BUY STOP,158.2346,"breakout trigger, above the base pivot"
ANF,BUY LIMIT,155.22,"pullback entry, old resistance acting as support"
ANF,STOP LOSS,139.2464,"initial stop, below base support and the 30 week average"
ANF,BREAKEVEN,172.4756,move the stop to entry here
ANF,TARGET 1,225.069,"measured move, sell part of the position (3.52R)"
ANF,TARGET 2,280.9482,second measured move (6.46R)
ANF,BUY LIMIT,103.8248,buy the 30 week average on a pullback in an established Stage 2
ANF,STOP LOSS,91.3658,"initial stop, below base support and the 30 week average"
ANF,BREAKEVEN,113.1691,move the stop to entry here
ANF,TARGET 1,155.22,"measured move, sell part of the position (4.13R)"
ANF,TARGET 2,196.3361,second measured move (7.43R)
JDW.L,BUY STOP,932.4948,"breakout trigger, above the base pivot"
JDW.L,BUY LIMIT,915.0,"pullback entry, old resistance acting as support"
JDW.L,STOP LOSS,820.5955,"initial stop, below base support and the 30 week average"
JDW.L,BREAKEVEN,1016.4194,move the stop to entry here
JDW.L,TARGET 1,1299.536,"measured move, sell part of the position (3.28R)"
JDW.L,TARGET 2,1607.1647,second measured move (6.03R)
JDW.L,BUY LIMIT,720.7718,buy the 30 week average on a pullback in an established Stage 2
JDW.L,STOP LOSS,634.2792,"initial stop, below base support and the 30 week average"
JDW.L,BREAKEVEN,785.6413,move the stop to entry here
JDW.L,TARGET 1,1026.0,"measured move, sell part of the position (3.53R)"
JDW.L,TARGET 2,1270.1825,second measured move (6.35R)
BPT.L,BUY STOP,359.4935,"breakout trigger, above the base pivot"
BPT.L,BUY LIMIT,351.441,"pullback entry, old resistance acting as support"
BPT.L,STOP LOSS,316.3542,"initial stop, below base support and the 30 week average"
BPT.L,BREAKEVEN,391.8479,move the stop to entry here
BPT.L,TARGET 1,490.9532,"measured move, sell part of the position (3.05R)"
BPT.L,TARGET 2,602.5629,second measured move (5.63R)
BPT.L,BUY LIMIT,288.5072,buy the 30 week average on a pullback in an established Stage 2
BPT.L,STOP LOSS,253.8863,"initial stop, below base support and the 30 week average"
BPT.L,BREAKEVEN,314.4728,move the stop to entry here
BPT.L,TARGET 1,402.6,"measured move, sell part of the position (3.3R)"
BPT.L,TARGET 2,493.8743,second measured move (5.93R)
SAH,BUY STOP,114.9753,"breakout trigger, above the base pivot"
SAH,BUY LIMIT,113.0591,"pullback entry, old resistance acting as support"
SAH,STOP LOSS,101.1783,"initial stop, below base support and the 30 week average"
SAH,BREAKEVEN,125.3231,move the stop to entry here
SAH,TARGET 1,163.9357,"measured move, sell part of the position (3.55R)"
SAH,TARGET 2,204.637,second measured move (6.5R)
SAH,BUY LIMIT,77.7461,buy the 30 week average on a pullback in an established Stage 2
SAH,STOP LOSS,68.4166,"initial stop, below base support and the 30 week average"
SAH,BREAKEVEN,84.7433,move the stop to entry here
SAH,TARGET 1,91.9134,"measured move, sell part of the position (1.52R)"
SAH,TARGET 2,103.2472,second measured move (2.73R)
NAT,BUY STOP,8.5801,"breakout trigger, above the base pivot"
NAT,BUY LIMIT,8.43,"pullback entry, old resistance acting as support"
NAT,STOP LOSS,7.5505,"initial stop, below base support and the 30 week average"
NAT,BREAKEVEN,9.3523,move the stop to entry here
NAT,TARGET 1,12.2235,"measured move, sell part of the position (3.54R)"
NAT,TARGET 2,15.2583,second measured move (6.49R)
NAT,BUY LIMIT,6.1247,buy the 30 week average on a pullback in an established Stage 2
NAT,STOP LOSS,5.3897,"initial stop, below base support and the 30 week average"
NAT,BREAKEVEN,6.6759,move the stop to entry here
NAT,TARGET 1,8.71,"measured move, sell part of the position (3.52R)"
NAT,TARGET 2,10.7783,second measured move (6.33R)
NX,BUY STOP,23.7835,"breakout trigger, above the base pivot"
NX,BUY LIMIT,23.241,"pullback entry, old resistance acting as support"
NX,STOP LOSS,20.9295,"initial stop, below base support and the 30 week average"
NX,BREAKEVEN,25.924,move the stop to entry here
NX,TARGET 1,31.203,"measured move, sell part of the position (2.6R)"
NX,TARGET 2,37.5726,second measured move (4.83R)
NX,BUY LIMIT,18.9742,buy the 30 week average on a pullback in an established Stage 2
NX,STOP LOSS,16.6973,"initial stop, below base support and the 30 week average"
NX,BREAKEVEN,20.6818,move the stop to entry here
NX,TARGET 1,23.241,"measured move, sell part of the position (1.87R)"
NX,TARGET 2,26.6545,second measured move (3.37R)
FSG.L,BUY STOP,522.7411,"breakout trigger, above the base pivot"
FSG.L,BUY LIMIT,514.7896,"pullback entry, old resistance acting as support"
FSG.L,STOP LOSS,460.0122,"initial stop, below base support and the 30 week average"
FSG.L,BREAKEVEN,569.7878,move the stop to entry here
FSG.L,TARGET 1,746.4449,"measured move, sell part of the position (3.57R)"
FSG.L,TARGET 2,931.7691,second measured move (6.52R)
FSG.L,BUY LIMIT,439.5597,buy the 30 week average on a pullback in an established Stage 2
FSG.L,STOP LOSS,398.2117,"initial stop, below base support and the 30 week average"
FSG.L,BREAKEVEN,470.5708,move the stop to entry here
FSG.L,TARGET 1,514.7896,"measured move, sell part of the position (1.82R)"
FSG.L,TARGET 2,574.9734,second measured move (3.27R)
THRM,BUY STOP,46.2662,"breakout trigger, above the base pivot"
THRM,BUY LIMIT,45.374,"pullback entry, old resistance acting as support"
THRM,STOP LOSS,40.7143,"initial stop, below base support and the 30 week average"
THRM,BREAKEVEN,50.4302,move the stop to entry here
THRM,TARGET 1,65.4098,"measured move, sell part of the position (3.45R)"
THRM,TARGET 2,81.4385,second measured move (6.34R)
THRM,BUY LIMIT,33.0843,buy the 30 week average on a pullback in an established Stage 2
THRM,STOP LOSS,29.1142,"initial stop, below base support and the 30 week average"
THRM,BREAKEVEN,36.0619,move the stop to entry here
THRM,TARGET 1,41.714,"measured move, sell part of the position (2.17R)"
THRM,TARGET 2,48.6177,second measured move (3.91R)
VZ,BUY STOP,51.5382,"breakout trigger, above the base pivot"
VZ,BUY LIMIT,50.8807,"pullback entry, old resistance acting as support"
VZ,STOP LOSS,45.3536,"initial stop, below base support and the 30 week average"
VZ,BREAKEVEN,56.1767,move the stop to entry here
VZ,TARGET 1,62.2968,"measured move, sell part of the position (1.74R)"
VZ,TARGET 2,71.4297,second measured move (3.22R)
HAFN,BUY STOP,10.4663,"breakout trigger, above the base pivot"
HAFN,BUY LIMIT,10.28,"pullback entry, old resistance acting as support"
HAFN,STOP LOSS,9.2103,"initial stop, below base support and the 30 week average"
HAFN,BREAKEVEN,11.4083,move the stop to entry here
HAFN,TARGET 1,14.6216,"measured move, sell part of the position (3.31R)"
HAFN,TARGET 2,18.0948,second measured move (6.07R)
HAFN,BUY LIMIT,7.8219,buy the 30 week average on a pullback in an established Stage 2
HAFN,STOP LOSS,6.8833,"initial stop, below base support and the 30 week average"
HAFN,BREAKEVEN,8.5259,move the stop to entry here
HAFN,TARGET 1,10.895,"measured move, sell part of the position (3.27R)"
HAFN,TARGET 2,13.3535,second measured move (5.89R)
AHR,BUY STOP,59.1044,"breakout trigger, above the base pivot"
AHR,BUY LIMIT,58.4182,"pullback entry, old resistance acting as support"
AHR,STOP LOSS,52.0119,"initial stop, below base support and the 30 week average"
AHR,BREAKEVEN,64.4238,move the stop to entry here
AHR,TARGET 1,72.4559,"measured move, sell part of the position (1.88R)"
AHR,TARGET 2,83.6861,second measured move (3.47R)
AHR,BUY LIMIT,51.5652,buy the 30 week average on a pullback in an established Stage 2
AHR,STOP LOSS,47.9971,"initial stop, below base support and the 30 week average"
AHR,BREAKEVEN,54.2413,move the stop to entry here
AHR,TARGET 1,57.1842,"measured move, sell part of the position (1.57R)"
AHR,TARGET 2,61.6793,second measured move (2.83R)
PSNL,BUY STOP,19.3022,"breakout trigger, above the base pivot"
PSNL,BUY LIMIT,18.89,"pullback entry, old resistance acting as support"
PSNL,STOP LOSS,16.9859,"initial stop, below base support and the 30 week average"
PSNL,BREAKEVEN,21.0394,move the stop to entry here
PSNL,TARGET 1,27.3905,"measured move, sell part of the position (3.49R)"
PSNL,TARGET 2,34.1909,second measured move (6.43R)
PSNL,BUY LIMIT,11.8529,buy the 30 week average on a pullback in an established Stage 2
PSNL,STOP LOSS,10.4305,"initial stop, below base support and the 30 week average"
PSNL,BREAKEVEN,12.9196,move the stop to entry here
PSNL,TARGET 1,18.89,"measured move, sell part of the position (4.95R)"
PSNL,TARGET 2,24.5197,second measured move (8.91R)
GEN,BUY STOP,32.2523,"breakout trigger, above the base pivot"
GEN,BUY LIMIT,31.65,"pullback entry, old resistance acting as support"
GEN,STOP LOSS,28.382,"initial stop, below base support and the 30 week average"
GEN,BREAKEVEN,35.155,move the stop to entry here
GEN,TARGET 1,45.6924,"measured move, sell part of the position (3.47R)"
GEN,TARGET 2,56.9263,second measured move (6.38R)
GEN,BUY LIMIT,24.7187,buy the 30 week average on a pullback in an established Stage 2
GEN,STOP LOSS,21.7525,"initial stop, below base support and the 30 week average"
GEN,BREAKEVEN,26.9434,move the stop to entry here
GEN,TARGET 1,31.65,"measured move, sell part of the position (2.34R)"
GEN,TARGET 2,37.195,second measured move (4.21R)
SBRA,BUY STOP,22.6942,"breakout trigger, above the base pivot"
SBRA,BUY LIMIT,22.431,"pullback entry, old resistance acting as support"
SBRA,STOP LOSS,19.9709,"initial stop, below base support and the 30 week average"
SBRA,BREAKEVEN,24.7367,move the stop to entry here
SBRA,TARGET 1,27.5831,"measured move, sell part of the position (1.8R)"
SBRA,TARGET 2,31.7048,second measured move (3.31R)
ROR.L,BUY STOP,492.9629,"breakout trigger, above the base pivot"
ROR.L,BUY LIMIT,489.2,"pullback entry, old resistance acting as support"
ROR.L,STOP LOSS,433.8073,"initial stop, below base support and the 30 week average"
ROR.L,BREAKEVEN,537.3295,move the stop to entry here
ROR.L,TARGET 1,692.0177,"measured move, sell part of the position (3.36R)"
ROR.L,TARGET 2,854.2718,second measured move (6.11R)
ROR.L,BUY LIMIT,389.0483,buy the 30 week average on a pullback in an established Stage 2
ROR.L,STOP LOSS,369.4813,"initial stop, below base support and the 30 week average"
ROR.L,BREAKEVEN,403.7235,move the stop to entry here
ROR.L,TARGET 1,491.4,"measured move, sell part of the position (5.23R)"
ROR.L,TARGET 2,573.2814,second measured move (9.42R)
ANGO,BUY STOP,16.6118,"breakout trigger, above the base pivot"
ANGO,BUY LIMIT,16.29,"pullback entry, old resistance acting as support"
ANGO,STOP LOSS,14.6184,"initial stop, below base support and the 30 week average"
ANGO,BREAKEVEN,18.1069,move the stop to entry here
ANGO,TARGET 1,23.19,"measured move, sell part of the position (3.3R)"
ANGO,TARGET 2,28.71,second measured move (6.07R)
ANGO,BUY LIMIT,13.0767,buy the 30 week average on a pullback in an established Stage 2
ANGO,STOP LOSS,11.5075,"initial stop, below base support and the 30 week average"
ANGO,BREAKEVEN,14.2536,move the stop to entry here
ANGO,TARGET 1,16.29,"measured move, sell part of the position (2.05R)"
ANGO,TARGET 2,18.8606,second measured move (3.69R)
RF,BUY STOP,32.4949,"breakout trigger, above the base pivot"
RF,BUY LIMIT,32.144,"pullback entry, old resistance acting as support"
RF,STOP LOSS,28.5955,"initial stop, below base support and the 30 week average"
RF,BREAKEVEN,35.4195,move the stop to entry here
RF,TARGET 1,40.0478,"measured move, sell part of the position (1.94R)"
RF,TARGET 2,46.3708,second measured move (3.56R)
RF,BUY LIMIT,28.6418,buy the 30 week average on a pullback in an established Stage 2
RF,STOP LOSS,25.7891,"initial stop, below base support and the 30 week average"
RF,BREAKEVEN,30.7814,move the stop to entry here
RF,TARGET 1,32.9209,"measured move, sell part of the position (1.5R)"
RF,TARGET 2,36.3442,second measured move (2.7R)
EPR,BUY STOP,64.9314,"breakout trigger, above the base pivot"
EPR,BUY LIMIT,64.2814,"pullback entry, old resistance acting as support"
EPR,STOP LOSS,57.1396,"initial stop, below base support and the 30 week average"
EPR,BREAKEVEN,70.7753,move the stop to entry here
EPR,TARGET 1,82.0047,"measured move, sell part of the position (2.19R)"
EPR,TARGET 2,96.1833,second measured move (4.01R)
EPR,BUY LIMIT,56.932,buy the 30 week average on a pullback in an established Stage 2
EPR,STOP LOSS,53.04,"initial stop, below base support and the 30 week average"
EPR,BREAKEVEN,59.8509,move the stop to entry here
EPR,TARGET 1,62.7699,"measured move, sell part of the position (1.5R)"
EPR,TARGET 2,67.4402,second measured move (2.7R)
MPC,BUY STOP,438.2068,"breakout trigger, above the base pivot"
MPC,BUY LIMIT,431.08,"pullback entry, old resistance acting as support"
MPC,STOP LOSS,385.622,"initial stop, below base support and the 30 week average"
MPC,BREAKEVEN,477.6454,move the stop to entry here
MPC,TARGET 1,625.066,"measured move, sell part of the position (3.55R)"
MPC,TARGET 2,780.2548,second measured move (6.5R)
MPC,BUY LIMIT,302.4139,buy the 30 week average on a pullback in an established Stage 2
MPC,STOP LOSS,266.1242,"initial stop, below base support and the 30 week average"
MPC,BREAKEVEN,329.6311,move the stop to entry here
MPC,TARGET 1,470.0,"measured move, sell part of the position (4.62R)"
MPC,TARGET 2,604.0689,second measured move (8.31R)
FR,BUY STOP,69.9673,"breakout trigger, above the base pivot"
FR,BUY LIMIT,69.3086,"pullback entry, old resistance acting as support"
FR,STOP LOSS,61.5712,"initial stop, below base support and the 30 week average"
FR,BREAKEVEN,76.2644,move the stop to entry here
FR,TARGET 1,83.341,"measured move, sell part of the position (1.59R)"
FR,TARGET 2,94.5669,second measured move (2.93R)
FR,BUY LIMIT,61.7017,buy the 30 week average on a pullback in an established Stage 2
FR,STOP LOSS,57.1613,"initial stop, below base support and the 30 week average"
FR,BREAKEVEN,65.107,move the stop to entry here
FR,TARGET 1,68.5123,"measured move, sell part of the position (1.5R)"
FR,TARGET 2,73.9608,second measured move (2.7R)
OHI,BUY STOP,52.2282,"breakout trigger, above the base pivot"
OHI,BUY LIMIT,51.6864,"pullback entry, old resistance acting as support"
OHI,STOP LOSS,45.9608,"initial stop, below base support and the 30 week average"
OHI,BREAKEVEN,56.9287,move the stop to entry here
OHI,TARGET 1,61.0787,"measured move, sell part of the position (1.41R)"
OHI,TARGET 2,68.5926,second measured move (2.61R)
GRG.L,BUY STOP,2090.3433,"breakout trigger, above the base pivot"
GRG.L,BUY LIMIT,2058.0,"pullback entry, old resistance acting as support"
GRG.L,STOP LOSS,1839.5021,"initial stop, below base support and the 30 week average"
GRG.L,BREAKEVEN,2278.4742,move the stop to entry here
GRG.L,TARGET 1,2669.9875,"measured move, sell part of the position (2.31R)"
GRG.L,TARGET 2,3159.5775,second measured move (4.26R)
GRG.L,BUY LIMIT,1722.7381,buy the 30 week average on a pullback in an established Stage 2
GRG.L,STOP LOSS,1554.5528,"initial stop, below base support and the 30 week average"
GRG.L,BREAKEVEN,1848.8771,move the stop to entry here
GRG.L,TARGET 1,2146.0,"measured move, sell part of the position (2.52R)"
GRG.L,TARGET 2,2484.6095,second measured move (4.53R)
VTR,BUY STOP,102.1475,"breakout trigger, above the base pivot"
VTR,BUY LIMIT,100.9921,"pullback entry, old resistance acting as support"
VTR,STOP LOSS,89.8898,"initial stop, below base support and the 30 week average"
VTR,BREAKEVEN,111.3408,move the stop to entry here
VTR,TARGET 1,124.8233,"measured move, sell part of the position (1.85R)"
VTR,TARGET 2,143.8883,second measured move (3.41R)
VTR,BUY LIMIT,87.5765,buy the 30 week average on a pullback in an established Stage 2
VTR,STOP LOSS,78.6946,"initial stop, below base support and the 30 week average"
VTR,BREAKEVEN,94.2379,move the stop to entry here
VTR,TARGET 1,100.8993,"measured move, sell part of the position (1.5R)"
VTR,TARGET 2,111.5576,second measured move (2.7R)
HQI,BUY STOP,21.3249,"breakout trigger, above the base pivot"
HQI,BUY LIMIT,20.84,"pullback entry, old resistance acting as support"
HQI,STOP LOSS,18.7659,"initial stop, below base support and the 30 week average"
HQI,BREAKEVEN,23.2442,move the stop to entry here
HQI,TARGET 1,30.218,"measured move, sell part of the position (3.48R)"
HQI,TARGET 2,37.7204,second measured move (6.41R)
HQI,BUY LIMIT,13.7322,buy the 30 week average on a pullback in an established Stage 2
HQI,STOP LOSS,12.0843,"initial stop, below base support and the 30 week average"
HQI,BREAKEVEN,14.9681,move the stop to entry here
HQI,TARGET 1,20.84,"measured move, sell part of the position (4.31R)"
HQI,TARGET 2,26.5262,second measured move (7.76R)
PYXS,BUY LIMIT,2.4623,buy the 30 week average on a pullback in an established Stage 2
PYXS,STOP LOSS,2.1668,"initial stop, below base support and the 30 week average"
PYXS,BREAKEVEN,2.6839,move the stop to entry here
PYXS,TARGET 1,4.15,"measured move, sell part of the position (5.71R)"
PYXS,TARGET 2,5.5002,second measured move (10.28R)
DHT,BUY STOP,24.1377,"breakout trigger, above the base pivot"
DHT,BUY LIMIT,23.72,"pullback entry, old resistance acting as support"
DHT,STOP LOSS,21.2412,"initial stop, below base support and the 30 week average"
DHT,BREAKEVEN,26.3101,move the stop to entry here
DHT,TARGET 1,32.4587,"measured move, sell part of the position (2.87R)"
DHT,TARGET 2,39.4497,second measured move (5.29R)
DHT,BUY LIMIT,18.2051,buy the 30 week average on a pullback in an established Stage 2
DHT,STOP LOSS,16.033,"initial stop, below base support and the 30 week average"
DHT,BREAKEVEN,19.8343,move the stop to entry here
DHT,TARGET 1,25.07,"measured move, sell part of the position (3.16R)"
DHT,TARGET 2,30.5619,second measured move (5.69R)
CNA,BUY STOP,55.706,"breakout trigger, above the base pivot"
CNA,BUY LIMIT,55.1857,"pullback entry, old resistance acting as support"
CNA,STOP LOSS,49.0212,"initial stop, below base support and the 30 week average"
CNA,BREAKEVEN,60.7195,move the stop to entry here
CNA,TARGET 1,69.2322,"measured move, sell part of the position (2.02R)"
CNA,TARGET 2,80.4694,second measured move (3.7R)
CNA,BUY LIMIT,47.3287,buy the 30 week average on a pullback in an established Stage 2
CNA,STOP LOSS,44.3197,"initial stop, below base support and the 30 week average"
CNA,BREAKEVEN,49.5855,move the stop to entry here
CNA,TARGET 1,54.73,"measured move, sell part of the position (2.46R)"
CNA,TARGET 2,60.651,second measured move (4.43R)
RAPP,BUY STOP,54.1397,"breakout trigger, above the base pivot"
RAPP,BUY LIMIT,52.93,"pullback entry, old resistance acting as support"
RAPP,STOP LOSS,47.6429,"initial stop, below base support and the 30 week average"
RAPP,BREAKEVEN,59.0123,move the stop to entry here
RAPP,TARGET 1,76.7485,"measured move, sell part of the position (3.48R)"
RAPP,TARGET 2,95.8033,second measured move (6.41R)
RAPP,BUY LIMIT,39.1022,buy the 30 week average on a pullback in an established Stage 2
RAPP,STOP LOSS,34.4099,"initial stop, below base support and the 30 week average"
RAPP,BREAKEVEN,42.6214,move the stop to entry here
RAPP,TARGET 1,52.93,"measured move, sell part of the position (2.95R)"
RAPP,TARGET 2,63.9922,second measured move (5.3R)
ATRC,BUY STOP,62.7508,"breakout trigger, above the base pivot"
ATRC,BUY LIMIT,61.7,"pullback entry, old resistance acting as support"
ATRC,STOP LOSS,55.2207,"initial stop, below base support and the 30 week average"
ATRC,BREAKEVEN,68.3984,move the stop to entry here
ATRC,TARGET 1,89.465,"measured move, sell part of the position (3.55R)"
ATRC,TARGET 2,111.677,second measured move (6.5R)
ATRC,BUY LIMIT,37.7246,buy the 30 week average on a pullback in an established Stage 2
ATRC,STOP LOSS,33.1977,"initial stop, below base support and the 30 week average"
ATRC,BREAKEVEN,41.1199,move the stop to entry here
ATRC,TARGET 1,61.7,"measured move, sell part of the position (5.3R)"
ATRC,TARGET 2,80.8803,second measured move (9.53R)
OESX,BUY STOP,32.4857,"breakout trigger, above the base pivot"
OESX,BUY LIMIT,31.65,"pullback entry, old resistance acting as support"
OESX,STOP LOSS,28.5874,"initial stop, below base support and the 30 week average"
OESX,BREAKEVEN,35.4094,move the stop to entry here
OESX,TARGET 1,45.8925,"measured move, sell part of the position (3.44R)"
OESX,TARGET 2,57.2865,second measured move (6.36R)
OESX,BUY LIMIT,15.2786,buy the 30 week average on a pullback in an established Stage 2
OESX,STOP LOSS,13.4452,"initial stop, below base support and the 30 week average"
OESX,BREAKEVEN,16.6537,move the stop to entry here
OESX,TARGET 1,31.65,"measured move, sell part of the position (8.93R)"
OESX,TARGET 2,44.7471,second measured move (16.07R)
STAG,BUY STOP,42.535,"breakout trigger, above the base pivot"
STAG,BUY LIMIT,42.1618,"pullback entry, old resistance acting as support"
STAG,STOP LOSS,37.4308,"initial stop, below base support and the 30 week average"
STAG,BREAKEVEN,46.3632,move the stop to entry here
STAG,TARGET 1,49.6573,"measured move, sell part of the position (1.4R)"
STAG,TARGET 2,55.6537,second measured move (2.57R)
HXL,BUY STOP,113.0633,"breakout trigger, above the base pivot"
HXL,BUY LIMIT,111.5455,"pullback entry, old resistance acting as support"
HXL,STOP LOSS,99.4957,"initial stop, below base support and the 30 week average"
HXL,BREAKEVEN,123.239,move the stop to entry here
HXL,TARGET 1,147.1024,"measured move, sell part of the position (2.51R)"
HXL,TARGET 2,175.5479,second measured move (4.61R)
CLMT,BUY STOP,61.0098,"breakout trigger, above the base pivot"
CLMT,BUY LIMIT,59.87,"pullback entry, old resistance acting as support"
CLMT,STOP LOSS,53.6887,"initial stop, below base support and the 30 week average"
CLMT,BREAKEVEN,66.5007,move the stop to entry here
CLMT,TARGET 1,86.8115,"measured move, sell part of the position (3.52R)"
CLMT,TARGET 2,108.3647,second measured move (6.47R)
CLMT,BUY LIMIT,41.0756,buy the 30 week average on a pullback in an established Stage 2
CLMT,STOP LOSS,36.1465,"initial stop, below base support and the 30 week average"
CLMT,BREAKEVEN,44.7724,move the stop to entry here
CLMT,TARGET 1,59.87,"measured move, sell part of the position (3.81R)"
CLMT,TARGET 2,74.9055,second measured move (6.86R)
VLO,BUY STOP,425.8583,"breakout trigger, above the base pivot"
VLO,BUY LIMIT,419.04,"pullback entry, old resistance acting as support"
VLO,STOP LOSS,374.7553,"initial stop, below base support and the 30 week average"
VLO,BREAKEVEN,464.1856,move the stop to entry here
VLO,TARGET 1,607.608,"measured move, sell part of the position (3.56R)"
VLO,TARGET 2,758.4624,second measured move (6.51R)
VLO,BUY LIMIT,298.2166,buy the 30 week average on a pullback in an established Stage 2
VLO,STOP LOSS,262.7614,"initial stop, below base support and the 30 week average"
VLO,BREAKEVEN,324.808,move the stop to entry here
VLO,TARGET 1,449.77,"measured move, sell part of the position (4.27R)"
VLO,TARGET 2,571.0127,second measured move (7.69R)
RTX,BUY STOP,229.2824,"breakout trigger, above the base pivot"
RTX,BUY LIMIT,226.88,"pullback entry, old resistance acting as support"
RTX,STOP LOSS,201.7685,"initial stop, below base support and the 30 week average"
RTX,BREAKEVEN,249.9179,move the stop to entry here
RTX,TARGET 1,284.2515,"measured move, sell part of the position (2.0R)"
RTX,TARGET 2,330.1488,second measured move (3.67R)
KHC,BUY STOP,28.0139,"breakout trigger, above the base pivot"
KHC,BUY LIMIT,27.648,"pullback entry, old resistance acting as support"
KHC,STOP LOSS,24.6522,"initial stop, below base support and the 30 week average"
KHC,BREAKEVEN,30.5352,move the stop to entry here
KHC,TARGET 1,34.9605,"measured move, sell part of the position (2.07R)"
KHC,TARGET 2,40.8106,second measured move (3.81R)
KHC,BUY LIMIT,23.5729,buy the 30 week average on a pullback in an established Stage 2
KHC,STOP LOSS,21.3941,"initial stop, below base support and the 30 week average"
KHC,BREAKEVEN,25.2069,move the stop to entry here
KHC,TARGET 1,26.841,"measured move, sell part of the position (1.5R)"
KHC,TARGET 2,29.4555,second measured move (2.7R)
RDN,BUY STOP,41.2448,"breakout trigger, above the base pivot"
RDN,BUY LIMIT,40.7639,"pullback entry, old resistance acting as support"
RDN,STOP LOSS,36.2955,"initial stop, below base support and the 30 week average"
RDN,BREAKEVEN,44.9569,move the stop to entry here
RDN,TARGET 1,50.9978,"measured move, sell part of the position (1.97R)"
RDN,TARGET 2,59.185,second measured move (3.62R)
RDN,BUY LIMIT,35.6443,buy the 30 week average on a pullback in an established Stage 2
RDN,STOP LOSS,31.367,"initial stop, below base support and the 30 week average"
RDN,BREAKEVEN,38.8523,move the stop to entry here
RDN,TARGET 1,42.0603,"measured move, sell part of the position (1.5R)"
RDN,TARGET 2,47.1931,second measured move (2.7R)
XBIO,BUY STOP,5.0954,"breakout trigger, above the base pivot"
XBIO,BUY LIMIT,4.939,"pullback entry, old resistance acting as support"
XBIO,STOP LOSS,4.484,"initial stop, below base support and the 30 week average"
XBIO,BREAKEVEN,5.5541,move the stop to entry here
XBIO,TARGET 1,7.1616,"measured move, sell part of the position (3.38R)"
XBIO,TARGET 2,8.9396,second measured move (6.29R)
XBIO,BUY LIMIT,3.1129,buy the 30 week average on a pullback in an established Stage 2
XBIO,STOP LOSS,2.7394,"initial stop, below base support and the 30 week average"
XBIO,BREAKEVEN,3.3931,move the stop to entry here
XBIO,TARGET 1,4.939,"measured move, sell part of the position (4.89R)"
XBIO,TARGET 2,6.3999,second measured move (8.8R)
SON,BUY STOP,60.9476,"breakout trigger, above the base pivot"
SON,BUY LIMIT,60.1053,"pullback entry, old resistance acting as support"
SON,STOP LOSS,53.6339,"initial stop, below base support and the 30 week average"
SON,BREAKEVEN,66.4329,move the stop to entry here
SON,TARGET 1,74.728,"measured move, sell part of the position (1.88R)"
SON,TARGET 2,86.4261,second measured move (3.48R)
JLL,BUY STOP,399.785,"breakout trigger, above the base pivot"
JLL,BUY LIMIT,393.84,"pullback entry, old resistance acting as support"
JLL,STOP LOSS,351.8108,"initial stop, below base support and the 30 week average"
JLL,BREAKEVEN,435.7657,move the stop to entry here
JLL,TARGET 1,511.65,"measured move, sell part of the position (2.33R)"
JLL,TARGET 2,605.898,second measured move (4.3R)
JLL,BUY LIMIT,327.4103,buy the 30 week average on a pullback in an established Stage 2
JLL,STOP LOSS,288.1211,"initial stop, below base support and the 30 week average"
JLL,BREAKEVEN,356.8773,move the stop to entry here
JLL,TARGET 1,393.84,"measured move, sell part of the position (1.69R)"
JLL,TARGET 2,446.9837,second measured move (3.04R)
FORR,BUY STOP,13.0098,"breakout trigger, above the base pivot"
FORR,BUY LIMIT,12.75,"pullback entry, old resistance acting as support"
FORR,STOP LOSS,11.4486,"initial stop, below base support and the 30 week average"
FORR,BREAKEVEN,14.1807,move the stop to entry here
FORR,TARGET 1,18.4875,"measured move, sell part of the position (3.51R)"
FORR,TARGET 2,23.0775,second measured move (6.45R)
FORR,BUY LIMIT,8.8826,buy the 30 week average on a pullback in an established Stage 2
FORR,STOP LOSS,7.8167,"initial stop, below base support and the 30 week average"
FORR,BREAKEVEN,9.682,move the stop to entry here
FORR,TARGET 1,12.75,"measured move, sell part of the position (3.63R)"
FORR,TARGET 2,15.8439,second measured move (6.53R)
MTW,BUY STOP,24.0547,"breakout trigger, above the base pivot"
MTW,BUY LIMIT,23.56,"pullback entry, old resistance acting as support"
MTW,STOP LOSS,21.1681,"initial stop, below base support and the 30 week average"
MTW,BREAKEVEN,26.2196,move the stop to entry here
MTW,TARGET 1,34.162,"measured move, sell part of the position (3.5R)"
MTW,TARGET 2,42.6436,second measured move (6.44R)
MTW,BUY LIMIT,15.7002,buy the 30 week average on a pullback in an established Stage 2
MTW,STOP LOSS,13.8162,"initial stop, below base support and the 30 week average"
MTW,BREAKEVEN,17.1132,move the stop to entry here
MTW,TARGET 1,24.0,"measured move, sell part of the position (4.41R)"
MTW,TARGET 2,30.6398,second measured move (7.93R)
OBIO,BUY STOP,6.6527,"breakout trigger, above the base pivot"
OBIO,BUY LIMIT,6.5,"pullback entry, old resistance acting as support"
OBIO,STOP LOSS,5.8543,"initial stop, below base support and the 30 week average"
OBIO,BREAKEVEN,7.2514,move the stop to entry here
OBIO,TARGET 1,9.425,"measured move, sell part of the position (3.47R)"
OBIO,TARGET 2,11.765,second measured move (6.4R)
OBIO,BUY LIMIT,4.5892,buy the 30 week average on a pullback in an established Stage 2
OBIO,STOP LOSS,4.0385,"initial stop, below base support and the 30 week average"
OBIO,BREAKEVEN,5.0023,move the stop to entry here
OBIO,TARGET 1,6.5,"measured move, sell part of the position (3.47R)"
OBIO,TARGET 2,8.0286,second measured move (6.25R)
OABI,BUY STOP,5.5609,"breakout trigger, above the base pivot"
OABI,BUY LIMIT,5.43,"pullback entry, old resistance acting as support"
OABI,STOP LOSS,4.8936,"initial stop, below base support and the 30 week average"
OABI,BREAKEVEN,6.0614,move the stop to entry here
OABI,TARGET 1,7.8735,"measured move, sell part of the position (3.47R)"
OABI,TARGET 2,9.8283,second measured move (6.39R)
OABI,BUY LIMIT,2.8127,buy the 30 week average on a pullback in an established Stage 2
OABI,STOP LOSS,2.4752,"initial stop, below base support and the 30 week average"
OABI,BREAKEVEN,3.0659,move the stop to entry here
OABI,TARGET 1,5.43,"measured move, sell part of the position (7.75R)"
OABI,TARGET 2,7.5238,second measured move (13.96R)
CHG.L,BUY STOP,661.8746,"breakout trigger, above the base pivot"
CHG.L,BUY LIMIT,650.75,"pullback entry, old resistance acting as support"
CHG.L,STOP LOSS,582.4496,"initial stop, below base support and the 30 week average"
CHG.L,BREAKEVEN,721.4433,move the stop to entry here
CHG.L,TARGET 1,854.9988,"measured move, sell part of the position (2.43R)"
CHG.L,TARGET 2,1018.3978,second measured move (4.49R)
CHG.L,BUY LIMIT,542.0899,buy the 30 week average on a pullback in an established Stage 2
CHG.L,STOP LOSS,477.2754,"initial stop, below base support and the 30 week average"
CHG.L,BREAKEVEN,590.7008,move the stop to entry here
CHG.L,TARGET 1,650.75,"measured move, sell part of the position (1.68R)"
CHG.L,TARGET 2,737.6781,second measured move (3.02R)
IOR,BUY STOP,21.7836,"breakout trigger, above the base pivot"
IOR,BUY LIMIT,21.55,"pullback entry, old resistance acting as support"
IOR,STOP LOSS,19.1696,"initial stop, below base support and the 30 week average"
IOR,BREAKEVEN,23.7441,move the stop to entry here
IOR,TARGET 1,26.99,"measured move, sell part of the position (1.99R)"
IOR,TARGET 2,31.342,second measured move (3.66R)
PCAR,BUY STOP,140.4419,"breakout trigger, above the base pivot"
PCAR,BUY LIMIT,138.8723,"pullback entry, old resistance acting as support"
PCAR,STOP LOSS,123.5888,"initial stop, below base support and the 30 week average"
PCAR,BREAKEVEN,153.0816,move the stop to entry here
PCAR,TARGET 1,171.2566,"measured move, sell part of the position (1.83R)"
PCAR,TARGET 2,197.164,second measured move (3.37R)
CTRE,BUY STOP,43.6554,"breakout trigger, above the base pivot"
CTRE,BUY LIMIT,43.1627,"pullback entry, old resistance acting as support"
CTRE,STOP LOSS,38.4168,"initial stop, below base support and the 30 week average"
CTRE,BREAKEVEN,47.5845,move the stop to entry here
CTRE,TARGET 1,51.7608,"measured move, sell part of the position (1.55R)"
CTRE,TARGET 2,58.6394,second measured move (2.86R)
RDI,BUY STOP,2.4609,"breakout trigger, above the base pivot"
RDI,BUY LIMIT,2.41,"pullback entry, old resistance acting as support"
RDI,STOP LOSS,2.1656,"initial stop, below base support and the 30 week average"
RDI,BREAKEVEN,2.6824,move the stop to entry here
RDI,TARGET 1,3.4945,"measured move, sell part of the position (3.5R)"
RDI,TARGET 2,4.3621,second measured move (6.44R)
RDI,BUY LIMIT,1.4594,buy the 30 week average on a pullback in an established Stage 2
RDI,STOP LOSS,1.2842,"initial stop, below base support and the 30 week average"
RDI,BREAKEVEN,1.5907,move the stop to entry here
RDI,TARGET 1,2.41,"measured move, sell part of the position (5.43R)"
RDI,TARGET 2,3.1705,second measured move (9.77R)
TNK,BUY STOP,105.8401,"breakout trigger, above the base pivot"
TNK,BUY LIMIT,103.98,"pullback entry, old resistance acting as support"
TNK,STOP LOSS,93.1393,"initial stop, below base support and the 30 week average"
TNK,BREAKEVEN,115.3657,move the stop to entry here
TNK,TARGET 1,146.1413,"measured move, sell part of the position (3.17R)"
TNK,TARGET 2,179.8704,second measured move (5.83R)
TNK,BUY LIMIT,81.0282,buy the 30 week average on a pullback in an established Stage 2
TNK,STOP LOSS,71.3555,"initial stop, below base support and the 30 week average"
TNK,BREAKEVEN,88.2827,move the stop to entry here
TNK,TARGET 1,107.39,"measured move, sell part of the position (2.73R)"
TNK,TARGET 2,128.4794,second measured move (4.91R)
QQ.L,BUY STOP,585.5302,"breakout trigger, above the base pivot"
QQ.L,BUY LIMIT,576.5,"pullback entry, old resistance acting as support"
QQ.L,STOP LOSS,515.2666,"initial stop, below base support and the 30 week average"
QQ.L,BREAKEVEN,638.2279,move the stop to entry here
QQ.L,TARGET 1,752.1668,"measured move, sell part of the position (2.37R)"
QQ.L,TARGET 2,892.7003,second measured move (4.37R)
AMLX,BUY STOP,41.9781,"breakout trigger, above the base pivot"
AMLX,BUY LIMIT,41.14,"pullback entry, old resistance acting as support"
AMLX,STOP LOSS,36.9407,"initial stop, below base support and the 30 week average"
AMLX,BREAKEVEN,45.7562,move the stop to entry here
AMLX,TARGET 1,59.653,"measured move, sell part of the position (3.51R)"
AMLX,TARGET 2,74.4634,second measured move (6.45R)
AMLX,BUY LIMIT,21.0454,buy the 30 week average on a pullback in an established Stage 2
AMLX,STOP LOSS,18.52,"initial stop, below base support and the 30 week average"
AMLX,BREAKEVEN,22.9395,move the stop to entry here
AMLX,TARGET 1,41.14,"measured move, sell part of the position (7.96R)"
AMLX,TARGET 2,57.2157,second measured move (14.32R)
KLC,BUY STOP,5.7621,"breakout trigger, above the base pivot"
KLC,BUY LIMIT,5.62,"pullback entry, old resistance acting as support"
KLC,STOP LOSS,5.0706,"initial stop, below base support and the 30 week average"
KLC,BREAKEVEN,6.2806,move the stop to entry here
KLC,TARGET 1,8.149,"measured move, sell part of the position (3.45R)"
KLC,TARGET 2,10.1722,second measured move (6.38R)
GD,BUY STOP,401.8759,"breakout trigger, above the base pivot"
GD,BUY LIMIT,398.0722,"pullback entry, old resistance acting as support"
GD,STOP LOSS,353.6508,"initial stop, below base support and the 30 week average"
GD,BREAKEVEN,438.0447,move the stop to entry here
GD,TARGET 1,492.1906,"measured move, sell part of the position (1.87R)"
GD,TARGET 2,567.4853,second measured move (3.43R)
CBAT,BUY STOP,1.5922,"breakout trigger, above the base pivot"
CBAT,BUY LIMIT,1.55,"pullback entry, old resistance acting as support"
CBAT,STOP LOSS,1.4011,"initial stop, below base support and the 30 week average"
CBAT,BREAKEVEN,1.7355,move the stop to entry here
CBAT,TARGET 1,2.2475,"measured move, sell part of the position (3.43R)"
CBAT,TARGET 2,2.8055,second measured move (6.35R)
CBAT,BUY LIMIT,0.8212,buy the 30 week average on a pullback in an established Stage 2
CBAT,STOP LOSS,0.7227,"initial stop, below base support and the 30 week average"
CBAT,BREAKEVEN,0.8951,move the stop to entry here
CBAT,TARGET 1,1.55,"measured move, sell part of the position (7.4R)"
CBAT,TARGET 2,2.133,second measured move (13.31R)
BURL,BUY STOP,384.5073,"breakout trigger, above the base pivot"
BURL,BUY LIMIT,378.33,"pullback entry, old resistance acting as support"
BURL,STOP LOSS,338.3665,"initial stop, below base support and the 30 week average"
BURL,BREAKEVEN,419.113,move the stop to entry here
BURL,TARGET 1,529.81,"measured move, sell part of the position (3.15R)"
BURL,TARGET 2,650.994,second measured move (5.78R)
BANL,BUY STOP,16.9703,"breakout trigger, above the base pivot"
BANL,BUY LIMIT,16.395,"pullback entry, old resistance acting as support"
BANL,STOP LOSS,14.9339,"initial stop, below base support and the 30 week average"
BANL,BREAKEVEN,18.4976,move the stop to entry here
BANL,TARGET 1,23.7728,"measured move, sell part of the position (3.34R)"
BANL,TARGET 2,29.675,second measured move (6.24R)
LWAY,BUY STOP,33.3272,"breakout trigger, above the base pivot"
LWAY,BUY LIMIT,32.71,"pullback entry, old resistance acting as support"
LWAY,STOP LOSS,29.3279,"initial stop, below base support and the 30 week average"
LWAY,BREAKEVEN,36.3267,move the stop to entry here
LWAY,TARGET 1,47.4295,"measured move, sell part of the position (3.53R)"
LWAY,TARGET 2,59.2051,second measured move (6.47R)
LWAY,BUY LIMIT,25.8352,buy the 30 week average on a pullback in an established Stage 2
LWAY,STOP LOSS,22.735,"initial stop, below base support and the 30 week average"
LWAY,BREAKEVEN,28.1604,move the stop to entry here
LWAY,TARGET 1,31.99,"measured move, sell part of the position (1.99R)"
LWAY,TARGET 2,36.9138,second measured move (3.57R)
CTNM,BUY STOP,18.3232,"breakout trigger, above the base pivot"
CTNM,BUY LIMIT,17.785,"pullback entry, old resistance acting as support"
CTNM,STOP LOSS,16.1244,"initial stop, below base support and the 30 week average"
CTNM,BREAKEVEN,19.9723,move the stop to entry here
CTNM,TARGET 1,24.73,"measured move, sell part of the position (2.91R)"
CTNM,TARGET 2,30.286,second measured move (5.44R)
TXRH,BUY STOP,218.3655,"breakout trigger, above the base pivot"
TXRH,BUY LIMIT,215.4706,"pullback entry, old resistance acting as support"
TXRH,STOP LOSS,192.1617,"initial stop, below base support and the 30 week average"
TXRH,BREAKEVEN,238.0184,move the stop to entry here
TXRH,TARGET 1,278.3563,"measured move, sell part of the position (2.29R)"
TXRH,TARGET 2,328.6649,second measured move (4.21R)
FAF,BUY STOP,80.172,"breakout trigger, above the base pivot"
FAF,BUY LIMIT,79.1348,"pullback entry, old resistance acting as support"
FAF,STOP LOSS,70.5514,"initial stop, below base support and the 30 week average"
FAF,BREAKEVEN,87.3875,move the stop to entry here
FAF,TARGET 1,103.0439,"measured move, sell part of the position (2.38R)"
FAF,TARGET 2,122.1712,second measured move (4.37R)
GBLI,BUY STOP,30.7343,"breakout trigger, above the base pivot"
GBLI,BUY LIMIT,30.24,"pullback entry, old resistance acting as support"
GBLI,STOP LOSS,27.0462,"initial stop, below base support and the 30 week average"
GBLI,BREAKEVEN,33.5004,move the stop to entry here
GBLI,TARGET 1,36.97,"measured move, sell part of the position (1.69R)"
GBLI,TARGET 2,42.354,second measured move (3.15R)
PLSE,BUY STOP,60.3483,"breakout trigger, above the base pivot"
PLSE,BUY LIMIT,58.9,"pullback entry, old resistance acting as support"
PLSE,STOP LOSS,53.1065,"initial stop, below base support and the 30 week average"
PLSE,BREAKEVEN,65.7796,move the stop to entry here
PLSE,TARGET 1,85.405,"measured move, sell part of the position (3.46R)"
PLSE,TARGET 2,106.609,second measured move (6.39R)
PLSE,BUY LIMIT,33.8425,buy the 30 week average on a pullback in an established Stage 2
PLSE,STOP LOSS,29.7814,"initial stop, below base support and the 30 week average"
PLSE,BREAKEVEN,36.8883,move the stop to entry here
PLSE,TARGET 1,58.9,"measured move, sell part of the position (6.17R)"
PLSE,TARGET 2,78.946,second measured move (11.11R)
PSX,BUY STOP,281.1441,"breakout trigger, above the base pivot"
PSX,BUY LIMIT,277.12,"pullback entry, old resistance acting as support"
PSX,STOP LOSS,247.4068,"initial stop, below base support and the 30 week average"
PSX,BREAKEVEN,306.4471,move the stop to entry here
PSX,TARGET 1,401.824,"measured move, sell part of the position (3.58R)"
PSX,TARGET 2,501.5872,second measured move (6.53R)
PSX,BUY LIMIT,203.7649,buy the 30 week average on a pullback in an established Stage 2
PSX,STOP LOSS,182.8394,"initial stop, below base support and the 30 week average"
PSX,BREAKEVEN,219.459,move the stop to entry here
PSX,TARGET 1,286.574,"measured move, sell part of the position (3.96R)"
PSX,TARGET 2,352.8213,second measured move (7.12R)
AYA,BUY STOP,31.4722,"breakout trigger, above the base pivot"
AYA,BUY LIMIT,30.67,"pullback entry, old resistance acting as support"
AYA,STOP LOSS,27.6955,"initial stop, below base support and the 30 week average"
AYA,BREAKEVEN,34.3047,move the stop to entry here
AYA,TARGET 1,44.4715,"measured move, sell part of the position (3.44R)"
AYA,TARGET 2,55.5127,second measured move (6.37R)
AYA,BUY LIMIT,21.5975,buy the 30 week average on a pullback in an established Stage 2
AYA,STOP LOSS,19.0058,"initial stop, below base support and the 30 week average"
AYA,BREAKEVEN,23.5413,move the stop to entry here
AYA,TARGET 1,30.67,"measured move, sell part of the position (3.5R)"
AYA,TARGET 2,37.928,second measured move (6.3R)
DBD,BUY STOP,93.5268,"breakout trigger, above the base pivot"
DBD,BUY LIMIT,92.085,"pullback entry, old resistance acting as support"
DBD,STOP LOSS,82.3036,"initial stop, below base support and the 30 week average"
DBD,BREAKEVEN,101.9442,move the stop to entry here
DBD,TARGET 1,124.89,"measured move, sell part of the position (2.79R)"
DBD,TARGET 2,151.134,second measured move (5.13R)
SWVL,BUY STOP,8.702,"breakout trigger, above the base pivot"
SWVL,BUY LIMIT,8.476,"pullback entry, old resistance acting as support"
SWVL,STOP LOSS,7.6577,"initial stop, below base support and the 30 week average"
SWVL,BREAKEVEN,9.4851,move the stop to entry here
SWVL,TARGET 1,12.2902,"measured move, sell part of the position (3.44R)"
SWVL,TARGET 2,15.3416,second measured move (6.36R)
SWVL,BUY LIMIT,2.2951,buy the 30 week average on a pullback in an established Stage 2
SWVL,STOP LOSS,2.0197,"initial stop, below base support and the 30 week average"
SWVL,BREAKEVEN,2.5016,move the stop to entry here
SWVL,TARGET 1,8.476,"measured move, sell part of the position (22.44R)"
SWVL,TARGET 2,13.4208,second measured move (40.4R)
MNTK,BUY STOP,3.1407,"breakout trigger, above the base pivot"
MNTK,BUY LIMIT,3.05,"pullback entry, old resistance acting as support"
MNTK,STOP LOSS,2.7638,"initial stop, below base support and the 30 week average"
MNTK,BREAKEVEN,3.4233,move the stop to entry here
MNTK,TARGET 1,4.4225,"measured move, sell part of the position (3.4R)"
MNTK,TARGET 2,5.5205,second measured move (6.31R)
MNTK,BUY LIMIT,1.7893,buy the 30 week average on a pullback in an established Stage 2
MNTK,STOP LOSS,1.5746,"initial stop, below base support and the 30 week average"
MNTK,BREAKEVEN,1.9503,move the stop to entry here
MNTK,TARGET 1,3.28,"measured move, sell part of the position (6.94R)"
MNTK,TARGET 2,4.4726,second measured move (12.5R)
DYN,BUY STOP,27.9295,"breakout trigger, above the base pivot"
DYN,BUY LIMIT,27.305,"pullback entry, old resistance acting as support"
DYN,STOP LOSS,24.578,"initial stop, below base support and the 30 week average"
DYN,BREAKEVEN,30.4431,move the stop to entry here
DYN,TARGET 1,39.5923,"measured move, sell part of the position (3.48R)"
DYN,TARGET 2,49.4221,second measured move (6.41R)
DYN,BUY LIMIT,20.4595,buy the 30 week average on a pullback in an established Stage 2
DYN,STOP LOSS,18.0043,"initial stop, below base support and the 30 week average"
DYN,BREAKEVEN,22.3008,move the stop to entry here
DYN,TARGET 1,27.305,"measured move, sell part of the position (2.79R)"
DYN,TARGET 2,32.7814,second measured move (5.02R)
DK,BUY STOP,84.1055,"breakout trigger, above the base pivot"
DK,BUY LIMIT,82.27,"pullback entry, old resistance acting as support"
DK,STOP LOSS,74.0129,"initial stop, below base support and the 30 week average"
DK,BREAKEVEN,91.675,move the stop to entry here
DK,TARGET 1,119.2915,"measured move, sell part of the position (3.49R)"
DK,TARGET 2,148.9087,second measured move (6.42R)
DK,BUY LIMIT,56.5195,buy the 30 week average on a pullback in an established Stage 2
DK,STOP LOSS,49.7372,"initial stop, below base support and the 30 week average"
DK,BREAKEVEN,61.6063,move the stop to entry here
DK,TARGET 1,82.27,"measured move, sell part of the position (3.8R)"
DK,TARGET 2,102.8704,second measured move (6.83R)
PBF,BUY STOP,85.4432,"breakout trigger, above the base pivot"
PBF,BUY LIMIT,83.36,"pullback entry, old resistance acting as support"
PBF,STOP LOSS,75.19,"initial stop, below base support and the 30 week average"
PBF,BREAKEVEN,93.1331,move the stop to entry here
PBF,TARGET 1,120.872,"measured move, sell part of the position (3.46R)"
PBF,TARGET 2,150.8816,second measured move (6.38R)
PBF,BUY LIMIT,56.6599,buy the 30 week average on a pullback in an established Stage 2
PBF,STOP LOSS,49.8607,"initial stop, below base support and the 30 week average"
PBF,BREAKEVEN,61.7592,move the stop to entry here
PBF,TARGET 1,89.48,"measured move, sell part of the position (4.83R)"
PBF,TARGET 2,115.7361,second measured move (8.69R)
HELP,BUY STOP,15.5478,"breakout trigger, above the base pivot"
HELP,BUY LIMIT,15.15,"pullback entry, old resistance acting as support"
HELP,STOP LOSS,13.6821,"initial stop, below base support and the 30 week average"
HELP,BREAKEVEN,16.9471,move the stop to entry here
HELP,TARGET 1,21.9675,"measured move, sell part of the position (3.44R)"
HELP,TARGET 2,27.4215,second measured move (6.36R)
HELP,BUY LIMIT,7.9055,buy the 30 week average on a pullback in an established Stage 2
HELP,STOP LOSS,6.9568,"initial stop, below base support and the 30 week average"
HELP,BREAKEVEN,8.617,move the stop to entry here
HELP,TARGET 1,15.15,"measured move, sell part of the position (7.64R)"
HELP,TARGET 2,20.9456,second measured move (13.75R)
MRP,BUY STOP,31.5918,"breakout trigger, above the base pivot"
MRP,BUY LIMIT,31.1373,"pullback entry, old resistance acting as support"
MRP,STOP LOSS,27.8008,"initial stop, below base support and the 30 week average"
MRP,BREAKEVEN,34.435,move the stop to entry here
MRP,TARGET 1,39.5871,"measured move, sell part of the position (2.11R)"
MRP,TARGET 2,46.3469,second measured move (3.89R)
COGT,BUY STOP,44.1857,"breakout trigger, above the base pivot"
COGT,BUY LIMIT,43.39,"pullback entry, old resistance acting as support"
COGT,STOP LOSS,38.8834,"initial stop, below base support and the 30 week average"
COGT,BREAKEVEN,48.1624,move the stop to entry here
COGT,TARGET 1,56.43,"measured move, sell part of the position (2.31R)"
COGT,TARGET 2,66.862,second measured move (4.28R)
VSEC,BUY STOP,253.6477,"breakout trigger, above the base pivot"
VSEC,BUY LIMIT,247.85,"pullback entry, old resistance acting as support"
VSEC,STOP LOSS,223.2099,"initial stop, below base support and the 30 week average"
VSEC,BREAKEVEN,276.4759,move the stop to entry here
VSEC,TARGET 1,339.5549,"measured move, sell part of the position (2.82R)"
VSEC,TARGET 2,412.9188,second measured move (5.23R)
SION,BUY STOP,56.3802,"breakout trigger, above the base pivot"
SION,BUY LIMIT,54.97,"pullback entry, old resistance acting as support"
SION,STOP LOSS,49.6146,"initial stop, below base support and the 30 week average"
SION,BREAKEVEN,61.4544,move the stop to entry here
SION,TARGET 1,79.7065,"measured move, sell part of the position (3.45R)"
SION,TARGET 2,99.4957,second measured move (6.37R)
XNCR,BUY STOP,31.2693,"breakout trigger, above the base pivot"
XNCR,BUY LIMIT,30.61,"pullback entry, old resistance acting as support"
XNCR,STOP LOSS,27.5169,"initial stop, below base support and the 30 week average"
XNCR,BREAKEVEN,34.0835,move the stop to entry here
XNCR,TARGET 1,44.3845,"measured move, sell part of the position (3.5R)"
XNCR,TARGET 2,55.4041,second measured move (6.43R)
XNCR,BUY LIMIT,17.649,buy the 30 week average on a pullback in an established Stage 2
XNCR,STOP LOSS,15.5312,"initial stop, below base support and the 30 week average"
XNCR,BREAKEVEN,19.2374,move the stop to entry here
XNCR,TARGET 1,30.61,"measured move, sell part of the position (6.12R)"
XNCR,TARGET 2,40.9788,second measured move (11.02R)
LMNR,BUY STOP,15.4638,"breakout trigger, above the base pivot"
LMNR,BUY LIMIT,15.22,"pullback entry, old resistance acting as support"
LMNR,STOP LOSS,13.6081,"initial stop, below base support and the 30 week average"
LMNR,BREAKEVEN,16.8556,move the stop to entry here
LMNR,TARGET 1,18.77,"measured move, sell part of the position (1.78R)"
LMNR,TARGET 2,21.61,second measured move (3.31R)
EIX,BUY STOP,81.4728,"breakout trigger, above the base pivot"
EIX,BUY LIMIT,80.299,"pullback entry, old resistance acting as support"
EIX,STOP LOSS,71.6961,"initial stop, below base support and the 30 week average"
EIX,BREAKEVEN,88.8053,move the stop to entry here
EIX,TARGET 1,110.3251,"measured move, sell part of the position (2.95R)"
EIX,TARGET 2,134.3459,second measured move (5.41R)
TPR,BUY STOP,166.7561,"breakout trigger, above the base pivot"
TPR,BUY LIMIT,164.1776,"pullback entry, old resistance acting as support"
TPR,STOP LOSS,146.7454,"initial stop, below base support and the 30 week average"
TPR,BREAKEVEN,181.7641,move the stop to entry here
TPR,TARGET 1,218.5653,"measured move, sell part of the position (2.59R)"
TPR,TARGET 2,262.0754,second measured move (4.76R)
IMUX,BUY STOP,17.9646,"breakout trigger, above the base pivot"
IMUX,BUY LIMIT,17.43,"pullback entry, old resistance acting as support"
IMUX,STOP LOSS,15.8089,"initial stop, below base support and the 30 week average"
IMUX,BREAKEVEN,19.5815,move the stop to entry here
IMUX,TARGET 1,25.2735,"measured move, sell part of the position (3.39R)"
IMUX,TARGET 2,31.5483,second measured move (6.3R)
AON,BUY STOP,386.1398,"breakout trigger, above the base pivot"
AON,BUY LIMIT,381.4705,"pullback entry, old resistance acting as support"
AON,STOP LOSS,339.803,"initial stop, below base support and the 30 week average"
AON,BREAKEVEN,420.8924,move the stop to entry here
AON,TARGET 1,494.0409,"measured move, sell part of the position (2.33R)"
AON,TARGET 2,584.0973,second measured move (4.27R)
AVON.L,BUY STOP,2050.208,"breakout trigger, above the base pivot"
AVON.L,BUY LIMIT,2000.0,"pullback entry, old resistance acting as support"
AVON.L,STOP LOSS,1804.1831,"initial stop, below base support and the 30 week average"
AVON.L,BREAKEVEN,2234.7268,move the stop to entry here
AVON.L,TARGET 1,2562.8941,"measured move, sell part of the position (2.08R)"
AVON.L,TARGET 2,3013.2094,second measured move (3.91R)
AVON.L,BUY LIMIT,1789.5137,buy the 30 week average on a pullback in an established Stage 2
AVON.L,STOP LOSS,1574.7721,"initial stop, below base support and the 30 week average"
AVON.L,BREAKEVEN,1950.5699,move the stop to entry here
AVON.L,TARGET 1,2330.0,"measured move, sell part of the position (2.52R)"
AVON.L,TARGET 2,2762.389,second measured move (4.53R)
HAS.L,BUY STOP,79.9573,"breakout trigger, above the base pivot"
HAS.L,BUY LIMIT,78.45,"pullback entry, old resistance acting as support"
HAS.L,STOP LOSS,70.3624,"initial stop, below base support and the 30 week average"
HAS.L,BREAKEVEN,87.1535,move the stop to entry here
HAS.L,TARGET 1,113.7525,"measured move, sell part of the position (3.52R)"
HAS.L,TARGET 2,141.9945,second measured move (6.47R)
HAS.L,BUY LIMIT,47.8823,buy the 30 week average on a pullback in an established Stage 2
HAS.L,STOP LOSS,42.1364,"initial stop, below base support and the 30 week average"
HAS.L,BREAKEVEN,52.1917,move the stop to entry here
HAS.L,TARGET 1,78.45,"measured move, sell part of the position (5.32R)"
HAS.L,TARGET 2,102.9042,second measured move (9.58R)
AVAH,BUY STOP,14.9664,"breakout trigger, above the base pivot"
AVAH,BUY LIMIT,14.71,"pullback entry, old resistance acting as support"
AVAH,STOP LOSS,13.1705,"initial stop, below base support and the 30 week average"
AVAH,BREAKEVEN,16.3134,move the stop to entry here
AVAH,TARGET 1,21.3295,"measured move, sell part of the position (3.54R)"
AVAH,TARGET 2,26.6251,second measured move (6.49R)
AVAH,BUY LIMIT,9.3932,buy the 30 week average on a pullback in an established Stage 2
AVAH,STOP LOSS,8.2661,"initial stop, below base support and the 30 week average"
AVAH,BREAKEVEN,10.2386,move the stop to entry here
AVAH,TARGET 1,14.71,"measured move, sell part of the position (4.72R)"
AVAH,TARGET 2,18.9634,second measured move (8.49R)
EDRY,BUY STOP,75.1364,"breakout trigger, above the base pivot"
EDRY,BUY LIMIT,73.07,"pullback entry, old resistance acting as support"
EDRY,STOP LOSS,66.1201,"initial stop, below base support and the 30 week average"
EDRY,BREAKEVEN,81.8987,move the stop to entry here
EDRY,TARGET 1,105.9515,"measured move, sell part of the position (3.42R)"
EDRY,TARGET 2,132.2567,second measured move (6.34R)
EDRY,BUY LIMIT,32.8747,buy the 30 week average on a pullback in an established Stage 2
EDRY,STOP LOSS,28.9298,"initial stop, below base support and the 30 week average"
EDRY,BREAKEVEN,35.8335,move the stop to entry here
EDRY,TARGET 1,73.07,"measured move, sell part of the position (10.19R)"
EDRY,TARGET 2,105.2262,second measured move (18.34R)
FHTX,BUY STOP,7.8388,"breakout trigger, above the base pivot"
FHTX,BUY LIMIT,7.61,"pullback entry, old resistance acting as support"
FHTX,STOP LOSS,6.8981,"initial stop, below base support and the 30 week average"
FHTX,BREAKEVEN,8.5443,move the stop to entry here
FHTX,TARGET 1,11.0345,"measured move, sell part of the position (3.4R)"
FHTX,TARGET 2,13.7741,second measured move (6.31R)
PRHI,BUY LIMIT,5.8189,buy the 30 week average on a pullback in an established Stage 2
PRHI,STOP LOSS,5.1206,"initial stop, below base support and the 30 week average"
PRHI,BREAKEVEN,6.3426,move the stop to entry here
PRHI,TARGET 1,9.629,"measured move, sell part of the position (5.46R)"
PRHI,TARGET 2,12.6771,second measured move (9.82R)
TISI,BUY STOP,30.178,"breakout trigger, above the base pivot"
TISI,BUY LIMIT,29.57,"pullback entry, old resistance acting as support"
TISI,STOP LOSS,26.5566,"initial stop, below base support and the 30 week average"
TISI,BREAKEVEN,32.894,move the stop to entry here
TISI,TARGET 1,42.8765,"measured move, sell part of the position (3.51R)"
TISI,TARGET 2,53.5217,second measured move (6.45R)
TISI,BUY LIMIT,19.7349,buy the 30 week average on a pullback in an established Stage 2
TISI,STOP LOSS,17.3667,"initial stop, below base support and the 30 week average"
TISI,BREAKEVEN,21.511,move the stop to entry here
TISI,TARGET 1,29.57,"measured move, sell part of the position (4.15R)"
TISI,TARGET 2,37.4381,second measured move (7.48R)
INN,BUY STOP,7.1766,"breakout trigger, above the base pivot"
INN,BUY LIMIT,7.075,"pullback entry, old resistance acting as support"
INN,STOP LOSS,6.3154,"initial stop, below base support and the 30 week average"
INN,BREAKEVEN,7.8225,move the stop to entry here
INN,TARGET 1,10.2588,"measured move, sell part of the position (3.58R)"
INN,TARGET 2,12.8058,second measured move (6.54R)
INN,BUY LIMIT,5.7471,buy the 30 week average on a pullback in an established Stage 2
INN,STOP LOSS,5.2189,"initial stop, below base support and the 30 week average"
INN,BREAKEVEN,6.1432,move the stop to entry here
INN,TARGET 1,7.0553,"measured move, sell part of the position (2.48R)"
INN,TARGET 2,8.1019,second measured move (4.46R)
NBXG,BUY STOP,17.2304,"breakout trigger, above the base pivot"
NBXG,BUY LIMIT,17.0333,"pullback entry, old resistance acting as support"
NBXG,STOP LOSS,15.1627,"initial stop, below base support and the 30 week average"
NBXG,BREAKEVEN,18.7811,move the stop to entry here
NBXG,TARGET 1,22.3072,"measured move, sell part of the position (2.46R)"
NBXG,TARGET 2,26.5263,second measured move (4.5R)
NBXG,BUY LIMIT,14.9611,buy the 30 week average on a pullback in an established Stage 2
NBXG,STOP LOSS,13.9361,"initial stop, below base support and the 30 week average"
NBXG,BREAKEVEN,15.7299,move the stop to entry here
NBXG,TARGET 1,16.4987,"measured move, sell part of the position (1.5R)"
NBXG,TARGET 2,17.7288,second measured move (2.7R)
RGS,BUY STOP,31.4292,"breakout trigger, above the base pivot"
RGS,BUY LIMIT,30.93,"pullback entry, old resistance acting as support"
RGS,STOP LOSS,27.6577,"initial stop, below base support and the 30 week average"
RGS,BREAKEVEN,34.2579,move the stop to entry here
RGS,TARGET 1,44.8485,"measured move, sell part of the position (3.56R)"
RGS,TARGET 2,55.9833,second measured move (6.51R)
RGS,BUY LIMIT,27.5214,buy the 30 week average on a pullback in an established Stage 2
RGS,STOP LOSS,24.9254,"initial stop, below base support and the 30 week average"
RGS,BREAKEVEN,29.4684,move the stop to entry here
RGS,TARGET 1,31.4154,"measured move, sell part of the position (1.5R)"
RGS,TARGET 2,34.5306,second measured move (2.7R)
RAMP,BUY STOP,38.4554,"breakout trigger, above the base pivot"
RAMP,BUY LIMIT,38.23,"pullback entry, old resistance acting as support"
RAMP,STOP LOSS,34.6066,"initial stop, below base support and the 30 week average"
RAMP,BREAKEVEN,41.3421,move the stop to entry here
RAMP,TARGET 1,51.31,"measured move, sell part of the position (3.34R)"
RAMP,TARGET 2,61.774,second measured move (6.06R)
RAMP,BUY LIMIT,34.9222,buy the 30 week average on a pullback in an established Stage 2
RAMP,STOP LOSS,33.7499,"initial stop, below base support and the 30 week average"
RAMP,BREAKEVEN,35.8014,move the stop to entry here
RAMP,TARGET 1,38.01,"measured move, sell part of the position (2.63R)"
RAMP,TARGET 2,40.4803,second measured move (4.74R)
NTCT,BUY STOP,45.9589,"breakout trigger, above the base pivot"
NTCT,BUY LIMIT,45.28,"pullback entry, old resistance acting as support"
NTCT,STOP LOSS,40.4438,"initial stop, below base support and the 30 week average"
NTCT,BREAKEVEN,50.0952,move the stop to entry here
NTCT,TARGET 1,61.44,"measured move, sell part of the position (2.81R)"
NTCT,TARGET 2,74.368,second measured move (5.15R)
NTCT,BUY LIMIT,38.5179,buy the 30 week average on a pullback in an established Stage 2
NTCT,STOP LOSS,34.9878,"initial stop, below base support and the 30 week average"
NTCT,BREAKEVEN,41.1654,move the stop to entry here
NTCT,TARGET 1,43.8129,"measured move, sell part of the position (1.5R)"
NTCT,TARGET 2,48.049,second measured move (2.7R)
OSUR,BUY STOP,4.6725,"breakout trigger, above the base pivot"
OSUR,BUY LIMIT,4.58,"pullback entry, old resistance acting as support"
OSUR,STOP LOSS,4.1118,"initial stop, below base support and the 30 week average"
OSUR,BREAKEVEN,5.093,move the stop to entry here
OSUR,TARGET 1,6.38,"measured move, sell part of the position (3.05R)"
OSUR,TARGET 2,7.82,second measured move (5.61R)
OSUR,BUY LIMIT,3.7037,buy the 30 week average on a pullback in an established Stage 2
OSUR,STOP LOSS,3.2592,"initial stop, below base support and the 30 week average"
OSUR,BREAKEVEN,4.037,move the stop to entry here
OSUR,TARGET 1,4.3703,"measured move, sell part of the position (1.5R)"
OSUR,TARGET 2,4.9037,second measured move (2.7R)
SHO,BUY STOP,12.0838,"breakout trigger, above the base pivot"
SHO,BUY LIMIT,11.9639,"pullback entry, old resistance acting as support"
SHO,STOP LOSS,10.6338,"initial stop, below base support and the 30 week average"
SHO,BREAKEVEN,13.1714,move the stop to entry here
SHO,TARGET 1,15.2936,"measured move, sell part of the position (2.21R)"
SHO,TARGET 2,17.9574,second measured move (4.05R)
SHO,BUY LIMIT,10.7269,buy the 30 week average on a pullback in an established Stage 2
SHO,STOP LOSS,10.0882,"initial stop, below base support and the 30 week average"
SHO,BREAKEVEN,11.206,move the stop to entry here
SHO,TARGET 1,11.8548,"measured move, sell part of the position (1.77R)"
SHO,TARGET 2,12.7571,second measured move (3.18R)
PWR,BUY STOP,801.1255,"breakout trigger, above the base pivot"
PWR,BUY LIMIT,788.4945,"pullback entry, old resistance acting as support"
PWR,STOP LOSS,704.9905,"initial stop, below base support and the 30 week average"
PWR,BREAKEVEN,873.2269,move the stop to entry here
PWR,TARGET 1,1055.128,"measured move, sell part of the position (2.64R)"
PWR,TARGET 2,1268.4349,second measured move (4.86R)
PWR,BUY LIMIT,663.3906,buy the 30 week average on a pullback in an established Stage 2
PWR,STOP LOSS,583.7838,"initial stop, below base support and the 30 week average"
PWR,BREAKEVEN,723.0958,move the stop to entry here
PWR,TARGET 1,782.8009,"measured move, sell part of the position (1.5R)"
PWR,TARGET 2,878.3292,second measured move (2.7R)
URI,BUY STOP,1196.6157,"breakout trigger, above the base pivot"
URI,BUY LIMIT,1177.1487,"pullback entry, old resistance acting as support"
URI,STOP LOSS,1053.0218,"initial stop, below base support and the 30 week average"
URI,BREAKEVEN,1304.3111,move the stop to entry here
URI,TARGET 1,1655.3597,"measured move, sell part of the position (3.19R)"
URI,TARGET 2,2037.9284,second measured move (5.86R)
URI,BUY LIMIT,1004.3083,buy the 30 week average on a pullback in an established Stage 2
URI,STOP LOSS,903.0801,"initial stop, below base support and the 30 week average"
URI,BREAKEVEN,1080.2294,move the stop to entry here
URI,TARGET 1,1177.1487,"measured move, sell part of the position (1.71R)"
URI,TARGET 2,1315.4211,second measured move (3.07R)
VIAV,BUY STOP,62.0702,"breakout trigger, above the base pivot"
VIAV,BUY LIMIT,60.43,"pullback entry, old resistance acting as support"
VIAV,STOP LOSS,54.6217,"initial stop, below base support and the 30 week average"
VIAV,BREAKEVEN,67.6565,move the stop to entry here
VIAV,TARGET 1,87.6235,"measured move, sell part of the position (3.43R)"
VIAV,TARGET 2,109.3783,second measured move (6.35R)
VIAV,BUY LIMIT,43.5964,buy the 30 week average on a pullback in an established Stage 2
VIAV,STOP LOSS,38.3648,"initial stop, below base support and the 30 week average"
VIAV,BREAKEVEN,47.5201,move the stop to entry here
VIAV,TARGET 1,51.4437,"measured move, sell part of the position (1.5R)"
VIAV,TARGET 2,57.7216,second measured move (2.7R)
MKTW,BUY STOP,22.7255,"breakout trigger, above the base pivot"
MKTW,BUY LIMIT,22.3026,"pullback entry, old resistance acting as support"
MKTW,STOP LOSS,19.9985,"initial stop, below base support and the 30 week average"
MKTW,BREAKEVEN,24.7709,move the stop to entry here
MKTW,TARGET 1,32.1344,"measured move, sell part of the position (3.45R)"
MKTW,TARGET 2,39.9998,second measured move (6.33R)
MKTW,BUY LIMIT,18.1073,buy the 30 week average on a pullback in an established Stage 2
MKTW,STOP LOSS,15.9344,"initial stop, below base support and the 30 week average"
MKTW,BREAKEVEN,19.7369,move the stop to entry here
MKTW,TARGET 1,22.3026,"measured move, sell part of the position (1.93R)"
MKTW,TARGET 2,25.6589,second measured move (3.48R)
AMAT,BUY STOP,753.0077,"breakout trigger, above the base pivot"
AMAT,BUY LIMIT,738.8799,"pullback entry, old resistance acting as support"
AMAT,STOP LOSS,662.6468,"initial stop, below base support and the 30 week average"
AMAT,BREAKEVEN,820.7784,move the stop to entry here
AMAT,TARGET 1,1071.3758,"measured move, sell part of the position (3.52R)"
AMAT,TARGET 2,1337.3726,second measured move (6.47R)
AMAT,BUY LIMIT,482.8326,buy the 30 week average on a pullback in an established Stage 2
AMAT,STOP LOSS,424.8927,"initial stop, below base support and the 30 week average"
AMAT,BREAKEVEN,526.2875,move the stop to entry here
AMAT,TARGET 1,569.7425,"measured move, sell part of the position (1.5R)"
AMAT,TARGET 2,639.2703,second measured move (2.7R)
FCEL,BUY STOP,39.0675,"breakout trigger, above the base pivot"
FCEL,BUY LIMIT,37.88,"pullback entry, old resistance acting as support"
FCEL,STOP LOSS,34.3794,"initial stop, below base support and the 30 week average"
FCEL,BREAKEVEN,42.5836,move the stop to entry here
FCEL,TARGET 1,54.926,"measured move, sell part of the position (3.38R)"
FCEL,TARGET 2,68.5628,second measured move (6.29R)
FCEL,BUY LIMIT,17.6317,buy the 30 week average on a pullback in an established Stage 2
FCEL,STOP LOSS,15.5159,"initial stop, below base support and the 30 week average"
FCEL,BREAKEVEN,19.2185,move the stop to entry here
FCEL,TARGET 1,24.38,"measured move, sell part of the position (3.19R)"
FCEL,TARGET 2,29.7787,second measured move (5.74R)
ATEN,BUY STOP,39.0507,"breakout trigger, above the base pivot"
ATEN,BUY LIMIT,38.4057,"pullback entry, old resistance acting as support"
ATEN,STOP LOSS,34.3646,"initial stop, below base support and the 30 week average"
ATEN,BREAKEVEN,42.5652,move the stop to entry here
ATEN,TARGET 1,55.6883,"measured move, sell part of the position (3.55R)"
ATEN,TARGET 2,69.5143,second measured move (6.5R)
ATEN,BUY LIMIT,28.7687,buy the 30 week average on a pullback in an established Stage 2
ATEN,STOP LOSS,25.3165,"initial stop, below base support and the 30 week average"
ATEN,BREAKEVEN,31.3579,move the stop to entry here
ATEN,TARGET 1,33.9471,"measured move, sell part of the position (1.5R)"
ATEN,TARGET 2,38.0898,second measured move (2.7R)
BATRK,BUY STOP,55.5177,"breakout trigger, above the base pivot"
BATRK,BUY LIMIT,54.86,"pullback entry, old resistance acting as support"
BATRK,STOP LOSS,48.8556,"initial stop, below base support and the 30 week average"
BATRK,BREAKEVEN,60.5143,move the stop to entry here
BATRK,TARGET 1,68.46,"measured move, sell part of the position (1.94R)"
BATRK,TARGET 2,79.34,second measured move (3.58R)
BATRK,BUY LIMIT,50.0064,buy the 30 week average on a pullback in an established Stage 2
BATRK,STOP LOSS,46.5861,"initial stop, below base support and the 30 week average"
BATRK,BREAKEVEN,52.5716,move the stop to entry here
BATRK,TARGET 1,55.1369,"measured move, sell part of the position (1.5R)"
BATRK,TARGET 2,59.2412,second measured move (2.7R)
SPXX,BUY STOP,19.178,"breakout trigger, above the base pivot"
SPXX,BUY LIMIT,19.05,"pullback entry, old resistance acting as support"
SPXX,STOP LOSS,17.5005,"initial stop, below base support and the 30 week average"
SPXX,BREAKEVEN,20.4361,move the stop to entry here
SPXX,TARGET 1,23.0279,"measured move, sell part of the position (2.3R)"
SPXX,TARGET 2,26.2102,second measured move (4.19R)
SPXX,BUY LIMIT,17.6796,buy the 30 week average on a pullback in an established Stage 2
SPXX,STOP LOSS,17.0142,"initial stop, below base support and the 30 week average"
SPXX,BREAKEVEN,18.1787,move the stop to entry here
SPXX,TARGET 1,19.05,"measured move, sell part of the position (2.06R)"
SPXX,TARGET 2,20.1463,second measured move (3.71R)
ADI,BUY STOP,451.2115,"breakout trigger, above the base pivot"
ADI,BUY LIMIT,444.5556,"pullback entry, old resistance acting as support"
ADI,STOP LOSS,397.0661,"initial stop, below base support and the 30 week average"
ADI,BREAKEVEN,491.8206,move the stop to entry here
ADI,TARGET 1,590.2826,"measured move, sell part of the position (2.57R)"
ADI,TARGET 2,706.8643,second measured move (4.72R)
ADI,BUY LIMIT,383.8601,buy the 30 week average on a pullback in an established Stage 2
ADI,STOP LOSS,341.344,"initial stop, below base support and the 30 week average"
ADI,BREAKEVEN,415.7471,move the stop to entry here
ADI,TARGET 1,447.6342,"measured move, sell part of the position (1.5R)"
ADI,TARGET 2,498.6534,second measured move (2.7R)
IEX,BUY STOP,245.5215,"breakout trigger, above the base pivot"
IEX,BUY LIMIT,243.0257,"pullback entry, old resistance acting as support"
IEX,STOP LOSS,216.0589,"initial stop, below base support and the 30 week average"
IEX,BREAKEVEN,267.6184,move the stop to entry here
IEX,TARGET 1,304.8731,"measured move, sell part of the position (2.01R)"
IEX,TARGET 2,354.3511,second measured move (3.69R)
IEX,BUY LIMIT,218.1034,buy the 30 week average on a pullback in an established Stage 2
IEX,STOP LOSS,205.1254,"initial stop, below base support and the 30 week average"
IEX,BREAKEVEN,227.837,move the stop to entry here
IEX,TARGET 1,241.9591,"measured move, sell part of the position (1.84R)"
IEX,TARGET 2,261.0436,second measured move (3.31R)
SGC,BUY STOP,14.6954,"breakout trigger, above the base pivot"
SGC,BUY LIMIT,14.4347,"pullback entry, old resistance acting as support"
SGC,STOP LOSS,12.9319,"initial stop, below base support and the 30 week average"
SGC,BREAKEVEN,16.0179,move the stop to entry here
SGC,TARGET 1,19.3271,"measured move, sell part of the position (2.63R)"
SGC,TARGET 2,23.2411,second measured move (4.85R)
SGC,BUY LIMIT,12.2605,buy the 30 week average on a pullback in an established Stage 2
SGC,STOP LOSS,10.9048,"initial stop, below base support and the 30 week average"
SGC,BREAKEVEN,13.2773,move the stop to entry here
SGC,TARGET 1,14.3951,"measured move, sell part of the position (1.57R)"
SGC,TARGET 2,16.1028,second measured move (2.83R)
WLYB,BUY STOP,55.6736,"breakout trigger, above the base pivot"
WLYB,BUY LIMIT,55.1094,"pullback entry, old resistance acting as support"
WLYB,STOP LOSS,48.9928,"initial stop, below base support and the 30 week average"
WLYB,BREAKEVEN,60.6842,move the stop to entry here
WLYB,TARGET 1,77.484,"measured move, sell part of the position (3.26R)"
WLYB,TARGET 2,95.3837,second measured move (5.94R)
WLYB,BUY LIMIT,45.4552,buy the 30 week average on a pullback in an established Stage 2
WLYB,STOP LOSS,42.521,"initial stop, below base support and the 30 week average"
WLYB,BREAKEVEN,47.6558,move the stop to entry here
WLYB,TARGET 1,55.1094,"measured move, sell part of the position (3.29R)"
WLYB,TARGET 2,62.8327,second measured move (5.92R)
DOCN,BUY STOP,192.662,"breakout trigger, above the base pivot"
DOCN,BUY LIMIT,187.5,"pullback entry, old resistance acting as support"
DOCN,STOP LOSS,169.5425,"initial stop, below base support and the 30 week average"
DOCN,BREAKEVEN,210.0015,move the stop to entry here
DOCN,TARGET 1,271.875,"measured move, sell part of the position (3.43R)"
DOCN,TARGET 2,339.375,second measured move (6.35R)
DOCN,BUY LIMIT,128.1018,buy the 30 week average on a pullback in an established Stage 2
DOCN,STOP LOSS,112.7296,"initial stop, below base support and the 30 week average"
DOCN,BREAKEVEN,139.631,move the stop to entry here
DOCN,TARGET 1,151.83,"measured move, sell part of the position (1.54R)"
DOCN,TARGET 2,170.8126,second measured move (2.78R)
PERF,BUY STOP,1.9799,"breakout trigger, above the base pivot"
PERF,BUY LIMIT,1.959,"pullback entry, old resistance acting as support"
PERF,STOP LOSS,1.7423,"initial stop, below base support and the 30 week average"
PERF,BREAKEVEN,2.1581,move the stop to entry here
PERF,TARGET 1,2.578,"measured move, sell part of the position (2.52R)"
PERF,TARGET 2,3.0732,second measured move (4.6R)
PERF,BUY LIMIT,1.798,buy the 30 week average on a pullback in an established Stage 2
PERF,STOP LOSS,1.6491,"initial stop, below base support and the 30 week average"
PERF,BREAKEVEN,1.9097,move the stop to entry here
PERF,TARGET 1,2.0214,"measured move, sell part of the position (1.5R)"
PERF,TARGET 2,2.2001,second measured move (2.7R)
ADX,BUY STOP,26.7279,"breakout trigger, above the base pivot"
ADX,BUY LIMIT,26.56,"pullback entry, old resistance acting as support"
ADX,STOP LOSS,24.4835,"initial stop, below base support and the 30 week average"
ADX,BREAKEVEN,28.4112,move the stop to entry here
ADX,TARGET 1,33.0136,"measured move, sell part of the position (2.8R)"
ADX,TARGET 2,38.1765,second measured move (5.1R)
ADX,BUY LIMIT,24.7186,buy the 30 week average on a pullback in an established Stage 2
ADX,STOP LOSS,23.8455,"initial stop, below base support and the 30 week average"
ADX,BREAKEVEN,25.3734,move the stop to entry here
ADX,TARGET 1,26.56,"measured move, sell part of the position (2.11R)"
ADX,TARGET 2,28.0331,second measured move (3.8R)
TXN,BUY STOP,337.4314,"breakout trigger, above the base pivot"
TXN,BUY LIMIT,332.3285,"pullback entry, old resistance acting as support"
TXN,STOP LOSS,296.9396,"initial stop, below base support and the 30 week average"
TXN,BREAKEVEN,367.8002,move the stop to entry here
TXN,TARGET 1,481.6288,"measured move, sell part of the position (3.56R)"
TXN,TARGET 2,601.069,second measured move (6.51R)
TXN,BUY LIMIT,272.8011,buy the 30 week average on a pullback in an established Stage 2
TXN,STOP LOSS,243.0271,"initial stop, below base support and the 30 week average"
TXN,BREAKEVEN,295.1317,move the stop to entry here
TXN,TARGET 1,317.4622,"measured move, sell part of the position (1.5R)"
TXN,TARGET 2,353.1911,second measured move (2.7R)
RPAY,BUY STOP,4.6488,"breakout trigger, above the base pivot"
RPAY,BUY LIMIT,4.545,"pullback entry, old resistance acting as support"
RPAY,STOP LOSS,4.091,"initial stop, below base support and the 30 week average"
RPAY,BREAKEVEN,5.0673,move the stop to entry here
RPAY,TARGET 1,6.5903,"measured move, sell part of the position (3.48R)"
RPAY,TARGET 2,8.2265,second measured move (6.41R)
RPAY,BUY LIMIT,3.6855,buy the 30 week average on a pullback in an established Stage 2
RPAY,STOP LOSS,3.2433,"initial stop, below base support and the 30 week average"
RPAY,BREAKEVEN,4.0172,move the stop to entry here
RPAY,TARGET 1,4.3489,"measured move, sell part of the position (1.5R)"
RPAY,TARGET 2,4.8796,second measured move (2.7R)
EBAY,BUY STOP,120.3901,"breakout trigger, above the base pivot"
EBAY,BUY LIMIT,118.6195,"pullback entry, old resistance acting as support"
EBAY,STOP LOSS,105.9433,"initial stop, below base support and the 30 week average"
EBAY,BREAKEVEN,131.2252,move the stop to entry here
EBAY,TARGET 1,150.5437,"measured move, sell part of the position (2.09R)"
EBAY,TARGET 2,176.083,second measured move (3.86R)
EBAY,BUY LIMIT,106.966,buy the 30 week average on a pullback in an established Stage 2
EBAY,STOP LOSS,97.7591,"initial stop, below base support and the 30 week average"
EBAY,BREAKEVEN,113.8712,move the stop to entry here
EBAY,TARGET 1,120.7764,"measured move, sell part of the position (1.5R)"
EBAY,TARGET 2,131.8247,second measured move (2.7R)
LXFR,BUY STOP,19.4534,"breakout trigger, above the base pivot"
LXFR,BUY LIMIT,19.3026,"pullback entry, old resistance acting as support"
LXFR,STOP LOSS,17.1189,"initial stop, below base support and the 30 week average"
LXFR,BREAKEVEN,21.2042,move the stop to entry here
LXFR,TARGET 1,27.5447,"measured move, sell part of the position (3.47R)"
LXFR,TARGET 2,34.1384,second measured move (6.29R)
LXFR,BUY LIMIT,16.1167,buy the 30 week average on a pullback in an established Stage 2
LXFR,STOP LOSS,15.3326,"initial stop, below base support and the 30 week average"
LXFR,BREAKEVEN,16.7047,move the stop to entry here
LXFR,TARGET 1,17.37,"measured move, sell part of the position (1.6R)"
LXFR,TARGET 2,18.3727,second measured move (2.88R)
AIT,BUY STOP,379.2324,"breakout trigger, above the base pivot"
AIT,BUY LIMIT,374.8,"pullback entry, old resistance acting as support"
AIT,STOP LOSS,333.7245,"initial stop, below base support and the 30 week average"
AIT,BREAKEVEN,413.3634,move the stop to entry here
AIT,TARGET 1,499.4625,"measured move, sell part of the position (2.64R)"
AIT,TARGET 2,599.1925,second measured move (4.83R)
AIT,BUY LIMIT,319.8436,buy the 30 week average on a pullback in an established Stage 2
AIT,STOP LOSS,296.7949,"initial stop, below base support and the 30 week average"
AIT,BREAKEVEN,337.1301,move the stop to entry here
AIT,TARGET 1,374.8,"measured move, sell part of the position (2.38R)"
AIT,TARGET 2,418.7651,second measured move (4.29R)
RXT,BUY STOP,8.8603,"breakout trigger, above the base pivot"
RXT,BUY LIMIT,8.6,"pullback entry, old resistance acting as support"
RXT,STOP LOSS,7.797,"initial stop, below base support and the 30 week average"
RXT,BREAKEVEN,9.6577,move the stop to entry here
RXT,TARGET 1,12.47,"measured move, sell part of the position (3.4R)"
RXT,TARGET 2,15.566,second measured move (6.31R)
RXT,BUY LIMIT,3.9332,buy the 30 week average on a pullback in an established Stage 2
RXT,STOP LOSS,3.4612,"initial stop, below base support and the 30 week average"
RXT,BREAKEVEN,4.2872,move the stop to entry here
RXT,TARGET 1,5.67,"measured move, sell part of the position (3.68R)"
RXT,TARGET 2,7.0594,second measured move (6.62R)
TONX,BUY LIMIT,3.131,buy the 30 week average on a pullback in an established Stage 2
TONX,STOP LOSS,2.7553,"initial stop, below base support and the 30 week average"
TONX,BREAKEVEN,3.4128,move the stop to entry here
TONX,TARGET 1,4.195,"measured move, sell part of the position (2.83R)"
TONX,TARGET 2,5.0462,second measured move (5.1R)
BZFD,BUY STOP,2.2605,"breakout trigger, above the base pivot"
BZFD,BUY LIMIT,2.21,"pullback entry, old resistance acting as support"
BZFD,STOP LOSS,1.9892,"initial stop, below base support and the 30 week average"
BZFD,BREAKEVEN,2.464,move the stop to entry here
BZFD,TARGET 1,3.2045,"measured move, sell part of the position (3.48R)"
BZFD,TARGET 2,4.0001,second measured move (6.41R)
BZFD,BUY LIMIT,1.1654,buy the 30 week average on a pullback in an established Stage 2
BZFD,STOP LOSS,1.0255,"initial stop, below base support and the 30 week average"
BZFD,BREAKEVEN,1.2703,move the stop to entry here
BZFD,TARGET 1,1.3751,"measured move, sell part of the position (1.5R)"
BZFD,TARGET 2,1.543,second measured move (2.7R)
EXTR,BUY STOP,34.335,"breakout trigger, above the base pivot"
EXTR,BUY LIMIT,33.73,"pullback entry, old resistance acting as support"
EXTR,STOP LOSS,30.2148,"initial stop, below base support and the 30 week average"
EXTR,BREAKEVEN,37.4251,move the stop to entry here
EXTR,TARGET 1,48.9085,"measured move, sell part of the position (3.54R)"
EXTR,TARGET 2,61.0513,second measured move (6.48R)
EXTR,BUY LIMIT,24.4463,buy the 30 week average on a pullback in an established Stage 2
EXTR,STOP LOSS,21.5128,"initial stop, below base support and the 30 week average"
EXTR,BREAKEVEN,26.6465,move the stop to entry here
EXTR,TARGET 1,32.41,"measured move, sell part of the position (2.71R)"
EXTR,TARGET 2,38.7809,second measured move (4.89R)
GSAT,BUY STOP,85.5471,"breakout trigger, above the base pivot"
GSAT,BUY LIMIT,84.85,"pullback entry, old resistance acting as support"
GSAT,STOP LOSS,79.3482,"initial stop, below base support and the 30 week average"
GSAT,BREAKEVEN,90.1963,move the stop to entry here
GSAT,TARGET 1,116.03,"measured move, sell part of the position (4.92R)"
GSAT,TARGET 2,140.974,second measured move (8.94R)
GSAT,BUY LIMIT,80.3242,buy the 30 week average on a pullback in an established Stage 2
GSAT,STOP LOSS,76.6991,"initial stop, below base support and the 30 week average"
GSAT,BREAKEVEN,83.043,move the stop to entry here
GSAT,TARGET 1,85.7619,"measured move, sell part of the position (1.5R)"
GSAT,TARGET 2,90.112,second measured move (2.7R)
ASML,BUY STOP,2031.0,"breakout trigger, above the base pivot"
ASML,BUY LIMIT,1997.3768,"pullback entry, old resistance acting as support"
ASML,STOP LOSS,1787.28,"initial stop, below base support and the 30 week average"
ASML,BREAKEVEN,2213.79,move the stop to entry here
ASML,TARGET 1,2750.9723,"measured move, sell part of the position (2.95R)"
ASML,TARGET 2,3353.8488,second measured move (5.43R)
ASML,BUY LIMIT,1663.4965,buy the 30 week average on a pullback in an established Stage 2
ASML,STOP LOSS,1488.6558,"initial stop, below base support and the 30 week average"
ASML,BREAKEVEN,1794.6271,move the stop to entry here
ASML,TARGET 1,1925.7576,"measured move, sell part of the position (1.5R)"
ASML,TARGET 2,2135.5664,second measured move (2.7R)
OPLN,BUY STOP,43.4983,"breakout trigger, above the base pivot"
OPLN,BUY LIMIT,42.9,"pullback entry, old resistance acting as support"
OPLN,STOP LOSS,38.2785,"initial stop, below base support and the 30 week average"
OPLN,BREAKEVEN,47.4132,move the stop to entry here
OPLN,TARGET 1,59.5,"measured move, sell part of the position (3.07R)"
OPLN,TARGET 2,72.78,second measured move (5.61R)
OPLN,BUY LIMIT,35.62,buy the 30 week average on a pullback in an established Stage 2
OPLN,STOP LOSS,32.5088,"initial stop, below base support and the 30 week average"
OPLN,BREAKEVEN,37.9534,move the stop to entry here
OPLN,TARGET 1,42.69,"measured move, sell part of the position (2.27R)"
OPLN,TARGET 2,48.346,second measured move (4.09R)
GCO,BUY STOP,44.5166,"breakout trigger, above the base pivot"
GCO,BUY LIMIT,43.6,"pullback entry, old resistance acting as support"
GCO,STOP LOSS,39.1746,"initial stop, below base support and the 30 week average"
GCO,BREAKEVEN,48.5231,move the stop to entry here
GCO,TARGET 1,62.82,"measured move, sell part of the position (3.43R)"
GCO,TARGET 2,78.196,second measured move (6.3R)
GCO,BUY LIMIT,35.161,buy the 30 week average on a pullback in an established Stage 2
GCO,STOP LOSS,30.9416,"initial stop, below base support and the 30 week average"
GCO,BREAKEVEN,38.3254,move the stop to entry here
GCO,TARGET 1,41.4899,"measured move, sell part of the position (1.5R)"
GCO,TARGET 2,46.5531,second measured move (2.7R)
RS,BUY STOP,438.6794,"breakout trigger, above the base pivot"
RS,BUY LIMIT,433.02,"pullback entry, old resistance acting as support"
RS,STOP LOSS,386.0379,"initial stop, below base support and the 30 week average"
RS,BREAKEVEN,478.1605,move the stop to entry here
RS,TARGET 1,578.7984,"measured move, sell part of the position (2.66R)"
RS,TARGET 2,695.4212,second measured move (4.88R)
RS,BUY LIMIT,377.5484,buy the 30 week average on a pullback in an established Stage 2
RS,STOP LOSS,348.1195,"initial stop, below base support and the 30 week average"
RS,BREAKEVEN,399.6201,move the stop to entry here
RS,TARGET 1,433.02,"measured move, sell part of the position (1.88R)"
RS,TARGET 2,477.3973,second measured move (3.39R)
ANGH,BUY STOP,8.0589,"breakout trigger, above the base pivot"
ANGH,BUY LIMIT,7.89,"pullback entry, old resistance acting as support"
ANGH,STOP LOSS,7.0918,"initial stop, below base support and the 30 week average"
ANGH,BREAKEVEN,8.7842,move the stop to entry here
ANGH,TARGET 1,11.4405,"measured move, sell part of the position (3.5R)"
ANGH,TARGET 2,14.2809,second measured move (6.43R)
ANGH,BUY LIMIT,3.7262,buy the 30 week average on a pullback in an established Stage 2
ANGH,STOP LOSS,3.279,"initial stop, below base support and the 30 week average"
ANGH,BREAKEVEN,4.0615,move the stop to entry here
ANGH,TARGET 1,4.3969,"measured move, sell part of the position (1.5R)"
ANGH,TARGET 2,4.9334,second measured move (2.7R)
MO,BUY STOP,76.7777,"breakout trigger, above the base pivot"
MO,BUY LIMIT,75.8486,"pullback entry, old resistance acting as support"
MO,STOP LOSS,67.5644,"initial stop, below base support and the 30 week average"
MO,BREAKEVEN,83.6877,move the stop to entry here
MO,TARGET 1,90.7273,"measured move, sell part of the position (1.51R)"
MO,TARGET 2,102.6303,second measured move (2.81R)
MO,BUY LIMIT,68.4711,buy the 30 week average on a pullback in an established Stage 2
MO,STOP LOSS,61.9861,"initial stop, below base support and the 30 week average"
MO,BREAKEVEN,73.335,move the stop to entry here
MO,TARGET 1,78.1988,"measured move, sell part of the position (1.5R)"
MO,TARGET 2,85.9809,second measured move (2.7R)
CDNS,BUY STOP,423.9435,"breakout trigger, above the base pivot"
CDNS,BUY LIMIT,416.69,"pullback entry, old resistance acting as support"
CDNS,STOP LOSS,373.0703,"initial stop, below base support and the 30 week average"
CDNS,BREAKEVEN,462.0984,move the stop to entry here
CDNS,TARGET 1,570.0,"measured move, sell part of the position (2.87R)"
CDNS,TARGET 2,692.648,second measured move (5.28R)
CDNS,BUY LIMIT,337.6221,buy the 30 week average on a pullback in an established Stage 2
CDNS,STOP LOSS,297.1074,"initial stop, below base support and the 30 week average"
CDNS,BREAKEVEN,368.008,move the stop to entry here
CDNS,TARGET 1,398.394,"measured move, sell part of the position (1.5R)"
CDNS,TARGET 2,447.0116,second measured move (2.7R)
VIRC,BUY STOP,6.9849,"breakout trigger, above the base pivot"
VIRC,BUY LIMIT,6.87,"pullback entry, old resistance acting as support"
VIRC,STOP LOSS,6.1467,"initial stop, below base support and the 30 week average"
VIRC,BREAKEVEN,7.6135,move the stop to entry here
VIRC,TARGET 1,8.6215,"measured move, sell part of the position (1.95R)"
VIRC,TARGET 2,10.0228,second measured move (3.62R)
VIRC,BUY LIMIT,6.1672,buy the 30 week average on a pullback in an established Stage 2
VIRC,STOP LOSS,5.5698,"initial stop, below base support and the 30 week average"
VIRC,BREAKEVEN,6.6151,move the stop to entry here
VIRC,TARGET 1,7.0631,"measured move, sell part of the position (1.5R)"
VIRC,TARGET 2,7.7799,second measured move (2.7R)
PG,BUY STOP,156.2978,"breakout trigger, above the base pivot"
PG,BUY LIMIT,154.8198,"pullback entry, old resistance acting as support"
PG,STOP LOSS,140.382,"initial stop, below base support and the 30 week average"
PG,BREAKEVEN,168.2347,move the stop to entry here
PG,TARGET 1,175.0755,"measured move, sell part of the position (1.18R)"
PG,TARGET 2,191.2801,second measured move (2.2R)
GJT,BUY STOP,23.6452,"breakout trigger, above the base pivot"
GJT,BUY LIMIT,23.551,"pullback entry, old resistance acting as support"
GJT,STOP LOSS,22.6407,"initial stop, below base support and the 30 week average"
GJT,BREAKEVEN,24.3985,move the stop to entry here
GJT,TARGET 1,24.8623,"measured move, sell part of the position (1.21R)"
GJT,TARGET 2,25.9113,second measured move (2.26R)
GJT,BUY LIMIT,22.9775,buy the 30 week average on a pullback in an established Stage 2
GJT,STOP LOSS,22.6172,"initial stop, below base support and the 30 week average"
GJT,BREAKEVEN,23.2476,move the stop to entry here
GJT,TARGET 1,23.551,"measured move, sell part of the position (1.59R)"
GJT,TARGET 2,24.0098,second measured move (2.87R)
DIS,BUY STOP,113.2095,"breakout trigger, above the base pivot"
DIS,BUY LIMIT,111.87,"pullback entry, old resistance acting as support"
DIS,STOP LOSS,99.6244,"initial stop, below base support and the 30 week average"
DIS,BREAKEVEN,123.3983,move the stop to entry here
DIS,TARGET 1,133.0349,"measured move, sell part of the position (1.46R)"
DIS,TARGET 2,149.9669,second measured move (2.71R)
DIS,BUY LIMIT,102.1534,buy the 30 week average on a pullback in an established Stage 2
DIS,STOP LOSS,95.188,"initial stop, below base support and the 30 week average"
DIS,BREAKEVEN,107.3776,move the stop to entry here
DIS,TARGET 1,112.6017,"measured move, sell part of the position (1.5R)"
DIS,TARGET 2,120.9603,second measured move (2.7R)
MOTR.L,BUY STOP,145.7632,"breakout trigger, above the base pivot"
MOTR.L,BUY LIMIT,143.5,"pullback entry, old resistance acting as support"
MOTR.L,STOP LOSS,128.2716,"initial stop, below base support and the 30 week average"
MOTR.L,BREAKEVEN,158.8819,move the stop to entry here
MOTR.L,TARGET 1,177.2612,"measured move, sell part of the position (1.8R)"
MOTR.L,TARGET 2,204.2702,second measured move (3.34R)
MOTR.L,BUY LIMIT,129.8157,buy the 30 week average on a pullback in an established Stage 2
MOTR.L,STOP LOSS,116.2368,"initial stop, below base support and the 30 week average"
MOTR.L,BREAKEVEN,139.9999,move the stop to entry here
MOTR.L,TARGET 1,150.184,"measured move, sell part of the position (1.5R)"
MOTR.L,TARGET 2,166.4787,second measured move (2.7R)
TVC,BUY STOP,24.3568,"breakout trigger, above the base pivot"
TVC,BUY LIMIT,24.2598,"pullback entry, old resistance acting as support"
TVC,STOP LOSS,23.5601,"initial stop, below base support and the 30 week average"
TVC,BREAKEVEN,24.9543,move the stop to entry here
TVC,TARGET 1,25.1118,"measured move, sell part of the position (0.95R)"
TVC,TARGET 2,25.7935,second measured move (1.8R)
KTN,BUY STOP,26.5056,"breakout trigger, above the base pivot"
KTN,BUY LIMIT,26.4,"pullback entry, old resistance acting as support"
KTN,STOP LOSS,25.2164,"initial stop, below base support and the 30 week average"
KTN,BREAKEVEN,27.4725,move the stop to entry here
KTN,TARGET 1,29.5769,"measured move, sell part of the position (2.38R)"
KTN,TARGET 2,32.1185,second measured move (4.35R)
KTN,BUY LIMIT,25.2938,buy the 30 week average on a pullback in an established Stage 2
KTN,STOP LOSS,25.0064,"initial stop, below base support and the 30 week average"
KTN,BREAKEVEN,25.5093,move the stop to entry here
KTN,TARGET 1,25.7248,"measured move, sell part of the position (1.5R)"
KTN,TARGET 2,26.0697,second measured move (2.7R)
VLTO,BUY STOP,103.2226,"breakout trigger, above the base pivot"
VLTO,BUY LIMIT,102.1125,"pullback entry, old resistance acting as support"
VLTO,STOP LOSS,90.8359,"initial stop, below base support and the 30 week average"
VLTO,BREAKEVEN,112.5126,move the stop to entry here
VLTO,TARGET 1,124.4202,"measured move, sell part of the position (1.71R)"
VLTO,TARGET 2,142.2664,second measured move (3.15R)
VLTO,BUY LIMIT,91.4082,buy the 30 week average on a pullback in an established Stage 2
VLTO,STOP LOSS,85.6355,"initial stop, below base support and the 30 week average"
VLTO,BREAKEVEN,95.7377,move the stop to entry here
VLTO,TARGET 1,100.8641,"measured move, sell part of the position (1.64R)"
VLTO,TARGET 2,108.4289,second measured move (2.95R)
TT,BUY STOP,511.2852,"breakout trigger, above the base pivot"
TT,BUY LIMIT,504.6769,"pullback entry, old resistance acting as support"
TT,STOP LOSS,449.931,"initial stop, below base support and the 30 week average"
TT,BREAKEVEN,557.3008,move the stop to entry here
TT,TARGET 1,608.0751,"measured move, sell part of the position (1.58R)"
TT,TARGET 2,690.7937,second measured move (2.93R)
TT,BUY LIMIT,461.9729,buy the 30 week average on a pullback in an established Stage 2
TT,STOP LOSS,407.3617,"initial stop, below base support and the 30 week average"
TT,BREAKEVEN,502.9313,move the stop to entry here
TT,TARGET 1,543.8896,"measured move, sell part of the position (1.5R)"
TT,TARGET 2,609.4231,second measured move (2.7R)
GJO,BUY STOP,25.1049,"breakout trigger, above the base pivot"
GJO,BUY LIMIT,25.0049,"pullback entry, old resistance acting as support"
GJO,STOP LOSS,23.8383,"initial stop, below base support and the 30 week average"
GJO,BREAKEVEN,26.0549,move the stop to entry here
GJO,TARGET 1,26.4159,"measured move, sell part of the position (1.04R)"
GJO,TARGET 2,27.5446,second measured move (1.93R)
GJO,BUY LIMIT,24.4967,buy the 30 week average on a pullback in an established Stage 2
GJO,STOP LOSS,23.8383,"initial stop, below base support and the 30 week average"
GJO,BREAKEVEN,24.9904,move the stop to entry here
GJO,TARGET 1,25.4842,"measured move, sell part of the position (1.5R)"
GJO,TARGET 2,26.2742,second measured move (2.7R)
CUB,BUY STOP,11.2699,"breakout trigger, above the base pivot"
CUB,BUY LIMIT,11.225,"pullback entry, old resistance acting as support"
CUB,STOP LOSS,10.8154,"initial stop, below base support and the 30 week average"
CUB,BREAKEVEN,11.6108,move the stop to entry here
CUB,TARGET 1,11.75,"measured move, sell part of the position (1.06R)"
CUB,TARGET 2,12.17,second measured move (1.98R)
ECL,BUY STOP,297.7665,"breakout trigger, above the base pivot"
ECL,BUY LIMIT,294.5475,"pullback entry, old resistance acting as support"
ECL,STOP LOSS,264.241,"initial stop, below base support and the 30 week average"
ECL,BREAKEVEN,322.9105,move the stop to entry here
ECL,TARGET 1,347.2484,"measured move, sell part of the position (1.48R)"
ECL,TARGET 2,389.4091,second measured move (2.73R)
NBPE.L,BUY STOP,1526.0997,"breakout trigger, above the base pivot"
NBPE.L,BUY LIMIT,1513.5159,"pullback entry, old resistance acting as support"
NBPE.L,STOP LOSS,1417.4162,"initial stop, below base support and the 30 week average"
NBPE.L,BREAKEVEN,1607.6123,move the stop to entry here
NBPE.L,TARGET 1,1750.2095,"measured move, sell part of the position (2.06R)"
NBPE.L,TARGET 2,1939.5643,second measured move (3.8R)
NBPE.L,BUY LIMIT,1442.4449,buy the 30 week average on a pullback in an established Stage 2
NBPE.L,STOP LOSS,1377.0093,"initial stop, below base support and the 30 week average"
NBPE.L,BREAKEVEN,1491.5216,move the stop to entry here
NBPE.L,TARGET 1,1540.5983,"measured move, sell part of the position (1.5R)"
NBPE.L,TARGET 2,1619.121,second measured move (2.7R)
EXPO,BUY STOP,72.8919,"breakout trigger, above the base pivot"
EXPO,BUY LIMIT,71.74,"pullback entry, old resistance acting as support"
EXPO,STOP LOSS,64.1449,"initial stop, below base support and the 30 week average"
EXPO,BREAKEVEN,79.4522,move the stop to entry here
EXPO,TARGET 1,92.0691,"measured move, sell part of the position (2.19R)"
EXPO,TARGET 2,108.3323,second measured move (4.05R)
AKO-A,BUY STOP,26.457,"breakout trigger, above the base pivot"
AKO-A,BUY LIMIT,26.06,"pullback entry, old resistance acting as support"
AKO-A,STOP LOSS,23.2822,"initial stop, below base support and the 30 week average"
AKO-A,BREAKEVEN,28.8381,move the stop to entry here
AKO-A,TARGET 1,35.3642,"measured move, sell part of the position (2.81R)"
AKO-A,TARGET 2,42.8075,second measured move (5.15R)
AKO-A,BUY LIMIT,23.1065,buy the 30 week average on a pullback in an established Stage 2
AKO-A,STOP LOSS,21.0419,"initial stop, below base support and the 30 week average"
AKO-A,BREAKEVEN,24.6549,move the stop to entry here
AKO-A,TARGET 1,26.2033,"measured move, sell part of the position (1.5R)"
AKO-A,TARGET 2,28.6807,second measured move (2.7R)
GJS,BUY STOP,23.7434,"breakout trigger, above the base pivot"
GJS,BUY LIMIT,23.6488,"pullback entry, old resistance acting as support"
GJS,STOP LOSS,22.7363,"initial stop, below base support and the 30 week average"
GJS,BREAKEVEN,24.4987,move the stop to entry here
GJS,TARGET 1,25.0769,"measured move, sell part of the position (1.32R)"
GJS,TARGET 2,26.2194,second measured move (2.46R)
GJS,BUY LIMIT,23.1972,buy the 30 week average on a pullback in an established Stage 2
GJS,STOP LOSS,22.7099,"initial stop, below base support and the 30 week average"
GJS,BREAKEVEN,23.5627,move the stop to entry here
GJS,TARGET 1,23.9282,"measured move, sell part of the position (1.5R)"
GJS,TARGET 2,24.513,second measured move (2.7R)
TXNM,BUY STOP,59.3316,"breakout trigger, above the base pivot"
TXNM,BUY LIMIT,59.0952,"pullback entry, old resistance acting as support"
TXNM,STOP LOSS,56.8762,"initial stop, below base support and the 30 week average"
TXNM,BREAKEVEN,61.1732,move the stop to entry here
TXNM,TARGET 1,62.9568,"measured move, sell part of the position (1.48R)"
TXNM,TARGET 2,66.0461,second measured move (2.73R)
TXNM,BUY LIMIT,57.9159,buy the 30 week average on a pullback in an established Stage 2
TXNM,STOP LOSS,56.8762,"initial stop, below base support and the 30 week average"
TXNM,BREAKEVEN,58.6957,move the stop to entry here
TXNM,TARGET 1,59.4755,"measured move, sell part of the position (1.5R)"
TXNM,TARGET 2,60.7231,second measured move (2.7R)
WTB.L,BUY STOP,2619.628,"breakout trigger, above the base pivot"
WTB.L,BUY LIMIT,2585.0,"pullback entry, old resistance acting as support"
WTB.L,STOP LOSS,2305.2727,"initial stop, below base support and the 30 week average"
WTB.L,BREAKEVEN,2855.3946,move the stop to entry here
WTB.L,TARGET 1,3091.275,"measured move, sell part of the position (1.5R)"
WTB.L,TARGET 2,3496.2949,second measured move (2.79R)
CPHC,BUY STOP,16.828,"breakout trigger, above the base pivot"
CPHC,BUY LIMIT,16.693,"pullback entry, old resistance acting as support"
CPHC,STOP LOSS,14.858,"initial stop, below base support and the 30 week average"
CPHC,BREAKEVEN,18.3054,move the stop to entry here
CPHC,TARGET 1,18.6342,"measured move, sell part of the position (0.92R)"
CPHC,TARGET 2,20.1872,second measured move (1.71R)
CPHC,BUY LIMIT,15.7194,buy the 30 week average on a pullback in an established Stage 2
CPHC,STOP LOSS,14.858,"initial stop, below base support and the 30 week average"
CPHC,BREAKEVEN,16.3654,move the stop to entry here
CPHC,TARGET 1,17.0115,"measured move, sell part of the position (1.5R)"
CPHC,TARGET 2,18.0451,second measured move (2.7R)
VLOS,BUY STOP,11.1836,"breakout trigger, above the base pivot"
VLOS,BUY LIMIT,11.139,"pullback entry, old resistance acting as support"
VLOS,STOP LOSS,10.5012,"initial stop, below base support and the 30 week average"
VLOS,BREAKEVEN,11.6954,move the stop to entry here
VLOS,TARGET 1,13.178,"measured move, sell part of the position (2.92R)"
VLOS,TARGET 2,14.8092,second measured move (5.31R)
VLOS,BUY LIMIT,10.7598,buy the 30 week average on a pullback in an established Stage 2
VLOS,STOP LOSS,10.5012,"initial stop, below base support and the 30 week average"
VLOS,BREAKEVEN,10.9537,move the stop to entry here
VLOS,TARGET 1,11.1477,"measured move, sell part of the position (1.5R)"
VLOS,TARGET 2,11.458,second measured move (2.7R)
CEPO,BUY STOP,11.0179,"breakout trigger, above the base pivot"
CEPO,BUY LIMIT,10.97,"pullback entry, old resistance acting as support"
CEPO,STOP LOSS,10.5922,"initial stop, below base support and the 30 week average"
CEPO,BREAKEVEN,11.3372,move the stop to entry here
CEPO,TARGET 1,15.9065,"measured move, sell part of the position (11.48R)"
CEPO,TARGET 2,19.8557,second measured move (20.76R)
CEPO,BUY LIMIT,10.6593,buy the 30 week average on a pullback in an established Stage 2
CEPO,STOP LOSS,10.4101,"initial stop, below base support and the 30 week average"
CEPO,BREAKEVEN,10.8462,move the stop to entry here
CEPO,TARGET 1,11.0331,"measured move, sell part of the position (1.5R)"
CEPO,TARGET 2,11.3322,second measured move (2.7R)
CHD,BUY STOP,105.0862,"breakout trigger, above the base pivot"
CHD,BUY LIMIT,103.9929,"pullback entry, old resistance acting as support"
CHD,STOP LOSS,92.4759,"initial stop, below base support and the 30 week average"
CHD,BREAKEVEN,114.544,move the stop to entry here
CHD,TARGET 1,120.9435,"measured move, sell part of the position (1.26R)"
CHD,TARGET 2,134.504,second measured move (2.33R)
ASL.L,BUY STOP,1843.6426,"breakout trigger, above the base pivot"
ASL.L,BUY LIMIT,1828.0,"pullback entry, old resistance acting as support"
ASL.L,STOP LOSS,1639.421,"initial stop, below base support and the 30 week average"
ASL.L,BREAKEVEN,1996.8088,move the stop to entry here
ASL.L,TARGET 1,2248.0597,"measured move, sell part of the position (1.98R)"
ASL.L,TARGET 2,2584.1074,second measured move (3.63R)
ASL.L,BUY LIMIT,1661.3207,buy the 30 week average on a pullback in an established Stage 2
ASL.L,STOP LOSS,1579.9791,"initial stop, below base support and the 30 week average"
ASL.L,BREAKEVEN,1722.3268,move the stop to entry here
ASL.L,TARGET 1,1835.0,"measured move, sell part of the position (2.14R)"
ASL.L,TARGET 2,1973.9435,second measured move (3.84R)
BUT.L,BUY STOP,1629.5657,"breakout trigger, above the base pivot"
BUT.L,BUY LIMIT,1612.0,"pullback entry, old resistance acting as support"
BUT.L,STOP LOSS,1488.4343,"initial stop, below base support and the 30 week average"
BUT.L,BREAKEVEN,1735.4143,move the stop to entry here
BUT.L,TARGET 1,1930.8848,"measured move, sell part of the position (2.14R)"
BUT.L,TARGET 2,2185.9926,second measured move (3.94R)
BUT.L,BUY LIMIT,1513.3302,buy the 30 week average on a pullback in an established Stage 2
BUT.L,STOP LOSS,1421.9884,"initial stop, below base support and the 30 week average"
BUT.L,BREAKEVEN,1581.8365,move the stop to entry here
BUT.L,TARGET 1,1650.3428,"measured move, sell part of the position (1.5R)"
BUT.L,TARGET 2,1759.9529,second measured move (2.7R)
CCZ,SELL STOP,60.5813,"breakout trigger, below the base pivot"
CCZ,SELL LIMIT,60.8294,"pullback entry, old support acting as resistance"
CCZ,STOP LOSS,66.21,"initial stop, above base resistance and the 30 week average"
CCZ,BREAKEVEN,56.3598,move the stop to entry here
CCZ,TARGET 1,55.6473,"measured move, sell part of the position (0.88R)"
CCZ,TARGET 2,51.5017,second measured move (1.61R)
BGY,BUY STOP,5.9474,"breakout trigger, above the base pivot"
BGY,BUY LIMIT,5.906,"pullback entry, old resistance acting as support"
BGY,STOP LOSS,5.5285,"initial stop, below base support and the 30 week average"
BGY,BREAKEVEN,6.2616,move the stop to entry here
BGY,TARGET 1,6.8843,"measured move, sell part of the position (2.24R)"
BGY,TARGET 2,7.667,second measured move (4.1R)
BGY,BUY LIMIT,5.6114,buy the 30 week average on a pullback in an established Stage 2
BGY,STOP LOSS,5.3956,"initial stop, below base support and the 30 week average"
BGY,BREAKEVEN,5.7731,move the stop to entry here
BGY,TARGET 1,5.9349,"measured move, sell part of the position (1.5R)"
BGY,TARGET 2,6.1938,second measured move (2.7R)
FGT.L,BUY STOP,845.7406,"breakout trigger, above the base pivot"
FGT.L,BUY LIMIT,837.8689,"pullback entry, old resistance acting as support"
FGT.L,STOP LOSS,748.0101,"initial stop, below base support and the 30 week average"
FGT.L,BREAKEVEN,919.0386,move the stop to entry here
FGT.L,TARGET 1,974.753,"measured move, sell part of the position (1.32R)"
FGT.L,TARGET 2,1084.2603,second measured move (2.44R)
FGT.L,BUY LIMIT,774.3621,buy the 30 week average on a pullback in an established Stage 2
FGT.L,STOP LOSS,733.4292,"initial stop, below base support and the 30 week average"
FGT.L,BREAKEVEN,805.0617,move the stop to entry here
FGT.L,TARGET 1,837.8689,"measured move, sell part of the position (1.55R)"
FGT.L,TARGET 2,888.6745,second measured move (2.79R)
WAY,BUY STOP,27.9354,"breakout trigger, above the base pivot"
WAY,BUY LIMIT,27.28,"pullback entry, old resistance acting as support"
WAY,STOP LOSS,24.5832,"initial stop, below base support and the 30 week average"
WAY,BREAKEVEN,30.4496,move the stop to entry here
WAY,TARGET 1,37.3,"measured move, sell part of the position (2.79R)"
WAY,TARGET 2,45.316,second measured move (5.18R)
WAY,BUY LIMIT,23.0408,buy the 30 week average on a pullback in an established Stage 2
WAY,STOP LOSS,20.2759,"initial stop, below base support and the 30 week average"
WAY,BREAKEVEN,25.1145,move the stop to entry here
WAY,TARGET 1,27.28,"measured move, sell part of the position (1.53R)"
WAY,TARGET 2,30.6713,second measured move (2.76R)
LSL.L,BUY STOP,286.4826,"breakout trigger, above the base pivot"
LSL.L,BUY LIMIT,281.9566,"pullback entry, old resistance acting as support"
LSL.L,STOP LOSS,252.1047,"initial stop, below base support and the 30 week average"
LSL.L,BREAKEVEN,312.266,move the stop to entry here
LSL.L,TARGET 1,359.9446,"measured move, sell part of the position (2.14R)"
LSL.L,TARGET 2,422.335,second measured move (3.95R)
LSL.L,BUY LIMIT,237.2563,buy the 30 week average on a pullback in an established Stage 2
LSL.L,STOP LOSS,213.7214,"initial stop, below base support and the 30 week average"
LSL.L,BREAKEVEN,254.9076,move the stop to entry here
LSL.L,TARGET 1,281.9566,"measured move, sell part of the position (1.9R)"
LSL.L,TARGET 2,317.7169,second measured move (3.42R)
DMA,BUY STOP,7.8626,"breakout trigger, above the base pivot"
DMA,BUY LIMIT,7.79,"pullback entry, old resistance acting as support"
DMA,STOP LOSS,7.1768,"initial stop, below base support and the 30 week average"
DMA,BREAKEVEN,8.377,move the stop to entry here
DMA,TARGET 1,9.1161,"measured move, sell part of the position (1.83R)"
DMA,TARGET 2,10.1771,second measured move (3.37R)
TMPL.L,BUY STOP,432.639,"breakout trigger, above the base pivot"
TMPL.L,BUY LIMIT,429.4607,"pullback entry, old resistance acting as support"
TMPL.L,STOP LOSS,397.4007,"initial stop, below base support and the 30 week average"
TMPL.L,BREAKEVEN,459.0676,move the stop to entry here
TMPL.L,TARGET 1,513.7368,"measured move, sell part of the position (2.3R)"
TMPL.L,TARGET 2,581.1576,second measured move (4.21R)
TMPL.L,BUY LIMIT,401.8502,buy the 30 week average on a pullback in an established Stage 2
TMPL.L,STOP LOSS,385.3235,"initial stop, below base support and the 30 week average"
TMPL.L,BREAKEVEN,414.2453,move the stop to entry here
TMPL.L,TARGET 1,429.4607,"measured move, sell part of the position (1.67R)"
TMPL.L,TARGET 2,451.5491,second measured move (3.01R)
ALLT,BUY STOP,9.3147,"breakout trigger, above the base pivot"
ALLT,BUY LIMIT,9.11,"pullback entry, old resistance acting as support"
ALLT,STOP LOSS,8.197,"initial stop, below base support and the 30 week average"
ALLT,BREAKEVEN,10.1531,move the stop to entry here
ALLT,TARGET 1,12.675,"measured move, sell part of the position (3.01R)"
ALLT,TARGET 2,15.527,second measured move (5.56R)
ALLT,BUY LIMIT,7.7159,buy the 30 week average on a pullback in an established Stage 2
ALLT,STOP LOSS,6.79,"initial stop, below base support and the 30 week average"
ALLT,BREAKEVEN,8.4103,move the stop to entry here
ALLT,TARGET 1,9.1048,"measured move, sell part of the position (1.5R)"
ALLT,TARGET 2,10.2158,second measured move (2.7R)
GJH,BUY STOP,9.7962,"breakout trigger, above the base pivot"
GJH,BUY LIMIT,9.75,"pullback entry, old resistance acting as support"
GJH,STOP LOSS,8.9538,"initial stop, below base support and the 30 week average"
GJH,BREAKEVEN,10.428,move the stop to entry here
GJH,TARGET 1,10.7374,"measured move, sell part of the position (1.12R)"
GJH,TARGET 2,11.5272,second measured move (2.05R)
CTAS,BUY STOP,221.0297,"breakout trigger, above the base pivot"
CTAS,BUY LIMIT,218.6021,"pullback entry, old resistance acting as support"
CTAS,STOP LOSS,194.5061,"initial stop, below base support and the 30 week average"
CTAS,BREAKEVEN,240.9224,move the stop to entry here
CTAS,TARGET 1,278.6872,"measured move, sell part of the position (2.17R)"
CTAS,TARGET 2,326.7553,second measured move (3.99R)
CTAS,BUY LIMIT,186.4813,buy the 30 week average on a pullback in an established Stage 2
CTAS,STOP LOSS,173.8579,"initial stop, below base support and the 30 week average"
CTAS,BREAKEVEN,195.9487,move the stop to entry here
CTAS,TARGET 1,208.2391,"measured move, sell part of the position (1.72R)"
CTAS,TARGET 2,225.6453,second measured move (3.1R)
TVE,SELL STOP,22.7387,"breakout trigger, below the base pivot"
TVE,SELL LIMIT,22.83,"pullback entry, old support acting as resistance"
TVE,STOP LOSS,23.7682,"initial stop, above base resistance and the 30 week average"
TVE,BREAKEVEN,21.9665,move the stop to entry here
TVE,TARGET 1,21.162,"measured move, sell part of the position (1.53R)"
TVE,TARGET 2,19.8277,second measured move (2.83R)
JBK,BUY STOP,27.1804,"breakout trigger, above the base pivot"
JBK,BUY LIMIT,27.05,"pullback entry, old resistance acting as support"
JBK,STOP LOSS,24.0797,"initial stop, below base support and the 30 week average"
JBK,BREAKEVEN,29.5059,move the stop to entry here
JBK,TARGET 1,32.73,"measured move, sell part of the position (1.79R)"
JBK,TARGET 2,37.2741,second measured move (3.26R)
JBK,BUY LIMIT,25.5078,buy the 30 week average on a pullback in an established Stage 2
JBK,STOP LOSS,24.0797,"initial stop, below base support and the 30 week average"
JBK,BREAKEVEN,26.579,move the stop to entry here
JBK,TARGET 1,27.6501,"measured move, sell part of the position (1.5R)"
JBK,TARGET 2,29.3639,second measured move (2.7R)
TONT,BUY STOP,11.9928,"breakout trigger, above the base pivot"
TONT,BUY LIMIT,11.945,"pullback entry, old resistance acting as support"
TONT,STOP LOSS,10.7776,"initial stop, below base support and the 30 week average"
TONT,BREAKEVEN,12.9042,move the stop to entry here
TONT,TARGET 1,14.515,"measured move, sell part of the position (2.08R)"
TONT,TARGET 2,16.571,second measured move (3.77R)
TONT,BUY LIMIT,10.8285,buy the 30 week average on a pullback in an established Stage 2
TONT,STOP LOSS,10.66,"initial stop, below base support and the 30 week average"
TONT,BREAKEVEN,10.9548,move the stop to entry here
TONT,TARGET 1,11.0812,"measured move, sell part of the position (1.5R)"
TONT,TARGET 2,11.2834,second measured move (2.7R)
SPOT,BUY STOP,587.5039,"breakout trigger, above the base pivot"
SPOT,BUY LIMIT,576.0,"pullback entry, old resistance acting as support"
SPOT,STOP LOSS,517.0034,"initial stop, below base support and the 30 week average"
SPOT,BREAKEVEN,640.3793,move the stop to entry here
SPOT,TARGET 1,791.4554,"measured move, sell part of the position (2.89R)"
SPOT,TARGET 2,963.8197,second measured move (5.34R)
SPOT,BUY LIMIT,497.4616,buy the 30 week average on a pullback in an established Stage 2
SPOT,STOP LOSS,437.7662,"initial stop, below base support and the 30 week average"
SPOT,BREAKEVEN,542.2331,move the stop to entry here
SPOT,TARGET 1,587.0046,"measured move, sell part of the position (1.5R)"
SPOT,TARGET 2,658.6391,second measured move (2.7R)
STRA,BUY STOP,90.4827,"breakout trigger, above the base pivot"
STRA,BUY LIMIT,89.0726,"pullback entry, old resistance acting as support"
STRA,STOP LOSS,79.6248,"initial stop, below base support and the 30 week average"
STRA,BREAKEVEN,98.6262,move the stop to entry here
STRA,TARGET 1,129.1553,"measured move, sell part of the position (3.56R)"
STRA,TARGET 2,161.2215,second measured move (6.51R)
STRA,BUY LIMIT,80.1142,buy the 30 week average on a pullback in an established Stage 2
STRA,STOP LOSS,72.7818,"initial stop, below base support and the 30 week average"
STRA,BREAKEVEN,85.6136,move the stop to entry here
STRA,TARGET 1,91.1129,"measured move, sell part of the position (1.5R)"
STRA,TARGET 2,99.9118,second measured move (2.7R)
KEN,SELL STOP,57.563,"breakout trigger, below the base pivot"
KEN,SELL LIMIT,58.89,"pullback entry, old support acting as resistance"
KEN,STOP LOSS,64.4705,"initial stop, above base resistance and the 30 week average"
KEN,BREAKEVEN,52.3823,move the stop to entry here
KEN,TARGET 1,32.3895,"measured move, sell part of the position (3.64R)"
KEN,TARGET 2,11.1891,second measured move (6.71R)
NTST,SELL STOP,17.0713,"breakout trigger, below the base pivot"
NTST,SELL LIMIT,17.3,"pullback entry, old support acting as resistance"
NTST,STOP LOSS,19.1199,"initial stop, above base resistance and the 30 week average"
NTST,BREAKEVEN,15.5349,move the stop to entry here
NTST,TARGET 1,12.3783,"measured move, sell part of the position (2.29R)"
NTST,TARGET 2,8.441,second measured move (4.21R)
CHCT,SELL STOP,13.3986,"breakout trigger, below the base pivot"
CHCT,SELL LIMIT,13.61,"pullback entry, old support acting as resistance"
CHCT,STOP LOSS,15.0065,"initial stop, above base resistance and the 30 week average"
CHCT,BREAKEVEN,12.1928,move the stop to entry here
CHCT,TARGET 1,8.4826,"measured move, sell part of the position (3.06R)"
CHCT,TARGET 2,4.3807,second measured move (5.61R)
ADC,SELL STOP,64.3154,"breakout trigger, below the base pivot"
ADC,SELL LIMIT,64.98,"pullback entry, old support acting as resistance"
ADC,STOP LOSS,72.0333,"initial stop, above base resistance and the 30 week average"
ADC,BREAKEVEN,58.527,move the stop to entry here
ADC,TARGET 1,48.78,"measured move, sell part of the position (2.01R)"
ADC,TARGET 2,35.8201,second measured move (3.69R)
O,SELL STOP,52.7688,"breakout trigger, below the base pivot"
O,SELL LIMIT,53.33,"pullback entry, old support acting as resistance"
O,STOP LOSS,59.1011,"initial stop, above base resistance and the 30 week average"
O,BREAKEVEN,48.0196,move the stop to entry here
O,TARGET 1,39.4196,"measured move, sell part of the position (2.11R)"
O,TARGET 2,28.2913,second measured move (3.87R)
NHI,SELL STOP,63.6483,"breakout trigger, below the base pivot"
NHI,SELL LIMIT,64.56,"pullback entry, old support acting as resistance"
NHI,STOP LOSS,71.2861,"initial stop, above base resistance and the 30 week average"
NHI,BREAKEVEN,57.9199,move the stop to entry here
NHI,TARGET 1,44.5488,"measured move, sell part of the position (2.5R)"
NHI,TARGET 2,28.5399,second measured move (4.6R)
ORC,SELL STOP,4.9089,"breakout trigger, below the base pivot"
ORC,SELL LIMIT,4.99,"pullback entry, old support acting as resistance"
ORC,STOP LOSS,5.498,"initial stop, above base resistance and the 30 week average"
ORC,BREAKEVEN,4.4671,move the stop to entry here
ORC,TARGET 1,2.7445,"measured move, sell part of the position (3.67R)"
ORC,TARGET 2,0.9481,second measured move (6.72R)
FBRT,SELL STOP,6.058,"breakout trigger, below the base pivot"
FBRT,SELL LIMIT,6.19,"pullback entry, old support acting as resistance"
FBRT,STOP LOSS,6.7849,"initial stop, above base resistance and the 30 week average"
FBRT,BREAKEVEN,5.5127,move the stop to entry here
FBRT,TARGET 1,3.4045,"measured move, sell part of the position (3.65R)"
FBRT,TARGET 2,1.1761,second measured move (6.72R)
SAFE,SELL STOP,11.367,"breakout trigger, below the base pivot"
SAFE,SELL LIMIT,11.6,"pullback entry, old support acting as resistance"
SAFE,STOP LOSS,12.7311,"initial stop, above base resistance and the 30 week average"
SAFE,BREAKEVEN,10.344,move the stop to entry here
SAFE,TARGET 1,6.38,"measured move, sell part of the position (3.66R)"
SAFE,TARGET 2,2.204,second measured move (6.72R)
ARR,SELL STOP,13.2534,"breakout trigger, below the base pivot"
ARR,SELL LIMIT,13.43,"pullback entry, old support acting as resistance"
ARR,STOP LOSS,14.8438,"initial stop, above base resistance and the 30 week average"
ARR,BREAKEVEN,12.0606,move the stop to entry here
ARR,TARGET 1,8.3775,"measured move, sell part of the position (3.07R)"
ARR,TARGET 2,4.3354,second measured move (5.61R)
BFS,SELL STOP,29.0419,"breakout trigger, below the base pivot"
BFS,SELL LIMIT,29.43,"pullback entry, old support acting as resistance"
BFS,STOP LOSS,32.5269,"initial stop, above base resistance and the 30 week average"
BFS,BREAKEVEN,26.4281,move the stop to entry here
BFS,TARGET 1,21.0653,"measured move, sell part of the position (2.29R)"
BFS,TARGET 2,14.3736,second measured move (4.21R)
MAA,SELL STOP,113.1557,"breakout trigger, below the base pivot"
MAA,SELL LIMIT,114.47,"pullback entry, old support acting as resistance"
MAA,STOP LOSS,126.7344,"initial stop, above base resistance and the 30 week average"
MAA,BREAKEVEN,102.9717,move the stop to entry here
MAA,TARGET 1,86.1828,"measured move, sell part of the position (1.99R)"
MAA,TARGET 2,63.5531,second measured move (3.65R)
AOMR,SELL STOP,7.0085,"breakout trigger, below the base pivot"
AOMR,SELL LIMIT,7.11,"pullback entry, old support acting as resistance"
AOMR,STOP LOSS,7.8496,"initial stop, above base resistance and the 30 week average"
AOMR,BREAKEVEN,6.3778,move the stop to entry here
AOMR,TARGET 1,5.22,"measured move, sell part of the position (2.13R)"
AOMR,TARGET 2,3.708,second measured move (3.92R)
WY,SELL STOP,18.0676,"breakout trigger, below the base pivot"
WY,SELL LIMIT,18.41,"pullback entry, old support acting as resistance"
WY,STOP LOSS,20.2357,"initial stop, above base resistance and the 30 week average"
WY,BREAKEVEN,16.4415,move the stop to entry here
WY,TARGET 1,10.1255,"measured move, sell part of the position (3.66R)"
WY,TARGET 2,3.4979,second measured move (6.72R)
MGEE,SELL STOP,67.1292,"breakout trigger, below the base pivot"
MGEE,SELL LIMIT,68.01,"pullback entry, old support acting as resistance"
MGEE,STOP LOSS,75.1847,"initial stop, above base resistance and the 30 week average"
MGEE,BREAKEVEN,61.0876,move the stop to entry here
MGEE,TARGET 1,51.2778,"measured move, sell part of the position (1.97R)"
MGEE,TARGET 2,37.892,second measured move (3.63R)
EPRT,SELL STOP,25.0306,"breakout trigger, below the base pivot"
EPRT,SELL LIMIT,25.37,"pullback entry, old support acting as resistance"
EPRT,STOP LOSS,28.0342,"initial stop, above base resistance and the 30 week average"
EPRT,BREAKEVEN,22.7778,move the stop to entry here
EPRT,TARGET 1,17.569,"measured move, sell part of the position (2.48R)"
EPRT,TARGET 2,11.3283,second measured move (4.56R)
OGS,SELL STOP,69.5137,"breakout trigger, below the base pivot"
OGS,SELL LIMIT,70.37,"pullback entry, old support acting as resistance"
OGS,STOP LOSS,77.8554,"initial stop, above base resistance and the 30 week average"
OGS,BREAKEVEN,63.2575,move the stop to entry here
OGS,TARGET 1,51.4654,"measured move, sell part of the position (2.16R)"
OGS,TARGET 2,36.3418,second measured move (3.98R)
REFI,SELL STOP,9.1249,"breakout trigger, below the base pivot"
REFI,SELL LIMIT,9.2644,"pullback entry, old support acting as resistance"
REFI,STOP LOSS,10.2199,"initial stop, above base resistance and the 30 week average"
REFI,BREAKEVEN,8.3036,move the stop to entry here
REFI,TARGET 1,7.1951,"measured move, sell part of the position (1.76R)"
REFI,TARGET 2,5.5396,second measured move (3.27R)
LADR,SELL STOP,8.4541,"breakout trigger, below the base pivot"
LADR,SELL LIMIT,8.56,"pullback entry, old support acting as resistance"
LADR,STOP LOSS,9.4686,"initial stop, above base resistance and the 30 week average"
LADR,BREAKEVEN,7.6932,move the stop to entry here
LADR,TARGET 1,6.7997,"measured move, sell part of the position (1.63R)"
LADR,TARGET 2,5.3915,second measured move (3.02R)
BOOT,SELL STOP,115.6289,"breakout trigger, below the base pivot"
BOOT,SELL LIMIT,119.21,"pullback entry, old support acting as resistance"
BOOT,STOP LOSS,129.5044,"initial stop, above base resistance and the 30 week average"
BOOT,BREAKEVEN,105.2223,move the stop to entry here
BOOT,TARGET 1,65.5655,"measured move, sell part of the position (3.61R)"
BOOT,TARGET 2,22.6499,second measured move (6.7R)
LMP.L,SELL STOP,168.8562,"breakout trigger, below the base pivot"
LMP.L,SELL LIMIT,170.8,"pullback entry, old support acting as resistance"
LMP.L,STOP LOSS,189.119,"initial stop, above base resistance and the 30 week average"
LMP.L,BREAKEVEN,153.6592,move the stop to entry here
LMP.L,TARGET 1,133.2646,"measured move, sell part of the position (1.76R)"
LMP.L,TARGET 2,103.2362,second measured move (3.24R)
IVR,SELL STOP,5.5624,"breakout trigger, below the base pivot"
IVR,SELL LIMIT,5.65,"pullback entry, old support acting as resistance"
IVR,STOP LOSS,6.2298,"initial stop, above base resistance and the 30 week average"
IVR,BREAKEVEN,5.0617,move the stop to entry here
IVR,TARGET 1,3.4984,"measured move, sell part of the position (3.09R)"
IVR,TARGET 2,1.7772,second measured move (5.67R)
PEP,SELL STOP,123.6223,"breakout trigger, below the base pivot"
PEP,SELL LIMIT,125.16,"pullback entry, old support acting as resistance"
PEP,STOP LOSS,138.457,"initial stop, above base resistance and the 30 week average"
PEP,BREAKEVEN,112.4963,move the stop to entry here
PEP,TARGET 1,84.2628,"measured move, sell part of the position (2.65R)"
PEP,TARGET 2,51.5451,second measured move (4.86R)
TRN,SELL STOP,24.4877,"breakout trigger, below the base pivot"
TRN,SELL LIMIT,25.06,"pullback entry, old support acting as resistance"
TRN,STOP LOSS,27.4262,"initial stop, above base resistance and the 30 week average"
TRN,BREAKEVEN,22.2838,move the stop to entry here
TRN,TARGET 1,13.783,"measured move, sell part of the position (3.64R)"
TRN,TARGET 2,4.7614,second measured move (6.71R)
HGV,SELL STOP,33.1223,"breakout trigger, below the base pivot"
HGV,SELL LIMIT,34.01,"pullback entry, old support acting as resistance"
HGV,STOP LOSS,37.097,"initial stop, above base resistance and the 30 week average"
HGV,BREAKEVEN,30.1413,move the stop to entry here
HGV,TARGET 1,18.7055,"measured move, sell part of the position (3.63R)"
HGV,TARGET 2,6.4619,second measured move (6.71R)
MDU,SELL STOP,18.0275,"breakout trigger, below the base pivot"
MDU,SELL LIMIT,18.24,"pullback entry, old support acting as resistance"
MDU,STOP LOSS,20.1908,"initial stop, above base resistance and the 30 week average"
MDU,BREAKEVEN,16.405,move the stop to entry here
MDU,TARGET 1,13.8212,"measured move, sell part of the position (1.94R)"
MDU,TARGET 2,10.2861,second measured move (3.58R)
HE,SELL STOP,8.4941,"breakout trigger, below the base pivot"
HE,SELL LIMIT,8.68,"pullback entry, old support acting as resistance"
HE,STOP LOSS,9.5134,"initial stop, above base resistance and the 30 week average"
HE,BREAKEVEN,7.7296,move the stop to entry here
HE,TARGET 1,4.774,"measured move, sell part of the position (3.65R)"
HE,TARGET 2,1.6492,second measured move (6.72R)
CC,SELL STOP,12.692,"breakout trigger, below the base pivot"
CC,SELL LIMIT,13.14,"pullback entry, old support acting as resistance"
CC,STOP LOSS,14.2151,"initial stop, above base resistance and the 30 week average"
CC,BREAKEVEN,11.5498,move the stop to entry here
CC,TARGET 1,7.227,"measured move, sell part of the position (3.59R)"
CC,TARGET 2,2.4966,second measured move (6.69R)
SPXC,SELL STOP,162.0079,"breakout trigger, below the base pivot"
SPXC,SELL LIMIT,166.17,"pullback entry, old support acting as resistance"
SPXC,STOP LOSS,181.4488,"initial stop, above base resistance and the 30 week average"
SPXC,BREAKEVEN,147.4272,move the stop to entry here
SPXC,TARGET 1,91.3935,"measured move, sell part of the position (3.63R)"
SPXC,TARGET 2,31.5723,second measured move (6.71R)
MITT,SELL STOP,5.4957,"breakout trigger, below the base pivot"
MITT,SELL LIMIT,5.59,"pullback entry, old support acting as resistance"
MITT,STOP LOSS,6.1552,"initial stop, above base resistance and the 30 week average"
MITT,BREAKEVEN,5.0011,move the stop to entry here
MITT,TARGET 1,3.4229,"measured move, sell part of the position (3.14R)"
MITT,TARGET 2,1.6893,second measured move (5.77R)
BAG.L,SELL STOP,529.3491,"breakout trigger, below the base pivot"
BAG.L,SELL LIMIT,537.9633,"pullback entry, old support acting as resistance"
BAG.L,STOP LOSS,592.8709,"initial stop, above base resistance and the 30 week average"
BAG.L,BREAKEVEN,481.7076,move the stop to entry here
BAG.L,TARGET 1,391.1382,"measured move, sell part of the position (2.18R)"
BAG.L,TARGET 2,273.6782,second measured move (4.02R)
AN,SELL STOP,149.0411,"breakout trigger, below the base pivot"
AN,SELL LIMIT,152.86,"pullback entry, old support acting as resistance"
AN,STOP LOSS,166.926,"initial stop, above base resistance and the 30 week average"
AN,BREAKEVEN,135.6274,move the stop to entry here
AN,TARGET 1,84.073,"measured move, sell part of the position (3.63R)"
AN,TARGET 2,29.0434,second measured move (6.71R)
BRSP,SELL STOP,3.6623,"breakout trigger, below the base pivot"
BRSP,SELL LIMIT,3.73,"pullback entry, old support acting as resistance"
BRSP,STOP LOSS,4.1018,"initial stop, above base resistance and the 30 week average"
BRSP,BREAKEVEN,3.3327,move the stop to entry here
BRSP,TARGET 1,2.0515,"measured move, sell part of the position (3.67R)"
BRSP,TARGET 2,0.7087,second measured move (6.72R)
CX,SELL STOP,9.1097,"breakout trigger, below the base pivot"
CX,SELL LIMIT,9.3,"pullback entry, old support acting as resistance"
CX,STOP LOSS,10.2029,"initial stop, above base resistance and the 30 week average"
CX,BREAKEVEN,8.2898,move the stop to entry here
CX,TARGET 1,5.115,"measured move, sell part of the position (3.65R)"
CX,TARGET 2,1.767,second measured move (6.72R)
SMG,SELL STOP,46.6806,"breakout trigger, below the base pivot"
SMG,SELL LIMIT,47.9,"pullback entry, old support acting as resistance"
SMG,STOP LOSS,52.2823,"initial stop, above base resistance and the 30 week average"
SMG,BREAKEVEN,42.4794,move the stop to entry here
SMG,TARGET 1,26.345,"measured move, sell part of the position (3.63R)"
SMG,TARGET 2,9.101,second measured move (6.71R)
NPKI,SELL STOP,10.9207,"breakout trigger, below the base pivot"
NPKI,SELL LIMIT,11.2,"pullback entry, old support acting as resistance"
NPKI,STOP LOSS,12.2311,"initial stop, above base resistance and the 30 week average"
NPKI,BREAKEVEN,9.9378,move the stop to entry here
NPKI,TARGET 1,6.16,"measured move, sell part of the position (3.63R)"
NPKI,TARGET 2,2.128,second measured move (6.71R)
SRG,SELL STOP,1.5112,"breakout trigger, below the base pivot"
SRG,SELL LIMIT,1.565,"pullback entry, old support acting as resistance"
SRG,STOP LOSS,1.6925,"initial stop, above base resistance and the 30 week average"
SRG,BREAKEVEN,1.3752,move the stop to entry here
SRG,TARGET 1,0.8608,"measured move, sell part of the position (3.59R)"
SRG,TARGET 2,0.2974,second measured move (6.69R)
CIM,SELL STOP,8.9797,"breakout trigger, below the base pivot"
CIM,SELL LIMIT,9.13,"pullback entry, old support acting as resistance"
CIM,STOP LOSS,10.0573,"initial stop, above base resistance and the 30 week average"
CIM,BREAKEVEN,8.1715,move the stop to entry here
CIM,TARGET 1,5.1549,"measured move, sell part of the position (3.55R)"
CIM,TARGET 2,1.9747,second measured move (6.5R)
JBSS,SELL STOP,64.5822,"breakout trigger, below the base pivot"
JBSS,SELL LIMIT,65.75,"pullback entry, old support acting as resistance"
JBSS,STOP LOSS,72.332,"initial stop, above base resistance and the 30 week average"
JBSS,BREAKEVEN,58.7697,move the stop to entry here
JBSS,TARGET 1,41.5429,"measured move, sell part of the position (2.97R)"
JBSS,TARGET 2,22.1772,second measured move (5.47R)
RWT,SELL STOP,2.9747,"breakout trigger, below the base pivot"
RWT,SELL LIMIT,3.079,"pullback entry, old support acting as resistance"
RWT,STOP LOSS,3.3317,"initial stop, above base resistance and the 30 week average"
RWT,BREAKEVEN,2.7069,move the stop to entry here
RWT,TARGET 1,1.6934,"measured move, sell part of the position (3.59R)"
RWT,TARGET 2,0.585,second measured move (6.69R)
GNL,SELL STOP,7.8058,"breakout trigger, below the base pivot"
GNL,SELL LIMIT,7.9067,"pullback entry, old support acting as resistance"
GNL,STOP LOSS,8.7424,"initial stop, above base resistance and the 30 week average"
GNL,BREAKEVEN,7.1032,move the stop to entry here
GNL,TARGET 1,6.1756,"measured move, sell part of the position (1.74R)"
GNL,TARGET 2,4.7908,second measured move (3.22R)
GLPI,SELL STOP,36.8946,"breakout trigger, below the base pivot"
GLPI,SELL LIMIT,37.355,"pullback entry, old support acting as resistance"
GLPI,STOP LOSS,41.3219,"initial stop, above base resistance and the 30 week average"
GLPI,BREAKEVEN,33.5741,move the stop to entry here
GLPI,TARGET 1,26.6807,"measured move, sell part of the position (2.31R)"
GLPI,TARGET 2,18.1412,second measured move (4.24R)
ESLT,SELL STOP,664.7833,"breakout trigger, below the base pivot"
ESLT,SELL LIMIT,680.03,"pullback entry, old support acting as resistance"
ESLT,STOP LOSS,744.5573,"initial stop, above base resistance and the 30 week average"
ESLT,BREAKEVEN,604.9528,move the stop to entry here
ESLT,TARGET 1,374.0165,"measured move, sell part of the position (3.64R)"
ESLT,TARGET 2,129.2057,second measured move (6.71R)
KAI,SELL STOP,251.6777,"breakout trigger, below the base pivot"
KAI,SELL LIMIT,258.14,"pullback entry, old support acting as resistance"
KAI,STOP LOSS,281.879,"initial stop, above base resistance and the 30 week average"
KAI,BREAKEVEN,229.0267,move the stop to entry here
KAI,TARGET 1,163.9621,"measured move, sell part of the position (2.9R)"
KAI,TARGET 2,88.6197,second measured move (5.4R)
FCPT,SELL STOP,21.0983,"breakout trigger, below the base pivot"
FCPT,SELL LIMIT,21.35,"pullback entry, old support acting as resistance"
FCPT,STOP LOSS,23.6301,"initial stop, above base resistance and the 30 week average"
FCPT,BREAKEVEN,19.1995,move the stop to entry here
FCPT,TARGET 1,16.2449,"measured move, sell part of the position (1.92R)"
FCPT,TARGET 2,12.1608,second measured move (3.53R)
DTM,SELL STOP,116.3809,"breakout trigger, below the base pivot"
DTM,SELL LIMIT,118.05,"pullback entry, old support acting as resistance"
DTM,STOP LOSS,130.3466,"initial stop, above base resistance and the 30 week average"
DTM,BREAKEVEN,105.9067,move the stop to entry here
DTM,TARGET 1,85.1628,"measured move, sell part of the position (2.24R)"
DTM,TARGET 2,58.853,second measured move (4.12R)
SRE.L,SELL STOP,84.3734,"breakout trigger, below the base pivot"
SRE.L,SELL LIMIT,85.85,"pullback entry, old support acting as resistance"
SRE.L,STOP LOSS,94.4982,"initial stop, above base resistance and the 30 week average"
SRE.L,BREAKEVEN,76.7798,move the stop to entry here
SRE.L,TARGET 1,63.9669,"measured move, sell part of the position (2.02R)"
SRE.L,TARGET 2,46.4603,second measured move (3.74R)
DOV,SELL STOP,181.5156,"breakout trigger, below the base pivot"
DOV,SELL LIMIT,184.0,"pullback entry, old support acting as resistance"
DOV,STOP LOSS,203.2975,"initial stop, above base resistance and the 30 week average"
DOV,BREAKEVEN,165.1792,move the stop to entry here
DOV,TARGET 1,134.9674,"measured move, sell part of the position (2.14R)"
DOV,TARGET 2,95.7414,second measured move (3.94R)
EMA,SELL STOP,46.5281,"breakout trigger, below the base pivot"
EMA,SELL LIMIT,47.0,"pullback entry, old support acting as resistance"
EMA,STOP LOSS,52.1115,"initial stop, above base resistance and the 30 week average"
EMA,BREAKEVEN,42.3406,move the stop to entry here
EMA,TARGET 1,38.7,"measured move, sell part of the position (1.4R)"
EMA,TARGET 2,32.06,second measured move (2.59R)
KNF,SELL STOP,47.9451,"breakout trigger, below the base pivot"
KNF,SELL LIMIT,49.65,"pullback entry, old support acting as resistance"
KNF,STOP LOSS,53.6985,"initial stop, above base resistance and the 30 week average"
KNF,BREAKEVEN,43.63,move the stop to entry here
KNF,TARGET 1,27.3075,"measured move, sell part of the position (3.59R)"
KNF,TARGET 2,9.4335,second measured move (6.69R)
SEVN,SELL STOP,6.6144,"breakout trigger, below the base pivot"
SEVN,SELL LIMIT,6.71,"pullback entry, old support acting as resistance"
SEVN,STOP LOSS,7.4081,"initial stop, above base resistance and the 30 week average"
SEVN,BREAKEVEN,6.0191,move the stop to entry here
SEVN,TARGET 1,3.6905,"measured move, sell part of the position (3.68R)"
SEVN,TARGET 2,1.2749,second measured move (6.73R)
WPC,SELL STOP,62.9558,"breakout trigger, below the base pivot"
WPC,SELL LIMIT,63.62,"pullback entry, old support acting as resistance"
WPC,STOP LOSS,70.5105,"initial stop, above base resistance and the 30 week average"
WPC,BREAKEVEN,57.2898,move the stop to entry here
WPC,TARGET 1,51.1318,"measured move, sell part of the position (1.57R)"
WPC,TARGET 2,41.1413,second measured move (2.89R)
DX,SELL STOP,10.7443,"breakout trigger, below the base pivot"
DX,SELL LIMIT,10.88,"pullback entry, old support acting as resistance"
DX,STOP LOSS,12.0336,"initial stop, above base resistance and the 30 week average"
DX,BREAKEVEN,9.7773,move the stop to entry here
DX,TARGET 1,7.7395,"measured move, sell part of the position (2.33R)"
DX,TARGET 2,5.227,second measured move (4.28R)
TRTX,SELL STOP,5.9758,"breakout trigger, below the base pivot"
TRTX,SELL LIMIT,6.07,"pullback entry, old support acting as resistance"
TRTX,STOP LOSS,6.6929,"initial stop, above base resistance and the 30 week average"
TRTX,BREAKEVEN,5.438,move the stop to entry here
TRTX,TARGET 1,3.6282,"measured move, sell part of the position (3.27R)"
TRTX,TARGET 2,1.6748,second measured move (6.0R)
HOS,SELL STOP,7.3414,"breakout trigger, below the base pivot"
HOS,SELL LIMIT,7.54,"pullback entry, old support acting as resistance"
HOS,STOP LOSS,8.2224,"initial stop, above base resistance and the 30 week average"
HOS,BREAKEVEN,6.6807,move the stop to entry here
HOS,TARGET 1,4.147,"measured move, sell part of the position (3.63R)"
HOS,TARGET 2,1.4326,second measured move (6.71R)
IGG.L,SELL STOP,902.1751,"breakout trigger, below the base pivot"
IGG.L,SELL LIMIT,930.5,"pullback entry, old support acting as resistance"
IGG.L,STOP LOSS,1010.4361,"initial stop, above base resistance and the 30 week average"
IGG.L,BREAKEVEN,820.9793,move the stop to entry here
IGG.L,TARGET 1,511.775,"measured move, sell part of the position (3.61R)"
IGG.L,TARGET 2,176.795,second measured move (6.7R)
LZB,SELL STOP,28.1445,"breakout trigger, below the base pivot"
LZB,SELL LIMIT,28.79,"pullback entry, old support acting as resistance"
LZB,STOP LOSS,31.5219,"initial stop, above base resistance and the 30 week average"
LZB,BREAKEVEN,25.6116,move the stop to entry here
LZB,TARGET 1,15.8345,"measured move, sell part of the position (3.64R)"
LZB,TARGET 2,5.4701,second measured move (6.71R)
AXR,SELL STOP,20.8368,"breakout trigger, below the base pivot"
AXR,SELL LIMIT,21.29,"pullback entry, old support acting as resistance"
AXR,STOP LOSS,23.3372,"initial stop, above base resistance and the 30 week average"
AXR,BREAKEVEN,18.9615,move the stop to entry here
AXR,TARGET 1,11.7095,"measured move, sell part of the position (3.65R)"
AXR,TARGET 2,4.0451,second measured move (6.72R)
JBTM,SELL STOP,102.0948,"breakout trigger, below the base pivot"
JBTM,SELL LIMIT,104.45,"pullback entry, old support acting as resistance"
JBTM,STOP LOSS,114.3462,"initial stop, above base resistance and the 30 week average"
JBTM,BREAKEVEN,92.9062,move the stop to entry here
JBTM,TARGET 1,58.2497,"measured move, sell part of the position (3.58R)"
JBTM,TARGET 2,21.2895,second measured move (6.6R)
EOT,SELL STOP,14.9906,"breakout trigger, below the base pivot"
EOT,SELL LIMIT,15.12,"pullback entry, old support acting as resistance"
EOT,STOP LOSS,16.7895,"initial stop, above base resistance and the 30 week average"
EOT,BREAKEVEN,13.6414,move the stop to entry here
EOT,TARGET 1,11.901,"measured move, sell part of the position (1.72R)"
EOT,TARGET 2,9.3259,second measured move (3.15R)
NXRT,SELL STOP,18.0931,"breakout trigger, below the base pivot"
NXRT,SELL LIMIT,18.52,"pullback entry, old support acting as resistance"
NXRT,STOP LOSS,20.2642,"initial stop, above base resistance and the 30 week average"
NXRT,BREAKEVEN,16.4647,move the stop to entry here
NXRT,TARGET 1,10.186,"measured move, sell part of the position (3.64R)"
NXRT,TARGET 2,3.5188,second measured move (6.71R)
LOAN,SELL STOP,3.3744,"breakout trigger, below the base pivot"
LOAN,SELL LIMIT,3.4336,"pullback entry, old support acting as resistance"
LOAN,STOP LOSS,3.7793,"initial stop, above base resistance and the 30 week average"
LOAN,BREAKEVEN,3.0707,move the stop to entry here
LOAN,TARGET 1,1.8885,"measured move, sell part of the position (3.67R)"
LOAN,TARGET 2,0.6524,second measured move (6.72R)
AA,SELL STOP,39.6383,"breakout trigger, below the base pivot"
AA,SELL LIMIT,41.01,"pullback entry, old support acting as resistance"
AA,STOP LOSS,44.3949,"initial stop, above base resistance and the 30 week average"
AA,BREAKEVEN,36.0709,move the stop to entry here
AA,TARGET 1,22.5555,"measured move, sell part of the position (3.59R)"
AA,TARGET 2,7.7919,second measured move (6.7R)
BYD,SELL STOP,63.8503,"breakout trigger, below the base pivot"
BYD,SELL LIMIT,65.0,"pullback entry, old support acting as resistance"
BYD,STOP LOSS,71.5123,"initial stop, above base resistance and the 30 week average"
BYD,BREAKEVEN,58.1038,move the stop to entry here
BYD,TARGET 1,35.75,"measured move, sell part of the position (3.67R)"
BYD,TARGET 2,12.35,second measured move (6.72R)
ACRE,SELL STOP,3.673,"breakout trigger, below the base pivot"
ACRE,SELL LIMIT,3.75,"pullback entry, old support acting as resistance"
ACRE,STOP LOSS,4.1138,"initial stop, above base resistance and the 30 week average"
ACRE,BREAKEVEN,3.3424,move the stop to entry here
ACRE,TARGET 1,2.0625,"measured move, sell part of the position (3.65R)"
ACRE,TARGET 2,0.7125,second measured move (6.72R)
CALM,SELL STOP,62.0399,"breakout trigger, below the base pivot"
CALM,SELL LIMIT,63.5,"pullback entry, old support acting as resistance"
CALM,STOP LOSS,69.4847,"initial stop, above base resistance and the 30 week average"
CALM,BREAKEVEN,56.4563,move the stop to entry here
CALM,TARGET 1,34.925,"measured move, sell part of the position (3.64R)"
CALM,TARGET 2,12.065,second measured move (6.71R)
WOOF,SELL STOP,2.0664,"breakout trigger, below the base pivot"
WOOF,SELL LIMIT,2.14,"pullback entry, old support acting as resistance"
WOOF,STOP LOSS,2.3143,"initial stop, above base resistance and the 30 week average"
WOOF,BREAKEVEN,1.8804,move the stop to entry here
WOOF,TARGET 1,1.177,"measured move, sell part of the position (3.59R)"
WOOF,TARGET 2,0.4066,second measured move (6.69R)
AAF.L,SELL STOP,284.6732,"breakout trigger, below the base pivot"
AAF.L,SELL LIMIT,291.6,"pullback entry, old support acting as resistance"
AAF.L,STOP LOSS,318.834,"initial stop, above base resistance and the 30 week average"
AAF.L,BREAKEVEN,259.0526,move the stop to entry here
AAF.L,TARGET 1,160.38,"measured move, sell part of the position (3.64R)"
AAF.L,TARGET 2,55.404,second measured move (6.71R)
TGS,SELL STOP,24.0298,"breakout trigger, below the base pivot"
TGS,SELL LIMIT,24.63,"pullback entry, old support acting as resistance"
TGS,STOP LOSS,26.9134,"initial stop, above base resistance and the 30 week average"
TGS,BREAKEVEN,21.8671,move the stop to entry here
TGS,TARGET 1,13.5465,"measured move, sell part of the position (3.64R)"
TGS,TARGET 2,4.6797,second measured move (6.71R)
NMRK,SELL STOP,11.8429,"breakout trigger, below the base pivot"
NMRK,SELL LIMIT,12.145,"pullback entry, old support acting as resistance"
NMRK,STOP LOSS,13.264,"initial stop, above base resistance and the 30 week average"
NMRK,BREAKEVEN,10.777,move the stop to entry here
NMRK,TARGET 1,6.6798,"measured move, sell part of the position (3.63R)"
NMRK,TARGET 2,2.3076,second measured move (6.71R)
SFD,SELL STOP,18.1875,"breakout trigger, below the base pivot"
SFD,SELL LIMIT,18.505,"pullback entry, old support acting as resistance"
SFD,STOP LOSS,20.37,"initial stop, above base resistance and the 30 week average"
SFD,BREAKEVEN,16.5506,move the stop to entry here
SFD,TARGET 1,10.1777,"measured move, sell part of the position (3.67R)"
SFD,TARGET 2,3.5159,second measured move (6.72R)
CASH,SELL STOP,69.3407,"breakout trigger, below the base pivot"
CASH,SELL LIMIT,70.6,"pullback entry, old support acting as resistance"
CASH,STOP LOSS,77.6616,"initial stop, above base resistance and the 30 week average"
CASH,BREAKEVEN,63.1001,move the stop to entry here
CASH,TARGET 1,40.066,"measured move, sell part of the position (3.52R)"
CASH,TARGET 2,15.6389,second measured move (6.45R)
MYI,SELL STOP,9.3519,"breakout trigger, below the base pivot"
MYI,SELL LIMIT,9.42,"pullback entry, old support acting as resistance"
MYI,STOP LOSS,10.4741,"initial stop, above base resistance and the 30 week average"
MYI,BREAKEVEN,8.5102,move the stop to entry here
MYI,TARGET 1,7.8047,"measured move, sell part of the position (1.38R)"
MYI,TARGET 2,6.5125,second measured move (2.53R)
WM,SELL STOP,198.2632,"breakout trigger, below the base pivot"
WM,SELL LIMIT,200.58,"pullback entry, old support acting as resistance"
WM,STOP LOSS,222.0548,"initial stop, above base resistance and the 30 week average"
WM,BREAKEVEN,180.4195,move the stop to entry here
WM,TARGET 1,151.5988,"measured move, sell part of the position (1.96R)"
WM,TARGET 2,112.4139,second measured move (3.61R)
DPG,SELL STOP,12.5285,"breakout trigger, below the base pivot"
DPG,SELL LIMIT,12.64,"pullback entry, old support acting as resistance"
DPG,STOP LOSS,14.0319,"initial stop, above base resistance and the 30 week average"
DPG,BREAKEVEN,11.4009,move the stop to entry here
DPG,TARGET 1,10.3944,"measured move, sell part of the position (1.42R)"
DPG,TARGET 2,8.5979,second measured move (2.61R)
HUN,SELL STOP,7.8089,"breakout trigger, below the base pivot"
HUN,SELL LIMIT,8.1,"pullback entry, old support acting as resistance"
HUN,STOP LOSS,8.746,"initial stop, above base resistance and the 30 week average"
HUN,BREAKEVEN,7.1061,move the stop to entry here
HUN,TARGET 1,4.455,"measured move, sell part of the position (3.58R)"
HUN,TARGET 2,1.539,second measured move (6.69R)
NC,SELL STOP,34.5903,"breakout trigger, below the base pivot"
NC,SELL LIMIT,35.45,"pullback entry, old support acting as resistance"
NC,STOP LOSS,38.7412,"initial stop, above base resistance and the 30 week average"
NC,BREAKEVEN,31.4772,move the stop to entry here
NC,TARGET 1,19.4975,"measured move, sell part of the position (3.64R)"
NC,TARGET 2,6.7355,second measured move (6.71R)
DTE,SELL STOP,118.2557,"breakout trigger, below the base pivot"
DTE,SELL LIMIT,119.68,"pullback entry, old support acting as resistance"
DTE,STOP LOSS,132.4464,"initial stop, above base resistance and the 30 week average"
DTE,BREAKEVEN,107.6127,move the stop to entry here
DTE,TARGET 1,85.0218,"measured move, sell part of the position (2.34R)"
DTE,TARGET 2,57.2953,second measured move (4.3R)
CSL,SELL STOP,303.6871,"breakout trigger, below the base pivot"
CSL,SELL LIMIT,310.39,"pullback entry, old support acting as resistance"
CSL,STOP LOSS,340.1295,"initial stop, above base resistance and the 30 week average"
CSL,BREAKEVEN,276.3553,move the stop to entry here
CSL,TARGET 1,170.7145,"measured move, sell part of the position (3.65R)"
CSL,TARGET 2,58.9741,second measured move (6.72R)
WMS,SELL STOP,122.0226,"breakout trigger, below the base pivot"
WMS,SELL LIMIT,124.61,"pullback entry, old support acting as resistance"
WMS,STOP LOSS,136.6654,"initial stop, above base resistance and the 30 week average"
WMS,BREAKEVEN,111.0406,move the stop to entry here
WMS,TARGET 1,84.0985,"measured move, sell part of the position (2.59R)"
WMS,TARGET 2,51.6893,second measured move (4.8R)
MHD,SELL STOP,9.9356,"breakout trigger, below the base pivot"
MHD,SELL LIMIT,10.01,"pullback entry, old support acting as resistance"
MHD,STOP LOSS,11.1279,"initial stop, above base resistance and the 30 week average"
MHD,BREAKEVEN,9.0414,move the stop to entry here
MHD,TARGET 1,8.1274,"measured move, sell part of the position (1.52R)"
MHD,TARGET 2,6.6212,second measured move (2.78R)
EXC,SELL STOP,39.2555,"breakout trigger, below the base pivot"
EXC,SELL LIMIT,39.73,"pullback entry, old support acting as resistance"
EXC,STOP LOSS,43.9662,"initial stop, above base resistance and the 30 week average"
EXC,BREAKEVEN,35.7225,move the stop to entry here
EXC,TARGET 1,29.7552,"measured move, sell part of the position (2.02R)"
EXC,TARGET 2,21.7753,second measured move (3.71R)
NEE,SELL STOP,73.537,"breakout trigger, below the base pivot"
NEE,SELL LIMIT,74.41,"pullback entry, old support acting as resistance"
NEE,STOP LOSS,82.3615,"initial stop, above base resistance and the 30 week average"
NEE,BREAKEVEN,66.9187,move the stop to entry here
NEE,TARGET 1,51.5197,"measured move, sell part of the position (2.5R)"
NEE,TARGET 2,33.2075,second measured move (4.57R)
BGSF,SELL STOP,4.7853,"breakout trigger, below the base pivot"
BGSF,SELL LIMIT,4.89,"pullback entry, old support acting as resistance"
BGSF,STOP LOSS,5.3595,"initial stop, above base resistance and the 30 week average"
BGSF,BREAKEVEN,4.3547,move the stop to entry here
BGSF,TARGET 1,2.6895,"measured move, sell part of the position (3.65R)"
BGSF,TARGET 2,0.9291,second measured move (6.72R)
STOK,SELL STOP,23.3913,"breakout trigger, below the base pivot"
STOK,SELL LIMIT,24.205,"pullback entry, old support acting as resistance"
STOK,STOP LOSS,26.1982,"initial stop, above base resistance and the 30 week average"
STOK,BREAKEVEN,21.286,move the stop to entry here
STOK,TARGET 1,13.3127,"measured move, sell part of the position (3.59R)"
STOK,TARGET 2,4.5989,second measured move (6.69R)
SRE,SELL STOP,75.1854,"breakout trigger, below the base pivot"
SRE,SELL LIMIT,76.21,"pullback entry, old support acting as resistance"
SRE,STOP LOSS,84.2077,"initial stop, above base resistance and the 30 week average"
SRE,BREAKEVEN,68.4187,move the stop to entry here
SRE,TARGET 1,52.9326,"measured move, sell part of the position (2.47R)"
SRE,TARGET 2,34.3106,second measured move (4.53R)
FCN,SELL STOP,126.393,"breakout trigger, below the base pivot"
FCN,SELL LIMIT,129.12,"pullback entry, old support acting as resistance"
FCN,STOP LOSS,141.5601,"initial stop, above base resistance and the 30 week average"
FCN,BREAKEVEN,115.0176,move the stop to entry here
FCN,TARGET 1,71.016,"measured move, sell part of the position (3.65R)"
FCN,TARGET 2,24.5328,second measured move (6.72R)
CDRE,SELL STOP,23.6833,"breakout trigger, below the base pivot"
CDRE,SELL LIMIT,24.42,"pullback entry, old support acting as resistance"
CDRE,STOP LOSS,26.5252,"initial stop, above base resistance and the 30 week average"
CDRE,BREAKEVEN,21.5518,move the stop to entry here
CDRE,TARGET 1,13.431,"measured move, sell part of the position (3.61R)"
CDRE,TARGET 2,4.6398,second measured move (6.7R)
ESOA,SELL STOP,10.2637,"breakout trigger, below the base pivot"
ESOA,SELL LIMIT,10.6114,"pullback entry, old support acting as resistance"
ESOA,STOP LOSS,11.4954,"initial stop, above base resistance and the 30 week average"
ESOA,BREAKEVEN,9.34,move the stop to entry here
ESOA,TARGET 1,5.8363,"measured move, sell part of the position (3.59R)"
ESOA,TARGET 2,2.0162,second measured move (6.7R)
GLU,SELL STOP,17.2363,"breakout trigger, below the base pivot"
GLU,SELL LIMIT,17.39,"pullback entry, old support acting as resistance"
GLU,STOP LOSS,19.3046,"initial stop, above base resistance and the 30 week average"
GLU,BREAKEVEN,15.685,move the stop to entry here
GLU,TARGET 1,14.4659,"measured move, sell part of the position (1.34R)"
GLU,TARGET 2,12.1266,second measured move (2.47R)
HD,SELL STOP,272.5965,"breakout trigger, below the base pivot"
HD,SELL LIMIT,277.15,"pullback entry, old support acting as resistance"
HD,STOP LOSS,305.308,"initial stop, above base resistance and the 30 week average"
HD,BREAKEVEN,248.0628,move the stop to entry here
HD,TARGET 1,197.9782,"measured move, sell part of the position (2.28R)"
HD,TARGET 2,134.6407,second measured move (4.22R)
FNF,SELL STOP,37.3984,"breakout trigger, below the base pivot"
FNF,SELL LIMIT,38.06,"pullback entry, old support acting as resistance"
FNF,STOP LOSS,41.8862,"initial stop, above base resistance and the 30 week average"
FNF,BREAKEVEN,34.0326,move the stop to entry here
FNF,TARGET 1,21.9733,"measured move, sell part of the position (3.44R)"
FNF,TARGET 2,9.1039,second measured move (6.3R)
STJ.L,SELL STOP,1006.6213,"breakout trigger, below the base pivot"
STJ.L,SELL LIMIT,1026.553,"pullback entry, old support acting as resistance"
STJ.L,STOP LOSS,1127.4159,"initial stop, above base resistance and the 30 week average"
STJ.L,BREAKEVEN,916.0254,move the stop to entry here
STJ.L,TARGET 1,707.677,"measured move, sell part of the position (2.47R)"
STJ.L,TARGET 2,452.5763,second measured move (4.59R)
MQY,SELL STOP,9.7346,"breakout trigger, below the base pivot"
MQY,SELL LIMIT,9.8,"pullback entry, old support acting as resistance"
MQY,STOP LOSS,10.9028,"initial stop, above base resistance and the 30 week average"
MQY,BREAKEVEN,8.8585,move the stop to entry here
MQY,TARGET 1,7.9297,"measured move, sell part of the position (1.55R)"
MQY,TARGET 2,6.4334,second measured move (2.83R)
BKT,SELL STOP,9.4398,"breakout trigger, below the base pivot"
BKT,SELL LIMIT,9.5,"pullback entry, old support acting as resistance"
BKT,STOP LOSS,10.5726,"initial stop, above base resistance and the 30 week average"
BKT,BREAKEVEN,8.5902,move the stop to entry here
BKT,TARGET 1,8.4542,"measured move, sell part of the position (0.87R)"
BKT,TARGET 2,7.6176,second measured move (1.61R)
MUA,SELL STOP,9.1929,"breakout trigger, below the base pivot"
MUA,SELL LIMIT,9.26,"pullback entry, old support acting as resistance"
MUA,STOP LOSS,10.296,"initial stop, above base resistance and the 30 week average"
MUA,BREAKEVEN,8.3656,move the stop to entry here
MUA,TARGET 1,7.5995,"measured move, sell part of the position (1.44R)"
MUA,TARGET 2,6.2711,second measured move (2.65R)
ORA,SELL STOP,84.842,"breakout trigger, below the base pivot"
ORA,SELL LIMIT,87.06,"pullback entry, old support acting as resistance"
ORA,STOP LOSS,95.023,"initial stop, above base resistance and the 30 week average"
ORA,BREAKEVEN,77.2063,move the stop to entry here
ORA,TARGET 1,47.883,"measured move, sell part of the position (3.63R)"
ORA,TARGET 2,16.5414,second measured move (6.71R)
AVA,SELL STOP,34.0928,"breakout trigger, below the base pivot"
AVA,SELL LIMIT,34.46,"pullback entry, old support acting as resistance"
AVA,STOP LOSS,38.1839,"initial stop, above base resistance and the 30 week average"
AVA,BREAKEVEN,31.0245,move the stop to entry here
AVA,TARGET 1,26.3644,"measured move, sell part of the position (1.89R)"
AVA,TARGET 2,19.8879,second measured move (3.47R)
FRPH,SELL STOP,19.9698,"breakout trigger, below the base pivot"
FRPH,SELL LIMIT,20.27,"pullback entry, old support acting as resistance"
FRPH,STOP LOSS,22.3662,"initial stop, above base resistance and the 30 week average"
FRPH,BREAKEVEN,18.1725,move the stop to entry here
FRPH,TARGET 1,14.8,"measured move, sell part of the position (2.16R)"
FRPH,TARGET 2,10.424,second measured move (3.98R)
LEN,SELL STOP,73.6364,"breakout trigger, below the base pivot"
LEN,SELL LIMIT,75.211,"pullback entry, old support acting as resistance"
LEN,STOP LOSS,82.4728,"initial stop, above base resistance and the 30 week average"
LEN,BREAKEVEN,67.0091,move the stop to entry here
LEN,TARGET 1,51.4803,"measured move, sell part of the position (2.51R)"
LEN,TARGET 2,32.4956,second measured move (4.66R)
BROS,SELL STOP,36.0704,"breakout trigger, below the base pivot"
BROS,SELL LIMIT,37.4,"pullback entry, old support acting as resistance"
BROS,STOP LOSS,40.3989,"initial stop, above base resistance and the 30 week average"
BROS,BREAKEVEN,32.824,move the stop to entry here
BROS,TARGET 1,20.57,"measured move, sell part of the position (3.58R)"
BROS,TARGET 2,7.106,second measured move (6.69R)
NHS,SELL STOP,5.3233,"breakout trigger, below the base pivot"
NHS,SELL LIMIT,5.36,"pullback entry, old support acting as resistance"
NHS,STOP LOSS,5.962,"initial stop, above base resistance and the 30 week average"
NHS,BREAKEVEN,4.8442,move the stop to entry here
NHS,TARGET 1,3.8787,"measured move, sell part of the position (2.26R)"
NHS,TARGET 2,2.6937,second measured move (4.12R)
PLRX,SELL STOP,0.9938,"breakout trigger, below the base pivot"
PLRX,SELL LIMIT,1.02,"pullback entry, old support acting as resistance"
PLRX,STOP LOSS,1.113,"initial stop, above base resistance and the 30 week average"
PLRX,BREAKEVEN,0.9043,move the stop to entry here
PLRX,TARGET 1,0.605,"measured move, sell part of the position (3.26R)"
PLRX,TARGET 2,0.273,second measured move (6.04R)
FSJ.L,SELL STOP,398.2757,"breakout trigger, below the base pivot"
FSJ.L,SELL LIMIT,406.0,"pullback entry, old support acting as resistance"
FSJ.L,STOP LOSS,446.0688,"initial stop, above base resistance and the 30 week average"
FSJ.L,BREAKEVEN,362.4309,move the stop to entry here
FSJ.L,TARGET 1,258.0,"measured move, sell part of the position (2.94R)"
FSJ.L,TARGET 2,139.6,second measured move (5.41R)
KTF,SELL STOP,7.9079,"breakout trigger, below the base pivot"
KTF,SELL LIMIT,7.95,"pullback entry, old support acting as resistance"
KTF,STOP LOSS,8.8568,"initial stop, above base resistance and the 30 week average"
KTF,BREAKEVEN,7.1962,move the stop to entry here
KTF,TARGET 1,6.7624,"measured move, sell part of the position (1.21R)"
KTF,TARGET 2,5.8124,second measured move (2.21R)
SHEN,SELL STOP,10.4701,"breakout trigger, below the base pivot"
SHEN,SELL LIMIT,10.79,"pullback entry, old support acting as resistance"
SHEN,STOP LOSS,11.7266,"initial stop, above base resistance and the 30 week average"
SHEN,BREAKEVEN,9.5278,move the stop to entry here
SHEN,TARGET 1,5.9345,"measured move, sell part of the position (3.61R)"
SHEN,TARGET 2,2.0501,second measured move (6.7R)
TV,SELL STOP,2.124,"breakout trigger, below the base pivot"
TV,SELL LIMIT,2.18,"pullback entry, old support acting as resistance"
TV,STOP LOSS,2.3789,"initial stop, above base resistance and the 30 week average"
TV,BREAKEVEN,1.9328,move the stop to entry here
TV,TARGET 1,1.199,"measured move, sell part of the position (3.63R)"
TV,TARGET 2,0.4142,second measured move (6.71R)
VOF.L,SELL STOP,406.615,"breakout trigger, below the base pivot"
VOF.L,SELL LIMIT,411.0,"pullback entry, old support acting as resistance"
VOF.L,STOP LOSS,454.385,"initial stop, above base resistance and the 30 week average"
VOF.L,BREAKEVEN,370.7876,move the stop to entry here
VOF.L,TARGET 1,334.5,"measured move, sell part of the position (1.51R)"
VOF.L,TARGET 2,273.3,second measured move (2.79R)
VLT,SELL STOP,8.9272,"breakout trigger, below the base pivot"
VLT,SELL LIMIT,8.98,"pullback entry, old support acting as resistance"
VLT,STOP LOSS,9.9985,"initial stop, above base resistance and the 30 week average"
VLT,BREAKEVEN,8.1237,move the stop to entry here
VLT,TARGET 1,7.6499,"measured move, sell part of the position (1.19R)"
VLT,TARGET 2,6.5859,second measured move (2.19R)
MGM,SELL STOP,29.2049,"breakout trigger, below the base pivot"
MGM,SELL LIMIT,29.92,"pullback entry, old support acting as resistance"
MGM,STOP LOSS,32.7095,"initial stop, above base resistance and the 30 week average"
MGM,BREAKEVEN,26.5764,move the stop to entry here
MGM,TARGET 1,16.456,"measured move, sell part of the position (3.64R)"
MGM,TARGET 2,5.6848,second measured move (6.71R)
RYN,SELL STOP,17.6385,"breakout trigger, below the base pivot"
RYN,SELL LIMIT,17.91,"pullback entry, old support acting as resistance"
RYN,STOP LOSS,19.7551,"initial stop, above base resistance and the 30 week average"
RYN,BREAKEVEN,16.0511,move the stop to entry here
RYN,TARGET 1,13.5275,"measured move, sell part of the position (1.94R)"
RYN,TARGET 2,10.0215,second measured move (3.6R)
SEB,SELL STOP,3753.8175,"breakout trigger, below the base pivot"
SEB,SELL LIMIT,3850.01,"pullback entry, old support acting as resistance"
SEB,STOP LOSS,4204.2756,"initial stop, above base resistance and the 30 week average"
SEB,BREAKEVEN,3415.9739,move the stop to entry here
SEB,TARGET 1,2117.5055,"measured move, sell part of the position (3.63R)"
SEB,TARGET 2,731.5019,second measured move (6.71R)
HSY,SELL STOP,153.7508,"breakout trigger, below the base pivot"
HSY,SELL LIMIT,156.16,"pullback entry, old support acting as resistance"
HSY,STOP LOSS,172.2009,"initial stop, above base resistance and the 30 week average"
HSY,BREAKEVEN,139.9132,move the stop to entry here
HSY,TARGET 1,90.8573,"measured move, sell part of the position (3.41R)"
HSY,TARGET 2,38.6151,second measured move (6.24R)
LEO,SELL STOP,5.3841,"breakout trigger, below the base pivot"
LEO,SELL LIMIT,5.42,"pullback entry, old support acting as resistance"
LEO,STOP LOSS,6.0301,"initial stop, above base resistance and the 30 week average"
LEO,BREAKEVEN,4.8995,move the stop to entry here
LEO,TARGET 1,4.4145,"measured move, sell part of the position (1.5R)"
LEO,TARGET 2,3.6102,second measured move (2.75R)
REG,SELL STOP,70.2715,"breakout trigger, below the base pivot"
REG,SELL LIMIT,70.93,"pullback entry, old support acting as resistance"
REG,STOP LOSS,78.7041,"initial stop, above base resistance and the 30 week average"
REG,BREAKEVEN,63.9471,move the stop to entry here
REG,TARGET 1,59.0387,"measured move, sell part of the position (1.33R)"
REG,TARGET 2,49.5257,second measured move (2.46R)
RAT.L,SELL STOP,1484.3549,"breakout trigger, below the base pivot"
RAT.L,SELL LIMIT,1512.0,"pullback entry, old support acting as resistance"
RAT.L,STOP LOSS,1662.4775,"initial stop, above base resistance and the 30 week average"
RAT.L,BREAKEVEN,1350.7629,move the stop to entry here
RAT.L,TARGET 1,874.4131,"measured move, sell part of the position (3.42R)"
RAT.L,TARGET 2,364.3436,second measured move (6.29R)
BHK,SELL STOP,8.0648,"breakout trigger, below the base pivot"
BHK,SELL LIMIT,8.12,"pullback entry, old support acting as resistance"
BHK,STOP LOSS,9.0326,"initial stop, above base resistance and the 30 week average"
BHK,BREAKEVEN,7.3389,move the stop to entry here
BHK,TARGET 1,7.1096,"measured move, sell part of the position (0.99R)"
BHK,TARGET 2,6.3012,second measured move (1.82R)
LBTYK,SELL STOP,8.4661,"breakout trigger, below the base pivot"
LBTYK,SELL LIMIT,8.65,"pullback entry, old support acting as resistance"
LBTYK,STOP LOSS,9.4821,"initial stop, above base resistance and the 30 week average"
LBTYK,BREAKEVEN,7.7042,move the stop to entry here
LBTYK,TARGET 1,4.89,"measured move, sell part of the position (3.52R)"
LBTYK,TARGET 2,1.882,second measured move (6.48R)
MCD,SELL STOP,226.8795,"breakout trigger, below the base pivot"
MCD,SELL LIMIT,229.61,"pullback entry, old support acting as resistance"
MCD,STOP LOSS,254.105,"initial stop, above base resistance and the 30 week average"
MCD,BREAKEVEN,206.4603,move the stop to entry here
MCD,TARGET 1,132.0798,"measured move, sell part of the position (3.48R)"
MCD,TARGET 2,54.0556,second measured move (6.35R)
SPE,SELL STOP,12.3286,"breakout trigger, below the base pivot"
SPE,SELL LIMIT,12.42,"pullback entry, old support acting as resistance"
SPE,STOP LOSS,13.6682,"initial stop, above base resistance and the 30 week average"
SPE,BREAKEVEN,11.324,move the stop to entry here
SPE,TARGET 1,10.7961,"measured move, sell part of the position (1.14R)"
SPE,TARGET 2,9.4969,second measured move (2.11R)
VMC,SELL STOP,232.94,"breakout trigger, below the base pivot"
VMC,SELL LIMIT,237.03,"pullback entry, old support acting as resistance"
VMC,STOP LOSS,260.8927,"initial stop, above base resistance and the 30 week average"
VMC,BREAKEVEN,211.9754,move the stop to entry here
VMC,TARGET 1,153.4956,"measured move, sell part of the position (2.84R)"
VMC,TARGET 2,86.6681,second measured move (5.23R)
BWG,SELL STOP,6.7655,"breakout trigger, below the base pivot"
BWG,SELL LIMIT,6.82,"pullback entry, old support acting as resistance"
BWG,STOP LOSS,7.5774,"initial stop, above base resistance and the 30 week average"
BWG,BREAKEVEN,6.1566,move the stop to entry here
BWG,TARGET 1,5.6589,"measured move, sell part of the position (1.36R)"
BWG,TARGET 2,4.73,second measured move (2.51R)
MIRM,SELL STOP,79.0926,"breakout trigger, below the base pivot"
MIRM,SELL LIMIT,81.41,"pullback entry, old support acting as resistance"
MIRM,STOP LOSS,88.5837,"initial stop, above base resistance and the 30 week average"
MIRM,BREAKEVEN,71.9743,move the stop to entry here
MIRM,TARGET 1,44.7755,"measured move, sell part of the position (3.62R)"
MIRM,TARGET 2,15.4679,second measured move (6.7R)
MATW,SELL STOP,18.0981,"breakout trigger, below the base pivot"
MATW,SELL LIMIT,18.54,"pullback entry, old support acting as resistance"
MATW,STOP LOSS,20.2699,"initial stop, above base resistance and the 30 week average"
MATW,BREAKEVEN,16.4693,move the stop to entry here
MATW,TARGET 1,10.197,"measured move, sell part of the position (3.64R)"
MATW,TARGET 2,3.5226,second measured move (6.71R)
RCI,SELL STOP,29.586,"breakout trigger, below the base pivot"
RCI,SELL LIMIT,30.15,"pullback entry, old support acting as resistance"
RCI,STOP LOSS,33.1363,"initial stop, above base resistance and the 30 week average"
RCI,BREAKEVEN,26.9233,move the stop to entry here
RCI,TARGET 1,20.1986,"measured move, sell part of the position (2.64R)"
RCI,TARGET 2,12.2374,second measured move (4.89R)
RQI,SELL STOP,10.7032,"breakout trigger, below the base pivot"
RQI,SELL LIMIT,10.81,"pullback entry, old support acting as resistance"
RQI,STOP LOSS,11.9876,"initial stop, above base resistance and the 30 week average"
RQI,BREAKEVEN,9.7399,move the stop to entry here
RQI,TARGET 1,8.4131,"measured move, sell part of the position (1.78R)"
RQI,TARGET 2,6.4956,second measured move (3.28R)
EVN,SELL STOP,9.0451,"breakout trigger, below the base pivot"
EVN,SELL LIMIT,9.13,"pullback entry, old support acting as resistance"
EVN,STOP LOSS,10.1305,"initial stop, above base resistance and the 30 week average"
EVN,BREAKEVEN,8.231,move the stop to entry here
EVN,TARGET 1,7.1593,"measured move, sell part of the position (1.74R)"
EVN,TARGET 2,5.5827,second measured move (3.19R)
PHIN,SELL STOP,56.7678,"breakout trigger, below the base pivot"
PHIN,SELL LIMIT,58.07,"pullback entry, old support acting as resistance"
PHIN,STOP LOSS,63.58,"initial stop, above base resistance and the 30 week average"
PHIN,BREAKEVEN,51.6587,move the stop to entry here
PHIN,TARGET 1,31.9385,"measured move, sell part of the position (3.64R)"
PHIN,TARGET 2,11.0333,second measured move (6.71R)
CRH,SELL STOP,79.2181,"breakout trigger, below the base pivot"
CRH,SELL LIMIT,80.81,"pullback entry, old support acting as resistance"
CRH,STOP LOSS,88.7243,"initial stop, above base resistance and the 30 week average"
CRH,BREAKEVEN,72.0885,move the stop to entry here
CRH,TARGET 1,44.4455,"measured move, sell part of the position (3.66R)"
CRH,TARGET 2,15.3539,second measured move (6.72R)
PSDL.L,SELL STOP,132.1679,"breakout trigger, below the base pivot"
PSDL.L,SELL LIMIT,134.0,"pullback entry, old support acting as resistance"
PSDL.L,STOP LOSS,148.0281,"initial stop, above base resistance and the 30 week average"
PSDL.L,BREAKEVEN,120.2728,move the stop to entry here
PSDL.L,TARGET 1,73.7,"measured move, sell part of the position (3.69R)"
PSDL.L,TARGET 2,25.46,second measured move (6.73R)
TEX,SELL STOP,49.7693,"breakout trigger, below the base pivot"
TEX,SELL LIMIT,51.22,"pullback entry, old support acting as resistance"
TEX,STOP LOSS,55.7417,"initial stop, above base resistance and the 30 week average"
TEX,BREAKEVEN,45.2901,move the stop to entry here
TEX,TARGET 1,28.171,"measured move, sell part of the position (3.62R)"
TEX,TARGET 2,9.7318,second measured move (6.7R)
NTIC,SELL STOP,7.4268,"breakout trigger, below the base pivot"
NTIC,SELL LIMIT,7.53,"pullback entry, old support acting as resistance"
NTIC,STOP LOSS,8.318,"initial stop, above base resistance and the 30 week average"
NTIC,BREAKEVEN,6.7584,move the stop to entry here
NTIC,TARGET 1,5.6077,"measured move, sell part of the position (2.04R)"
NTIC,TARGET 2,4.0698,second measured move (3.77R)
IIM,SELL STOP,10.1725,"breakout trigger, below the base pivot"
IIM,SELL LIMIT,10.27,"pullback entry, old support acting as resistance"
IIM,STOP LOSS,11.3933,"initial stop, above base resistance and the 30 week average"
IIM,BREAKEVEN,9.257,move the stop to entry here
IIM,TARGET 1,7.6708,"measured move, sell part of the position (2.05R)"
IIM,TARGET 2,5.5914,second measured move (3.75R)
VKQ,SELL STOP,8.1835,"breakout trigger, below the base pivot"
VKQ,SELL LIMIT,8.25,"pullback entry, old support acting as resistance"
VKQ,STOP LOSS,9.1656,"initial stop, above base resistance and the 30 week average"
VKQ,BREAKEVEN,7.447,move the stop to entry here
VKQ,TARGET 1,6.5844,"measured move, sell part of the position (1.63R)"
VKQ,TARGET 2,5.2519,second measured move (2.99R)
SLVM,SELL STOP,30.8434,"breakout trigger, below the base pivot"
SLVM,SELL LIMIT,31.58,"pullback entry, old support acting as resistance"
SLVM,STOP LOSS,34.5446,"initial stop, above base resistance and the 30 week average"
SLVM,BREAKEVEN,28.0675,move the stop to entry here
SLVM,TARGET 1,18.2229,"measured move, sell part of the position (3.41R)"
SLVM,TARGET 2,7.5373,second measured move (6.3R)
MOS,SELL STOP,19.0582,"breakout trigger, below the base pivot"
MOS,SELL LIMIT,19.6338,"pullback entry, old support acting as resistance"
MOS,STOP LOSS,21.3452,"initial stop, above base resistance and the 30 week average"
MOS,BREAKEVEN,17.343,move the stop to entry here
MOS,TARGET 1,10.7986,"measured move, sell part of the position (3.61R)"
MOS,TARGET 2,3.7304,second measured move (6.7R)
MTX,SELL STOP,62.7118,"breakout trigger, below the base pivot"
MTX,SELL LIMIT,63.76,"pullback entry, old support acting as resistance"
MTX,STOP LOSS,70.2372,"initial stop, above base resistance and the 30 week average"
MTX,BREAKEVEN,57.0678,move the stop to entry here
MTX,TARGET 1,43.4514,"measured move, sell part of the position (2.56R)"
MTX,TARGET 2,27.2045,second measured move (4.72R)
ODFL,SELL STOP,166.069,"breakout trigger, below the base pivot"
ODFL,SELL LIMIT,169.65,"pullback entry, old support acting as resistance"
ODFL,STOP LOSS,185.9972,"initial stop, above base resistance and the 30 week average"
ODFL,BREAKEVEN,151.1227,move the stop to entry here
ODFL,TARGET 1,93.3075,"measured move, sell part of the position (3.65R)"
ODFL,TARGET 2,32.2335,second measured move (6.72R)
KEP,SELL STOP,10.5279,"breakout trigger, below the base pivot"
KEP,SELL LIMIT,10.78,"pullback entry, old support acting as resistance"
KEP,STOP LOSS,11.7913,"initial stop, above base resistance and the 30 week average"
KEP,BREAKEVEN,9.5804,move the stop to entry here
KEP,TARGET 1,5.929,"measured move, sell part of the position (3.64R)"
KEP,TARGET 2,2.0482,second measured move (6.71R)
NXP,SELL STOP,12.7871,"breakout trigger, below the base pivot"
NXP,SELL LIMIT,12.87,"pullback entry, old support acting as resistance"
NXP,STOP LOSS,14.3215,"initial stop, above base resistance and the 30 week average"
NXP,BREAKEVEN,11.6363,move the stop to entry here
NXP,TARGET 1,11.2921,"measured move, sell part of the position (0.97R)"
NXP,TARGET 2,10.0298,second measured move (1.8R)
SWZ,SELL STOP,5.6527,"breakout trigger, below the base pivot"
SWZ,SELL LIMIT,5.68,"pullback entry, old support acting as resistance"
SWZ,STOP LOSS,6.0473,"initial stop, above base resistance and the 30 week average"
SWZ,BREAKEVEN,5.3567,move the stop to entry here
SWZ,TARGET 1,5.23,"measured move, sell part of the position (1.07R)"
SWZ,TARGET 2,4.87,second measured move (1.98R)
PRU.L,SELL STOP,889.5276,"breakout trigger, below the base pivot"
PRU.L,SELL LIMIT,905.4,"pullback entry, old support acting as resistance"
PRU.L,STOP LOSS,996.2709,"initial stop, above base resistance and the 30 week average"
PRU.L,BREAKEVEN,809.4701,move the stop to entry here
PRU.L,TARGET 1,606.8813,"measured move, sell part of the position (2.65R)"
PRU.L,TARGET 2,368.0664,second measured move (4.89R)
AIV,SELL STOP,1.8772,"breakout trigger, below the base pivot"
AIV,SELL LIMIT,1.92,"pullback entry, old support acting as resistance"
AIV,STOP LOSS,2.1025,"initial stop, above base resistance and the 30 week average"
AIV,BREAKEVEN,1.7083,move the stop to entry here
AIV,TARGET 1,1.056,"measured move, sell part of the position (3.65R)"
AIV,TARGET 2,0.3648,second measured move (6.71R)
ENB,SELL STOP,45.1919,"breakout trigger, below the base pivot"
ENB,SELL LIMIT,45.7,"pullback entry, old support acting as resistance"
ENB,STOP LOSS,50.6149,"initial stop, above base resistance and the 30 week average"
ENB,BREAKEVEN,41.1247,move the stop to entry here
ENB,TARGET 1,33.7432,"measured move, sell part of the position (2.11R)"
ENB,TARGET 2,24.1777,second measured move (3.87R)
BRSL,SELL STOP,9.4289,"breakout trigger, below the base pivot"
BRSL,SELL LIMIT,9.63,"pullback entry, old support acting as resistance"
BRSL,STOP LOSS,10.5604,"initial stop, above base resistance and the 30 week average"
BRSL,BREAKEVEN,8.5803,move the stop to entry here
BRSL,TARGET 1,6.446,"measured move, sell part of the position (2.64R)"
BRSL,TARGET 2,3.8988,second measured move (4.89R)
MEGI,SELL STOP,13.1259,"breakout trigger, below the base pivot"
MEGI,SELL LIMIT,13.245,"pullback entry, old support acting as resistance"
MEGI,STOP LOSS,14.701,"initial stop, above base resistance and the 30 week average"
MEGI,BREAKEVEN,11.9445,move the stop to entry here
MEGI,TARGET 1,10.7578,"measured move, sell part of the position (1.5R)"
MEGI,TARGET 2,8.768,second measured move (2.77R)
TYG,SELL STOP,36.9563,"breakout trigger, below the base pivot"
TYG,SELL LIMIT,37.45,"pullback entry, old support acting as resistance"
TYG,STOP LOSS,41.391,"initial stop, above base resistance and the 30 week average"
TYG,BREAKEVEN,33.6302,move the stop to entry here
TYG,TARGET 1,25.8269,"measured move, sell part of the position (2.51R)"
TYG,TARGET 2,16.5284,second measured move (4.61R)
CRTO,SELL STOP,13.8752,"breakout trigger, below the base pivot"
CRTO,SELL LIMIT,14.35,"pullback entry, old support acting as resistance"
CRTO,STOP LOSS,15.5402,"initial stop, above base resistance and the 30 week average"
CRTO,BREAKEVEN,12.6264,move the stop to entry here
CRTO,TARGET 1,7.8925,"measured move, sell part of the position (3.59R)"
CRTO,TARGET 2,2.7265,second measured move (6.7R)
NATR,SELL STOP,11.9539,"breakout trigger, below the base pivot"
NATR,SELL LIMIT,12.32,"pullback entry, old support acting as resistance"
NATR,STOP LOSS,13.3884,"initial stop, above base resistance and the 30 week average"
NATR,BREAKEVEN,10.878,move the stop to entry here
NATR,TARGET 1,6.776,"measured move, sell part of the position (3.61R)"
NATR,TARGET 2,2.3408,second measured move (6.7R)
ALGN,SELL STOP,139.1216,"breakout trigger, below the base pivot"
ALGN,SELL LIMIT,142.24,"pullback entry, old support acting as resistance"
ALGN,STOP LOSS,155.8162,"initial stop, above base resistance and the 30 week average"
ALGN,BREAKEVEN,126.6006,move the stop to entry here
ALGN,TARGET 1,84.04,"measured move, sell part of the position (3.3R)"
ALGN,TARGET 2,37.48,second measured move (6.09R)
BCE,SELL STOP,19.4573,"breakout trigger, below the base pivot"
BCE,SELL LIMIT,19.73,"pullback entry, old support acting as resistance"
BCE,STOP LOSS,21.7922,"initial stop, above base resistance and the 30 week average"
BCE,BREAKEVEN,17.7062,move the stop to entry here
BCE,TARGET 1,13.6874,"measured move, sell part of the position (2.47R)"
BCE,TARGET 2,8.8533,second measured move (4.54R)
MFA,SELL STOP,7.1263,"breakout trigger, below the base pivot"
MFA,SELL LIMIT,7.2233,"pullback entry, old support acting as resistance"
MFA,STOP LOSS,7.9815,"initial stop, above base resistance and the 30 week average"
MFA,BREAKEVEN,6.4849,move the stop to entry here
MFA,TARGET 1,4.8699,"measured move, sell part of the position (2.64R)"
MFA,TARGET 2,2.9872,second measured move (4.84R)
STKS,SELL STOP,1.4499,"breakout trigger, below the base pivot"
STKS,SELL LIMIT,1.5,"pullback entry, old support acting as resistance"
STKS,STOP LOSS,1.6239,"initial stop, above base resistance and the 30 week average"
STKS,BREAKEVEN,1.3194,move the stop to entry here
STKS,TARGET 1,0.85,"measured move, sell part of the position (3.45R)"
STKS,TARGET 2,0.33,second measured move (6.44R)
BHR,SELL STOP,1.562,"breakout trigger, below the base pivot"
BHR,SELL LIMIT,1.62,"pullback entry, old support acting as resistance"
BHR,STOP LOSS,1.7495,"initial stop, above base resistance and the 30 week average"
BHR,BREAKEVEN,1.4215,move the stop to entry here
BHR,TARGET 1,0.891,"measured move, sell part of the position (3.58R)"
BHR,TARGET 2,0.3078,second measured move (6.69R)
SLGN,SELL STOP,33.1935,"breakout trigger, below the base pivot"
SLGN,SELL LIMIT,33.92,"pullback entry, old support acting as resistance"
SLGN,STOP LOSS,37.1768,"initial stop, above base resistance and the 30 week average"
SLGN,BREAKEVEN,30.2061,move the stop to entry here
SLGN,TARGET 1,18.656,"measured move, sell part of the position (3.65R)"
SLGN,TARGET 2,6.4448,second measured move (6.72R)
MPT,SELL STOP,3.1706,"breakout trigger, below the base pivot"
MPT,SELL LIMIT,3.25,"pullback entry, old support acting as resistance"
MPT,STOP LOSS,3.551,"initial stop, above base resistance and the 30 week average"
MPT,BREAKEVEN,2.8852,move the stop to entry here
MPT,TARGET 1,1.7875,"measured move, sell part of the position (3.64R)"
MPT,TARGET 2,0.6175,second measured move (6.71R)
MLM,SELL STOP,462.2752,"breakout trigger, below the base pivot"
MLM,SELL LIMIT,470.19,"pullback entry, old support acting as resistance"
MLM,STOP LOSS,517.7482,"initial stop, above base resistance and the 30 week average"
MLM,BREAKEVEN,420.6704,move the stop to entry here
MLM,TARGET 1,299.24,"measured move, sell part of the position (2.94R)"
MLM,TARGET 2,162.48,second measured move (5.4R)
MWA,SELL STOP,20.5473,"breakout trigger, below the base pivot"
MWA,SELL LIMIT,20.9,"pullback entry, old support acting as resistance"
MWA,STOP LOSS,23.013,"initial stop, above base resistance and the 30 week average"
MWA,BREAKEVEN,18.698,move the stop to entry here
MWA,TARGET 1,11.495,"measured move, sell part of the position (3.67R)"
MWA,TARGET 2,3.971,second measured move (6.72R)
WLFC,SELL STOP,43.8997,"breakout trigger, below the base pivot"
WLFC,SELL LIMIT,45.53,"pullback entry, old support acting as resistance"
WLFC,STOP LOSS,49.1677,"initial stop, above base resistance and the 30 week average"
WLFC,BREAKEVEN,39.9487,move the stop to entry here
WLFC,TARGET 1,25.0415,"measured move, sell part of the position (3.58R)"
WLFC,TARGET 2,8.6507,second measured move (6.69R)
TMUS,SELL STOP,157.6392,"breakout trigger, below the base pivot"
TMUS,SELL LIMIT,160.81,"pullback entry, old support acting as resistance"
TMUS,STOP LOSS,176.5559,"initial stop, above base resistance and the 30 week average"
TMUS,BREAKEVEN,143.4517,move the stop to entry here
TMUS,TARGET 1,103.8948,"measured move, sell part of the position (2.84R)"
TMUS,TARGET 2,58.3626,second measured move (5.25R)
MLP,SELL STOP,14.6355,"breakout trigger, below the base pivot"
MLP,SELL LIMIT,14.95,"pullback entry, old support acting as resistance"
MLP,STOP LOSS,16.3918,"initial stop, above base resistance and the 30 week average"
MLP,BREAKEVEN,13.3183,move the stop to entry here
MLP,TARGET 1,9.98,"measured move, sell part of the position (2.65R)"
MLP,TARGET 2,6.004,second measured move (4.91R)
POOL,SELL STOP,154.9391,"breakout trigger, below the base pivot"
POOL,SELL LIMIT,158.4,"pullback entry, old support acting as resistance"
POOL,STOP LOSS,173.5317,"initial stop, above base resistance and the 30 week average"
POOL,BREAKEVEN,140.9945,move the stop to entry here
POOL,TARGET 1,87.12,"measured move, sell part of the position (3.65R)"
POOL,TARGET 2,30.096,second measured move (6.71R)
BC,SELL STOP,61.2748,"breakout trigger, below the base pivot"
BC,SELL LIMIT,62.68,"pullback entry, old support acting as resistance"
BC,STOP LOSS,68.6278,"initial stop, above base resistance and the 30 week average"
BC,BREAKEVEN,55.7601,move the stop to entry here
BC,TARGET 1,34.474,"measured move, sell part of the position (3.64R)"
BC,TARGET 2,11.9092,second measured move (6.71R)
LULU,SELL STOP,90.6199,"breakout trigger, below the base pivot"
LULU,SELL LIMIT,93.41,"pullback entry, old support acting as resistance"
LULU,STOP LOSS,101.4942,"initial stop, above base resistance and the 30 week average"
LULU,BREAKEVEN,82.4641,move the stop to entry here
LULU,TARGET 1,51.3755,"measured move, sell part of the position (3.61R)"
LULU,TARGET 2,17.7479,second measured move (6.7R)
TDF,SELL STOP,9.3085,"breakout trigger, below the base pivot"
TDF,SELL LIMIT,9.44,"pullback entry, old support acting as resistance"
TDF,STOP LOSS,10.4255,"initial stop, above base resistance and the 30 week average"
TDF,BREAKEVEN,8.4707,move the stop to entry here
TDF,TARGET 1,5.2478,"measured move, sell part of the position (3.64R)"
TDF,TARGET 2,1.8941,second measured move (6.64R)
VGM,SELL STOP,8.3077,"breakout trigger, below the base pivot"
VGM,SELL LIMIT,8.39,"pullback entry, old support acting as resistance"
VGM,STOP LOSS,9.3047,"initial stop, above base resistance and the 30 week average"
VGM,BREAKEVEN,7.56,move the stop to entry here
VGM,TARGET 1,6.2756,"measured move, sell part of the position (2.04R)"
VGM,TARGET 2,4.584,second measured move (3.74R)
POR,SELL STOP,42.7519,"breakout trigger, below the base pivot"
POR,SELL LIMIT,43.26,"pullback entry, old support acting as resistance"
POR,STOP LOSS,47.8821,"initial stop, above base resistance and the 30 week average"
POR,BREAKEVEN,38.9042,move the stop to entry here
POR,TARGET 1,30.7302,"measured move, sell part of the position (2.34R)"
POR,TARGET 2,20.7064,second measured move (4.3R)
PNR,SELL STOP,50.6768,"breakout trigger, below the base pivot"
PNR,SELL LIMIT,51.81,"pullback entry, old support acting as resistance"
PNR,STOP LOSS,56.758,"initial stop, above base resistance and the 30 week average"
PNR,BREAKEVEN,46.1159,move the stop to entry here
PNR,TARGET 1,28.4955,"measured move, sell part of the position (3.65R)"
PNR,TARGET 2,9.8439,second measured move (6.71R)
FPH,SELL STOP,4.4529,"breakout trigger, below the base pivot"
FPH,SELL LIMIT,4.53,"pullback entry, old support acting as resistance"
FPH,STOP LOSS,4.9872,"initial stop, above base resistance and the 30 week average"
FPH,BREAKEVEN,4.0522,move the stop to entry here
FPH,TARGET 1,3.455,"measured move, sell part of the position (1.87R)"
FPH,TARGET 2,2.595,second measured move (3.48R)
FTS,SELL STOP,51.792,"breakout trigger, below the base pivot"
FTS,SELL LIMIT,52.21,"pullback entry, old support acting as resistance"
FTS,STOP LOSS,57.458,"initial stop, above base resistance and the 30 week average"
FTS,BREAKEVEN,47.5424,move the stop to entry here
FTS,TARGET 1,45.5049,"measured move, sell part of the position (1.11R)"
FTS,TARGET 2,40.1409,second measured move (2.06R)
SARO,SELL STOP,20.2594,"breakout trigger, below the base pivot"
SARO,SELL LIMIT,20.785,"pullback entry, old support acting as resistance"
SARO,STOP LOSS,22.6905,"initial stop, above base resistance and the 30 week average"
SARO,BREAKEVEN,18.436,move the stop to entry here
SARO,TARGET 1,11.4317,"measured move, sell part of the position (3.63R)"
SARO,TARGET 2,3.9491,second measured move (6.71R)
SMID,SELL STOP,21.3888,"breakout trigger, below the base pivot"
SMID,SELL LIMIT,22.1,"pullback entry, old support acting as resistance"
SMID,STOP LOSS,23.9554,"initial stop, above base resistance and the 30 week average"
SMID,BREAKEVEN,19.4637,move the stop to entry here
SMID,TARGET 1,12.155,"measured move, sell part of the position (3.6R)"
SMID,TARGET 2,4.199,second measured move (6.7R)
TKO,SELL STOP,167.7907,"breakout trigger, below the base pivot"
TKO,SELL LIMIT,171.19,"pullback entry, old support acting as resistance"
TKO,STOP LOSS,187.9256,"initial stop, above base resistance and the 30 week average"
TKO,BREAKEVEN,152.6895,move the stop to entry here
TKO,TARGET 1,117.2275,"measured move, sell part of the position (2.51R)"
TKO,TARGET 2,74.0574,second measured move (4.66R)
GOLF,SELL STOP,78.4937,"breakout trigger, below the base pivot"
GOLF,SELL LIMIT,80.18,"pullback entry, old support acting as resistance"
GOLF,STOP LOSS,87.9129,"initial stop, above base resistance and the 30 week average"
GOLF,BREAKEVEN,71.4293,move the stop to entry here
GOLF,TARGET 1,44.099,"measured move, sell part of the position (3.65R)"
GOLF,TARGET 2,15.2342,second measured move (6.72R)
SUNS,SELL STOP,6.0323,"breakout trigger, below the base pivot"
SUNS,SELL LIMIT,6.16,"pullback entry, old support acting as resistance"
SUNS,STOP LOSS,6.7562,"initial stop, above base resistance and the 30 week average"
SUNS,BREAKEVEN,5.4894,move the stop to entry here
SUNS,TARGET 1,3.987,"measured move, sell part of the position (2.83R)"
SUNS,TARGET 2,2.2485,second measured move (5.23R)
MUC,SELL STOP,9.4954,"breakout trigger, below the base pivot"
MUC,SELL LIMIT,9.56,"pullback entry, old support acting as resistance"
MUC,STOP LOSS,10.6348,"initial stop, above base resistance and the 30 week average"
MUC,BREAKEVEN,8.6408,move the stop to entry here
MUC,TARGET 1,8.128,"measured move, sell part of the position (1.2R)"
MUC,TARGET 2,6.9823,second measured move (2.21R)
NMCO,SELL STOP,8.5631,"breakout trigger, below the base pivot"
NMCO,SELL LIMIT,8.653,"pullback entry, old support acting as resistance"
NMCO,STOP LOSS,9.5907,"initial stop, above base resistance and the 30 week average"
NMCO,BREAKEVEN,7.7924,move the stop to entry here
NMCO,TARGET 1,6.6082,"measured move, sell part of the position (1.9R)"
NMCO,TARGET 2,4.9723,second measured move (3.49R)
OPFI,SELL STOP,5.7019,"breakout trigger, below the base pivot"
OPFI,SELL LIMIT,5.91,"pullback entry, old support acting as resistance"
OPFI,STOP LOSS,6.3861,"initial stop, above base resistance and the 30 week average"
OPFI,BREAKEVEN,5.1888,move the stop to entry here
OPFI,TARGET 1,3.2505,"measured move, sell part of the position (3.58R)"
OPFI,TARGET 2,1.1229,second measured move (6.69R)
WWD,SELL STOP,305.9938,"breakout trigger, below the base pivot"
WWD,SELL LIMIT,312.43,"pullback entry, old support acting as resistance"
WWD,STOP LOSS,342.713,"initial stop, above base resistance and the 30 week average"
WWD,BREAKEVEN,278.4543,move the stop to entry here
WWD,TARGET 1,174.3408,"measured move, sell part of the position (3.59R)"
WWD,TARGET 2,63.8695,second measured move (6.59R)
LHX,SELL STOP,230.0984,"breakout trigger, below the base pivot"
LHX,SELL LIMIT,234.01,"pullback entry, old support acting as resistance"
LHX,STOP LOSS,257.7102,"initial stop, above base resistance and the 30 week average"
LHX,BREAKEVEN,209.3895,move the stop to entry here
LHX,TARGET 1,128.7055,"measured move, sell part of the position (3.67R)"
LHX,TARGET 2,44.4619,second measured move (6.72R)
ASTE,SELL STOP,38.2707,"breakout trigger, below the base pivot"
ASTE,SELL LIMIT,39.38,"pullback entry, old support acting as resistance"
ASTE,STOP LOSS,42.8632,"initial stop, above base resistance and the 30 week average"
ASTE,BREAKEVEN,34.8263,move the stop to entry here
ASTE,TARGET 1,21.659,"measured move, sell part of the position (3.62R)"
ASTE,TARGET 2,7.4822,second measured move (6.7R)
BBOX.L,SELL STOP,137.9124,"breakout trigger, below the base pivot"
BBOX.L,SELL LIMIT,139.7642,"pullback entry, old support acting as resistance"
BBOX.L,STOP LOSS,154.4619,"initial stop, above base resistance and the 30 week average"
BBOX.L,BREAKEVEN,125.5003,move the stop to entry here
BBOX.L,TARGET 1,96.4236,"measured move, sell part of the position (2.51R)"
BBOX.L,TARGET 2,61.7512,second measured move (4.6R)
HAYW,SELL STOP,11.7689,"breakout trigger, below the base pivot"
HAYW,SELL LIMIT,12.02,"pullback entry, old support acting as resistance"
HAYW,STOP LOSS,13.1812,"initial stop, above base resistance and the 30 week average"
HAYW,BREAKEVEN,10.7097,move the stop to entry here
HAYW,TARGET 1,6.625,"measured move, sell part of the position (3.64R)"
HAYW,TARGET 2,2.309,second measured move (6.7R)
VMO,SELL STOP,8.0537,"breakout trigger, below the base pivot"
VMO,SELL LIMIT,8.12,"pullback entry, old support acting as resistance"
VMO,STOP LOSS,9.0202,"initial stop, above base resistance and the 30 week average"
VMO,BREAKEVEN,7.3289,move the stop to entry here
VMO,TARGET 1,6.4363,"measured move, sell part of the position (1.67R)"
VMO,TARGET 2,5.0893,second measured move (3.07R)
SUI,SELL STOP,107.9659,"breakout trigger, below the base pivot"
SUI,SELL LIMIT,109.285,"pullback entry, old support acting as resistance"
SUI,STOP LOSS,120.9218,"initial stop, above base resistance and the 30 week average"
SUI,BREAKEVEN,98.2489,move the stop to entry here
SUI,TARGET 1,84.8134,"measured move, sell part of the position (1.79R)"
SUI,TARGET 2,65.2361,second measured move (3.3R)
DNUT,SELL STOP,2.7596,"breakout trigger, below the base pivot"
DNUT,SELL LIMIT,2.85,"pullback entry, old support acting as resistance"
DNUT,STOP LOSS,3.0907,"initial stop, above base resistance and the 30 week average"
DNUT,BREAKEVEN,2.5113,move the stop to entry here
DNUT,TARGET 1,1.5675,"measured move, sell part of the position (3.6R)"
DNUT,TARGET 2,0.5415,second measured move (6.7R)
BYG.L,SELL STOP,782.0859,"breakout trigger, below the base pivot"
BYG.L,SELL LIMIT,793.5,"pullback entry, old support acting as resistance"
BYG.L,STOP LOSS,875.9362,"initial stop, above base resistance and the 30 week average"
BYG.L,BREAKEVEN,711.6982,move the stop to entry here
BYG.L,TARGET 1,632.2469,"measured move, sell part of the position (1.6R)"
BYG.L,TARGET 2,503.2445,second measured move (2.97R)
ARI,SELL STOP,6.041,"breakout trigger, below the base pivot"
ARI,SELL LIMIT,6.13,"pullback entry, old support acting as resistance"
ARI,STOP LOSS,6.7659,"initial stop, above base resistance and the 30 week average"
ARI,BREAKEVEN,5.4973,move the stop to entry here
ARI,TARGET 1,3.3715,"measured move, sell part of the position (3.68R)"
ARI,TARGET 2,1.1647,second measured move (6.73R)
ATMU,SELL STOP,42.0205,"breakout trigger, below the base pivot"
ATMU,SELL LIMIT,43.01,"pullback entry, old support acting as resistance"
ATMU,STOP LOSS,47.0629,"initial stop, above base resistance and the 30 week average"
ATMU,BREAKEVEN,38.2386,move the stop to entry here
ATMU,TARGET 1,23.6555,"measured move, sell part of the position (3.64R)"
ATMU,TARGET 2,8.1719,second measured move (6.71R)
VCV,SELL STOP,8.7306,"breakout trigger, below the base pivot"
VCV,SELL LIMIT,8.8,"pullback entry, old support acting as resistance"
VCV,STOP LOSS,9.7782,"initial stop, above base resistance and the 30 week average"
VCV,BREAKEVEN,7.9448,move the stop to entry here
VCV,TARGET 1,6.8565,"measured move, sell part of the position (1.79R)"
VCV,TARGET 2,5.3017,second measured move (3.27R)
CMS,SELL STOP,61.5701,"breakout trigger, below the base pivot"
CMS,SELL LIMIT,62.29,"pullback entry, old support acting as resistance"
CMS,STOP LOSS,68.9585,"initial stop, above base resistance and the 30 week average"
CMS,BREAKEVEN,56.0288,move the stop to entry here
CMS,TARGET 1,45.4777,"measured move, sell part of the position (2.18R)"
CMS,TARGET 2,32.0278,second measured move (4.0R)
ACM,SELL STOP,56.6877,"breakout trigger, below the base pivot"
ACM,SELL LIMIT,58.08,"pullback entry, old support acting as resistance"
ACM,STOP LOSS,63.4902,"initial stop, above base resistance and the 30 week average"
ACM,BREAKEVEN,51.5858,move the stop to entry here
ACM,TARGET 1,31.944,"measured move, sell part of the position (3.64R)"
ACM,TARGET 2,11.0352,second measured move (6.71R)
HRL,SELL STOP,19.0958,"breakout trigger, below the base pivot"
HRL,SELL LIMIT,19.42,"pullback entry, old support acting as resistance"
HRL,STOP LOSS,21.3873,"initial stop, above base resistance and the 30 week average"
HRL,BREAKEVEN,17.3772,move the stop to entry here
HRL,TARGET 1,12.41,"measured move, sell part of the position (2.92R)"
HRL,TARGET 2,6.802,second measured move (5.36R)
TKC,SELL STOP,4.7418,"breakout trigger, below the base pivot"
TKC,SELL LIMIT,4.82,"pullback entry, old support acting as resistance"
TKC,STOP LOSS,5.3108,"initial stop, above base resistance and the 30 week average"
TKC,BREAKEVEN,4.315,move the stop to entry here
TKC,TARGET 1,2.79,"measured move, sell part of the position (3.43R)"
TKC,TARGET 2,1.166,second measured move (6.28R)
VBF,SELL STOP,13.9731,"breakout trigger, below the base pivot"
VBF,SELL LIMIT,14.04,"pullback entry, old support acting as resistance"
VBF,STOP LOSS,14.8084,"initial stop, above base resistance and the 30 week average"
VBF,BREAKEVEN,13.3466,move the stop to entry here
VBF,TARGET 1,11.4234,"measured move, sell part of the position (3.05R)"
VBF,TARGET 2,9.3301,second measured move (5.56R)
ISD,SELL STOP,11.3801,"breakout trigger, below the base pivot"
ISD,SELL LIMIT,11.46,"pullback entry, old support acting as resistance"
ISD,STOP LOSS,12.5922,"initial stop, above base resistance and the 30 week average"
ISD,BREAKEVEN,10.471,move the stop to entry here
ISD,TARGET 1,9.4986,"measured move, sell part of the position (1.55R)"
ISD,TARGET 2,7.9295,second measured move (2.85R)
SABS,SELL STOP,2.8567,"breakout trigger, below the base pivot"
SABS,SELL LIMIT,2.96,"pullback entry, old support acting as resistance"
SABS,STOP LOSS,3.1995,"initial stop, above base resistance and the 30 week average"
SABS,BREAKEVEN,2.5996,move the stop to entry here
SABS,TARGET 1,1.628,"measured move, sell part of the position (3.58R)"
SABS,TARGET 2,0.5624,second measured move (6.69R)
EFX,SELL STOP,133.2107,"breakout trigger, below the base pivot"
EFX,SELL LIMIT,137.01,"pullback entry, old support acting as resistance"
EFX,STOP LOSS,149.196,"initial stop, above base resistance and the 30 week average"
EFX,BREAKEVEN,121.2217,move the stop to entry here
EFX,TARGET 1,75.3555,"measured move, sell part of the position (3.62R)"
EFX,TARGET 2,26.0319,second measured move (6.7R)
FSLR,SELL STOP,162.7491,"breakout trigger, below the base pivot"
FSLR,SELL LIMIT,168.6,"pullback entry, old support acting as resistance"
FSLR,STOP LOSS,182.279,"initial stop, above base resistance and the 30 week average"
FSLR,BREAKEVEN,148.1017,move the stop to entry here
FSLR,TARGET 1,92.73,"measured move, sell part of the position (3.59R)"
FSLR,TARGET 2,32.034,second measured move (6.69R)
AHT,SELL STOP,2.1119,"breakout trigger, below the base pivot"
AHT,SELL LIMIT,2.18,"pullback entry, old support acting as resistance"
AHT,STOP LOSS,2.3653,"initial stop, above base resistance and the 30 week average"
AHT,BREAKEVEN,1.9218,move the stop to entry here
AHT,TARGET 1,1.199,"measured move, sell part of the position (3.6R)"
AHT,TARGET 2,0.4142,second measured move (6.7R)
FINW,SELL STOP,10.5377,"breakout trigger, below the base pivot"
FINW,SELL LIMIT,10.79,"pullback entry, old support acting as resistance"
FINW,STOP LOSS,11.8023,"initial stop, above base resistance and the 30 week average"
FINW,BREAKEVEN,9.5894,move the stop to entry here
FINW,TARGET 1,5.9345,"measured move, sell part of the position (3.64R)"
FINW,TARGET 2,2.0501,second measured move (6.71R)
OTIS,SELL STOP,62.7494,"breakout trigger, below the base pivot"
OTIS,SELL LIMIT,63.575,"pullback entry, old support acting as resistance"
OTIS,STOP LOSS,70.2794,"initial stop, above base resistance and the 30 week average"
OTIS,BREAKEVEN,57.102,move the stop to entry here
OTIS,TARGET 1,39.5203,"measured move, sell part of the position (3.08R)"
OTIS,TARGET 2,20.2766,second measured move (5.64R)
LOW,SELL STOP,176.1801,"breakout trigger, below the base pivot"
LOW,SELL LIMIT,179.21,"pullback entry, old support acting as resistance"
LOW,STOP LOSS,197.3217,"initial stop, above base resistance and the 30 week average"
LOW,BREAKEVEN,160.3239,move the stop to entry here
LOW,TARGET 1,102.8992,"measured move, sell part of the position (3.47R)"
LOW,TARGET 2,41.8505,second measured move (6.35R)
BNT,SELL STOP,35.1964,"breakout trigger, below the base pivot"
BNT,SELL LIMIT,35.73,"pullback entry, old support acting as resistance"
BNT,STOP LOSS,39.42,"initial stop, above base resistance and the 30 week average"
BNT,BREAKEVEN,32.0287,move the stop to entry here
BNT,TARGET 1,23.0842,"measured move, sell part of the position (2.87R)"
BNT,TARGET 2,12.9675,second measured move (5.26R)
PZZA,SELL STOP,18.6275,"breakout trigger, below the base pivot"
PZZA,SELL LIMIT,19.31,"pullback entry, old support acting as resistance"
PZZA,STOP LOSS,20.8628,"initial stop, above base resistance and the 30 week average"
PZZA,BREAKEVEN,16.951,move the stop to entry here
PZZA,TARGET 1,10.6205,"measured move, sell part of the position (3.58R)"
PZZA,TARGET 2,3.6689,second measured move (6.69R)
RPT,SELL STOP,9.5475,"breakout trigger, below the base pivot"
RPT,SELL LIMIT,9.8,"pullback entry, old support acting as resistance"
RPT,STOP LOSS,10.6932,"initial stop, above base resistance and the 30 week average"
RPT,BREAKEVEN,8.6882,move the stop to entry here
RPT,TARGET 1,5.39,"measured move, sell part of the position (3.63R)"
RPT,TARGET 2,1.862,second measured move (6.71R)
XRAY,SELL STOP,8.312,"breakout trigger, below the base pivot"
XRAY,SELL LIMIT,8.59,"pullback entry, old support acting as resistance"
XRAY,STOP LOSS,9.3095,"initial stop, above base resistance and the 30 week average"
XRAY,BREAKEVEN,7.564,move the stop to entry here
XRAY,TARGET 1,4.7245,"measured move, sell part of the position (3.6R)"
XRAY,TARGET 2,1.6321,second measured move (6.7R)
UVV,SELL STOP,39.7069,"breakout trigger, below the base pivot"
UVV,SELL LIMIT,40.31,"pullback entry, old support acting as resistance"
UVV,STOP LOSS,44.4718,"initial stop, above base resistance and the 30 week average"
UVV,BREAKEVEN,36.1333,move the stop to entry here
UVV,TARGET 1,25.7748,"measured move, sell part of the position (2.92R)"
UVV,TARGET 2,14.1467,second measured move (5.36R)
KGC,SELL STOP,21.5427,"breakout trigger, below the base pivot"
KGC,SELL LIMIT,22.2602,"pullback entry, old support acting as resistance"
KGC,STOP LOSS,24.1279,"initial stop, above base resistance and the 30 week average"
KGC,BREAKEVEN,19.6039,move the stop to entry here
KGC,TARGET 1,12.2431,"measured move, sell part of the position (3.6R)"
KGC,TARGET 2,4.2294,second measured move (6.7R)
MMD,SELL STOP,13.1404,"breakout trigger, below the base pivot"
MMD,SELL LIMIT,13.24,"pullback entry, old support acting as resistance"
MMD,STOP LOSS,14.7173,"initial stop, above base resistance and the 30 week average"
MMD,BREAKEVEN,11.9578,move the stop to entry here
MMD,TARGET 1,10.6906,"measured move, sell part of the position (1.55R)"
MMD,TARGET 2,8.6512,second measured move (2.85R)
BV,SELL STOP,9.5875,"breakout trigger, below the base pivot"
BV,SELL LIMIT,9.815,"pullback entry, old support acting as resistance"
BV,STOP LOSS,10.738,"initial stop, above base resistance and the 30 week average"
BV,BREAKEVEN,8.7246,move the stop to entry here
BV,TARGET 1,5.3982,"measured move, sell part of the position (3.64R)"
BV,TARGET 2,1.8648,second measured move (6.71R)
PCM,SELL STOP,4.8051,"breakout trigger, below the base pivot"
PCM,SELL LIMIT,4.85,"pullback entry, old support acting as resistance"
PCM,STOP LOSS,5.3817,"initial stop, above base resistance and the 30 week average"
PCM,BREAKEVEN,4.3727,move the stop to entry here
PCM,TARGET 1,3.9958,"measured move, sell part of the position (1.4R)"
PCM,TARGET 2,3.3124,second measured move (2.59R)
LII,SELL STOP,340.2368,"breakout trigger, below the base pivot"
LII,SELL LIMIT,348.8975,"pullback entry, old support acting as resistance"
LII,STOP LOSS,381.0653,"initial stop, above base resistance and the 30 week average"
LII,BREAKEVEN,309.6155,move the stop to entry here
LII,TARGET 1,191.8937,"measured move, sell part of the position (3.63R)"
LII,TARGET 2,66.2905,second measured move (6.71R)
MPA,SELL STOP,9.4499,"breakout trigger, below the base pivot"
MPA,SELL LIMIT,9.52,"pullback entry, old support acting as resistance"
MPA,STOP LOSS,10.5839,"initial stop, above base resistance and the 30 week average"
MPA,BREAKEVEN,8.5994,move the stop to entry here
MPA,TARGET 1,7.3255,"measured move, sell part of the position (1.87R)"
MPA,TARGET 2,5.5698,second measured move (3.42R)
DRS,SELL STOP,34.3641,"breakout trigger, below the base pivot"
DRS,SELL LIMIT,35.12,"pullback entry, old support acting as resistance"
DRS,STOP LOSS,38.4878,"initial stop, above base resistance and the 30 week average"
DRS,BREAKEVEN,31.2713,move the stop to entry here
DRS,TARGET 1,19.7508,"measured move, sell part of the position (3.54R)"
DRS,TARGET 2,7.4554,second measured move (6.53R)
WINA,SELL STOP,272.4134,"breakout trigger, below the base pivot"
WINA,SELL LIMIT,280.05,"pullback entry, old support acting as resistance"
WINA,STOP LOSS,305.103,"initial stop, above base resistance and the 30 week average"
WINA,BREAKEVEN,247.8962,move the stop to entry here
WINA,TARGET 1,154.0275,"measured move, sell part of the position (3.62R)"
WINA,TARGET 2,53.2095,second measured move (6.71R)
BTI,SELL STOP,51.4443,"breakout trigger, below the base pivot"
BTI,SELL LIMIT,52.18,"pullback entry, old support acting as resistance"
BTI,STOP LOSS,57.6176,"initial stop, above base resistance and the 30 week average"
BTI,BREAKEVEN,46.8143,move the stop to entry here
BTI,TARGET 1,39.0252,"measured move, sell part of the position (2.01R)"
BTI,TARGET 2,28.5014,second measured move (3.72R)
LKQ,SELL STOP,20.4575,"breakout trigger, below the base pivot"
LKQ,SELL LIMIT,20.9244,"pullback entry, old support acting as resistance"
LKQ,STOP LOSS,22.9124,"initial stop, above base resistance and the 30 week average"
LKQ,BREAKEVEN,18.6163,move the stop to entry here
LKQ,TARGET 1,11.5084,"measured move, sell part of the position (3.65R)"
LKQ,TARGET 2,3.9756,second measured move (6.71R)
STC,SELL STOP,47.6383,"breakout trigger, below the base pivot"
STC,SELL LIMIT,48.74,"pullback entry, old support acting as resistance"
STC,STOP LOSS,53.3548,"initial stop, above base resistance and the 30 week average"
STC,BREAKEVEN,43.3508,move the stop to entry here
STC,TARGET 1,26.807,"measured move, sell part of the position (3.64R)"
STC,TARGET 2,9.2606,second measured move (6.71R)
VTN,SELL STOP,8.8889,"breakout trigger, below the base pivot"
VTN,SELL LIMIT,8.99,"pullback entry, old support acting as resistance"
VTN,STOP LOSS,9.9556,"initial stop, above base resistance and the 30 week average"
VTN,BREAKEVEN,8.0889,move the stop to entry here
VTN,TARGET 1,6.5801,"measured move, sell part of the position (2.16R)"
VTN,TARGET 2,4.6523,second measured move (3.97R)
WGO,SELL STOP,25.0333,"breakout trigger, below the base pivot"
WGO,SELL LIMIT,25.69,"pullback entry, old support acting as resistance"
WGO,STOP LOSS,28.0372,"initial stop, above base resistance and the 30 week average"
WGO,BREAKEVEN,22.7803,move the stop to entry here
WGO,TARGET 1,14.198,"measured move, sell part of the position (3.61R)"
WGO,TARGET 2,5.0043,second measured move (6.67R)
MZTI,SELL STOP,95.0859,"breakout trigger, below the base pivot"
MZTI,SELL LIMIT,97.0,"pullback entry, old support acting as resistance"
MZTI,STOP LOSS,106.4962,"initial stop, above base resistance and the 30 week average"
MZTI,BREAKEVEN,86.5282,move the stop to entry here
MZTI,TARGET 1,53.35,"measured move, sell part of the position (3.66R)"
MZTI,TARGET 2,18.43,second measured move (6.72R)
BKD,SELL STOP,10.3001,"breakout trigger, below the base pivot"
BKD,SELL LIMIT,10.57,"pullback entry, old support acting as resistance"
BKD,STOP LOSS,11.5361,"initial stop, above base resistance and the 30 week average"
BKD,BREAKEVEN,9.3731,move the stop to entry here
BKD,TARGET 1,5.8135,"measured move, sell part of the position (3.63R)"
BKD,TARGET 2,2.0083,second measured move (6.71R)
TDG,SELL STOP,1055.0162,"breakout trigger, below the base pivot"
TDG,SELL LIMIT,1071.25,"pullback entry, old support acting as resistance"
TDG,STOP LOSS,1181.6182,"initial stop, above base resistance and the 30 week average"
TDG,BREAKEVEN,960.0648,move the stop to entry here
TDG,TARGET 1,780.73,"measured move, sell part of the position (2.17R)"
TDG,TARGET 2,548.314,second measured move (4.0R)
YELP,SELL STOP,16.6865,"breakout trigger, below the base pivot"
YELP,SELL LIMIT,17.27,"pullback entry, old support acting as resistance"
YELP,STOP LOSS,18.6888,"initial stop, above base resistance and the 30 week average"
YELP,BREAKEVEN,15.1847,move the stop to entry here
YELP,TARGET 1,9.4985,"measured move, sell part of the position (3.59R)"
YELP,TARGET 2,3.2813,second measured move (6.69R)
ERII,SELL STOP,6.4079,"breakout trigger, below the base pivot"
ERII,SELL LIMIT,6.6,"pullback entry, old support acting as resistance"
ERII,STOP LOSS,7.1769,"initial stop, above base resistance and the 30 week average"
ERII,BREAKEVEN,5.8312,move the stop to entry here
ERII,TARGET 1,3.63,"measured move, sell part of the position (3.61R)"
ERII,TARGET 2,1.254,second measured move (6.7R)
SO,SELL STOP,80.8392,"breakout trigger, below the base pivot"
SO,SELL LIMIT,81.69,"pullback entry, old support acting as resistance"
SO,STOP LOSS,90.5399,"initial stop, above base resistance and the 30 week average"
SO,BREAKEVEN,73.5636,move the stop to entry here
SO,TARGET 1,50.7538,"measured move, sell part of the position (3.1R)"
SO,TARGET 2,26.0049,second measured move (5.65R)
TLK,SELL STOP,12.1658,"breakout trigger, below the base pivot"
TLK,SELL LIMIT,12.38,"pullback entry, old support acting as resistance"
TLK,STOP LOSS,13.6257,"initial stop, above base resistance and the 30 week average"
TLK,BREAKEVEN,11.0708,move the stop to entry here
TLK,TARGET 1,6.809,"measured move, sell part of the position (3.67R)"
TLK,TARGET 2,2.3522,second measured move (6.72R)
ALB,SELL STOP,98.7678,"breakout trigger, below the base pivot"
ALB,SELL LIMIT,102.37,"pullback entry, old support acting as resistance"
ALB,STOP LOSS,110.62,"initial stop, above base resistance and the 30 week average"
ALB,BREAKEVEN,89.8788,move the stop to entry here
ALB,TARGET 1,56.3035,"measured move, sell part of the position (3.58R)"
ALB,TARGET 2,19.4503,second measured move (6.69R)
STLA,SELL STOP,4.1561,"breakout trigger, below the base pivot"
STLA,SELL LIMIT,4.3,"pullback entry, old support acting as resistance"
STLA,STOP LOSS,4.6549,"initial stop, above base resistance and the 30 week average"
STLA,BREAKEVEN,3.7821,move the stop to entry here
STLA,TARGET 1,2.365,"measured move, sell part of the position (3.59R)"
STLA,TARGET 2,0.817,second measured move (6.7R)
DUK,SELL STOP,111.3129,"breakout trigger, below the base pivot"
DUK,SELL LIMIT,112.4,"pullback entry, old support acting as resistance"
DUK,STOP LOSS,124.6704,"initial stop, above base resistance and the 30 week average"
DUK,BREAKEVEN,101.2948,move the stop to entry here
DUK,TARGET 1,92.6243,"measured move, sell part of the position (1.4R)"
DUK,TARGET 2,76.8038,second measured move (2.58R)
DSM,SELL STOP,5.0339,"breakout trigger, below the base pivot"
DSM,SELL LIMIT,5.07,"pullback entry, old support acting as resistance"
DSM,STOP LOSS,5.6379,"initial stop, above base resistance and the 30 week average"
DSM,BREAKEVEN,4.5808,move the stop to entry here
DSM,TARGET 1,4.0351,"measured move, sell part of the position (1.65R)"
DSM,TARGET 2,3.2071,second measured move (3.02R)
CCLD,SELL STOP,1.9201,"breakout trigger, below the base pivot"
CCLD,SELL LIMIT,1.99,"pullback entry, old support acting as resistance"
CCLD,STOP LOSS,2.1505,"initial stop, above base resistance and the 30 week average"
CCLD,BREAKEVEN,1.7473,move the stop to entry here
CCLD,TARGET 1,1.0945,"measured move, sell part of the position (3.58R)"
CCLD,TARGET 2,0.3781,second measured move (6.69R)
VNDA,SELL STOP,4.3074,"breakout trigger, below the base pivot"
VNDA,SELL LIMIT,4.45,"pullback entry, old support acting as resistance"
VNDA,STOP LOSS,4.8242,"initial stop, above base resistance and the 30 week average"
VNDA,BREAKEVEN,3.9197,move the stop to entry here
VNDA,TARGET 1,2.4475,"measured move, sell part of the position (3.6R)"
VNDA,TARGET 2,0.8455,second measured move (6.7R)
ULS,SELL STOP,61.6701,"breakout trigger, below the base pivot"
ULS,SELL LIMIT,63.17,"pullback entry, old support acting as resistance"
ULS,STOP LOSS,69.0705,"initial stop, above base resistance and the 30 week average"
ULS,BREAKEVEN,56.1198,move the stop to entry here
ULS,TARGET 1,34.7435,"measured move, sell part of the position (3.64R)"
ULS,TARGET 2,12.0023,second measured move (6.71R)
BGS,SELL STOP,2.5987,"breakout trigger, below the base pivot"
BGS,SELL LIMIT,2.68,"pullback entry, old support acting as resistance"
BGS,STOP LOSS,2.9106,"initial stop, above base resistance and the 30 week average"
BGS,BREAKEVEN,2.3649,move the stop to entry here
BGS,TARGET 1,1.474,"measured move, sell part of the position (3.61R)"
BGS,TARGET 2,0.5092,second measured move (6.7R)
PCG,SELL STOP,11.4691,"breakout trigger, below the base pivot"
PCG,SELL LIMIT,11.77,"pullback entry, old support acting as resistance"
PCG,STOP LOSS,12.8454,"initial stop, above base resistance and the 30 week average"
PCG,BREAKEVEN,10.4368,move the stop to entry here
PCG,TARGET 1,6.4735,"measured move, sell part of the position (3.63R)"
PCG,TARGET 2,2.2363,second measured move (6.71R)
ELC,SELL STOP,18.5044,"breakout trigger, below the base pivot"
ELC,SELL LIMIT,18.6,"pullback entry, old support acting as resistance"
ELC,STOP LOSS,20.1322,"initial stop, above base resistance and the 30 week average"
ELC,BREAKEVEN,17.2835,move the stop to entry here
ELC,TARGET 1,17.0654,"measured move, sell part of the position (0.88R)"
ELC,TARGET 2,15.8377,second measured move (1.64R)
TTAM,SELL STOP,12.9465,"breakout trigger, below the base pivot"
TTAM,SELL LIMIT,13.241,"pullback entry, old support acting as resistance"
TTAM,STOP LOSS,14.5,"initial stop, above base resistance and the 30 week average"
TTAM,BREAKEVEN,11.7813,move the stop to entry here
TTAM,TARGET 1,7.2826,"measured move, sell part of the position (3.65R)"
TTAM,TARGET 2,2.5158,second measured move (6.71R)
AEE,SELL STOP,97.156,"breakout trigger, below the base pivot"
AEE,SELL LIMIT,98.18,"pullback entry, old support acting as resistance"
AEE,STOP LOSS,108.8147,"initial stop, above base resistance and the 30 week average"
AEE,BREAKEVEN,88.4119,move the stop to entry here
AEE,TARGET 1,78.8735,"measured move, sell part of the position (1.57R)"
AEE,TARGET 2,63.4283,second measured move (2.89R)
ESAB,SELL STOP,62.5926,"breakout trigger, below the base pivot"
ESAB,SELL LIMIT,64.7141,"pullback entry, old support acting as resistance"
ESAB,STOP LOSS,70.1037,"initial stop, above base resistance and the 30 week average"
ESAB,BREAKEVEN,56.9593,move the stop to entry here
ESAB,TARGET 1,35.5927,"measured move, sell part of the position (3.59R)"
ESAB,TARGET 2,12.2957,second measured move (6.7R)
BOH,SELL STOP,66.232,"breakout trigger, below the base pivot"
BOH,SELL LIMIT,67.2,"pullback entry, old support acting as resistance"
BOH,STOP LOSS,74.1798,"initial stop, above base resistance and the 30 week average"
BOH,BREAKEVEN,60.2711,move the stop to entry here
BOH,TARGET 1,48.8717,"measured move, sell part of the position (2.18R)"
BOH,TARGET 2,34.209,second measured move (4.03R)
LAZ,SELL STOP,34.173,"breakout trigger, below the base pivot"
LAZ,SELL LIMIT,35.16,"pullback entry, old support acting as resistance"
LAZ,STOP LOSS,38.2738,"initial stop, above base resistance and the 30 week average"
LAZ,BREAKEVEN,31.0974,move the stop to entry here
LAZ,TARGET 1,20.1427,"measured move, sell part of the position (3.42R)"
LAZ,TARGET 2,8.1288,second measured move (6.35R)
FE,SELL STOP,42.2074,"breakout trigger, below the base pivot"
FE,SELL LIMIT,42.67,"pullback entry, old support acting as resistance"
FE,STOP LOSS,47.2723,"initial stop, above base resistance and the 30 week average"
FE,BREAKEVEN,38.4088,move the stop to entry here
FE,TARGET 1,33.0474,"measured move, sell part of the position (1.81R)"
FE,TARGET 2,25.3493,second measured move (3.33R)
ASLE,SELL STOP,4.8848,"breakout trigger, below the base pivot"
ASLE,SELL LIMIT,5.0,"pullback entry, old support acting as resistance"
ASLE,STOP LOSS,5.471,"initial stop, above base resistance and the 30 week average"
ASLE,BREAKEVEN,4.4452,move the stop to entry here
ASLE,TARGET 1,2.75,"measured move, sell part of the position (3.64R)"
ASLE,TARGET 2,0.95,second measured move (6.71R)
GIL,SELL STOP,38.8175,"breakout trigger, below the base pivot"
GIL,SELL LIMIT,39.93,"pullback entry, old support acting as resistance"
GIL,STOP LOSS,43.4756,"initial stop, above base resistance and the 30 week average"
GIL,BREAKEVEN,35.3239,move the stop to entry here
GIL,TARGET 1,21.9615,"measured move, sell part of the position (3.62R)"
GIL,TARGET 2,7.5867,second measured move (6.7R)
AQN,SELL STOP,4.8266,"breakout trigger, below the base pivot"
AQN,SELL LIMIT,4.8956,"pullback entry, old support acting as resistance"
AQN,STOP LOSS,5.4058,"initial stop, above base resistance and the 30 week average"
AQN,BREAKEVEN,4.3922,move the stop to entry here
AQN,TARGET 1,3.3772,"measured move, sell part of the position (2.5R)"
AQN,TARGET 2,2.1624,second measured move (4.6R)
PHAR,SELL STOP,9.2952,"breakout trigger, below the base pivot"
PHAR,SELL LIMIT,9.62,"pullback entry, old support acting as resistance"
PHAR,STOP LOSS,10.4106,"initial stop, above base resistance and the 30 week average"
PHAR,BREAKEVEN,8.4586,move the stop to entry here
PHAR,TARGET 1,5.291,"measured move, sell part of the position (3.59R)"
PHAR,TARGET 2,1.8278,second measured move (6.69R)
WEC,SELL STOP,98.7873,"breakout trigger, below the base pivot"
WEC,SELL LIMIT,99.8,"pullback entry, old support acting as resistance"
WEC,STOP LOSS,110.6417,"initial stop, above base resistance and the 30 week average"
WEC,BREAKEVEN,89.8964,move the stop to entry here
WEC,TARGET 1,80.7262,"measured move, sell part of the position (1.52R)"
WEC,TARGET 2,65.4672,second measured move (2.81R)
STWD,SELL STOP,12.7164,"breakout trigger, below the base pivot"
STWD,SELL LIMIT,12.9,"pullback entry, old support acting as resistance"
STWD,STOP LOSS,14.2424,"initial stop, above base resistance and the 30 week average"
STWD,BREAKEVEN,11.5719,move the stop to entry here
STWD,TARGET 1,8.4339,"measured move, sell part of the position (2.81R)"
STWD,TARGET 2,4.8609,second measured move (5.15R)
INCH.L,SELL STOP,722.9732,"breakout trigger, below the base pivot"
INCH.L,SELL LIMIT,735.0,"pullback entry, old support acting as resistance"
INCH.L,STOP LOSS,809.7299,"initial stop, above base resistance and the 30 week average"
INCH.L,BREAKEVEN,657.9056,move the stop to entry here
INCH.L,TARGET 1,573.5752,"measured move, sell part of the position (1.72R)"
INCH.L,TARGET 2,444.4354,second measured move (3.21R)
ELS,SELL STOP,56.8501,"breakout trigger, below the base pivot"
ELS,SELL LIMIT,57.46,"pullback entry, old support acting as resistance"
ELS,STOP LOSS,63.6721,"initial stop, above base resistance and the 30 week average"
ELS,BREAKEVEN,51.7336,move the stop to entry here
ELS,TARGET 1,47.7252,"measured move, sell part of the position (1.34R)"
ELS,TARGET 2,39.9373,second measured move (2.48R)
LBTYA,SELL STOP,8.6091,"breakout trigger, below the base pivot"
LBTYA,SELL LIMIT,8.8,"pullback entry, old support acting as resistance"
LBTYA,STOP LOSS,9.6422,"initial stop, above base resistance and the 30 week average"
LBTYA,BREAKEVEN,7.8343,move the stop to entry here
LBTYA,TARGET 1,4.84,"measured move, sell part of the position (3.65R)"
LBTYA,TARGET 2,1.672,second measured move (6.71R)
IZEA,SELL STOP,2.2992,"breakout trigger, below the base pivot"
IZEA,SELL LIMIT,2.38,"pullback entry, old support acting as resistance"
IZEA,STOP LOSS,2.5751,"initial stop, above base resistance and the 30 week average"
IZEA,BREAKEVEN,2.0922,move the stop to entry here
IZEA,TARGET 1,1.309,"measured move, sell part of the position (3.59R)"
IZEA,TARGET 2,0.4522,second measured move (6.69R)
NLY,SELL STOP,18.1323,"breakout trigger, below the base pivot"
NLY,SELL LIMIT,18.37,"pullback entry, old support acting as resistance"
NLY,STOP LOSS,20.3082,"initial stop, above base resistance and the 30 week average"
NLY,BREAKEVEN,16.5004,move the stop to entry here
NLY,TARGET 1,11.9212,"measured move, sell part of the position (2.85R)"
NLY,TARGET 2,6.7621,second measured move (5.23R)
AGNC,SELL STOP,8.6522,"breakout trigger, below the base pivot"
AGNC,SELL LIMIT,8.77,"pullback entry, old support acting as resistance"
AGNC,STOP LOSS,9.6904,"initial stop, above base resistance and the 30 week average"
AGNC,BREAKEVEN,7.8734,move the stop to entry here
AGNC,TARGET 1,5.603,"measured move, sell part of the position (2.94R)"
AGNC,TARGET 2,3.0694,second measured move (5.38R)
TRY.L,SELL STOP,266.7038,"breakout trigger, below the base pivot"
TRY.L,SELL LIMIT,270.5,"pullback entry, old support acting as resistance"
TRY.L,STOP LOSS,298.7083,"initial stop, above base resistance and the 30 week average"
TRY.L,BREAKEVEN,242.7005,move the stop to entry here
TRY.L,TARGET 1,203.1105,"measured move, sell part of the position (1.99R)"
TRY.L,TARGET 2,149.1989,second measured move (3.67R)
BN,SELL STOP,35.1548,"breakout trigger, below the base pivot"
BN,SELL LIMIT,35.69,"pullback entry, old support acting as resistance"
BN,STOP LOSS,39.3733,"initial stop, above base resistance and the 30 week average"
BN,BREAKEVEN,31.9908,move the stop to entry here
BN,TARGET 1,22.9441,"measured move, sell part of the position (2.89R)"
BN,TARGET 2,12.7474,second measured move (5.31R)
FT,SELL STOP,6.9079,"breakout trigger, below the base pivot"
FT,SELL LIMIT,6.95,"pullback entry, old support acting as resistance"
FT,STOP LOSS,7.7369,"initial stop, above base resistance and the 30 week average"
FT,BREAKEVEN,6.2862,move the stop to entry here
FT,TARGET 1,5.7866,"measured move, sell part of the position (1.35R)"
FT,TARGET 2,4.8558,second measured move (2.48R)
NWN,SELL STOP,45.221,"breakout trigger, below the base pivot"
NWN,SELL LIMIT,45.75,"pullback entry, old support acting as resistance"
NWN,STOP LOSS,50.6475,"initial stop, above base resistance and the 30 week average"
NWN,BREAKEVEN,41.1511,move the stop to entry here
NWN,TARGET 1,36.5762,"measured move, sell part of the position (1.59R)"
NWN,TARGET 2,29.2372,second measured move (2.95R)
DMB,SELL STOP,9.2785,"breakout trigger, below the base pivot"
DMB,SELL LIMIT,9.35,"pullback entry, old support acting as resistance"
DMB,STOP LOSS,10.3919,"initial stop, above base resistance and the 30 week average"
DMB,BREAKEVEN,8.4435,move the stop to entry here
DMB,TARGET 1,7.0071,"measured move, sell part of the position (2.04R)"
DMB,TARGET 2,5.1328,second measured move (3.72R)
LEN-B,SELL STOP,72.4442,"breakout trigger, below the base pivot"
LEN-B,SELL LIMIT,73.9564,"pullback entry, old support acting as resistance"
LEN-B,STOP LOSS,81.1375,"initial stop, above base resistance and the 30 week average"
LEN-B,BREAKEVEN,65.9242,move the stop to entry here
LEN-B,TARGET 1,53.9823,"measured move, sell part of the position (2.12R)"
LEN-B,TARGET 2,38.0031,second measured move (3.96R)
VEL,SELL STOP,13.8951,"breakout trigger, below the base pivot"
VEL,SELL LIMIT,14.18,"pullback entry, old support acting as resistance"
VEL,STOP LOSS,15.5625,"initial stop, above base resistance and the 30 week average"
VEL,BREAKEVEN,12.6445,move the stop to entry here
VEL,TARGET 1,8.26,"measured move, sell part of the position (3.38R)"
VEL,TARGET 2,3.524,second measured move (6.22R)
XPER,SELL STOP,5.2425,"breakout trigger, below the base pivot"
XPER,SELL LIMIT,5.37,"pullback entry, old support acting as resistance"
XPER,STOP LOSS,5.8716,"initial stop, above base resistance and the 30 week average"
XPER,BREAKEVEN,4.7707,move the stop to entry here
XPER,TARGET 1,2.9535,"measured move, sell part of the position (3.64R)"
XPER,TARGET 2,1.0203,second measured move (6.71R)
CMCSA,SELL STOP,20.529,"breakout trigger, below the base pivot"
CMCSA,SELL LIMIT,20.9543,"pullback entry, old support acting as resistance"
CMCSA,STOP LOSS,22.9924,"initial stop, above base resistance and the 30 week average"
CMCSA,BREAKEVEN,18.6813,move the stop to entry here
CMCSA,TARGET 1,11.5249,"measured move, sell part of the position (3.66R)"
CMCSA,TARGET 2,3.9813,second measured move (6.72R)
CNM,SELL STOP,39.2398,"breakout trigger, below the base pivot"
CNM,SELL LIMIT,40.03,"pullback entry, old support acting as resistance"
CNM,STOP LOSS,43.9486,"initial stop, above base resistance and the 30 week average"
CNM,BREAKEVEN,35.7082,move the stop to entry here
CNM,TARGET 1,25.25,"measured move, sell part of the position (2.97R)"
CNM,TARGET 2,13.426,second measured move (5.48R)
PLUS.L,SELL STOP,2854.592,"breakout trigger, below the base pivot"
PLUS.L,SELL LIMIT,2940.0,"pullback entry, old support acting as resistance"
PLUS.L,STOP LOSS,3197.143,"initial stop, above base resistance and the 30 week average"
PLUS.L,BREAKEVEN,2597.6787,move the stop to entry here
PLUS.L,TARGET 1,1617.0,"measured move, sell part of the position (3.61R)"
PLUS.L,TARGET 2,558.6,second measured move (6.7R)
IBP,SELL STOP,181.0718,"breakout trigger, below the base pivot"
IBP,SELL LIMIT,186.64,"pullback entry, old support acting as resistance"
IBP,STOP LOSS,202.8004,"initial stop, above base resistance and the 30 week average"
IBP,BREAKEVEN,164.7754,move the stop to entry here
IBP,TARGET 1,102.652,"measured move, sell part of the position (3.61R)"
IBP,TARGET 2,35.4616,second measured move (6.7R)
ACP,SELL STOP,4.3402,"breakout trigger, below the base pivot"
ACP,SELL LIMIT,4.38,"pullback entry, old support acting as resistance"
ACP,STOP LOSS,4.861,"initial stop, above base resistance and the 30 week average"
ACP,BREAKEVEN,3.9496,move the stop to entry here
ACP,TARGET 1,2.7467,"measured move, sell part of the position (3.06R)"
ACP,TARGET 2,1.4401,second measured move (5.57R)
NCDL,SELL STOP,10.7951,"breakout trigger, below the base pivot"
NCDL,SELL LIMIT,10.96,"pullback entry, old support acting as resistance"
NCDL,STOP LOSS,12.0905,"initial stop, above base resistance and the 30 week average"
NCDL,BREAKEVEN,9.8235,move the stop to entry here
NCDL,TARGET 1,7.8322,"measured move, sell part of the position (2.29R)"
NCDL,TARGET 2,5.33,second measured move (4.22R)
SBI,SELL STOP,6.8364,"breakout trigger, below the base pivot"
SBI,SELL LIMIT,6.88,"pullback entry, old support acting as resistance"
SBI,STOP LOSS,7.6567,"initial stop, above base resistance and the 30 week average"
SBI,BREAKEVEN,6.2211,move the stop to entry here
SBI,TARGET 1,5.9621,"measured move, sell part of the position (1.07R)"
SBI,TARGET 2,5.2278,second measured move (1.96R)
LVS,SELL STOP,35.4637,"breakout trigger, below the base pivot"
LVS,SELL LIMIT,36.21,"pullback entry, old support acting as resistance"
LVS,STOP LOSS,39.7193,"initial stop, above base resistance and the 30 week average"
LVS,BREAKEVEN,32.272,move the stop to entry here
LVS,TARGET 1,19.9155,"measured move, sell part of the position (3.65R)"
LVS,TARGET 2,6.8799,second measured move (6.72R)
FLG,SELL STOP,11.1684,"breakout trigger, below the base pivot"
FLG,SELL LIMIT,11.36,"pullback entry, old support acting as resistance"
FLG,STOP LOSS,12.5086,"initial stop, above base resistance and the 30 week average"
FLG,BREAKEVEN,10.1632,move the stop to entry here
FLG,TARGET 1,7.2915,"measured move, sell part of the position (2.89R)"
FLG,TARGET 2,4.0366,second measured move (5.32R)
OLN,SELL STOP,14.4433,"breakout trigger, below the base pivot"
OLN,SELL LIMIT,14.95,"pullback entry, old support acting as resistance"
OLN,STOP LOSS,16.1765,"initial stop, above base resistance and the 30 week average"
OLN,BREAKEVEN,13.1434,move the stop to entry here
OLN,TARGET 1,8.2225,"measured move, sell part of the position (3.59R)"
OLN,TARGET 2,2.8405,second measured move (6.69R)
OCFC,SELL STOP,15.9142,"breakout trigger, below the base pivot"
OCFC,SELL LIMIT,16.16,"pullback entry, old support acting as resistance"
OCFC,STOP LOSS,17.8239,"initial stop, above base resistance and the 30 week average"
OCFC,BREAKEVEN,14.4819,move the stop to entry here
OCFC,TARGET 1,9.7621,"measured move, sell part of the position (3.22R)"
OCFC,TARGET 2,4.6437,second measured move (5.9R)
PIPR,SELL STOP,61.5854,"breakout trigger, below the base pivot"
PIPR,SELL LIMIT,62.96,"pullback entry, old support acting as resistance"
PIPR,STOP LOSS,68.9757,"initial stop, above base resistance and the 30 week average"
PIPR,BREAKEVEN,56.0427,move the stop to entry here
PIPR,TARGET 1,34.628,"measured move, sell part of the position (3.65R)"
PIPR,TARGET 2,11.9624,second measured move (6.71R)
SN.L,SELL STOP,965.6368,"breakout trigger, below the base pivot"
SN.L,SELL LIMIT,980.4,"pullback entry, old support acting as resistance"
SN.L,STOP LOSS,1081.5132,"initial stop, above base resistance and the 30 week average"
SN.L,BREAKEVEN,878.7295,move the stop to entry here
SN.L,TARGET 1,680.498,"measured move, sell part of the position (2.46R)"
SN.L,TARGET 2,440.5764,second measured move (4.53R)
WDFC,SELL STOP,184.119,"breakout trigger, below the base pivot"
WDFC,SELL LIMIT,187.78,"pullback entry, old support acting as resistance"
WDFC,STOP LOSS,206.2133,"initial stop, above base resistance and the 30 week average"
WDFC,BREAKEVEN,167.5483,move the stop to entry here
WDFC,TARGET 1,103.279,"measured move, sell part of the position (3.66R)"
WDFC,TARGET 2,35.6782,second measured move (6.72R)
CCAP,SELL STOP,8.7917,"breakout trigger, below the base pivot"
CCAP,SELL LIMIT,8.935,"pullback entry, old support acting as resistance"
CCAP,STOP LOSS,9.8467,"initial stop, above base resistance and the 30 week average"
CCAP,BREAKEVEN,8.0004,move the stop to entry here
CCAP,TARGET 1,4.9143,"measured move, sell part of the position (3.68R)"
CCAP,TARGET 2,1.6977,second measured move (6.72R)
BEPC,SELL STOP,26.9905,"breakout trigger, below the base pivot"
BEPC,SELL LIMIT,27.57,"pullback entry, old support acting as resistance"
BEPC,STOP LOSS,30.2294,"initial stop, above base resistance and the 30 week average"
BEPC,BREAKEVEN,24.5614,move the stop to entry here
BEPC,TARGET 1,15.1635,"measured move, sell part of the position (3.65R)"
BEPC,TARGET 2,5.2383,second measured move (6.72R)
GBX,SELL STOP,38.2936,"breakout trigger, below the base pivot"
GBX,SELL LIMIT,39.06,"pullback entry, old support acting as resistance"
GBX,STOP LOSS,42.8889,"initial stop, above base resistance and the 30 week average"
GBX,BREAKEVEN,34.8472,move the stop to entry here
GBX,TARGET 1,23.6412,"measured move, sell part of the position (3.19R)"
GBX,TARGET 2,11.3061,second measured move (5.87R)
TAP,SELL STOP,34.8604,"breakout trigger, below the base pivot"
TAP,SELL LIMIT,35.52,"pullback entry, old support acting as resistance"
TAP,STOP LOSS,39.0436,"initial stop, above base resistance and the 30 week average"
TAP,BREAKEVEN,31.723,move the stop to entry here
TAP,TARGET 1,25.7368,"measured move, sell part of the position (2.18R)"
TAP,TARGET 2,17.9102,second measured move (4.05R)
UA,SELL STOP,4.0103,"breakout trigger, below the base pivot"
UA,SELL LIMIT,4.1601,"pullback entry, old support acting as resistance"
UA,STOP LOSS,4.4916,"initial stop, above base resistance and the 30 week average"
UA,BREAKEVEN,3.6494,move the stop to entry here
UA,TARGET 1,2.2881,"measured move, sell part of the position (3.58R)"
UA,TARGET 2,0.7904,second measured move (6.69R)
OFLX,SELL STOP,23.9977,"breakout trigger, below the base pivot"
OFLX,SELL LIMIT,24.5297,"pullback entry, old support acting as resistance"
OFLX,STOP LOSS,26.8774,"initial stop, above base resistance and the 30 week average"
OFLX,BREAKEVEN,21.8379,move the stop to entry here
OFLX,TARGET 1,15.1936,"measured move, sell part of the position (3.06R)"
OFLX,TARGET 2,7.7248,second measured move (5.65R)
LNT,SELL STOP,61.8633,"breakout trigger, below the base pivot"
LNT,SELL LIMIT,62.54,"pullback entry, old support acting as resistance"
LNT,STOP LOSS,69.2869,"initial stop, above base resistance and the 30 week average"
LNT,BREAKEVEN,56.2956,move the stop to entry here
LNT,TARGET 1,46.8648,"measured move, sell part of the position (2.02R)"
LNT,TARGET 2,34.3246,second measured move (3.71R)
KBH,SELL STOP,42.8383,"breakout trigger, below the base pivot"
KBH,SELL LIMIT,43.8433,"pullback entry, old support acting as resistance"
KBH,STOP LOSS,47.9789,"initial stop, above base resistance and the 30 week average"
KBH,BREAKEVEN,38.9829,move the stop to entry here
KBH,TARGET 1,24.3264,"measured move, sell part of the position (3.6R)"
KBH,TARGET 2,8.7129,second measured move (6.64R)
MSB,SELL STOP,17.866,"breakout trigger, below the base pivot"
MSB,SELL LIMIT,18.5,"pullback entry, old support acting as resistance"
MSB,STOP LOSS,20.0099,"initial stop, above base resistance and the 30 week average"
MSB,BREAKEVEN,16.2581,move the stop to entry here
MSB,TARGET 1,10.175,"measured move, sell part of the position (3.59R)"
MSB,TARGET 2,3.515,second measured move (6.69R)
SSBI,SELL STOP,11.8521,"breakout trigger, below the base pivot"
SSBI,SELL LIMIT,12.0,"pullback entry, old support acting as resistance"
SSBI,STOP LOSS,13.2743,"initial stop, above base resistance and the 30 week average"
SSBI,BREAKEVEN,10.7854,move the stop to entry here
SSBI,TARGET 1,10.0,"measured move, sell part of the position (1.3R)"
SSBI,TARGET 2,8.4,second measured move (2.43R)
ES,SELL STOP,61.9795,"breakout trigger, below the base pivot"
ES,SELL LIMIT,62.72,"pullback entry, old support acting as resistance"
ES,STOP LOSS,69.417,"initial stop, above base resistance and the 30 week average"
ES,BREAKEVEN,56.4013,move the stop to entry here
ES,TARGET 1,48.2657,"measured move, sell part of the position (1.84R)"
ES,TARGET 2,36.7023,second measured move (3.4R)
CRUS,SELL STOP,103.5974,"breakout trigger, below the base pivot"
CRUS,SELL LIMIT,106.26,"pullback entry, old support acting as resistance"
CRUS,STOP LOSS,116.029,"initial stop, above base resistance and the 30 week average"
CRUS,BREAKEVEN,94.2736,move the stop to entry here
CRUS,TARGET 1,58.443,"measured move, sell part of the position (3.63R)"
CRUS,TARGET 2,20.1894,second measured move (6.71R)
ITV.L,SELL STOP,65.5449,"breakout trigger, below the base pivot"
ITV.L,SELL LIMIT,66.5,"pullback entry, old support acting as resistance"
ITV.L,STOP LOSS,73.4102,"initial stop, above base resistance and the 30 week average"
ITV.L,BREAKEVEN,59.6458,move the stop to entry here
ITV.L,TARGET 1,45.6862,"measured move, sell part of the position (2.52R)"
ITV.L,TARGET 2,29.0352,second measured move (4.64R)
JBI,SELL STOP,3.8894,"breakout trigger, below the base pivot"
JBI,SELL LIMIT,4.01,"pullback entry, old support acting as resistance"
JBI,STOP LOSS,4.3561,"initial stop, above base resistance and the 30 week average"
JBI,BREAKEVEN,3.5393,move the stop to entry here
JBI,TARGET 1,2.2055,"measured move, sell part of the position (3.61R)"
JBI,TARGET 2,0.7619,second measured move (6.7R)
NPB,SELL STOP,13.9269,"breakout trigger, below the base pivot"
NPB,SELL LIMIT,14.205,"pullback entry, old support acting as resistance"
NPB,STOP LOSS,15.5981,"initial stop, above base resistance and the 30 week average"
NPB,BREAKEVEN,12.6735,move the stop to entry here
NPB,TARGET 1,7.8127,"measured move, sell part of the position (3.66R)"
NPB,TARGET 2,2.6989,second measured move (6.72R)
MDWD,SELL STOP,12.2524,"breakout trigger, below the base pivot"
MDWD,SELL LIMIT,12.52,"pullback entry, old support acting as resistance"
MDWD,STOP LOSS,13.7227,"initial stop, above base resistance and the 30 week average"
MDWD,BREAKEVEN,11.1497,move the stop to entry here
MDWD,TARGET 1,6.91,"measured move, sell part of the position (3.63R)"
MDWD,TARGET 2,2.422,second measured move (6.69R)
PUK,SELL STOP,23.8789,"breakout trigger, below the base pivot"
PUK,SELL LIMIT,24.25,"pullback entry, old support acting as resistance"
PUK,STOP LOSS,26.7444,"initial stop, above base resistance and the 30 week average"
PUK,BREAKEVEN,21.7298,move the stop to entry here
PUK,TARGET 1,16.2161,"measured move, sell part of the position (2.67R)"
PUK,TARGET 2,9.789,second measured move (4.92R)
CW,SELL STOP,513.678,"breakout trigger, below the base pivot"
CW,SELL LIMIT,526.01,"pullback entry, old support acting as resistance"
CW,STOP LOSS,575.3194,"initial stop, above base resistance and the 30 week average"
CW,BREAKEVEN,467.447,move the stop to entry here
CW,TARGET 1,289.3055,"measured move, sell part of the position (3.64R)"
CW,TARGET 2,99.9419,second measured move (6.71R)
WYNN,SELL STOP,73.9938,"breakout trigger, below the base pivot"
WYNN,SELL LIMIT,75.75,"pullback entry, old support acting as resistance"
WYNN,STOP LOSS,82.873,"initial stop, above base resistance and the 30 week average"
WYNN,BREAKEVEN,67.3343,move the stop to entry here
WYNN,TARGET 1,41.6625,"measured move, sell part of the position (3.64R)"
WYNN,TARGET 2,14.3925,second measured move (6.71R)
APTV,SELL STOP,41.4242,"breakout trigger, below the base pivot"
APTV,SELL LIMIT,42.56,"pullback entry, old support acting as resistance"
APTV,STOP LOSS,46.3951,"initial stop, above base resistance and the 30 week average"
APTV,BREAKEVEN,37.696,move the stop to entry here
APTV,TARGET 1,23.408,"measured move, sell part of the position (3.62R)"
APTV,TARGET 2,8.0864,second measured move (6.71R)
ABG,SELL STOP,164.9149,"breakout trigger, below the base pivot"
ABG,SELL LIMIT,169.02,"pullback entry, old support acting as resistance"
ABG,STOP LOSS,184.7047,"initial stop, above base resistance and the 30 week average"
ABG,BREAKEVEN,150.0725,move the stop to entry here
ABG,TARGET 1,92.961,"measured move, sell part of the position (3.64R)"
ABG,TARGET 2,32.1138,second measured move (6.71R)
CNX,SELL STOP,30.2199,"breakout trigger, below the base pivot"
CNX,SELL LIMIT,30.78,"pullback entry, old support acting as resistance"
CNX,STOP LOSS,33.8463,"initial stop, above base resistance and the 30 week average"
CNX,BREAKEVEN,27.5001,move the stop to entry here
CNX,TARGET 1,18.56,"measured move, sell part of the position (3.22R)"
CNX,TARGET 2,8.784,second measured move (5.91R)
CLI.L,SELL STOP,42.1917,"breakout trigger, below the base pivot"
CLI.L,SELL LIMIT,43.05,"pullback entry, old support acting as resistance"
CLI.L,STOP LOSS,47.2547,"initial stop, above base resistance and the 30 week average"
CLI.L,BREAKEVEN,38.3944,move the stop to entry here
CLI.L,TARGET 1,24.5333,"measured move, sell part of the position (3.49R)"
CLI.L,TARGET 2,9.72,second measured move (6.41R)
LGCY,SELL STOP,8.2639,"breakout trigger, below the base pivot"
LGCY,SELL LIMIT,8.53,"pullback entry, old support acting as resistance"
LGCY,STOP LOSS,9.2556,"initial stop, above base resistance and the 30 week average"
LGCY,BREAKEVEN,7.5201,move the stop to entry here
LGCY,TARGET 1,4.6915,"measured move, sell part of the position (3.6R)"
LGCY,TARGET 2,1.6207,second measured move (6.7R)
AEP,SELL STOP,115.4086,"breakout trigger, below the base pivot"
AEP,SELL LIMIT,116.71,"pullback entry, old support acting as resistance"
AEP,STOP LOSS,129.2577,"initial stop, above base resistance and the 30 week average"
AEP,BREAKEVEN,105.0219,move the stop to entry here
AEP,TARGET 1,93.9022,"measured move, sell part of the position (1.55R)"
AEP,TARGET 2,75.656,second measured move (2.87R)
CNA.L,SELL STOP,141.6873,"breakout trigger, below the base pivot"
CNA.L,SELL LIMIT,144.0,"pullback entry, old support acting as resistance"
CNA.L,STOP LOSS,158.6898,"initial stop, above base resistance and the 30 week average"
CNA.L,BREAKEVEN,128.9354,move the stop to entry here
CNA.L,TARGET 1,79.2,"measured move, sell part of the position (3.68R)"
CNA.L,TARGET 2,27.36,second measured move (6.72R)
THG.L,SELL STOP,24.7133,"breakout trigger, below the base pivot"
THG.L,SELL LIMIT,25.52,"pullback entry, old support acting as resistance"
THG.L,STOP LOSS,27.6789,"initial stop, above base resistance and the 30 week average"
THG.L,BREAKEVEN,22.4891,move the stop to entry here
THG.L,TARGET 1,14.036,"measured move, sell part of the position (3.6R)"
THG.L,TARGET 2,4.8488,second measured move (6.7R)
PATK,SELL STOP,64.5488,"breakout trigger, below the base pivot"
PATK,SELL LIMIT,66.24,"pullback entry, old support acting as resistance"
PATK,STOP LOSS,72.2946,"initial stop, above base resistance and the 30 week average"
PATK,BREAKEVEN,58.7394,move the stop to entry here
PATK,TARGET 1,36.432,"measured move, sell part of the position (3.63R)"
PATK,TARGET 2,12.5856,second measured move (6.71R)
SAFE.L,SELL STOP,490.4169,"breakout trigger, below the base pivot"
SAFE.L,SELL LIMIT,500.5,"pullback entry, old support acting as resistance"
SAFE.L,STOP LOSS,549.2669,"initial stop, above base resistance and the 30 week average"
SAFE.L,BREAKEVEN,446.2794,move the stop to entry here
SAFE.L,TARGET 1,275.275,"measured move, sell part of the position (3.66R)"
SAFE.L,TARGET 2,95.095,second measured move (6.72R)
REZI,SELL STOP,16.9621,"breakout trigger, below the base pivot"
REZI,SELL LIMIT,17.51,"pullback entry, old support acting as resistance"
REZI,STOP LOSS,18.9976,"initial stop, above base resistance and the 30 week average"
REZI,BREAKEVEN,15.4355,move the stop to entry here
REZI,TARGET 1,9.6305,"measured move, sell part of the position (3.6R)"
REZI,TARGET 2,3.3269,second measured move (6.7R)
FER,SELL STOP,51.4905,"breakout trigger, below the base pivot"
FER,SELL LIMIT,52.24,"pullback entry, old support acting as resistance"
FER,STOP LOSS,57.6694,"initial stop, above base resistance and the 30 week average"
FER,BREAKEVEN,46.8564,move the stop to entry here
FER,TARGET 1,32.7131,"measured move, sell part of the position (3.04R)"
FER,TARGET 2,17.0917,second measured move (5.57R)
EXP,SELL STOP,163.8696,"breakout trigger, below the base pivot"
EXP,SELL LIMIT,167.32,"pullback entry, old support acting as resistance"
EXP,STOP LOSS,183.5339,"initial stop, above base resistance and the 30 week average"
EXP,BREAKEVEN,149.1213,move the stop to entry here
EXP,TARGET 1,92.026,"measured move, sell part of the position (3.65R)"
EXP,TARGET 2,31.7908,second measured move (6.72R)
CTRI,SELL STOP,18.4131,"breakout trigger, below the base pivot"
CTRI,SELL LIMIT,19.03,"pullback entry, old support acting as resistance"
CTRI,STOP LOSS,20.6227,"initial stop, above base resistance and the 30 week average"
CTRI,BREAKEVEN,16.7559,move the stop to entry here
CTRI,TARGET 1,10.4665,"measured move, sell part of the position (3.6R)"
CTRI,TARGET 2,3.6157,second measured move (6.7R)
FISV,SELL STOP,42.7996,"breakout trigger, below the base pivot"
FISV,SELL LIMIT,43.87,"pullback entry, old support acting as resistance"
FISV,STOP LOSS,47.9356,"initial stop, above base resistance and the 30 week average"
FISV,BREAKEVEN,38.9476,move the stop to entry here
FISV,TARGET 1,24.1285,"measured move, sell part of the position (3.64R)"
FISV,TARGET 2,8.3353,second measured move (6.71R)
YUM,SELL STOP,132.103,"breakout trigger, below the base pivot"
YUM,SELL LIMIT,134.26,"pullback entry, old support acting as resistance"
YUM,STOP LOSS,147.9553,"initial stop, above base resistance and the 30 week average"
YUM,BREAKEVEN,120.2137,move the stop to entry here
YUM,TARGET 1,99.2335,"measured move, sell part of the position (2.07R)"
YUM,TARGET 2,71.2123,second measured move (3.84R)
LCII,SELL STOP,79.7766,"breakout trigger, below the base pivot"
LCII,SELL LIMIT,81.67,"pullback entry, old support acting as resistance"
LCII,STOP LOSS,89.3497,"initial stop, above base resistance and the 30 week average"
LCII,BREAKEVEN,72.5967,move the stop to entry here
LCII,TARGET 1,44.9185,"measured move, sell part of the position (3.64R)"
LCII,TARGET 2,15.5173,second measured move (6.71R)
NAGE,SELL STOP,2.5208,"breakout trigger, below the base pivot"
NAGE,SELL LIMIT,2.61,"pullback entry, old support acting as resistance"
NAGE,STOP LOSS,2.8232,"initial stop, above base resistance and the 30 week average"
NAGE,BREAKEVEN,2.2939,move the stop to entry here
NAGE,TARGET 1,1.4355,"measured move, sell part of the position (3.59R)"
NAGE,TARGET 2,0.4959,second measured move (6.69R)
WSO,SELL STOP,289.4474,"breakout trigger, below the base pivot"
WSO,SELL LIMIT,295.75,"pullback entry, old support acting as resistance"
WSO,STOP LOSS,324.1811,"initial stop, above base resistance and the 30 week average"
WSO,BREAKEVEN,263.3972,move the stop to entry here
WSO,TARGET 1,162.6625,"measured move, sell part of the position (3.65R)"
WSO,TARGET 2,56.1925,second measured move (6.72R)
UTG.L,SELL STOP,434.2303,"breakout trigger, below the base pivot"
UTG.L,SELL LIMIT,441.8552,"pullback entry, old support acting as resistance"
UTG.L,STOP LOSS,486.3379,"initial stop, above base resistance and the 30 week average"
UTG.L,BREAKEVEN,395.1496,move the stop to entry here
UTG.L,TARGET 1,319.3197,"measured move, sell part of the position (2.21R)"
UTG.L,TARGET 2,221.2912,second measured move (4.09R)
NRG,SELL STOP,90.0896,"breakout trigger, below the base pivot"
NRG,SELL LIMIT,93.36,"pullback entry, old support acting as resistance"
NRG,STOP LOSS,100.9003,"initial stop, above base resistance and the 30 week average"
NRG,BREAKEVEN,81.9815,move the stop to entry here
NRG,TARGET 1,51.348,"measured move, sell part of the position (3.58R)"
NRG,TARGET 2,17.7384,second measured move (6.69R)
EWG.L,SELL STOP,88.3127,"breakout trigger, below the base pivot"
EWG.L,SELL LIMIT,90.7,"pullback entry, old support acting as resistance"
EWG.L,STOP LOSS,98.9103,"initial stop, above base resistance and the 30 week average"
EWG.L,BREAKEVEN,80.3646,move the stop to entry here
EWG.L,TARGET 1,49.885,"measured move, sell part of the position (3.63R)"
EWG.L,TARGET 2,17.233,second measured move (6.71R)
PNN.L,SELL STOP,426.6285,"breakout trigger, below the base pivot"
PNN.L,SELL LIMIT,435.6,"pullback entry, old support acting as resistance"
PNN.L,STOP LOSS,477.8239,"initial stop, above base resistance and the 30 week average"
PNN.L,BREAKEVEN,388.2319,move the stop to entry here
PNN.L,TARGET 1,301.4304,"measured move, sell part of the position (2.45R)"
PNN.L,TARGET 2,194.0947,second measured move (4.54R)
MMU,SELL STOP,8.644,"breakout trigger, below the base pivot"
MMU,SELL LIMIT,8.71,"pullback entry, old support acting as resistance"
MMU,STOP LOSS,9.6813,"initial stop, above base resistance and the 30 week average"
MMU,BREAKEVEN,7.866,move the stop to entry here
MMU,TARGET 1,6.9863,"measured move, sell part of the position (1.6R)"
MMU,TARGET 2,5.6073,second measured move (2.93R)
BKV,SELL STOP,20.4274,"breakout trigger, below the base pivot"
BKV,SELL LIMIT,21.02,"pullback entry, old support acting as resistance"
BKV,STOP LOSS,22.8787,"initial stop, above base resistance and the 30 week average"
BKV,BREAKEVEN,18.589,move the stop to entry here
BKV,TARGET 1,11.561,"measured move, sell part of the position (3.62R)"
BKV,TARGET 2,3.9938,second measured move (6.7R)
XEL,SELL STOP,67.899,"breakout trigger, below the base pivot"
XEL,SELL LIMIT,68.72,"pullback entry, old support acting as resistance"
XEL,STOP LOSS,76.0469,"initial stop, above base resistance and the 30 week average"
XEL,BREAKEVEN,61.7881,move the stop to entry here
XEL,TARGET 1,53.8188,"measured move, sell part of the position (1.73R)"
XEL,TARGET 2,41.8978,second measured move (3.19R)
DOLE,SELL STOP,12.423,"breakout trigger, below the base pivot"
DOLE,SELL LIMIT,12.59,"pullback entry, old support acting as resistance"
DOLE,STOP LOSS,13.9138,"initial stop, above base resistance and the 30 week average"
DOLE,BREAKEVEN,11.3049,move the stop to entry here
DOLE,TARGET 1,9.6433,"measured move, sell part of the position (1.86R)"
DOLE,TARGET 2,7.286,second measured move (3.45R)
HIG,SELL STOP,118.9719,"breakout trigger, below the base pivot"
HIG,SELL LIMIT,120.42,"pullback entry, old support acting as resistance"
HIG,STOP LOSS,133.2485,"initial stop, above base resistance and the 30 week average"
HIG,BREAKEVEN,108.2644,move the stop to entry here
HIG,TARGET 1,89.6359,"measured move, sell part of the position (2.05R)"
HIG,TARGET 2,65.0087,second measured move (3.78R)
KRMD,SELL STOP,2.7662,"breakout trigger, below the base pivot"
KRMD,SELL LIMIT,2.86,"pullback entry, old support acting as resistance"
KRMD,STOP LOSS,3.0982,"initial stop, above base resistance and the 30 week average"
KRMD,BREAKEVEN,2.5173,move the stop to entry here
KRMD,TARGET 1,1.573,"measured move, sell part of the position (3.59R)"
KRMD,TARGET 2,0.5434,second measured move (6.7R)
RRX,SELL STOP,141.266,"breakout trigger, below the base pivot"
RRX,SELL LIMIT,145.6522,"pullback entry, old support acting as resistance"
RRX,STOP LOSS,158.2179,"initial stop, above base resistance and the 30 week average"
RRX,BREAKEVEN,128.5521,move the stop to entry here
RRX,TARGET 1,80.1087,"measured move, sell part of the position (3.61R)"
RRX,TARGET 2,27.6739,second measured move (6.7R)
GAW.L,SELL STOP,16065.4338,"breakout trigger, below the base pivot"
GAW.L,SELL LIMIT,16438.089,"pullback entry, old support acting as resistance"
GAW.L,STOP LOSS,17993.2859,"initial stop, above base resistance and the 30 week average"
GAW.L,BREAKEVEN,14619.5447,move the stop to entry here
GAW.L,TARGET 1,9338.9126,"measured move, sell part of the position (3.49R)"
GAW.L,TARGET 2,3659.5716,second measured move (6.44R)
CNP,SELL STOP,35.9384,"breakout trigger, below the base pivot"
CNP,SELL LIMIT,36.37,"pullback entry, old support acting as resistance"
CNP,STOP LOSS,40.251,"initial stop, above base resistance and the 30 week average"
CNP,BREAKEVEN,32.7039,move the stop to entry here
CNP,TARGET 1,27.7489,"measured move, sell part of the position (1.9R)"
CNP,TARGET 2,20.852,second measured move (3.5R)
ATS,SELL STOP,17.2425,"breakout trigger, below the base pivot"
ATS,SELL LIMIT,17.77,"pullback entry, old support acting as resistance"
ATS,STOP LOSS,19.3116,"initial stop, above base resistance and the 30 week average"
ATS,BREAKEVEN,15.6907,move the stop to entry here
ATS,TARGET 1,9.7735,"measured move, sell part of the position (3.61R)"
ATS,TARGET 2,3.3763,second measured move (6.7R)
ATO,SELL STOP,153.2892,"breakout trigger, below the base pivot"
ATO,SELL LIMIT,154.72,"pullback entry, old support acting as resistance"
ATO,STOP LOSS,171.6839,"initial stop, above base resistance and the 30 week average"
ATO,BREAKEVEN,139.4932,move the stop to entry here
ATO,TARGET 1,119.16,"measured move, sell part of the position (1.86R)"
ATO,TARGET 2,90.712,second measured move (3.4R)
UFPI,SELL STOP,73.7693,"breakout trigger, below the base pivot"
UFPI,SELL LIMIT,75.2,"pullback entry, old support acting as resistance"
UFPI,STOP LOSS,82.6216,"initial stop, above base resistance and the 30 week average"
UFPI,BREAKEVEN,67.1301,move the stop to entry here
UFPI,TARGET 1,52.8645,"measured move, sell part of the position (2.36R)"
UFPI,TARGET 2,34.9961,second measured move (4.38R)
FIS,SELL STOP,31.2677,"breakout trigger, below the base pivot"
FIS,SELL LIMIT,32.1,"pullback entry, old support acting as resistance"
FIS,STOP LOSS,35.0198,"initial stop, above base resistance and the 30 week average"
FIS,BREAKEVEN,28.4536,move the stop to entry here
FIS,TARGET 1,17.655,"measured move, sell part of the position (3.63R)"
FIS,TARGET 2,6.099,second measured move (6.71R)
THO,SELL STOP,65.7138,"breakout trigger, below the base pivot"
THO,SELL LIMIT,67.31,"pullback entry, old support acting as resistance"
THO,STOP LOSS,73.5994,"initial stop, above base resistance and the 30 week average"
THO,BREAKEVEN,59.7995,move the stop to entry here
THO,TARGET 1,47.8853,"measured move, sell part of the position (2.26R)"
THO,TARGET 2,32.3455,second measured move (4.23R)
GT,SELL STOP,4.6767,"breakout trigger, below the base pivot"
GT,SELL LIMIT,4.83,"pullback entry, old support acting as resistance"
GT,STOP LOSS,5.2379,"initial stop, above base resistance and the 30 week average"
GT,BREAKEVEN,4.2558,move the stop to entry here
GT,TARGET 1,2.6565,"measured move, sell part of the position (3.6R)"
GT,TARGET 2,0.9177,second measured move (6.7R)
SNDL,SELL STOP,1.1353,"breakout trigger, below the base pivot"
SNDL,SELL LIMIT,1.165,"pullback entry, old support acting as resistance"
SNDL,STOP LOSS,1.2716,"initial stop, above base resistance and the 30 week average"
SNDL,BREAKEVEN,1.0332,move the stop to entry here
SNDL,TARGET 1,0.6407,"measured move, sell part of the position (3.63R)"
SNDL,TARGET 2,0.2213,second measured move (6.71R)
CLX,SELL STOP,77.4582,"breakout trigger, below the base pivot"
CLX,SELL LIMIT,79.12,"pullback entry, old support acting as resistance"
CLX,STOP LOSS,86.7531,"initial stop, above base resistance and the 30 week average"
CLX,BREAKEVEN,70.4869,move the stop to entry here
CLX,TARGET 1,44.2747,"measured move, sell part of the position (3.57R)"
CLX,TARGET 2,16.3985,second measured move (6.57R)
NFLX,SELL STOP,63.6721,"breakout trigger, below the base pivot"
NFLX,SELL LIMIT,65.08,"pullback entry, old support acting as resistance"
NFLX,STOP LOSS,71.3127,"initial stop, above base resistance and the 30 week average"
NFLX,BREAKEVEN,57.9416,move the stop to entry here
NFLX,TARGET 1,35.794,"measured move, sell part of the position (3.65R)"
NFLX,TARGET 2,12.3652,second measured move (6.71R)
TXT,SELL STOP,74.3154,"breakout trigger, below the base pivot"
TXT,SELL LIMIT,75.51,"pullback entry, old support acting as resistance"
TXT,STOP LOSS,83.2332,"initial stop, above base resistance and the 30 week average"
TXT,BREAKEVEN,67.627,move the stop to entry here
TXT,TARGET 1,53.4555,"measured move, sell part of the position (2.34R)"
TXT,TARGET 2,35.8118,second measured move (4.32R)
GMED,SELL STOP,71.4416,"breakout trigger, below the base pivot"
GMED,SELL LIMIT,72.84,"pullback entry, old support acting as resistance"
GMED,STOP LOSS,80.0146,"initial stop, above base resistance and the 30 week average"
GMED,BREAKEVEN,65.0118,move the stop to entry here
GMED,TARGET 1,48.29,"measured move, sell part of the position (2.7R)"
GMED,TARGET 2,28.65,second measured move (4.99R)
AGO,SELL STOP,66.3242,"breakout trigger, below the base pivot"
AGO,SELL LIMIT,67.24,"pullback entry, old support acting as resistance"
AGO,STOP LOSS,74.2831,"initial stop, above base resistance and the 30 week average"
AGO,BREAKEVEN,60.355,move the stop to entry here
AGO,TARGET 1,47.9791,"measured move, sell part of the position (2.3R)"
AGO,TARGET 2,32.5705,second measured move (4.24R)
CIGI,SELL STOP,85.3985,"breakout trigger, below the base pivot"
CIGI,SELL LIMIT,87.36,"pullback entry, old support acting as resistance"
CIGI,STOP LOSS,95.6463,"initial stop, above base resistance and the 30 week average"
CIGI,BREAKEVEN,77.7126,move the stop to entry here
CIGI,TARGET 1,50.3813,"measured move, sell part of the position (3.42R)"
CIGI,TARGET 2,20.7984,second measured move (6.3R)
RNK.L,SELL STOP,70.6583,"breakout trigger, below the base pivot"
RNK.L,SELL LIMIT,73.3,"pullback entry, old support acting as resistance"
RNK.L,STOP LOSS,79.1372,"initial stop, above base resistance and the 30 week average"
RNK.L,BREAKEVEN,64.299,move the stop to entry here
RNK.L,TARGET 1,40.315,"measured move, sell part of the position (3.58R)"
RNK.L,TARGET 2,13.927,second measured move (6.69R)
RTO.L,SELL STOP,287.6426,"breakout trigger, below the base pivot"
RTO.L,SELL LIMIT,293.5,"pullback entry, old support acting as resistance"
RTO.L,STOP LOSS,322.1597,"initial stop, above base resistance and the 30 week average"
RTO.L,BREAKEVEN,261.7547,move the stop to entry here
RTO.L,TARGET 1,161.425,"measured move, sell part of the position (3.66R)"
RTO.L,TARGET 2,55.765,second measured move (6.72R)
LPX,SELL STOP,60.7491,"breakout trigger, below the base pivot"
LPX,SELL LIMIT,62.18,"pullback entry, old support acting as resistance"
LPX,STOP LOSS,68.039,"initial stop, above base resistance and the 30 week average"
LPX,BREAKEVEN,55.2817,move the stop to entry here
LPX,TARGET 1,40.9489,"measured move, sell part of the position (2.72R)"
LPX,TARGET 2,23.964,second measured move (5.05R)
IGI,SELL STOP,14.9004,"breakout trigger, below the base pivot"
IGI,SELL LIMIT,15.0142,"pullback entry, old support acting as resistance"
IGI,STOP LOSS,16.5437,"initial stop, above base resistance and the 30 week average"
IGI,BREAKEVEN,13.6679,move the stop to entry here
IGI,TARGET 1,12.2369,"measured move, sell part of the position (1.62R)"
IGI,TARGET 2,10.0151,second measured move (2.97R)
JBGS,SELL STOP,9.6829,"breakout trigger, below the base pivot"
JBGS,SELL LIMIT,9.93,"pullback entry, old support acting as resistance"
JBGS,STOP LOSS,10.8448,"initial stop, above base resistance and the 30 week average"
JBGS,BREAKEVEN,8.8114,move the stop to entry here
JBGS,TARGET 1,5.4615,"measured move, sell part of the position (3.63R)"
JBGS,TARGET 2,1.8867,second measured move (6.71R)
XYL,SELL STOP,97.0846,"breakout trigger, below the base pivot"
XYL,SELL LIMIT,98.58,"pullback entry, old support acting as resistance"
XYL,STOP LOSS,108.7347,"initial stop, above base resistance and the 30 week average"
XYL,BREAKEVEN,88.3469,move the stop to entry here
XYL,TARGET 1,67.98,"measured move, sell part of the position (2.5R)"
XYL,TARGET 2,43.5001,second measured move (4.6R)
NOA,SELL STOP,11.6046,"breakout trigger, below the base pivot"
NOA,SELL LIMIT,11.8447,"pullback entry, old support acting as resistance"
NOA,STOP LOSS,12.9972,"initial stop, above base resistance and the 30 week average"
NOA,BREAKEVEN,10.5602,move the stop to entry here
NOA,TARGET 1,6.5146,"measured move, sell part of the position (3.66R)"
NOA,TARGET 2,2.2505,second measured move (6.72R)
JHS,SELL STOP,10.241,"breakout trigger, below the base pivot"
JHS,SELL LIMIT,10.29,"pullback entry, old support acting as resistance"
JHS,STOP LOSS,10.959,"initial stop, above base resistance and the 30 week average"
JHS,BREAKEVEN,9.7026,move the stop to entry here
JHS,TARGET 1,9.5588,"measured move, sell part of the position (0.95R)"
JHS,TARGET 2,8.9739,second measured move (1.76R)
CATO,SELL STOP,2.2197,"breakout trigger, below the base pivot"
CATO,SELL LIMIT,2.3,"pullback entry, old support acting as resistance"
CATO,STOP LOSS,2.4861,"initial stop, above base resistance and the 30 week average"
CATO,BREAKEVEN,2.0199,move the stop to entry here
CATO,TARGET 1,1.265,"measured move, sell part of the position (3.58R)"
CATO,TARGET 2,0.437,second measured move (6.69R)
ENT.L,SELL STOP,394.2453,"breakout trigger, below the base pivot"
ENT.L,SELL LIMIT,405.41,"pullback entry, old support acting as resistance"
ENT.L,STOP LOSS,441.5547,"initial stop, above base resistance and the 30 week average"
ENT.L,BREAKEVEN,358.7632,move the stop to entry here
ENT.L,TARGET 1,222.9755,"measured move, sell part of the position (3.62R)"
ENT.L,TARGET 2,77.0279,second measured move (6.71R)
COLL,SELL STOP,20.7142,"breakout trigger, below the base pivot"
COLL,SELL LIMIT,21.43,"pullback entry, old support acting as resistance"
COLL,STOP LOSS,23.1999,"initial stop, above base resistance and the 30 week average"
COLL,BREAKEVEN,18.8499,move the stop to entry here
COLL,TARGET 1,11.7865,"measured move, sell part of the position (3.59R)"
COLL,TARGET 2,4.0717,second measured move (6.7R)
PPH.L,SELL STOP,1416.9325,"breakout trigger, below the base pivot"
PPH.L,SELL LIMIT,1448.0,"pullback entry, old support acting as resistance"
PPH.L,STOP LOSS,1586.9644,"initial stop, above base resistance and the 30 week average"
PPH.L,BREAKEVEN,1289.4086,move the stop to entry here
PPH.L,TARGET 1,796.4,"measured move, sell part of the position (3.65R)"
PPH.L,TARGET 2,275.12,second measured move (6.72R)
BLDR,SELL STOP,52.8779,"breakout trigger, below the base pivot"
BLDR,SELL LIMIT,54.75,"pullback entry, old support acting as resistance"
BLDR,STOP LOSS,59.2232,"initial stop, above base resistance and the 30 week average"
BLDR,BREAKEVEN,48.1189,move the stop to entry here
BLDR,TARGET 1,30.1125,"measured move, sell part of the position (3.59R)"
BLDR,TARGET 2,10.4025,second measured move (6.69R)
EVLV,SELL STOP,4.4273,"breakout trigger, below the base pivot"
EVLV,SELL LIMIT,4.56,"pullback entry, old support acting as resistance"
EVLV,STOP LOSS,4.9586,"initial stop, above base resistance and the 30 week average"
EVLV,BREAKEVEN,4.0289,move the stop to entry here
EVLV,TARGET 1,2.508,"measured move, sell part of the position (3.61R)"
EVLV,TARGET 2,0.8664,second measured move (6.7R)
GPK,SELL STOP,8.3584,"breakout trigger, below the base pivot"
GPK,SELL LIMIT,8.5991,"pullback entry, old support acting as resistance"
GPK,STOP LOSS,9.3614,"initial stop, above base resistance and the 30 week average"
GPK,BREAKEVEN,7.6061,move the stop to entry here
GPK,TARGET 1,4.8198,"measured move, sell part of the position (3.53R)"
GPK,TARGET 2,1.7964,second measured move (6.54R)
NG.L,SELL STOP,1083.4417,"breakout trigger, below the base pivot"
NG.L,SELL LIMIT,1096.5,"pullback entry, old support acting as resistance"
NG.L,STOP LOSS,1213.4547,"initial stop, above base resistance and the 30 week average"
NG.L,BREAKEVEN,985.9319,move the stop to entry here
NG.L,TARGET 1,806.8509,"measured move, sell part of the position (2.13R)"
NG.L,TARGET 2,575.1317,second measured move (3.91R)
VANQ.L,SELL STOP,68.8847,"breakout trigger, below the base pivot"
VANQ.L,SELL LIMIT,71.1,"pullback entry, old support acting as resistance"
VANQ.L,STOP LOSS,77.1509,"initial stop, above base resistance and the 30 week average"
VANQ.L,BREAKEVEN,62.6851,move the stop to entry here
VANQ.L,TARGET 1,39.105,"measured move, sell part of the position (3.6R)"
VANQ.L,TARGET 2,13.509,second measured move (6.7R)
PDT,SELL STOP,11.4821,"breakout trigger, below the base pivot"
PDT,SELL LIMIT,11.56,"pullback entry, old support acting as resistance"
PDT,STOP LOSS,12.86,"initial stop, above base resistance and the 30 week average"
PDT,BREAKEVEN,10.4487,move the stop to entry here
PDT,TARGET 1,10.1361,"measured move, sell part of the position (0.98R)"
PDT,TARGET 2,8.997,second measured move (1.8R)
TG,SELL STOP,6.2559,"breakout trigger, below the base pivot"
TG,SELL LIMIT,6.42,"pullback entry, old support acting as resistance"
TG,STOP LOSS,7.0067,"initial stop, above base resistance and the 30 week average"
TG,BREAKEVEN,5.6929,move the stop to entry here
TG,TARGET 1,3.531,"measured move, sell part of the position (3.63R)"
TG,TARGET 2,1.2198,second measured move (6.71R)
IDA,SELL STOP,124.6524,"breakout trigger, below the base pivot"
IDA,SELL LIMIT,126.06,"pullback entry, old support acting as resistance"
IDA,STOP LOSS,139.6107,"initial stop, above base resistance and the 30 week average"
IDA,BREAKEVEN,113.4337,move the stop to entry here
IDA,TARGET 1,98.1529,"measured move, sell part of the position (1.77R)"
IDA,TARGET 2,75.8273,second measured move (3.26R)
ISBA,SELL STOP,34.4892,"breakout trigger, below the base pivot"
ISBA,SELL LIMIT,35.2514,"pullback entry, old support acting as resistance"
ISBA,STOP LOSS,38.6279,"initial stop, above base resistance and the 30 week average"
ISBA,BREAKEVEN,31.3852,move the stop to entry here
ISBA,TARGET 1,20.3482,"measured move, sell part of the position (3.42R)"
ISBA,TARGET 2,8.4257,second measured move (6.3R)
SNN,SELL STOP,25.7234,"breakout trigger, below the base pivot"
SNN,SELL LIMIT,26.0901,"pullback entry, old support acting as resistance"
SNN,STOP LOSS,28.8102,"initial stop, above base resistance and the 30 week average"
SNN,BREAKEVEN,23.4083,move the stop to entry here
SNN,TARGET 1,17.8678,"measured move, sell part of the position (2.54R)"
SNN,TARGET 2,11.2899,second measured move (4.68R)
MBUU,SELL STOP,21.5579,"breakout trigger, below the base pivot"
MBUU,SELL LIMIT,22.2,"pullback entry, old support acting as resistance"
MBUU,STOP LOSS,24.1448,"initial stop, above base resistance and the 30 week average"
MBUU,BREAKEVEN,19.6177,move the stop to entry here
MBUU,TARGET 1,12.21,"measured move, sell part of the position (3.61R)"
MBUU,TARGET 2,4.218,second measured move (6.7R)
COST,SELL STOP,872.9597,"breakout trigger, below the base pivot"
COST,SELL LIMIT,883.1,"pullback entry, old support acting as resistance"
COST,STOP LOSS,977.7149,"initial stop, above base resistance and the 30 week average"
COST,BREAKEVEN,794.3933,move the stop to entry here
COST,TARGET 1,671.4405,"measured move, sell part of the position (1.92R)"
COST,TARGET 2,502.1129,second measured move (3.54R)
JRVR,SELL STOP,3.2622,"breakout trigger, below the base pivot"
JRVR,SELL LIMIT,3.36,"pullback entry, old support acting as resistance"
JRVR,STOP LOSS,3.6537,"initial stop, above base resistance and the 30 week average"
JRVR,BREAKEVEN,2.9686,move the stop to entry here
JRVR,TARGET 1,1.848,"measured move, sell part of the position (3.61R)"
JRVR,TARGET 2,0.6384,second measured move (6.7R)
ONIT,SELL STOP,26.1427,"breakout trigger, below the base pivot"
ONIT,SELL LIMIT,27.06,"pullback entry, old support acting as resistance"
ONIT,STOP LOSS,29.2798,"initial stop, above base resistance and the 30 week average"
ONIT,BREAKEVEN,23.7899,move the stop to entry here
ONIT,TARGET 1,14.883,"measured move, sell part of the position (3.59R)"
ONIT,TARGET 2,5.1414,second measured move (6.69R)
BWXT,SELL STOP,128.198,"breakout trigger, below the base pivot"
BWXT,SELL LIMIT,131.86,"pullback entry, old support acting as resistance"
BWXT,STOP LOSS,143.5817,"initial stop, above base resistance and the 30 week average"
BWXT,BREAKEVEN,116.6601,move the stop to entry here
BWXT,TARGET 1,72.523,"measured move, sell part of the position (3.62R)"
BWXT,TARGET 2,25.0534,second measured move (6.7R)
AS,SELL STOP,25.4421,"breakout trigger, below the base pivot"
AS,SELL LIMIT,26.1,"pullback entry, old support acting as resistance"
AS,STOP LOSS,28.4951,"initial stop, above base resistance and the 30 week average"
AS,BREAKEVEN,23.1523,move the stop to entry here
AS,TARGET 1,14.355,"measured move, sell part of the position (3.63R)"
AS,TARGET 2,4.959,second measured move (6.71R)
IONS,SELL STOP,41.5921,"breakout trigger, below the base pivot"
IONS,SELL LIMIT,43.01,"pullback entry, old support acting as resistance"
IONS,STOP LOSS,46.5831,"initial stop, above base resistance and the 30 week average"
IONS,BREAKEVEN,37.8488,move the stop to entry here
IONS,TARGET 1,23.6555,"measured move, sell part of the position (3.59R)"
IONS,TARGET 2,8.1719,second measured move (6.7R)
NKE,SELL STOP,31.2185,"breakout trigger, below the base pivot"
NKE,SELL LIMIT,31.97,"pullback entry, old support acting as resistance"
NKE,STOP LOSS,34.9648,"initial stop, above base resistance and the 30 week average"
NKE,BREAKEVEN,28.4089,move the stop to entry here
NKE,TARGET 1,17.5835,"measured move, sell part of the position (3.64R)"
NKE,TARGET 2,6.0743,second measured move (6.71R)
SAR,SELL STOP,15.8569,"breakout trigger, below the base pivot"
SAR,SELL LIMIT,16.1433,"pullback entry, old support acting as resistance"
SAR,STOP LOSS,17.7598,"initial stop, above base resistance and the 30 week average"
SAR,BREAKEVEN,14.4298,move the stop to entry here
SAR,TARGET 1,9.8138,"measured move, sell part of the position (3.18R)"
SAR,TARGET 2,4.7502,second measured move (5.84R)
CHDN,SELL STOP,72.3181,"breakout trigger, below the base pivot"
CHDN,SELL LIMIT,73.98,"pullback entry, old support acting as resistance"
CHDN,STOP LOSS,80.9963,"initial stop, above base resistance and the 30 week average"
CHDN,BREAKEVEN,65.8095,move the stop to entry here
CHDN,TARGET 1,41.7342,"measured move, sell part of the position (3.52R)"
CHDN,TARGET 2,15.9376,second measured move (6.5R)
BBUC,SELL STOP,24.2857,"breakout trigger, below the base pivot"
BBUC,SELL LIMIT,24.8,"pullback entry, old support acting as resistance"
BBUC,STOP LOSS,27.2,"initial stop, above base resistance and the 30 week average"
BBUC,BREAKEVEN,22.1,move the stop to entry here
BBUC,TARGET 1,14.3763,"measured move, sell part of the position (3.4R)"
BBUC,TARGET 2,6.0373,second measured move (6.26R)
AZN,SELL STOP,151.1003,"breakout trigger, below the base pivot"
AZN,SELL LIMIT,153.41,"pullback entry, old support acting as resistance"
AZN,STOP LOSS,169.2324,"initial stop, above base resistance and the 30 week average"
AZN,BREAKEVEN,137.5013,move the stop to entry here
AZN,TARGET 1,99.52,"measured move, sell part of the position (2.84R)"
AZN,TARGET 2,56.408,second measured move (5.22R)
CSBR,SELL STOP,4.4379,"breakout trigger, below the base pivot"
CSBR,SELL LIMIT,4.59,"pullback entry, old support acting as resistance"
CSBR,STOP LOSS,4.9704,"initial stop, above base resistance and the 30 week average"
CSBR,BREAKEVEN,4.0385,move the stop to entry here
CSBR,TARGET 1,2.5245,"measured move, sell part of the position (3.59R)"
CSBR,TARGET 2,0.8721,second measured move (6.7R)
AAUC,SELL STOP,16.3839,"breakout trigger, below the base pivot"
AAUC,SELL LIMIT,16.93,"pullback entry, old support acting as resistance"
AAUC,STOP LOSS,18.35,"initial stop, above base resistance and the 30 week average"
AAUC,BREAKEVEN,14.9094,move the stop to entry here
AAUC,TARGET 1,9.3115,"measured move, sell part of the position (3.6R)"
AAUC,TARGET 2,3.2167,second measured move (6.7R)
GOOS,SELL STOP,7.1896,"breakout trigger, below the base pivot"
GOOS,SELL LIMIT,7.36,"pullback entry, old support acting as resistance"
GOOS,STOP LOSS,8.0524,"initial stop, above base resistance and the 30 week average"
GOOS,BREAKEVEN,6.5425,move the stop to entry here
GOOS,TARGET 1,4.048,"measured move, sell part of the position (3.64R)"
GOOS,TARGET 2,1.3984,second measured move (6.71R)
HGLB,SELL STOP,6.4169,"breakout trigger, below the base pivot"
HGLB,SELL LIMIT,6.5,"pullback entry, old support acting as resistance"
HGLB,STOP LOSS,7.1869,"initial stop, above base resistance and the 30 week average"
HGLB,BREAKEVEN,5.8394,move the stop to entry here
HGLB,TARGET 1,4.9049,"measured move, sell part of the position (1.96R)"
HGLB,TARGET 2,3.6289,second measured move (3.62R)
FLO,SELL STOP,5.2338,"breakout trigger, below the base pivot"
FLO,SELL LIMIT,5.4,"pullback entry, old support acting as resistance"
FLO,STOP LOSS,5.8619,"initial stop, above base resistance and the 30 week average"
FLO,BREAKEVEN,4.7628,move the stop to entry here
FLO,TARGET 1,2.97,"measured move, sell part of the position (3.6R)"
FLO,TARGET 2,1.026,second measured move (6.7R)
HON,SELL STOP,193.6278,"breakout trigger, below the base pivot"
HON,SELL LIMIT,196.98,"pullback entry, old support acting as resistance"
HON,STOP LOSS,216.8632,"initial stop, above base resistance and the 30 week average"
HON,BREAKEVEN,176.2014,move the stop to entry here
HON,TARGET 1,138.9104,"measured move, sell part of the position (2.35R)"
HON,TARGET 2,92.4548,second measured move (4.35R)
MGPI,SELL STOP,12.1029,"breakout trigger, below the base pivot"
MGPI,SELL LIMIT,12.5,"pullback entry, old support acting as resistance"
MGPI,STOP LOSS,13.5553,"initial stop, above base resistance and the 30 week average"
MGPI,BREAKEVEN,11.0136,move the stop to entry here
MGPI,TARGET 1,6.875,"measured move, sell part of the position (3.6R)"
MGPI,TARGET 2,2.375,second measured move (6.7R)
PAC,SELL STOP,189.1464,"breakout trigger, below the base pivot"
PAC,SELL LIMIT,193.11,"pullback entry, old support acting as resistance"
PAC,STOP LOSS,211.8439,"initial stop, above base resistance and the 30 week average"
PAC,BREAKEVEN,172.1232,move the stop to entry here
PAC,TARGET 1,117.15,"measured move, sell part of the position (3.17R)"
PAC,TARGET 2,56.382,second measured move (5.85R)
PEG,SELL STOP,65.3375,"breakout trigger, below the base pivot"
PEG,SELL LIMIT,66.15,"pullback entry, old support acting as resistance"
PEG,STOP LOSS,73.178,"initial stop, above base resistance and the 30 week average"
PEG,BREAKEVEN,59.4571,move the stop to entry here
PEG,TARGET 1,48.0071,"measured move, sell part of the position (2.21R)"
PEG,TARGET 2,33.4928,second measured move (4.06R)
ARCO,SELL STOP,6.5256,"breakout trigger, below the base pivot"
ARCO,SELL LIMIT,6.67,"pullback entry, old support acting as resistance"
ARCO,STOP LOSS,7.3087,"initial stop, above base resistance and the 30 week average"
ARCO,BREAKEVEN,5.9383,move the stop to entry here
ARCO,TARGET 1,3.7597,"measured move, sell part of the position (3.53R)"
ARCO,TARGET 2,1.4315,second measured move (6.51R)
WD,SELL STOP,32.5841,"breakout trigger, below the base pivot"
WD,SELL LIMIT,33.59,"pullback entry, old support acting as resistance"
WD,STOP LOSS,36.4942,"initial stop, above base resistance and the 30 week average"
WD,BREAKEVEN,29.6516,move the stop to entry here
WD,TARGET 1,18.4745,"measured move, sell part of the position (3.61R)"
WD,TARGET 2,6.3821,second measured move (6.7R)
SYK,SELL STOP,261.2569,"breakout trigger, below the base pivot"
SYK,SELL LIMIT,266.1571,"pullback entry, old support acting as resistance"
SYK,STOP LOSS,292.6077,"initial stop, above base resistance and the 30 week average"
SYK,BREAKEVEN,237.7438,move the stop to entry here
SYK,TARGET 1,168.0051,"measured move, sell part of the position (2.97R)"
SYK,TARGET 2,89.4835,second measured move (5.48R)
EVR,SELL STOP,245.4242,"breakout trigger, below the base pivot"
EVR,SELL LIMIT,251.13,"pullback entry, old support acting as resistance"
EVR,STOP LOSS,274.8751,"initial stop, above base resistance and the 30 week average"
EVR,BREAKEVEN,223.336,move the stop to entry here
EVR,TARGET 1,138.1215,"measured move, sell part of the position (3.64R)"
EVR,TARGET 2,47.7147,second measured move (6.71R)
AMSF,SELL STOP,22.7609,"breakout trigger, below the base pivot"
AMSF,SELL LIMIT,23.2,"pullback entry, old support acting as resistance"
AMSF,STOP LOSS,25.4922,"initial stop, above base resistance and the 30 week average"
AMSF,BREAKEVEN,20.7124,move the stop to entry here
AMSF,TARGET 1,12.76,"measured move, sell part of the position (3.66R)"
AMSF,TARGET 2,4.408,second measured move (6.72R)
MGX,SELL STOP,0.9834,"breakout trigger, below the base pivot"
MGX,SELL LIMIT,1.015,"pullback entry, old support acting as resistance"
MGX,STOP LOSS,1.1015,"initial stop, above base resistance and the 30 week average"
MGX,BREAKEVEN,0.8949,move the stop to entry here
MGX,TARGET 1,0.5582,"measured move, sell part of the position (3.6R)"
MGX,TARGET 2,0.1928,second measured move (6.7R)
SDY.L,SELL STOP,13.6176,"breakout trigger, below the base pivot"
SDY.L,SELL LIMIT,14.12,"pullback entry, old support acting as resistance"
SDY.L,STOP LOSS,15.2518,"initial stop, above base resistance and the 30 week average"
SDY.L,BREAKEVEN,12.3921,move the stop to entry here
SDY.L,TARGET 1,7.766,"measured move, sell part of the position (3.58R)"
SDY.L,TARGET 2,2.6828,second measured move (6.69R)
CRI,SELL STOP,28.0448,"breakout trigger, below the base pivot"
CRI,SELL LIMIT,28.86,"pullback entry, old support acting as resistance"
CRI,STOP LOSS,31.4102,"initial stop, above base resistance and the 30 week average"
CRI,BREAKEVEN,25.5208,move the stop to entry here
CRI,TARGET 1,15.873,"measured move, sell part of the position (3.62R)"
CRI,TARGET 2,5.4834,second measured move (6.7R)
LOMA,SELL STOP,8.5343,"breakout trigger, below the base pivot"
LOMA,SELL LIMIT,8.77,"pullback entry, old support acting as resistance"
LOMA,STOP LOSS,9.5585,"initial stop, above base resistance and the 30 week average"
LOMA,BREAKEVEN,7.7663,move the stop to entry here
LOMA,TARGET 1,4.8235,"measured move, sell part of the position (3.62R)"
LOMA,TARGET 2,1.6663,second measured move (6.71R)
KMT,SELL STOP,28.0479,"breakout trigger, below the base pivot"
KMT,SELL LIMIT,28.74,"pullback entry, old support acting as resistance"
KMT,STOP LOSS,31.4137,"initial stop, above base resistance and the 30 week average"
KMT,BREAKEVEN,25.5236,move the stop to entry here
KMT,TARGET 1,15.807,"measured move, sell part of the position (3.64R)"
KMT,TARGET 2,5.4606,second measured move (6.71R)
DECK,SELL STOP,75.4463,"breakout trigger, below the base pivot"
DECK,SELL LIMIT,77.2,"pullback entry, old support acting as resistance"
DECK,STOP LOSS,84.4999,"initial stop, above base resistance and the 30 week average"
DECK,BREAKEVEN,68.6561,move the stop to entry here
DECK,TARGET 1,42.46,"measured move, sell part of the position (3.64R)"
DECK,TARGET 2,14.668,second measured move (6.71R)
FVRR,SELL STOP,8.0531,"breakout trigger, below the base pivot"
FVRR,SELL LIMIT,8.31,"pullback entry, old support acting as resistance"
FVRR,STOP LOSS,9.0194,"initial stop, above base resistance and the 30 week average"
FVRR,BREAKEVEN,7.3283,move the stop to entry here
FVRR,TARGET 1,4.5705,"measured move, sell part of the position (3.6R)"
FVRR,TARGET 2,1.5789,second measured move (6.7R)
HSW.L,SELL STOP,90.9848,"breakout trigger, below the base pivot"
HSW.L,SELL LIMIT,93.7101,"pullback entry, old support acting as resistance"
HSW.L,STOP LOSS,101.903,"initial stop, above base resistance and the 30 week average"
HSW.L,BREAKEVEN,82.7962,move the stop to entry here
HSW.L,TARGET 1,65.3795,"measured move, sell part of the position (2.35R)"
HSW.L,TARGET 2,42.715,second measured move (4.42R)
FG,SELL STOP,19.3577,"breakout trigger, below the base pivot"
FG,SELL LIMIT,19.9461,"pullback entry, old support acting as resistance"
FG,STOP LOSS,21.6806,"initial stop, above base resistance and the 30 week average"
FG,BREAKEVEN,17.6155,move the stop to entry here
FG,TARGET 1,10.9704,"measured move, sell part of the position (3.61R)"
FG,TARGET 2,3.7898,second measured move (6.7R)
CLNE,SELL STOP,1.4874,"breakout trigger, below the base pivot"
CLNE,SELL LIMIT,1.54,"pullback entry, old support acting as resistance"
CLNE,STOP LOSS,1.6658,"initial stop, above base resistance and the 30 week average"
CLNE,BREAKEVEN,1.3535,move the stop to entry here
CLNE,TARGET 1,0.847,"measured move, sell part of the position (3.59R)"
CLNE,TARGET 2,0.2926,second measured move (6.69R)
JYNT,SELL STOP,7.0314,"breakout trigger, below the base pivot"
JYNT,SELL LIMIT,7.21,"pullback entry, old support acting as resistance"
JYNT,STOP LOSS,7.8752,"initial stop, above base resistance and the 30 week average"
JYNT,BREAKEVEN,6.3986,move the stop to entry here
JYNT,TARGET 1,3.9655,"measured move, sell part of the position (3.63R)"
JYNT,TARGET 2,1.3699,second measured move (6.71R)
RDCM,SELL STOP,9.1201,"breakout trigger, below the base pivot"
RDCM,SELL LIMIT,9.4,"pullback entry, old support acting as resistance"
RDCM,STOP LOSS,10.2145,"initial stop, above base resistance and the 30 week average"
RDCM,BREAKEVEN,8.2993,move the stop to entry here
RDCM,TARGET 1,5.17,"measured move, sell part of the position (3.61R)"
RDCM,TARGET 2,1.786,second measured move (6.7R)
VTSI,SELL STOP,2.6099,"breakout trigger, below the base pivot"
VTSI,SELL LIMIT,2.691,"pullback entry, old support acting as resistance"
VTSI,STOP LOSS,2.9231,"initial stop, above base resistance and the 30 week average"
VTSI,BREAKEVEN,2.375,move the stop to entry here
VTSI,TARGET 1,1.48,"measured move, sell part of the position (3.61R)"
VTSI,TARGET 2,0.5113,second measured move (6.7R)
IDXX,SELL STOP,492.2007,"breakout trigger, below the base pivot"
IDXX,SELL LIMIT,500.61,"pullback entry, old support acting as resistance"
IDXX,STOP LOSS,551.2648,"initial stop, above base resistance and the 30 week average"
IDXX,BREAKEVEN,447.9026,move the stop to entry here
IDXX,TARGET 1,377.0699,"measured move, sell part of the position (1.95R)"
IDXX,TARGET 2,278.2379,second measured move (3.62R)
WIT,SELL STOP,1.5474,"breakout trigger, below the base pivot"
WIT,SELL LIMIT,1.59,"pullback entry, old support acting as resistance"
WIT,STOP LOSS,1.7331,"initial stop, above base resistance and the 30 week average"
WIT,BREAKEVEN,1.4081,move the stop to entry here
WIT,TARGET 1,0.8745,"measured move, sell part of the position (3.62R)"
WIT,TARGET 2,0.3021,second measured move (6.71R)
BCSF,SELL STOP,10.8091,"breakout trigger, below the base pivot"
BCSF,SELL LIMIT,10.95,"pullback entry, old support acting as resistance"
BCSF,STOP LOSS,12.1061,"initial stop, above base resistance and the 30 week average"
BCSF,BREAKEVEN,9.8362,move the stop to entry here
BCSF,TARGET 1,8.3616,"measured move, sell part of the position (1.89R)"
BCSF,TARGET 2,6.291,second measured move (3.48R)
HLCL.L,SELL STOP,175.787,"breakout trigger, below the base pivot"
HLCL.L,SELL LIMIT,179.5,"pullback entry, old support acting as resistance"
HLCL.L,STOP LOSS,196.8815,"initial stop, above base resistance and the 30 week average"
HLCL.L,BREAKEVEN,159.9662,move the stop to entry here
HLCL.L,TARGET 1,123.0777,"measured move, sell part of the position (2.5R)"
HLCL.L,TARGET 2,77.9398,second measured move (4.64R)
RBA,SELL STOP,76.4568,"breakout trigger, below the base pivot"
RBA,SELL LIMIT,78.05,"pullback entry, old support acting as resistance"
RBA,STOP LOSS,85.6316,"initial stop, above base resistance and the 30 week average"
RBA,BREAKEVEN,69.5757,move the stop to entry here
RBA,TARGET 1,42.9275,"measured move, sell part of the position (3.65R)"
RBA,TARGET 2,14.8295,second measured move (6.72R)
ARDX,SELL STOP,3.1759,"breakout trigger, below the base pivot"
ARDX,SELL LIMIT,3.29,"pullback entry, old support acting as resistance"
ARDX,STOP LOSS,3.557,"initial stop, above base resistance and the 30 week average"
ARDX,BREAKEVEN,2.8901,move the stop to entry here
ARDX,TARGET 1,1.8095,"measured move, sell part of the position (3.59R)"
ARDX,TARGET 2,0.6251,second measured move (6.69R)
STZ,SELL STOP,109.4092,"breakout trigger, below the base pivot"
STZ,SELL LIMIT,111.54,"pullback entry, old support acting as resistance"
STZ,STOP LOSS,122.5383,"initial stop, above base resistance and the 30 week average"
STZ,BREAKEVEN,99.5624,move the stop to entry here
STZ,TARGET 1,61.347,"measured move, sell part of the position (3.66R)"
STZ,TARGET 2,21.1926,second measured move (6.72R)
FRES.L,SELL STOP,2315.484,"breakout trigger, below the base pivot"
FRES.L,SELL LIMIT,2396.7455,"pullback entry, old support acting as resistance"
FRES.L,STOP LOSS,2593.3421,"initial stop, above base resistance and the 30 week average"
FRES.L,BREAKEVEN,2107.0904,move the stop to entry here
FRES.L,TARGET 1,1318.21,"measured move, sell part of the position (3.59R)"
FRES.L,TARGET 2,455.3816,second measured move (6.69R)
PDCC,SELL STOP,8.0659,"breakout trigger, below the base pivot"
PDCC,SELL LIMIT,8.2084,"pullback entry, old support acting as resistance"
PDCC,STOP LOSS,9.0338,"initial stop, above base resistance and the 30 week average"
PDCC,BREAKEVEN,7.34,move the stop to entry here
PDCC,TARGET 1,5.2253,"measured move, sell part of the position (2.93R)"
PDCC,TARGET 2,2.8387,second measured move (5.4R)
CG,SELL STOP,37.7895,"breakout trigger, below the base pivot"
CG,SELL LIMIT,38.72,"pullback entry, old support acting as resistance"
CG,STOP LOSS,42.3243,"initial stop, above base resistance and the 30 week average"
CG,BREAKEVEN,34.3885,move the stop to entry here
CG,TARGET 1,24.3622,"measured move, sell part of the position (2.96R)"
CG,TARGET 2,12.8759,second measured move (5.49R)
MBI,SELL STOP,4.0762,"breakout trigger, below the base pivot"
MBI,SELL LIMIT,4.19,"pullback entry, old support acting as resistance"
MBI,STOP LOSS,4.5653,"initial stop, above base resistance and the 30 week average"
MBI,BREAKEVEN,3.7093,move the stop to entry here
MBI,TARGET 1,2.3045,"measured move, sell part of the position (3.62R)"
MBI,TARGET 2,0.7961,second measured move (6.71R)
VVV,SELL STOP,25.5494,"breakout trigger, below the base pivot"
VVV,SELL LIMIT,26.21,"pullback entry, old support acting as resistance"
VVV,STOP LOSS,28.6153,"initial stop, above base resistance and the 30 week average"
VVV,BREAKEVEN,23.25,move the stop to entry here
VVV,TARGET 1,14.4155,"measured move, sell part of the position (3.63R)"
VVV,TARGET 2,4.9799,second measured move (6.71R)
WH,SELL STOP,65.6582,"breakout trigger, below the base pivot"
WH,SELL LIMIT,66.87,"pullback entry, old support acting as resistance"
WH,STOP LOSS,73.5372,"initial stop, above base resistance and the 30 week average"
WH,BREAKEVEN,59.749,move the stop to entry here
WH,TARGET 1,44.4377,"measured move, sell part of the position (2.69R)"
WH,TARGET 2,26.4919,second measured move (4.97R)
OGC,SELL STOP,21.1007,"breakout trigger, below the base pivot"
OGC,SELL LIMIT,21.8284,"pullback entry, old support acting as resistance"
OGC,STOP LOSS,23.6328,"initial stop, above base resistance and the 30 week average"
OGC,BREAKEVEN,19.2016,move the stop to entry here
OGC,TARGET 1,12.0056,"measured move, sell part of the position (3.59R)"
OGC,TARGET 2,4.1474,second measured move (6.7R)
CPNG,SELL STOP,12.9766,"breakout trigger, below the base pivot"
CPNG,SELL LIMIT,13.35,"pullback entry, old support acting as resistance"
CPNG,STOP LOSS,14.5338,"initial stop, above base resistance and the 30 week average"
CPNG,BREAKEVEN,11.8087,move the stop to entry here
CPNG,TARGET 1,7.3425,"measured move, sell part of the position (3.62R)"
CPNG,TARGET 2,2.5365,second measured move (6.7R)
TSN,SELL STOP,49.1808,"breakout trigger, below the base pivot"
TSN,SELL LIMIT,49.96,"pullback entry, old support acting as resistance"
TSN,STOP LOSS,55.0825,"initial stop, above base resistance and the 30 week average"
TSN,BREAKEVEN,44.7545,move the stop to entry here
TSN,TARGET 1,31.658,"measured move, sell part of the position (2.97R)"
TSN,TARGET 2,17.0163,second measured move (5.45R)
AMTM,SELL STOP,17.2585,"breakout trigger, below the base pivot"
AMTM,SELL LIMIT,17.72,"pullback entry, old support acting as resistance"
AMTM,STOP LOSS,19.3295,"initial stop, above base resistance and the 30 week average"
AMTM,BREAKEVEN,15.7052,move the stop to entry here
AMTM,TARGET 1,9.746,"measured move, sell part of the position (3.63R)"
AMTM,TARGET 2,3.3668,second measured move (6.71R)
AZO,SELL STOP,2709.1631,"breakout trigger, below the base pivot"
AZO,SELL LIMIT,2756.1299,"pullback entry, old support acting as resistance"
AZO,STOP LOSS,3034.2627,"initial stop, above base resistance and the 30 week average"
AZO,BREAKEVEN,2465.3384,move the stop to entry here
AZO,TARGET 1,1742.2097,"measured move, sell part of the position (2.97R)"
AZO,TARGET 2,931.0736,second measured move (5.47R)
GBFH,SELL STOP,16.8759,"breakout trigger, below the base pivot"
GBFH,SELL LIMIT,17.5,"pullback entry, old support acting as resistance"
GBFH,STOP LOSS,18.901,"initial stop, above base resistance and the 30 week average"
GBFH,BREAKEVEN,15.3571,move the stop to entry here
GBFH,TARGET 1,9.625,"measured move, sell part of the position (3.58R)"
GBFH,TARGET 2,3.325,second measured move (6.69R)
SCM,SELL STOP,6.476,"breakout trigger, below the base pivot"
SCM,SELL LIMIT,6.6167,"pullback entry, old support acting as resistance"
SCM,STOP LOSS,7.2531,"initial stop, above base resistance and the 30 week average"
SCM,BREAKEVEN,5.8931,move the stop to entry here
SCM,TARGET 1,3.7067,"measured move, sell part of the position (3.56R)"
SCM,TARGET 2,1.3786,second measured move (6.56R)
DAKT,SELL STOP,16.3696,"breakout trigger, below the base pivot"
DAKT,SELL LIMIT,16.77,"pullback entry, old support acting as resistance"
DAKT,STOP LOSS,18.334,"initial stop, above base resistance and the 30 week average"
DAKT,BREAKEVEN,14.8963,move the stop to entry here
DAKT,TARGET 1,11.23,"measured move, sell part of the position (2.62R)"
DAKT,TARGET 2,6.798,second measured move (4.87R)
SITC,SELL STOP,2.7345,"breakout trigger, below the base pivot"
SITC,SELL LIMIT,2.8,"pullback entry, old support acting as resistance"
SITC,STOP LOSS,3.0626,"initial stop, above base resistance and the 30 week average"
SITC,BREAKEVEN,2.4884,move the stop to entry here
SITC,TARGET 1,1.54,"measured move, sell part of the position (3.64R)"
SITC,TARGET 2,0.532,second measured move (6.71R)
SUPN,SELL STOP,39.6827,"breakout trigger, below the base pivot"
SUPN,SELL LIMIT,40.51,"pullback entry, old support acting as resistance"
SUPN,STOP LOSS,44.4446,"initial stop, above base resistance and the 30 week average"
SUPN,BREAKEVEN,36.1112,move the stop to entry here
SUPN,TARGET 1,25.02,"measured move, sell part of the position (3.08R)"
SUPN,TARGET 2,12.628,second measured move (5.68R)
TGLS,SELL STOP,33.1041,"breakout trigger, below the base pivot"
TGLS,SELL LIMIT,34.0424,"pullback entry, old support acting as resistance"
TGLS,STOP LOSS,37.0766,"initial stop, above base resistance and the 30 week average"
TGLS,BREAKEVEN,30.1247,move the stop to entry here
TGLS,TARGET 1,19.5154,"measured move, sell part of the position (3.42R)"
TGLS,TARGET 2,7.8938,second measured move (6.35R)
ESRT,SELL STOP,3.8296,"breakout trigger, below the base pivot"
ESRT,SELL LIMIT,3.93,"pullback entry, old support acting as resistance"
ESRT,STOP LOSS,4.2892,"initial stop, above base resistance and the 30 week average"
ESRT,BREAKEVEN,3.4849,move the stop to entry here
ESRT,TARGET 1,2.1615,"measured move, sell part of the position (3.63R)"
ESRT,TARGET 2,0.7467,second measured move (6.71R)
SBAC,SELL STOP,154.0523,"breakout trigger, below the base pivot"
SBAC,SELL LIMIT,157.35,"pullback entry, old support acting as resistance"
SBAC,STOP LOSS,172.5386,"initial stop, above base resistance and the 30 week average"
SBAC,BREAKEVEN,140.1876,move the stop to entry here
SBAC,TARGET 1,93.1172,"measured move, sell part of the position (3.3R)"
SBAC,TARGET 2,41.731,second measured move (6.08R)
NCLH,SELL STOP,13.1948,"breakout trigger, below the base pivot"
NCLH,SELL LIMIT,13.63,"pullback entry, old support acting as resistance"
NCLH,STOP LOSS,14.7782,"initial stop, above base resistance and the 30 week average"
NCLH,BREAKEVEN,12.0073,move the stop to entry here
NCLH,TARGET 1,7.4965,"measured move, sell part of the position (3.6R)"
NCLH,TARGET 2,2.5897,second measured move (6.7R)
ASA,SELL STOP,46.081,"breakout trigger, below the base pivot"
ASA,SELL LIMIT,47.52,"pullback entry, old support acting as resistance"
ASA,STOP LOSS,51.6107,"initial stop, above base resistance and the 30 week average"
ASA,BREAKEVEN,41.9337,move the stop to entry here
ASA,TARGET 1,26.136,"measured move, sell part of the position (3.61R)"
ASA,TARGET 2,9.0288,second measured move (6.7R)
COO,SELL STOP,49.8702,"breakout trigger, below the base pivot"
COO,SELL LIMIT,51.01,"pullback entry, old support acting as resistance"
COO,STOP LOSS,55.8546,"initial stop, above base resistance and the 30 week average"
COO,BREAKEVEN,45.3819,move the stop to entry here
COO,TARGET 1,28.0555,"measured move, sell part of the position (3.65R)"
COO,TARGET 2,9.6919,second measured move (6.71R)
ACIC,SELL STOP,8.8438,"breakout trigger, below the base pivot"
ACIC,SELL LIMIT,9.01,"pullback entry, old support acting as resistance"
ACIC,STOP LOSS,9.9051,"initial stop, above base resistance and the 30 week average"
ACIC,BREAKEVEN,8.0478,move the stop to entry here
ACIC,TARGET 1,5.72,"measured move, sell part of the position (2.94R)"
ACIC,TARGET 2,3.088,second measured move (5.42R)
TIL,SELL STOP,6.7337,"breakout trigger, below the base pivot"
TIL,SELL LIMIT,6.92,"pullback entry, old support acting as resistance"
TIL,STOP LOSS,7.5417,"initial stop, above base resistance and the 30 week average"
TIL,BREAKEVEN,6.1277,move the stop to entry here
TIL,TARGET 1,3.806,"measured move, sell part of the position (3.62R)"
TIL,TARGET 2,1.3148,second measured move (6.71R)
WMT,SELL STOP,100.5699,"breakout trigger, below the base pivot"
WMT,SELL LIMIT,102.15,"pullback entry, old support acting as resistance"
WMT,STOP LOSS,112.6383,"initial stop, above base resistance and the 30 week average"
WMT,BREAKEVEN,91.5186,move the stop to entry here
WMT,TARGET 1,69.4628,"measured move, sell part of the position (2.58R)"
WMT,TARGET 2,43.313,second measured move (4.74R)
IIIV,SELL STOP,13.1592,"breakout trigger, below the base pivot"
IIIV,SELL LIMIT,13.63,"pullback entry, old support acting as resistance"
IIIV,STOP LOSS,14.7383,"initial stop, above base resistance and the 30 week average"
IIIV,BREAKEVEN,11.9749,move the stop to entry here
IIIV,TARGET 1,7.4965,"measured move, sell part of the position (3.59R)"
IIIV,TARGET 2,2.5897,second measured move (6.69R)
CCI,SELL STOP,64.2833,"breakout trigger, below the base pivot"
CCI,SELL LIMIT,65.68,"pullback entry, old support acting as resistance"
CCI,STOP LOSS,71.9973,"initial stop, above base resistance and the 30 week average"
CCI,BREAKEVEN,58.4978,move the stop to entry here
CCI,TARGET 1,38.7334,"measured move, sell part of the position (3.31R)"
CCI,TARGET 2,17.1761,second measured move (6.11R)
SMWH.L,SELL STOP,336.2176,"breakout trigger, below the base pivot"
SMWH.L,SELL LIMIT,345.6,"pullback entry, old support acting as resistance"
SMWH.L,STOP LOSS,376.5637,"initial stop, above base resistance and the 30 week average"
SMWH.L,BREAKEVEN,305.958,move the stop to entry here
SMWH.L,TARGET 1,190.08,"measured move, sell part of the position (3.62R)"
SMWH.L,TARGET 2,65.664,second measured move (6.71R)
SMPL,SELL STOP,9.0768,"breakout trigger, below the base pivot"
SMPL,SELL LIMIT,9.375,"pullback entry, old support acting as resistance"
SMPL,STOP LOSS,10.166,"initial stop, above base resistance and the 30 week average"
SMPL,BREAKEVEN,8.2599,move the stop to entry here
SMPL,TARGET 1,5.1562,"measured move, sell part of the position (3.6R)"
SMPL,TARGET 2,1.7813,second measured move (6.7R)
IMB.L,SELL STOP,2371.4243,"breakout trigger, below the base pivot"
IMB.L,SELL LIMIT,2408.0,"pullback entry, old support acting as resistance"
IMB.L,STOP LOSS,2655.9952,"initial stop, above base resistance and the 30 week average"
IMB.L,BREAKEVEN,2157.9961,move the stop to entry here
IMB.L,TARGET 1,1550.0119,"measured move, sell part of the position (2.89R)"
IMB.L,TARGET 2,863.6215,second measured move (5.3R)
OIA,SELL STOP,5.0337,"breakout trigger, below the base pivot"
OIA,SELL LIMIT,5.09,"pullback entry, old support acting as resistance"
OIA,STOP LOSS,5.6378,"initial stop, above base resistance and the 30 week average"
OIA,BREAKEVEN,4.5807,move the stop to entry here
OIA,TARGET 1,3.8204,"measured move, sell part of the position (2.01R)"
OIA,TARGET 2,2.8048,second measured move (3.69R)
VFC,SELL STOP,12.1135,"breakout trigger, below the base pivot"
VFC,SELL LIMIT,12.46,"pullback entry, old support acting as resistance"
VFC,STOP LOSS,13.5671,"initial stop, above base resistance and the 30 week average"
VFC,BREAKEVEN,11.0233,move the stop to entry here
VFC,TARGET 1,6.853,"measured move, sell part of the position (3.62R)"
VFC,TARGET 2,2.3674,second measured move (6.7R)
PSN,SELL STOP,34.9743,"breakout trigger, below the base pivot"
PSN,SELL LIMIT,36.26,"pullback entry, old support acting as resistance"
PSN,STOP LOSS,39.1712,"initial stop, above base resistance and the 30 week average"
PSN,BREAKEVEN,31.8266,move the stop to entry here
PSN,TARGET 1,19.943,"measured move, sell part of the position (3.58R)"
PSN,TARGET 2,6.8894,second measured move (6.69R)
ECHO,SELL STOP,80.1341,"breakout trigger, below the base pivot"
ECHO,SELL LIMIT,82.48,"pullback entry, old support acting as resistance"
ECHO,STOP LOSS,89.7501,"initial stop, above base resistance and the 30 week average"
ECHO,BREAKEVEN,72.922,move the stop to entry here
ECHO,TARGET 1,45.364,"measured move, sell part of the position (3.62R)"
ECHO,TARGET 2,15.6712,second measured move (6.7R)
AIRI,SELL STOP,2.2452,"breakout trigger, below the base pivot"
AIRI,SELL LIMIT,2.3,"pullback entry, old support acting as resistance"
AIRI,STOP LOSS,2.5147,"initial stop, above base resistance and the 30 week average"
AIRI,BREAKEVEN,2.0432,move the stop to entry here
AIRI,TARGET 1,1.265,"measured move, sell part of the position (3.64R)"
AIRI,TARGET 2,0.437,second measured move (6.71R)
CSV,SELL STOP,29.4245,"breakout trigger, below the base pivot"
CSV,SELL LIMIT,30.11,"pullback entry, old support acting as resistance"
CSV,STOP LOSS,32.9555,"initial stop, above base resistance and the 30 week average"
CSV,BREAKEVEN,26.7764,move the stop to entry here
CSV,TARGET 1,16.5605,"measured move, sell part of the position (3.64R)"
CSV,TARGET 2,5.7209,second measured move (6.71R)
PPL,SELL STOP,31.1776,"breakout trigger, below the base pivot"
PPL,SELL LIMIT,31.56,"pullback entry, old support acting as resistance"
PPL,STOP LOSS,34.9189,"initial stop, above base resistance and the 30 week average"
PPL,BREAKEVEN,28.3716,move the stop to entry here
PPL,TARGET 1,23.658,"measured move, sell part of the position (2.01R)"
PPL,TARGET 2,17.3364,second measured move (3.7R)
TJX,SELL STOP,120.9316,"breakout trigger, below the base pivot"
TJX,SELL LIMIT,122.78,"pullback entry, old support acting as resistance"
TJX,STOP LOSS,135.4434,"initial stop, above base resistance and the 30 week average"
TJX,BREAKEVEN,110.0478,move the stop to entry here
TJX,TARGET 1,76.0947,"measured move, sell part of the position (3.09R)"
TJX,TARGET 2,38.7464,second measured move (5.66R)
CSR,SELL STOP,50.5113,"breakout trigger, below the base pivot"
CSR,SELL LIMIT,51.2808,"pullback entry, old support acting as resistance"
CSR,STOP LOSS,56.5727,"initial stop, above base resistance and the 30 week average"
CSR,BREAKEVEN,45.9653,move the stop to entry here
CSR,TARGET 1,34.8417,"measured move, sell part of the position (2.59R)"
CSR,TARGET 2,21.6904,second measured move (4.75R)
JMAT.L,SELL STOP,2141.8094,"breakout trigger, below the base pivot"
JMAT.L,SELL LIMIT,2192.0,"pullback entry, old support acting as resistance"
JMAT.L,STOP LOSS,2398.8266,"initial stop, above base resistance and the 30 week average"
JMAT.L,BREAKEVEN,1949.0466,move the stop to entry here
JMAT.L,TARGET 1,1205.6,"measured move, sell part of the position (3.64R)"
JMAT.L,TARGET 2,416.48,second measured move (6.71R)
FOXT.L,SELL STOP,30.9011,"breakout trigger, below the base pivot"
FOXT.L,SELL LIMIT,31.6979,"pullback entry, old support acting as resistance"
FOXT.L,STOP LOSS,34.6092,"initial stop, above base resistance and the 30 week average"
FOXT.L,BREAKEVEN,28.12,move the stop to entry here
FOXT.L,TARGET 1,17.4339,"measured move, sell part of the position (3.63R)"
FOXT.L,TARGET 2,6.0226,second measured move (6.71R)
INGN,SELL STOP,4.9088,"breakout trigger, below the base pivot"
INGN,SELL LIMIT,5.045,"pullback entry, old support acting as resistance"
INGN,STOP LOSS,5.4978,"initial stop, above base resistance and the 30 week average"
INGN,BREAKEVEN,4.467,move the stop to entry here
INGN,TARGET 1,2.7748,"measured move, sell part of the position (3.62R)"
INGN,TARGET 2,0.9586,second measured move (6.71R)
TW.L,SELL STOP,72.3925,"breakout trigger, below the base pivot"
TW.L,SELL LIMIT,74.0885,"pullback entry, old support acting as resistance"
TW.L,STOP LOSS,81.0796,"initial stop, above base resistance and the 30 week average"
TW.L,BREAKEVEN,65.8771,move the stop to entry here
TW.L,TARGET 1,47.776,"measured move, sell part of the position (2.83R)"
TW.L,TARGET 2,26.7261,second measured move (5.26R)
RCH.L,SELL STOP,37.8266,"breakout trigger, below the base pivot"
RCH.L,SELL LIMIT,39.0,"pullback entry, old support acting as resistance"
RCH.L,STOP LOSS,42.3658,"initial stop, above base resistance and the 30 week average"
RCH.L,BREAKEVEN,34.4222,move the stop to entry here
RCH.L,TARGET 1,21.45,"measured move, sell part of the position (3.61R)"
RCH.L,TARGET 2,7.41,second measured move (6.7R)
CPRI,SELL STOP,11.9739,"breakout trigger, below the base pivot"
CPRI,SELL LIMIT,12.4,"pullback entry, old support acting as resistance"
CPRI,STOP LOSS,13.4108,"initial stop, above base resistance and the 30 week average"
CPRI,BREAKEVEN,10.8962,move the stop to entry here
CPRI,TARGET 1,6.82,"measured move, sell part of the position (3.59R)"
CPRI,TARGET 2,2.356,second measured move (6.69R)
DRX.L,SELL STOP,696.3832,"breakout trigger, below the base pivot"
DRX.L,SELL LIMIT,707.8888,"pullback entry, old support acting as resistance"
DRX.L,STOP LOSS,779.9492,"initial stop, above base resistance and the 30 week average"
DRX.L,BREAKEVEN,633.7087,move the stop to entry here
DRX.L,TARGET 1,502.104,"measured move, sell part of the position (2.32R)"
DRX.L,TARGET 2,337.4762,second measured move (4.29R)
OR,SELL STOP,26.7306,"breakout trigger, below the base pivot"
OR,SELL LIMIT,27.4878,"pullback entry, old support acting as resistance"
OR,STOP LOSS,29.9382,"initial stop, above base resistance and the 30 week average"
OR,BREAKEVEN,24.3248,move the stop to entry here
OR,TARGET 1,15.1183,"measured move, sell part of the position (3.62R)"
OR,TARGET 2,5.2227,second measured move (6.71R)
GRAB,SELL STOP,2.6568,"breakout trigger, below the base pivot"
GRAB,SELL LIMIT,2.74,"pullback entry, old support acting as resistance"
GRAB,STOP LOSS,2.9756,"initial stop, above base resistance and the 30 week average"
GRAB,BREAKEVEN,2.4177,move the stop to entry here
GRAB,TARGET 1,1.507,"measured move, sell part of the position (3.61R)"
GRAB,TARGET 2,0.5206,second measured move (6.7R)
HLI,SELL STOP,109.688,"breakout trigger, below the base pivot"
HLI,SELL LIMIT,112.2375,"pullback entry, old support acting as resistance"
HLI,STOP LOSS,122.8506,"initial stop, above base resistance and the 30 week average"
HLI,BREAKEVEN,99.8161,move the stop to entry here
HLI,TARGET 1,61.8998,"measured move, sell part of the position (3.63R)"
HLI,TARGET 2,21.6297,second measured move (6.69R)
MIR,SELL STOP,13.5871,"breakout trigger, below the base pivot"
MIR,SELL LIMIT,14.04,"pullback entry, old support acting as resistance"
MIR,STOP LOSS,15.2176,"initial stop, above base resistance and the 30 week average"
MIR,BREAKEVEN,12.3643,move the stop to entry here
MIR,TARGET 1,7.722,"measured move, sell part of the position (3.6R)"
MIR,TARGET 2,2.6676,second measured move (6.7R)
CALX,SELL STOP,31.436,"breakout trigger, below the base pivot"
CALX,SELL LIMIT,32.35,"pullback entry, old support acting as resistance"
CALX,STOP LOSS,35.2083,"initial stop, above base resistance and the 30 week average"
CALX,BREAKEVEN,28.6068,move the stop to entry here
CALX,TARGET 1,17.7925,"measured move, sell part of the position (3.62R)"
CALX,TARGET 2,6.1465,second measured move (6.7R)
KWY,SELL STOP,8.1931,"breakout trigger, below the base pivot"
KWY,SELL LIMIT,8.41,"pullback entry, old support acting as resistance"
KWY,STOP LOSS,9.1763,"initial stop, above base resistance and the 30 week average"
KWY,BREAKEVEN,7.4557,move the stop to entry here
KWY,TARGET 1,4.69,"measured move, sell part of the position (3.56R)"
KWY,TARGET 2,1.714,second measured move (6.59R)
DTST,SELL STOP,2.6513,"breakout trigger, below the base pivot"
DTST,SELL LIMIT,2.75,"pullback entry, old support acting as resistance"
DTST,STOP LOSS,2.9694,"initial stop, above base resistance and the 30 week average"
DTST,BREAKEVEN,2.4126,move the stop to entry here
DTST,TARGET 1,1.5125,"measured move, sell part of the position (3.58R)"
DTST,TARGET 2,0.5225,second measured move (6.69R)
UBER,SELL STOP,64.1269,"breakout trigger, below the base pivot"
UBER,SELL LIMIT,65.41,"pullback entry, old support acting as resistance"
UBER,STOP LOSS,71.8222,"initial stop, above base resistance and the 30 week average"
UBER,BREAKEVEN,58.3555,move the stop to entry here
UBER,TARGET 1,48.455,"measured move, sell part of the position (2.04R)"
UBER,TARGET 2,34.891,second measured move (3.8R)
HGBL,SELL STOP,0.9808,"breakout trigger, below the base pivot"
HGBL,SELL LIMIT,1.01,"pullback entry, old support acting as resistance"
HGBL,STOP LOSS,1.0985,"initial stop, above base resistance and the 30 week average"
HGBL,BREAKEVEN,0.8925,move the stop to entry here
HGBL,TARGET 1,0.5555,"measured move, sell part of the position (3.61R)"
HGBL,TARGET 2,0.1919,second measured move (6.7R)
GTY,SELL STOP,27.2594,"breakout trigger, below the base pivot"
GTY,SELL LIMIT,27.62,"pullback entry, old support acting as resistance"
GTY,STOP LOSS,30.5306,"initial stop, above base resistance and the 30 week average"
GTY,BREAKEVEN,24.8061,move the stop to entry here
GTY,TARGET 1,19.0279,"measured move, sell part of the position (2.52R)"
GTY,TARGET 2,12.1542,second measured move (4.62R)
ENJ,SELL STOP,17.7644,"breakout trigger, below the base pivot"
ENJ,SELL LIMIT,17.9159,"pullback entry, old support acting as resistance"
ENJ,STOP LOSS,19.8961,"initial stop, above base resistance and the 30 week average"
ENJ,BREAKEVEN,16.1656,move the stop to entry here
ENJ,TARGET 1,15.3193,"measured move, sell part of the position (1.15R)"
ENJ,TARGET 2,13.2421,second measured move (2.12R)
SLSR,SELL STOP,6.5449,"breakout trigger, below the base pivot"
SLSR,SELL LIMIT,6.79,"pullback entry, old support acting as resistance"
SLSR,STOP LOSS,7.3303,"initial stop, above base resistance and the 30 week average"
SLSR,BREAKEVEN,5.9559,move the stop to entry here
SLSR,TARGET 1,3.7345,"measured move, sell part of the position (3.58R)"
SLSR,TARGET 2,1.2901,second measured move (6.69R)
TAP-A,SELL STOP,38.5233,"breakout trigger, below the base pivot"
TAP-A,SELL LIMIT,39.0838,"pullback entry, old support acting as resistance"
TAP-A,STOP LOSS,43.1461,"initial stop, above base resistance and the 30 week average"
TAP-A,BREAKEVEN,35.0562,move the stop to entry here
TAP-A,TARGET 1,26.4035,"measured move, sell part of the position (2.62R)"
TAP-A,TARGET 2,16.2592,second measured move (4.82R)
WLK,SELL STOP,57.2593,"breakout trigger, below the base pivot"
WLK,SELL LIMIT,58.95,"pullback entry, old support acting as resistance"
WLK,STOP LOSS,64.1304,"initial stop, above base resistance and the 30 week average"
WLK,BREAKEVEN,52.106,move the stop to entry here
WLK,TARGET 1,32.4225,"measured move, sell part of the position (3.61R)"
WLK,TARGET 2,11.2005,second measured move (6.7R)
CHRW,SELL STOP,137.1284,"breakout trigger, below the base pivot"
CHRW,SELL LIMIT,140.6334,"pullback entry, old support acting as resistance"
CHRW,STOP LOSS,153.5838,"initial stop, above base resistance and the 30 week average"
CHRW,BREAKEVEN,124.7868,move the stop to entry here
CHRW,TARGET 1,77.3484,"measured move, sell part of the position (3.63R)"
CHRW,TARGET 2,26.7203,second measured move (6.71R)
SFM,SELL STOP,59.9018,"breakout trigger, below the base pivot"
SFM,SELL LIMIT,61.88,"pullback entry, old support acting as resistance"
SFM,STOP LOSS,67.09,"initial stop, above base resistance and the 30 week average"
SFM,BREAKEVEN,54.5107,move the stop to entry here
SFM,TARGET 1,34.034,"measured move, sell part of the position (3.6R)"
SFM,TARGET 2,11.7572,second measured move (6.7R)
BHM,SELL STOP,7.6684,"breakout trigger, below the base pivot"
BHM,SELL LIMIT,7.87,"pullback entry, old support acting as resistance"
BHM,STOP LOSS,8.5887,"initial stop, above base resistance and the 30 week average"
BHM,BREAKEVEN,6.9783,move the stop to entry here
BHM,TARGET 1,4.3285,"measured move, sell part of the position (3.63R)"
BHM,TARGET 2,1.4953,second measured move (6.71R)
NJR,SELL STOP,49.168,"breakout trigger, below the base pivot"
NJR,SELL LIMIT,49.75,"pullback entry, old support acting as resistance"
NJR,STOP LOSS,55.0682,"initial stop, above base resistance and the 30 week average"
NJR,BREAKEVEN,44.7428,move the stop to entry here
NJR,TARGET 1,39.2227,"measured move, sell part of the position (1.69R)"
NJR,TARGET 2,30.8009,second measured move (3.11R)
HESM,SELL STOP,34.5309,"breakout trigger, below the base pivot"
HESM,SELL LIMIT,35.0529,"pullback entry, old support acting as resistance"
HESM,STOP LOSS,38.6746,"initial stop, above base resistance and the 30 week average"
HESM,BREAKEVEN,31.4231,move the stop to entry here
HESM,TARGET 1,28.6658,"measured move, sell part of the position (1.42R)"
HESM,TARGET 2,23.5561,second measured move (2.65R)
PINE,SELL STOP,16.3699,"breakout trigger, below the base pivot"
PINE,SELL LIMIT,16.62,"pullback entry, old support acting as resistance"
PINE,STOP LOSS,18.3343,"initial stop, above base resistance and the 30 week average"
PINE,BREAKEVEN,14.8966,move the stop to entry here
PINE,TARGET 1,11.6217,"measured move, sell part of the position (2.42R)"
PINE,TARGET 2,7.6231,second measured move (4.45R)
WSO-B,SELL STOP,303.8747,"breakout trigger, below the base pivot"
WSO-B,SELL LIMIT,306.82,"pullback entry, old support acting as resistance"
WSO-B,STOP LOSS,340.3397,"initial stop, above base resistance and the 30 week average"
WSO-B,BREAKEVEN,276.526,move the stop to entry here
WSO-B,TARGET 1,168.751,"measured move, sell part of the position (3.71R)"
WSO-B,TARGET 2,58.2958,second measured move (6.73R)
RBC,SELL STOP,463.2383,"breakout trigger, below the base pivot"
RBC,SELL LIMIT,471.57,"pullback entry, old support acting as resistance"
RBC,STOP LOSS,518.8269,"initial stop, above base resistance and the 30 week average"
RBC,BREAKEVEN,421.5468,move the stop to entry here
RBC,TARGET 1,275.45,"measured move, sell part of the position (3.38R)"
RBC,TARGET 2,118.554,second measured move (6.2R)
AGCO,SELL STOP,95.7243,"breakout trigger, below the base pivot"
AGCO,SELL LIMIT,98.22,"pullback entry, old support acting as resistance"
AGCO,STOP LOSS,107.2112,"initial stop, above base resistance and the 30 week average"
AGCO,BREAKEVEN,87.1091,move the stop to entry here
AGCO,TARGET 1,61.27,"measured move, sell part of the position (3.0R)"
AGCO,TARGET 2,31.71,second measured move (5.57R)
RSI,SELL STOP,18.4304,"breakout trigger, below the base pivot"
RSI,SELL LIMIT,19.1,"pullback entry, old support acting as resistance"
RSI,STOP LOSS,20.6421,"initial stop, above base resistance and the 30 week average"
RSI,BREAKEVEN,16.7717,move the stop to entry here
RSI,TARGET 1,10.505,"measured move, sell part of the position (3.58R)"
RSI,TARGET 2,3.629,second measured move (6.69R)
XPO,SELL STOP,166.658,"breakout trigger, below the base pivot"
XPO,SELL LIMIT,170.45,"pullback entry, old support acting as resistance"
XPO,STOP LOSS,186.6569,"initial stop, above base resistance and the 30 week average"
XPO,BREAKEVEN,151.6587,move the stop to entry here
XPO,TARGET 1,108.85,"measured move, sell part of the position (2.89R)"
XPO,TARGET 2,59.57,second measured move (5.35R)
DLPN,SELL STOP,0.9851,"breakout trigger, below the base pivot"
DLPN,SELL LIMIT,1.02,"pullback entry, old support acting as resistance"
DLPN,STOP LOSS,1.1033,"initial stop, above base resistance and the 30 week average"
DLPN,BREAKEVEN,0.8964,move the stop to entry here
DLPN,TARGET 1,0.561,"measured move, sell part of the position (3.59R)"
DLPN,TARGET 2,0.1938,second measured move (6.69R)
EDV.L,SELL STOP,3252.2143,"breakout trigger, below the base pivot"
EDV.L,SELL LIMIT,3359.3166,"pullback entry, old support acting as resistance"
EDV.L,STOP LOSS,3642.48,"initial stop, above base resistance and the 30 week average"
EDV.L,BREAKEVEN,2959.515,move the stop to entry here
EDV.L,TARGET 1,1847.6241,"measured move, sell part of the position (3.6R)"
EDV.L,TARGET 2,638.2701,second measured move (6.7R)
NVS,SELL STOP,135.0778,"breakout trigger, below the base pivot"
NVS,SELL LIMIT,137.0,"pullback entry, old support acting as resistance"
NVS,STOP LOSS,151.2871,"initial stop, above base resistance and the 30 week average"
NVS,BREAKEVEN,122.9208,move the stop to entry here
NVS,TARGET 1,109.52,"measured move, sell part of the position (1.58R)"
NVS,TARGET 2,87.536,second measured move (2.93R)
CASY,SELL STOP,560.3009,"breakout trigger, below the base pivot"
CASY,SELL LIMIT,575.1,"pullback entry, old support acting as resistance"
CASY,STOP LOSS,627.537,"initial stop, above base resistance and the 30 week average"
CASY,BREAKEVEN,509.8738,move the stop to entry here
CASY,TARGET 1,316.305,"measured move, sell part of the position (3.63R)"
CASY,TARGET 2,109.269,second measured move (6.71R)
GJR,SELL STOP,23.1371,"breakout trigger, below the base pivot"
GJR,SELL LIMIT,23.23,"pullback entry, old support acting as resistance"
GJR,STOP LOSS,24.9959,"initial stop, above base resistance and the 30 week average"
GJR,BREAKEVEN,21.743,move the stop to entry here
GJR,TARGET 1,21.4564,"measured move, sell part of the position (0.9R)"
GJR,TARGET 2,20.0375,second measured move (1.67R)
INLX,SELL STOP,4.8334,"breakout trigger, below the base pivot"
INLX,SELL LIMIT,5.0,"pullback entry, old support acting as resistance"
INLX,STOP LOSS,5.4134,"initial stop, above base resistance and the 30 week average"
INLX,BREAKEVEN,4.3984,move the stop to entry here
INLX,TARGET 1,2.75,"measured move, sell part of the position (3.59R)"
INLX,TARGET 2,0.95,second measured move (6.7R)
DIT,SELL STOP,57.9182,"breakout trigger, below the base pivot"
DIT,SELL LIMIT,59.0469,"pullback entry, old support acting as resistance"
DIT,STOP LOSS,64.8684,"initial stop, above base resistance and the 30 week average"
DIT,BREAKEVEN,52.7056,move the stop to entry here
DIT,TARGET 1,32.4758,"measured move, sell part of the position (3.66R)"
DIT,TARGET 2,11.2189,second measured move (6.72R)
AU,SELL STOP,70.347,"breakout trigger, below the base pivot"
AU,SELL LIMIT,72.941,"pullback entry, old support acting as resistance"
AU,STOP LOSS,78.7887,"initial stop, above base resistance and the 30 week average"
AU,BREAKEVEN,64.0158,move the stop to entry here
AU,TARGET 1,40.1176,"measured move, sell part of the position (3.58R)"
AU,TARGET 2,13.8588,second measured move (6.69R)
APEI,SELL STOP,38.9537,"breakout trigger, below the base pivot"
APEI,SELL LIMIT,40.06,"pullback entry, old support acting as resistance"
APEI,STOP LOSS,43.6281,"initial stop, above base resistance and the 30 week average"
APEI,BREAKEVEN,35.4479,move the stop to entry here
APEI,TARGET 1,22.033,"measured move, sell part of the position (3.62R)"
APEI,TARGET 2,7.6114,second measured move (6.71R)
OGE,SELL STOP,43.3492,"breakout trigger, below the base pivot"
OGE,SELL LIMIT,43.8214,"pullback entry, old support acting as resistance"
OGE,STOP LOSS,48.1766,"initial stop, above base resistance and the 30 week average"
OGE,BREAKEVEN,39.7286,move the stop to entry here
OGE,TARGET 1,37.5315,"measured move, sell part of the position (1.21R)"
OGE,TARGET 2,32.4996,second measured move (2.25R)
CCL,SELL STOP,20.8824,"breakout trigger, below the base pivot"
CCL,SELL LIMIT,21.45,"pullback entry, old support acting as resistance"
CCL,STOP LOSS,23.3883,"initial stop, above base resistance and the 30 week average"
CCL,BREAKEVEN,19.003,move the stop to entry here
CCL,TARGET 1,11.7975,"measured move, sell part of the position (3.63R)"
CCL,TARGET 2,4.0755,second measured move (6.71R)
ONON,SELL STOP,25.5283,"breakout trigger, below the base pivot"
ONON,SELL LIMIT,26.365,"pullback entry, old support acting as resistance"
ONON,STOP LOSS,28.5917,"initial stop, above base resistance and the 30 week average"
ONON,BREAKEVEN,23.2307,move the stop to entry here
ONON,TARGET 1,14.5007,"measured move, sell part of the position (3.6R)"
ONON,TARGET 2,5.0093,second measured move (6.7R)
PNW,SELL STOP,89.2875,"breakout trigger, below the base pivot"
PNW,SELL LIMIT,90.27,"pullback entry, old support acting as resistance"
PNW,STOP LOSS,100.002,"initial stop, above base resistance and the 30 week average"
PNW,BREAKEVEN,81.2517,move the stop to entry here
PNW,TARGET 1,70.3816,"measured move, sell part of the position (1.76R)"
PNW,TARGET 2,54.4709,second measured move (3.25R)
VOXR,SELL STOP,3.9644,"breakout trigger, below the base pivot"
VOXR,SELL LIMIT,4.0979,"pullback entry, old support acting as resistance"
VOXR,STOP LOSS,4.4401,"initial stop, above base resistance and the 30 week average"
VOXR,BREAKEVEN,3.6076,move the stop to entry here
VOXR,TARGET 1,2.2539,"measured move, sell part of the position (3.6R)"
VOXR,TARGET 2,0.7786,second measured move (6.7R)
AEM,SELL STOP,129.8252,"breakout trigger, below the base pivot"
AEM,SELL LIMIT,134.0823,"pullback entry, old support acting as resistance"
AEM,STOP LOSS,145.4042,"initial stop, above base resistance and the 30 week average"
AEM,BREAKEVEN,118.1409,move the stop to entry here
AEM,TARGET 1,73.7453,"measured move, sell part of the position (3.6R)"
AEM,TARGET 2,25.4756,second measured move (6.7R)
TSLA,SELL STOP,289.4254,"breakout trigger, below the base pivot"
TSLA,SELL LIMIT,297.38,"pullback entry, old support acting as resistance"
TSLA,STOP LOSS,324.1565,"initial stop, above base resistance and the 30 week average"
TSLA,BREAKEVEN,263.3772,move the stop to entry here
TSLA,TARGET 1,163.559,"measured move, sell part of the position (3.62R)"
TSLA,TARGET 2,56.5022,second measured move (6.71R)
CAPD.L,SELL STOP,94.3173,"breakout trigger, below the base pivot"
CAPD.L,SELL LIMIT,96.8527,"pullback entry, old support acting as resistance"
CAPD.L,STOP LOSS,105.6354,"initial stop, above base resistance and the 30 week average"
CAPD.L,BREAKEVEN,85.8288,move the stop to entry here
CAPD.L,TARGET 1,53.269,"measured move, sell part of the position (3.63R)"
CAPD.L,TARGET 2,18.402,second measured move (6.71R)
PAX,SELL STOP,9.6961,"breakout trigger, below the base pivot"
PAX,SELL LIMIT,9.89,"pullback entry, old support acting as resistance"
PAX,STOP LOSS,10.8596,"initial stop, above base resistance and the 30 week average"
PAX,BREAKEVEN,8.8234,move the stop to entry here
PAX,TARGET 1,6.6132,"measured move, sell part of the position (2.65R)"
PAX,TARGET 2,3.9918,second measured move (4.9R)
VSVS.L,SELL STOP,346.839,"breakout trigger, below the base pivot"
VSVS.L,SELL LIMIT,356.0,"pullback entry, old support acting as resistance"
VSVS.L,STOP LOSS,388.4597,"initial stop, above base resistance and the 30 week average"
VSVS.L,BREAKEVEN,315.6235,move the stop to entry here
VSVS.L,TARGET 1,218.0,"measured move, sell part of the position (3.1R)"
VSVS.L,TARGET 2,107.6,second measured move (5.75R)
ISRG,SELL STOP,321.2283,"breakout trigger, below the base pivot"
ISRG,SELL LIMIT,328.57,"pullback entry, old support acting as resistance"
ISRG,STOP LOSS,359.7757,"initial stop, above base resistance and the 30 week average"
ISRG,BREAKEVEN,292.3178,move the stop to entry here
ISRG,TARGET 1,180.7135,"measured move, sell part of the position (3.65R)"
ISRG,TARGET 2,62.4283,second measured move (6.71R)
ASO,SELL STOP,40.7242,"breakout trigger, below the base pivot"
ASO,SELL LIMIT,41.895,"pullback entry, old support acting as resistance"
ASO,STOP LOSS,45.6111,"initial stop, above base resistance and the 30 week average"
ASO,BREAKEVEN,37.059,move the stop to entry here
ASO,TARGET 1,23.0423,"measured move, sell part of the position (3.62R)"
ASO,TARGET 2,7.9601,second measured move (6.7R)
FPI,SELL STOP,8.997,"breakout trigger, below the base pivot"
FPI,SELL LIMIT,9.137,"pullback entry, old support acting as resistance"
FPI,STOP LOSS,10.0767,"initial stop, above base resistance and the 30 week average"
FPI,BREAKEVEN,8.1873,move the stop to entry here
FPI,TARGET 1,5.7797,"measured move, sell part of the position (2.98R)"
FPI,TARGET 2,3.0939,second measured move (5.47R)
LAND,SELL STOP,7.7041,"breakout trigger, below the base pivot"
LAND,SELL LIMIT,7.8356,"pullback entry, old support acting as resistance"
LAND,STOP LOSS,8.6286,"initial stop, above base resistance and the 30 week average"
LAND,BREAKEVEN,7.0107,move the stop to entry here
LAND,TARGET 1,4.3096,"measured move, sell part of the position (3.67R)"
LAND,TARGET 2,1.4888,second measured move (6.72R)
AFYA,SELL STOP,11.3474,"breakout trigger, below the base pivot"
AFYA,SELL LIMIT,11.62,"pullback entry, old support acting as resistance"
AFYA,STOP LOSS,12.7091,"initial stop, above base resistance and the 30 week average"
AFYA,BREAKEVEN,10.3261,move the stop to entry here
AFYA,TARGET 1,7.08,"measured move, sell part of the position (3.13R)"
AFYA,TARGET 2,3.448,second measured move (5.8R)
TLN,SELL STOP,269.8464,"breakout trigger, below the base pivot"
TLN,SELL LIMIT,279.77,"pullback entry, old support acting as resistance"
TLN,STOP LOSS,302.228,"initial stop, above base resistance and the 30 week average"
TLN,BREAKEVEN,245.5602,move the stop to entry here
TLN,TARGET 1,153.8735,"measured move, sell part of the position (3.58R)"
TLN,TARGET 2,53.1563,second measured move (6.69R)
HHH,SELL STOP,58.9916,"breakout trigger, below the base pivot"
HHH,SELL LIMIT,60.09,"pullback entry, old support acting as resistance"
HHH,STOP LOSS,66.0706,"initial stop, above base resistance and the 30 week average"
HHH,BREAKEVEN,53.6823,move the stop to entry here
HHH,TARGET 1,44.64,"measured move, sell part of the position (2.03R)"
HHH,TARGET 2,32.28,second measured move (3.77R)
WPM,SELL STOP,98.2256,"breakout trigger, below the base pivot"
WPM,SELL LIMIT,101.4556,"pullback entry, old support acting as resistance"
WPM,STOP LOSS,110.0126,"initial stop, above base resistance and the 30 week average"
WPM,BREAKEVEN,89.3852,move the stop to entry here
WPM,TARGET 1,55.8006,"measured move, sell part of the position (3.6R)"
WPM,TARGET 2,19.2766,second measured move (6.7R)
NEM,SELL STOP,86.1988,"breakout trigger, below the base pivot"
NEM,SELL LIMIT,88.5656,"pullback entry, old support acting as resistance"
NEM,STOP LOSS,96.5427,"initial stop, above base resistance and the 30 week average"
NEM,BREAKEVEN,78.4409,move the stop to entry here
NEM,TARGET 1,48.7111,"measured move, sell part of the position (3.62R)"
NEM,TARGET 2,16.8275,second measured move (6.71R)
STNE,SELL STOP,8.6632,"breakout trigger, below the base pivot"
STNE,SELL LIMIT,8.95,"pullback entry, old support acting as resistance"
STNE,STOP LOSS,9.7028,"initial stop, above base resistance and the 30 week average"
STNE,BREAKEVEN,7.8835,move the stop to entry here
STNE,TARGET 1,4.9225,"measured move, sell part of the position (3.6R)"
STNE,TARGET 2,1.7005,second measured move (6.7R)
FSI,SELL STOP,4.7249,"breakout trigger, below the base pivot"
FSI,SELL LIMIT,4.85,"pullback entry, old support acting as resistance"
FSI,STOP LOSS,5.2919,"initial stop, above base resistance and the 30 week average"
FSI,BREAKEVEN,4.2996,move the stop to entry here
FSI,TARGET 1,2.6675,"measured move, sell part of the position (3.63R)"
FSI,TARGET 2,0.9215,second measured move (6.71R)
BTG,SELL STOP,3.4334,"breakout trigger, below the base pivot"
BTG,SELL LIMIT,3.5571,"pullback entry, old support acting as resistance"
BTG,STOP LOSS,3.8454,"initial stop, above base resistance and the 30 week average"
BTG,BREAKEVEN,3.1244,move the stop to entry here
BTG,TARGET 1,1.9564,"measured move, sell part of the position (3.58R)"
BTG,TARGET 2,0.6759,second measured move (6.69R)
PPIH,SELL STOP,22.3855,"breakout trigger, below the base pivot"
PPIH,SELL LIMIT,23.04,"pullback entry, old support acting as resistance"
PPIH,STOP LOSS,25.0717,"initial stop, above base resistance and the 30 week average"
PPIH,BREAKEVEN,20.3708,move the stop to entry here
PPIH,TARGET 1,12.672,"measured move, sell part of the position (3.62R)"
PPIH,TARGET 2,4.3776,second measured move (6.7R)
GME,SELL STOP,17.3391,"breakout trigger, below the base pivot"
GME,SELL LIMIT,17.79,"pullback entry, old support acting as resistance"
GME,STOP LOSS,19.4198,"initial stop, above base resistance and the 30 week average"
GME,BREAKEVEN,15.7786,move the stop to entry here
GME,TARGET 1,9.7845,"measured move, sell part of the position (3.63R)"
GME,TARGET 2,3.3801,second measured move (6.71R)
BWMN,SELL STOP,24.5321,"breakout trigger, below the base pivot"
BWMN,SELL LIMIT,25.07,"pullback entry, old support acting as resistance"
BWMN,STOP LOSS,27.476,"initial stop, above base resistance and the 30 week average"
BWMN,BREAKEVEN,22.3242,move the stop to entry here
BWMN,TARGET 1,13.7885,"measured move, sell part of the position (3.65R)"
BWMN,TARGET 2,4.7633,second measured move (6.72R)
PLOW,SELL STOP,37.6443,"breakout trigger, below the base pivot"
PLOW,SELL LIMIT,38.3955,"pullback entry, old support acting as resistance"
PLOW,STOP LOSS,42.1616,"initial stop, above base resistance and the 30 week average"
PLOW,BREAKEVEN,34.2563,move the stop to entry here
PLOW,TARGET 1,22.1955,"measured move, sell part of the position (3.42R)"
PLOW,TARGET 2,9.2356,second measured move (6.29R)
SNA,SELL STOP,346.5439,"breakout trigger, below the base pivot"
SNA,SELL LIMIT,350.3898,"pullback entry, old support acting as resistance"
SNA,STOP LOSS,388.1292,"initial stop, above base resistance and the 30 week average"
SNA,BREAKEVEN,315.355,move the stop to entry here
SNA,TARGET 1,280.368,"measured move, sell part of the position (1.59R)"
SNA,TARGET 2,224.3506,second measured move (2.94R)
BBT,SELL STOP,26.711,"breakout trigger, below the base pivot"
BBT,SELL LIMIT,27.1115,"pullback entry, old support acting as resistance"
BBT,STOP LOSS,29.9164,"initial stop, above base resistance and the 30 week average"
BBT,BREAKEVEN,24.3071,move the stop to entry here
BBT,TARGET 1,21.503,"measured move, sell part of the position (1.62R)"
BBT,TARGET 2,17.0162,second measured move (3.02R)
SBUX,SELL STOP,83.2199,"breakout trigger, below the base pivot"
SBUX,SELL LIMIT,84.6151,"pullback entry, old support acting as resistance"
SBUX,STOP LOSS,93.2063,"initial stop, above base resistance and the 30 week average"
SBUX,BREAKEVEN,75.7301,move the stop to entry here
SBUX,TARGET 1,58.7203,"measured move, sell part of the position (2.45R)"
SBUX,TARGET 2,38.0044,second measured move (4.53R)
LEA,SELL STOP,109.5872,"breakout trigger, below the base pivot"
LEA,SELL LIMIT,111.807,"pullback entry, old support acting as resistance"
LEA,STOP LOSS,122.7377,"initial stop, above base resistance and the 30 week average"
LEA,BREAKEVEN,99.7243,move the stop to entry here
LEA,TARGET 1,74.2088,"measured move, sell part of the position (2.69R)"
LEA,TARGET 2,44.1302,second measured move (4.98R)
BRX,SELL STOP,26.8626,"breakout trigger, below the base pivot"
BRX,SELL LIMIT,27.1433,"pullback entry, old support acting as resistance"
BRX,STOP LOSS,30.0861,"initial stop, above base resistance and the 30 week average"
BRX,BREAKEVEN,24.445,move the stop to entry here
BRX,TARGET 1,21.7938,"measured move, sell part of the position (1.57R)"
BRX,TARGET 2,17.5141,second measured move (2.9R)
ANDE,SELL STOP,61.1674,"breakout trigger, below the base pivot"
ANDE,SELL LIMIT,62.4501,"pullback entry, old support acting as resistance"
ANDE,STOP LOSS,68.5075,"initial stop, above base resistance and the 30 week average"
ANDE,BREAKEVEN,55.6624,move the stop to entry here
ANDE,TARGET 1,43.2795,"measured move, sell part of the position (2.44R)"
ANDE,TARGET 2,27.943,second measured move (4.53R)
IVT,SELL STOP,29.2598,"breakout trigger, below the base pivot"
IVT,SELL LIMIT,29.6215,"pullback entry, old support acting as resistance"
IVT,STOP LOSS,32.771,"initial stop, above base resistance and the 30 week average"
IVT,BREAKEVEN,26.6264,move the stop to entry here
IVT,TARGET 1,22.3278,"measured move, sell part of the position (1.97R)"
IVT,TARGET 2,16.4929,second measured move (3.64R)
ALSN,SELL STOP,103.5544,"breakout trigger, below the base pivot"
ALSN,SELL LIMIT,105.8817,"pullback entry, old support acting as resistance"
ALSN,STOP LOSS,115.9809,"initial stop, above base resistance and the 30 week average"
ALSN,BREAKEVEN,94.2345,move the stop to entry here
ALSN,TARGET 1,74.7928,"measured move, sell part of the position (2.31R)"
ALSN,TARGET 2,49.9217,second measured move (4.32R)
KRG,SELL STOP,23.0278,"breakout trigger, below the base pivot"
KRG,SELL LIMIT,23.2873,"pullback entry, old support acting as resistance"
KRG,STOP LOSS,25.7911,"initial stop, above base resistance and the 30 week average"
KRG,BREAKEVEN,20.9553,move the stop to entry here
KRG,TARGET 1,17.0149,"measured move, sell part of the position (2.18R)"
KRG,TARGET 2,11.997,second measured move (3.99R)
ACEL,SELL STOP,10.422,"breakout trigger, below the base pivot"
ACEL,SELL LIMIT,10.59,"pullback entry, old support acting as resistance"
ACEL,STOP LOSS,11.6727,"initial stop, above base resistance and the 30 week average"
ACEL,BREAKEVEN,9.4841,move the stop to entry here
ACEL,TARGET 1,5.8245,"measured move, sell part of the position (3.68R)"
ACEL,TARGET 2,2.0121,second measured move (6.72R)
KGS,SELL STOP,49.6518,"breakout trigger, below the base pivot"
KGS,SELL LIMIT,51.03,"pullback entry, old support acting as resistance"
KGS,STOP LOSS,55.61,"initial stop, above base resistance and the 30 week average"
KGS,BREAKEVEN,45.1831,move the stop to entry here
KGS,TARGET 1,28.0665,"measured move, sell part of the position (3.62R)"
KGS,TARGET 2,9.6957,second measured move (6.71R)
GNTX,SELL STOP,19.8343,"breakout trigger, below the base pivot"
GNTX,SELL LIMIT,20.1505,"pullback entry, old support acting as resistance"
GNTX,STOP LOSS,22.2144,"initial stop, above base resistance and the 30 week average"
GNTX,BREAKEVEN,18.0493,move the stop to entry here
GNTX,TARGET 1,14.0998,"measured move, sell part of the position (2.41R)"
GNTX,TARGET 2,9.2593,second measured move (4.44R)
EPD,SELL STOP,34.7857,"breakout trigger, below the base pivot"
EPD,SELL LIMIT,35.143,"pullback entry, old support acting as resistance"
EPD,STOP LOSS,38.96,"initial stop, above base resistance and the 30 week average"
EPD,BREAKEVEN,31.655,move the stop to entry here
EPD,TARGET 1,30.5961,"measured move, sell part of the position (1.0R)"
EPD,TARGET 2,26.9585,second measured move (1.88R)
GATX,SELL STOP,159.3058,"breakout trigger, below the base pivot"
GATX,SELL LIMIT,161.9141,"pullback entry, old support acting as resistance"
GATX,STOP LOSS,178.4225,"initial stop, above base resistance and the 30 week average"
GATX,BREAKEVEN,144.9683,move the stop to entry here
GATX,TARGET 1,119.8129,"measured move, sell part of the position (2.07R)"
GATX,TARGET 2,86.1319,second measured move (3.83R)
RIV,SELL STOP,10.1177,"breakout trigger, below the base pivot"
RIV,SELL LIMIT,10.1965,"pullback entry, old support acting as resistance"
RIV,STOP LOSS,11.3318,"initial stop, above base resistance and the 30 week average"
RIV,BREAKEVEN,9.2071,move the stop to entry here
RIV,TARGET 1,8.4197,"measured move, sell part of the position (1.4R)"
RIV,TARGET 2,6.9982,second measured move (2.57R)
SON,BUY STOP,60.9476,"breakout trigger, above the base pivot"
SON,BUY LIMIT,60.1053,"pullback entry, old resistance acting as support"
SON,STOP LOSS,53.6339,"initial stop, below base support and the 30 week average"
SON,BREAKEVEN,66.4329,move the stop to entry here
SON,TARGET 1,74.728,"measured move, sell part of the position (1.88R)"
SON,TARGET 2,86.4261,second measured move (3.48R)
QSR,SELL STOP,67.8781,"breakout trigger, below the base pivot"
QSR,SELL LIMIT,68.8517,"pullback entry, old support acting as resistance"
QSR,STOP LOSS,76.0234,"initial stop, above base resistance and the 30 week average"
QSR,BREAKEVEN,61.769,move the stop to entry here
QSR,TARGET 1,56.5496,"measured move, sell part of the position (1.39R)"
QSR,TARGET 2,46.7079,second measured move (2.6R)
DLX,SELL STOP,21.1253,"breakout trigger, below the base pivot"
DLX,SELL LIMIT,21.5404,"pullback entry, old support acting as resistance"
DLX,STOP LOSS,23.6604,"initial stop, above base resistance and the 30 week average"
DLX,BREAKEVEN,19.2241,move the stop to entry here
DLX,TARGET 1,11.8472,"measured move, sell part of the position (3.66R)"
DLX,TARGET 2,4.0927,second measured move (6.72R)
NBHC,SELL STOP,36.3705,"breakout trigger, below the base pivot"
NBHC,SELL LIMIT,36.8559,"pullback entry, old support acting as resistance"
NBHC,STOP LOSS,40.735,"initial stop, above base resistance and the 30 week average"
NBHC,BREAKEVEN,33.0971,move the stop to entry here
NBHC,TARGET 1,26.799,"measured move, sell part of the position (2.19R)"
NBHC,TARGET 2,18.7536,second measured move (4.04R)
CREI.L,SELL STOP,75.5017,"breakout trigger, below the base pivot"
CREI.L,SELL LIMIT,76.8585,"pullback entry, old support acting as resistance"
CREI.L,STOP LOSS,84.5619,"initial stop, above base resistance and the 30 week average"
CREI.L,BREAKEVEN,68.7066,move the stop to entry here
CREI.L,TARGET 1,56.7943,"measured move, sell part of the position (2.06R)"
CREI.L,TARGET 2,40.7429,second measured move (3.84R)
AM,SELL STOP,19.6883,"breakout trigger, below the base pivot"
AM,SELL LIMIT,19.95,"pullback entry, old support acting as resistance"
AM,STOP LOSS,22.0509,"initial stop, above base resistance and the 30 week average"
AM,BREAKEVEN,17.9163,move the stop to entry here
AM,TARGET 1,16.1626,"measured move, sell part of the position (1.49R)"
AM,TARGET 2,13.1326,second measured move (2.77R)
TVE,SELL STOP,22.7387,"breakout trigger, below the base pivot"
TVE,SELL LIMIT,22.83,"pullback entry, old support acting as resistance"
TVE,STOP LOSS,23.7682,"initial stop, above base resistance and the 30 week average"
TVE,BREAKEVEN,21.9665,move the stop to entry here
TVE,TARGET 1,21.162,"measured move, sell part of the position (1.53R)"
TVE,TARGET 2,19.8277,second measured move (2.83R)
PCF,SELL STOP,4.9036,"breakout trigger, below the base pivot"
PCF,SELL LIMIT,4.95,"pullback entry, old support acting as resistance"
PCF,STOP LOSS,5.492,"initial stop, above base resistance and the 30 week average"
PCF,BREAKEVEN,4.4623,move the stop to entry here
PCF,TARGET 1,4.3255,"measured move, sell part of the position (0.98R)"
PCF,TARGET 2,3.8259,second measured move (1.83R)
VZ,BUY STOP,51.5382,"breakout trigger, above the base pivot"
VZ,BUY LIMIT,50.8807,"pullback entry, old resistance acting as support"
VZ,STOP LOSS,45.3536,"initial stop, below base support and the 30 week average"
VZ,BREAKEVEN,56.1767,move the stop to entry here
VZ,TARGET 1,62.2968,"measured move, sell part of the position (1.74R)"
VZ,TARGET 2,71.4297,second measured move (3.22R)
KIM,SELL STOP,21.3898,"breakout trigger, below the base pivot"
KIM,SELL LIMIT,21.6146,"pullback entry, old support acting as resistance"
KIM,STOP LOSS,23.9566,"initial stop, above base resistance and the 30 week average"
KIM,BREAKEVEN,19.4647,move the stop to entry here
KIM,TARGET 1,16.8911,"measured move, sell part of the position (1.75R)"
KIM,TARGET 2,13.1123,second measured move (3.22R)
PLD,SELL STOP,123.9815,"breakout trigger, below the base pivot"
PLD,SELL LIMIT,125.3774,"pullback entry, old support acting as resistance"
PLD,STOP LOSS,138.8592,"initial stop, above base resistance and the 30 week average"
PLD,BREAKEVEN,112.8231,move the stop to entry here
PLD,TARGET 1,98.6127,"measured move, sell part of the position (1.71R)"
PLD,TARGET 2,77.201,second measured move (3.14R)
EBMT,SELL STOP,19.4402,"breakout trigger, below the base pivot"
EBMT,SELL LIMIT,19.7449,"pullback entry, old support acting as resistance"
EBMT,STOP LOSS,21.773,"initial stop, above base resistance and the 30 week average"
EBMT,BREAKEVEN,17.6906,move the stop to entry here
EBMT,TARGET 1,13.5181,"measured move, sell part of the position (2.54R)"
EBMT,TARGET 2,8.5367,second measured move (4.67R)
MNG.L,SELL STOP,257.3231,"breakout trigger, below the base pivot"
MNG.L,SELL LIMIT,261.1485,"pullback entry, old support acting as resistance"
MNG.L,STOP LOSS,288.2018,"initial stop, above base resistance and the 30 week average"
MNG.L,BREAKEVEN,234.164,move the stop to entry here
MNG.L,TARGET 1,155.2694,"measured move, sell part of the position (3.3R)"
MNG.L,TARGET 2,70.5661,second measured move (6.05R)
MIY,BUY STOP,12.8443,"breakout trigger, above the base pivot"
MIY,BUY LIMIT,12.7425,"pullback entry, old resistance acting as support"
MIY,STOP LOSS,11.3029,"initial stop, below base support and the 30 week average"
MIY,BREAKEVEN,14.0002,move the stop to entry here
MIY,TARGET 1,14.4863,"measured move, sell part of the position (1.07R)"
MIY,TARGET 2,15.8813,second measured move (1.97R)
BNL,SELL STOP,17.3539,"breakout trigger, below the base pivot"
BNL,SELL LIMIT,17.5724,"pullback entry, old support acting as resistance"
BNL,STOP LOSS,19.4364,"initial stop, above base resistance and the 30 week average"
BNL,BREAKEVEN,15.792,move the stop to entry here
BNL,TARGET 1,12.4032,"measured move, sell part of the position (2.38R)"
BNL,TARGET 2,8.2679,second measured move (4.36R)
AWX,SELL STOP,2.393,"breakout trigger, below the base pivot"
AWX,SELL LIMIT,2.43,"pullback entry, old support acting as resistance"
AWX,STOP LOSS,2.6801,"initial stop, above base resistance and the 30 week average"
AWX,BREAKEVEN,2.1776,move the stop to entry here
AWX,TARGET 1,1.97,"measured move, sell part of the position (1.47R)"
AWX,TARGET 2,1.602,second measured move (2.75R)
GD,BUY STOP,401.8759,"breakout trigger, above the base pivot"
GD,BUY LIMIT,398.0722,"pullback entry, old resistance acting as support"
GD,STOP LOSS,353.6508,"initial stop, below base support and the 30 week average"
GD,BREAKEVEN,438.0447,move the stop to entry here
GD,TARGET 1,492.1906,"measured move, sell part of the position (1.87R)"
GD,TARGET 2,567.4853,second measured move (3.43R)
APN.L,SELL STOP,174.4414,"breakout trigger, below the base pivot"
APN.L,SELL LIMIT,180.0,"pullback entry, old support acting as resistance"
APN.L,STOP LOSS,195.3744,"initial stop, above base resistance and the 30 week average"
APN.L,BREAKEVEN,158.7417,move the stop to entry here
APN.L,TARGET 1,99.0,"measured move, sell part of the position (3.6R)"
APN.L,TARGET 2,34.2,second measured move (6.7R)
DSU,SELL STOP,8.7124,"breakout trigger, below the base pivot"
DSU,SELL LIMIT,8.752,"pullback entry, old support acting as resistance"
DSU,STOP LOSS,9.5068,"initial stop, above base resistance and the 30 week average"
DSU,BREAKEVEN,8.1166,move the stop to entry here
DSU,TARGET 1,7.932,"measured move, sell part of the position (0.98R)"
DSU,TARGET 2,7.2759,second measured move (1.81R)
OHI,BUY STOP,52.2282,"breakout trigger, above the base pivot"
OHI,BUY LIMIT,51.6864,"pullback entry, old resistance acting as support"
OHI,STOP LOSS,45.9608,"initial stop, below base support and the 30 week average"
OHI,BREAKEVEN,56.9287,move the stop to entry here
OHI,TARGET 1,61.0787,"measured move, sell part of the position (1.41R)"
OHI,TARGET 2,68.5926,second measured move (2.61R)
RTX,BUY STOP,229.2824,"breakout trigger, above the base pivot"
RTX,BUY LIMIT,226.88,"pullback entry, old resistance acting as support"
RTX,STOP LOSS,201.7685,"initial stop, below base support and the 30 week average"
RTX,BREAKEVEN,249.9179,move the stop to entry here
RTX,TARGET 1,284.2515,"measured move, sell part of the position (2.0R)"
RTX,TARGET 2,330.1488,second measured move (3.67R)
VTR,BUY STOP,102.1475,"breakout trigger, above the base pivot"
VTR,BUY LIMIT,100.9921,"pullback entry, old resistance acting as support"
VTR,STOP LOSS,89.8898,"initial stop, below base support and the 30 week average"
VTR,BREAKEVEN,111.3408,move the stop to entry here
VTR,TARGET 1,124.8233,"measured move, sell part of the position (1.85R)"
VTR,TARGET 2,143.8883,second measured move (3.41R)
VTR,BUY LIMIT,87.5765,buy the 30 week average on a pullback in an established Stage 2
VTR,STOP LOSS,78.6946,"initial stop, below base support and the 30 week average"
VTR,BREAKEVEN,94.2379,move the stop to entry here
VTR,TARGET 1,100.8993,"measured move, sell part of the position (1.5R)"
VTR,TARGET 2,111.5576,second measured move (2.7R)
